record_id,location_id,source_id,time_of_record,visit_count_x,time_in_queue,assigned_employee_id,type_of_water_source,number_of_people_served,address,province_name,town_name,location_type,subjective_quality_score,results,pollutant_ppm,biological,functionality_status,hour,month,year
60146,MOKI00000,MOKI00000224,5/24/2023 11:31,1,336,18,tap_in_home_broken,0,Mjambere,Mombasa,Kisauni,Urban,,,,,,,,
60147,NAST00001,NAST00001224,11/15/2025 7:26,4,60,5,shared_taps,0,,Nairobi,Starehe,Urban,,,,,,,,
60148,KISO00002,KISO00002224,3/11/2025 8:32,1,179,20,shared_taps,32173,Bogetenga,Kisii,South Mugirango,Urban,,,,,functional,,,
60149,KISO00003,KISO00003224,3/16/2025 14:39,5,180,3,shared_taps,24141,Boikang'A,Kisii,South Mugirango,Urban,,,,,,,,
60150,MIKU00004,MIKU00004224,2/21/2024 12:54,1,481,8,tap_in_home,30145,Nyabasi East,Migori,Kuria East,Rural,,,,,partially_functional,,,
60151,MIKU00005,MIKU00005224,10/5/2023 14:08,3,45,38,well,30835,Ntimaru West,Migori,Kuria East,Rural,,Contaminated: Chemical,,,partially_functional,,,
60152,KISO00006,KISO00006224,1/3/2023 13:17,2,118,4,well,18500,Getenga,Kisii,South Mugirango,Rural,,Contaminated: Chemical,,,,,,
60153,KISO00007,KISO00007224,10/21/2024 18:47,5,136,41,tap_in_home,46014,Borabu / Chitago,Kisii,South Mugirango,Urban,,,,,,,,
60154,MIKU00008,MIKU00008224,3/9/2023 13:49,4,38,11,shared_taps,16533,Ntimaru East,Migori,Kuria East,Urban,,,,,functional,,,
60155,KIBO00009,KIBO00009224,7/6/2022 19:02,2,232,29,well,43670,Bosoti/Sengera,Kisii,Bomachoge Chache,Urban,,Contaminated:Biological,,,,,,
60156,KIBO00010,KIBO00010224,4/16/2024 7:29,1,332,12,shared_taps,41038,Boochi/Tendere,Kisii,Bomachoge Chache,Rural,,,,,,,,
60157,KIBO00011,KIBO00011224,7/4/2025 12:43,4,215,15,tap_in_home,32069,Magenche,Kisii,Bomachoge Borabu,Urban,,,,,,,,
60158,KIBO00012,KIBO00012224,10/23/2025 11:44,3,324,14,river,44167,Bokimonge,Kisii,Bomachoge Borabu,Rural,,,,,,,,
60159,KIBO00013,KIBO00013224,7/18/2023 7:06,4,347,4,river,22879,Sameta/Mokwerero,Kisii,Bobasi,Rural,,,,,,,,
60160,KIBO00014,KIBO00014224,1/14/2025 9:17,5,17,42,shared_taps,22381,Masige West,Kisii,Bobasi,Urban,,,,,,,,
60161,KIBO00015,KIBO00015224,12/27/2022 18:22,2,501,13,shared_taps,27111,Bombaba Borabu,Kisii,Bomachoge Borabu,Urban,,,,,,,,
60162,KIBO00016,KIBO00016224,2/1/2024 6:52,1,90,13,shared_taps,21475,Masige East,Kisii,Bobasi,Urban,,,,,,,,
60163,KIBO00017,KIBO00017224,12/17/2024 6:11,4,535,30,river,26250,Bobasi Boitangare,Kisii,Bobasi,Rural,,,,,,,,
60164,KIBO00018,KIBO00018224,9/6/2025 12:11,1,416,30,river,16600,Boochi Borabu,Kisii,Bomachoge Borabu,Rural,,,,,,,,
60165,NAKI00019,NAKI00019224,2/23/2022 8:55,3,103,33,well,49579,Keyian,Narok,Kilgoris,Rural,,Contaminated:Biological,,,partially_functional,,,
60166,MINY00020,MINY00020224,11/8/2023 5:26,3,357,46,shared_taps,32290,Muhuru,Migori,Nyatike,Urban,,,,,non_functional,,,
60167,MINY00021,MINY00021224,4/4/2023 15:38,3,231,6,tap_in_home_broken,30781,Kachien'G,Migori,Nyatike,Urban,,,,,partially_functional,,,
60168,MINY00022,MINY00022224,2/27/2025 19:48,4,25,45,shared_taps,21415,Kanyasa,Migori,Nyatike,Rural,,,,,partially_functional,,,
60169,MINY00023,MINY00023224,11/24/2022 9:18,2,114,1,tap_in_home_broken,40382,North Kadem,Migori,Nyatike,Urban,,,,,partially_functional,,,
60170,MINY00024,MINY00024224,5/8/2023 18:03,1,210,47,shared_taps,29735,Got Kachola,Migori,Nyatike,Rural,,,,,non_functional,,,
60171,MINY00025,MINY00025224,11/23/2024 17:03,5,16,11,shared_taps,30204,Macalder/Kanyarwanda,Migori,Nyatike,Urban,,,,,functional,,,
60172,MINY00026,MINY00026224,5/16/2022 19:43,1,82,39,river,13723,Kaler,Migori,Nyatike,Rural,,,,,non_functional,,,
60173,MISU00027,MISU00027224,7/18/2023 11:19,1,314,27,well,36155,Wasimbete,Migori,Suna West,Rural,,Contaminated:Biological,,,partially_functional,,,
60174,MISU00028,MISU00028224,4/5/2024 9:19,5,146,48,tap_in_home,37349,Wiga,Migori,Suna West,Urban,,,,,partially_functional,,,
60175,HOND00029,HOND00029224,12/23/2022 8:24,5,42,22,river,24510,Kanyadoto,Homa Bay,Ndhiwa,Rural,,,,,partially_functional,,,
60176,MIUR00030,MIUR00030224,10/11/2023 15:55,1,203,25,tap_in_home,42405,North Kanyamkago,Migori,Uriri,Urban,,,,,partially_functional,,,
60177,MISU00031,MISU00031224,2/2/2024 12:35,2,38,14,shared_taps,49935,Kakrao,Migori,Suna East,Urban,,,,,partially_functional,,,
60178,HOND00032,HOND00032224,7/20/2022 10:23,4,163,47,well,8985,Kanyikela,Homa Bay,Ndhiwa,Rural,,Clean,,,partially_functional,,,
60179,MIUR00033,MIUR00033224,2/2/2025 12:43,2,195,6,well,25575,Central Kanyamkago,Migori,Uriri,Rural,,Contaminated:Biological,,,functional,,,
60180,MISU00034,MISU00034224,6/22/2022 10:07,1,269,24,tap_in_home,28012,Wasweta Ii,Migori,Suna West,Urban,,,,,partially_functional,,,
60181,MIKU00035,MIKU00035224,12/17/2022 13:34,2,303,5,river,34924,Nyamosense/Komosoko,Migori,Kuria West,Rural,,,,,partially_functional,,,
60182,MIKU00036,MIKU00036224,4/21/2025 17:00,5,397,43,tap_in_home_broken,29787,Tagare,Migori,Kuria West,Rural,,,,,partially_functional,,,
60183,MISU00037,MISU00037224,11/27/2024 19:41,4,402,7,shared_taps,36431,Ragana-Oruba,Migori,Suna West,Urban,,,,,partially_functional,,,
60184,MIKU00038,MIKU00038224,1/2/2022 8:49,4,164,0,shared_taps,16586,Isibania,Migori,Kuria West,Urban,,,,,partially_functional,,,
60185,MISU00039,MISU00039224,12/16/2022 12:45,3,375,33,well,26425,Suna Central,Migori,Suna East,Rural,,Contaminated:Biological,,,partially_functional,,,
60186,MIAW00040,MIAW00040224,3/22/2023 8:43,3,1,6,river,29872,West Sakwa,Migori,Awendo,Rural,,,,,partially_functional,,,
60187,MIKU00041,MIKU00041224,6/12/2024 12:14,5,174,17,river,32287,Masaba,Migori,Kuria West,Rural,,,,,partially_functional,,,
60188,MIKU00042,MIKU00042224,4/13/2022 5:42,3,56,8,shared_taps,23386,Makerero,Migori,Kuria West,Urban,,,,,functional,,,
60189,MIAW00043,MIAW00043224,3/11/2023 14:49,5,475,38,tap_in_home,25990,North Sakwa,Migori,Awendo,Rural,,,,,functional,,,
60190,MISU00044,MISU00044224,12/24/2025 7:51,5,296,9,river,26585,God Jope,Migori,Suna East,Rural,,,,,partially_functional,,,
60191,MIKU00045,MIKU00045224,6/18/2025 16:18,1,309,18,shared_taps,31262,Gokeharaka/Getambwega,Migori,Kuria East,Urban,,,,,partially_functional,,,
60192,MIAW00046,MIAW00046224,8/2/2024 9:34,2,455,27,river,30835,Central Sakwa,Migori,Awendo,Rural,,,,,partially_functional,,,
60193,MIKU00047,MIKU00047224,3/3/2023 18:41,1,239,12,river,25111,Bukira Centrl/Ikerege,Migori,Kuria West,Rural,,,,,functional,,,
60194,MIAW00048,MIAW00048224,10/21/2022 19:33,3,392,13,river,42725,South Sakwa,Migori,Awendo,Rural,,,,,partially_functional,,,
60195,MIUR00049,MIUR00049224,5/25/2024 8:07,2,335,21,tap_in_home,18087,East Kanyamkago,Migori,Uriri,Urban,,,,,partially_functional,,,
60196,HOKA00050,HOKA00050224,1/6/2022 9:27,2,435,7,tap_in_home_broken,23322,Kanyaluo,Homa Bay,Karachuonyo,Urban,,,,,,,,
60197,MISU00051,MISU00051224,8/20/2022 8:08,4,505,28,well,23573,Kwa,Migori,Suna East,Rural,,Contaminated: Chemical,,,partially_functional,,,
60198,MIRO00052,MIRO00052224,7/12/2022 12:14,5,208,37,well,42922,South Kamagambo,Migori,Rongo,Rural,,Contaminated: Chemical,,,partially_functional,,,
60199,MIKU00053,MIKU00053224,4/15/2024 15:54,4,346,24,river,38839,Nyabasi West,Migori,Kuria East,Rural,,,,,partially_functional,,,
60200,MIKU00054,MIKU00054224,7/14/2025 19:14,2,328,44,tap_in_home,25569,Bukira East,Migori,Kuria West,Urban,,,,,functional,,,
60201,KISO00055,KISO00055224,11/13/2024 15:42,2,450,17,tap_in_home,34205,Moticho,Kisii,South Mugirango,Rural,,,,,functional,,,
60202,MIUR00056,MIUR00056224,12/27/2024 13:18,3,362,12,well,37189,South Kanyamkago,Migori,Uriri,Rural,,Clean,,,partially_functional,,,
60203,MIUR00057,MIUR00057224,1/25/2022 18:10,4,436,10,river,37030,West Kanyamkago,Migori,Uriri,Rural,,,,,partially_functional,,,
60204,KISO00058,KISO00058224,4/18/2025 8:35,1,192,38,tap_in_home,36121,Tabaka,Kisii,South Mugirango,Rural,,,,,functional,,,
60205,KIBO00059,KIBO00059224,4/25/2024 9:31,5,258,35,river,27894,Majoge Basi,Kisii,Bomachoge Chache,Rural,,,,,functional,,,
60206,KINY00060,KINY00060224,3/23/2023 16:01,5,180,41,river,20600,Kiogoro,Kisii,Nyaribari Chache,Rural,,,,,,,,
60207,KIBO00061,KIBO00061224,9/27/2022 17:06,1,145,21,tap_in_home,28758,Bobasi Chache,Kisii,Bobasi,Urban,,,,,,,,
60208,KINY00062,KINY00062224,1/3/2023 13:05,4,365,17,tap_in_home_broken,29995,Bobaracho,Kisii,Nyaribari Chache,Urban,,,,,partially_functional,,,
60209,KINY00063,KINY00063224,1/7/2024 12:04,5,438,3,shared_taps,9417,Kisii Central,Kisii,Nyaribari Chache,Rural,,,,,,,,
60210,KIBO00064,KIBO00064224,5/1/2024 17:35,4,515,44,shared_taps,44213,Bomorenda,Kisii,Bonchari,Rural,,,,,,,,
60211,KIBO00065,KIBO00065224,4/5/2025 13:42,3,83,2,tap_in_home_broken,42431,Riana,Kisii,Bonchari,Urban,,,,,,,,
60212,KIBO00066,KIBO00066224,2/5/2022 13:32,5,246,34,shared_taps,26096,Bogiakumu,Kisii,Bonchari,Urban,,,,,,,,
60213,KIKI00067,KIKI00067224,11/9/2023 10:59,3,300,5,tap_in_home_broken,13244,Kitutu Central,Kisii,Kitutu Chache South,Urban,,,,,,,,
60214,KIKI00068,KIKI00068224,11/5/2023 11:29,2,308,42,well,26629,Nyatieko,Kisii,Kitutu Chache South,Rural,,Clean,,,functional,,,
60215,HOHO00069,HOHO00069224,8/22/2024 6:27,5,86,37,shared_taps,32742,Homa Bay Arujo,Homa Bay,Homa Bay Town,Rural,,,,,functional,,,
60216,HOHO00070,HOHO00070224,12/28/2022 6:33,4,131,37,shared_taps,19995,Homa Bay West,Homa Bay,Homa Bay Town,Urban,,,,,functional,,,
60217,KIBO00071,KIBO00071224,11/4/2023 8:44,4,353,24,river,26642,Bomariba,Kisii,Bonchari,Rural,,,,,,,,
60218,KIKI00072,KIKI00072224,1/14/2022 5:26,3,366,20,tap_in_home,31721,Nyakoe,Kisii,Kitutu Chache South,Urban,,,,,,,,
60219,KIKI00073,KIKI00073224,4/6/2024 19:38,2,227,9,well,18545,Bogeka,Kisii,Kitutu Chache South,Rural,,Contaminated: Chemical,,,,,,
60220,KIKI00074,KIKI00074224,12/21/2024 12:05,5,156,3,shared_taps,28504,Bogusero,Kisii,Kitutu Chache South,Rural,,,,,functional,,,
60221,KIKI00075,KIKI00075224,11/3/2022 16:50,5,116,26,river,36234,Marani,Kisii,Kitutu Chache North,Urban,,,,,functional,,,
60222,HOKA00076,HOKA00076224,8/7/2025 7:24,2,167,35,river,33085,West Kasipul,Homa Bay,Kasipul,Rural,,,,,functional,,,
60223,MIRO00077,MIRO00077224,4/5/2022 16:20,5,109,2,tap_in_home,37497,East Kamagambo,Migori,Rongo,Urban,,,,,partially_functional,,,
60224,MIRO00078,MIRO00078224,10/1/2023 19:46,4,140,8,tap_in_home,25919,North Kamagambo,Migori,Rongo,Urban,,,,,partially_functional,,,
60225,MIRO00079,MIRO00079224,4/18/2023 6:14,5,205,8,well,39925,Central Kamagambo,Migori,Rongo,Rural,,Contaminated:Biological,,,partially_functional,,,
60226,HOND00080,HOND00080224,8/9/2022 14:31,5,503,13,river,32070,Kanyamwa Kologi,Homa Bay,Ndhiwa,Rural,,,,,partially_functional,,,
60227,HORA00081,HORA00081224,7/12/2022 16:52,1,86,42,river,38416,Kagan,Homa Bay,Rangwe,Rural,,,,,partially_functional,,,
60228,HOKA00082,HOKA00082224,11/28/2024 10:00,1,123,2,shared_taps,24472,West Kamagak,Homa Bay,Kasipul,Urban,,,,,functional,,,
60229,HOKA00083,HOKA00083224,6/21/2022 17:25,4,131,5,tap_in_home,18671,East Kamagak,Homa Bay,Kasipul,Urban,,,,,functional,,,
60230,HOKA00084,HOKA00084224,10/27/2022 8:53,1,411,30,shared_taps,24631,Central,Homa Bay,Karachuonyo,Urban,,,,,,,,
60231,KIKI00085,KIKI00085224,3/1/2024 16:19,4,185,2,river,37647,South West Kisumu,Kisumu,Kisumu West,Rural,,,,,partially_functional,,,
60232,KIKI00086,KIKI00086224,3/27/2023 14:20,4,293,19,well,38191,North West Kisumu,Kisumu,Kisumu West,Rural,,Contaminated:Biological,,,partially_functional,,,
60233,KIKI00087,KIKI00087224,1/15/2025 18:22,4,179,4,shared_taps,40503,West Kisumu,Kisumu,Kisumu West,Urban,,,,,partially_functional,,,
60234,HOKA00088,HOKA00088224,3/5/2022 14:20,3,535,43,shared_taps,16303,North Karachuonyo,Homa Bay,Karachuonyo,Urban,,,,,functional,,,
60235,HOKA00089,HOKA00089224,6/23/2024 15:06,5,86,26,tap_in_home,7709,Kendu Bay Town,Homa Bay,Karachuonyo,Urban,,,,,,,,
60236,HOKA00090,HOKA00090224,9/19/2024 18:05,5,374,19,shared_taps,31762,Central Kasipul,Homa Bay,Kasipul,Rural,,,,,functional,,,
60237,KIKI00091,KIKI00091224,5/9/2023 11:31,5,225,33,tap_in_home,49342,Central Kisumu,Kisumu,Kisumu West,Urban,,,,,partially_functional,,,
60238,KIKI00092,KIKI00092224,3/10/2023 14:04,5,23,5,well,14448,Nyalenda B,Kisumu,Kisumu Central,Urban,,Contaminated: Chemical,,,partially_functional,,,
60239,KIKI00093,KIKI00093224,8/17/2025 9:51,2,353,45,tap_in_home_broken,3765,Market Milimani,Kisumu,Kisumu Central,Urban,,,,,functional,,,
60240,KIKI00094,KIKI00094224,2/22/2024 16:08,3,319,47,shared_taps,27864,Kolwa Central,Kisumu,Kisumu East,Rural,,,,,partially_functional,,,
60241,KIKI00095,KIKI00095224,3/23/2024 11:37,2,226,39,tap_in_home_broken,32725,Kisumu North,Kisumu,Kisumu West,Urban,,,,,partially_functional,,,
60242,KIKI00096,KIKI00096224,2/20/2022 13:02,2,339,22,well,19106,Railways,Kisumu,Kisumu Central,Rural,,Contaminated:Biological,,,partially_functional,,,
60243,KIKI00097,KIKI00097224,7/19/2023 5:16,1,384,42,tap_in_home,44928,Kajulu,Kisumu,Kisumu East,Urban,,,,,partially_functional,,,
60244,KIKI00098,KIKI00098224,1/27/2022 17:07,1,176,26,shared_taps,0,Shaurimoyo Kaloleni,Kisumu,Kisumu Central,Urban,,,,,functional,,,
60245,KIKI00099,KIKI00099224,11/19/2022 14:16,1,196,19,river,0,Nyalenda 'A',Kisumu,Kisumu Central,Rural,,,,,partially_functional,,,
60246,KIKI00100,KIKI00100224,3/4/2023 12:25,1,317,33,tap_in_home_broken,0,Migosi,Kisumu,Kisumu Central,Urban,,,,,,,,
60247,KIKI00101,KIKI00101224,11/28/2024 12:08,1,379,38,shared_taps,0,Kondele,Kisumu,Kisumu Central,Rural,,,,,partially_functional,,,
60248,KIKI00102,KIKI00102224,5/19/2025 11:59,2,515,34,shared_taps,0,Manyatta 'B',Kisumu,Kisumu East,Urban,,,,,partially_functional,,,
60249,KWMA00103,KWMA00103224,3/16/2023 19:11,2,16,7,well,61367,Tsimba Golini,Kwale,Matuga,Rural,,Contaminated: Chemical,,,,,,
60250,BUKA00104,BUKA00104224,10/27/2022 7:05,5,143,12,tap_in_home_broken,47544,West Sang'Alo,Bungoma,Kanduyi,Rural,,,,,functional,,,
60251,BUKA00105,BUKA00105224,3/16/2024 18:08,1,173,26,tap_in_home,27288,Bukembe West,Bungoma,Kanduyi,Urban,,,,,functional,,,
60252,BUKA00106,BUKA00106224,4/2/2022 6:25,1,238,47,well,48253,Musikoma,Bungoma,Kanduyi,Urban,,Contaminated:Biological,,,functional,,,
60253,BUKA00107,BUKA00107224,11/21/2025 17:36,5,194,47,river,38799,Bukembe East,Bungoma,Kanduyi,Rural,,,,,functional,,,
60254,BUKA00108,BUKA00108224,4/10/2022 8:44,5,455,44,well,7209,Khalaba,Bungoma,Kanduyi,Rural,,Contaminated: Chemical,,,functional,,,
60255,BUKA00109,BUKA00109224,7/12/2025 9:31,1,472,12,well,5319,Township,Bungoma,Kanduyi,Rural,,Contaminated:Biological,,,functional,,,
60256,VIEM00110,VIEM00110224,2/12/2024 14:14,5,194,17,shared_taps,32037,Central Bunyore,Vihiga,Emuhaya,Rural,,,,,functional,,,
60257,VIEM00111,VIEM00111224,3/5/2023 7:07,2,513,16,well,34986,North East Bunyore,Vihiga,Emuhaya,Rural,,Contaminated: Chemical,,,partially_functional,,,
60258,VIEM00112,VIEM00112224,8/5/2022 13:38,5,532,6,well,37826,West Bunyore,Vihiga,Emuhaya,Rural,,Clean,,,partially_functional,,,
60259,VIHA00113,VIHA00113224,6/15/2025 6:58,5,278,24,shared_taps,25949,Gisambai,Vihiga,Hamisi,Urban,,,,,partially_functional,,,
60260,VIHA00114,VIHA00114224,7/7/2025 6:22,4,345,22,shared_taps,21217,Jepkoyai,Vihiga,Hamisi,Urban,,,,,functional,,,
60261,VIHA00115,VIHA00115224,3/13/2025 5:46,4,2,10,shared_taps,21225,Tambua,Vihiga,Hamisi,Rural,,,,,functional,,,
60262,VILU00116,VILU00116224,7/15/2024 19:55,4,493,42,well,26036,Emabungo,Vihiga,Luanda,Rural,,Contaminated:Biological,,,functional,,,
60263,VILU00117,VILU00117224,11/17/2022 10:41,4,353,23,tap_in_home,23096,Luanda South,Vihiga,Luanda,Urban,,,,,functional,,,
60264,VILU00118,VILU00118224,6/23/2025 16:27,1,392,12,shared_taps,15702,Luanda Township,Vihiga,Luanda,Rural,,,,,,,,
60265,VILU00119,VILU00119224,2/15/2022 14:30,2,132,8,shared_taps,25084,Mwibona,Vihiga,Luanda,Urban,,,,,functional,,,
60266,KWMS00120,KWMS00120224,6/13/2023 19:19,1,486,5,shared_taps,33768,Kinondo,Kwale,Msambweni,Rural,,,,,,,,
60267,VILU00121,VILU00121224,3/27/2022 19:12,1,243,34,river,29217,Wemilabi,Vihiga,Luanda,Urban,,,,,functional,,,
60268,VISA00122,VISA00122224,3/25/2023 5:38,4,457,4,shared_taps,24185,Busali,Vihiga,Sabatia,Urban,,,,,partially_functional,,,
60269,VISA00123,VISA00123224,11/11/2024 7:31,1,113,14,shared_taps,20789,Chavakali,Vihiga,Sabatia,Urban,,,,,partially_functional,,,
60270,VISA00124,VISA00124224,2/18/2025 18:44,5,350,39,tap_in_home_broken,27922,Lyaduywa/Izava,Vihiga,Sabatia,Rural,,,,,functional,,,
60271,VISA00125,VISA00125224,4/11/2022 13:04,2,290,47,shared_taps,20894,North Maragoli,Vihiga,Sabatia,Rural,,,,,partially_functional,,,
60272,VISA00126,VISA00126224,8/9/2025 18:12,4,229,33,well,23490,West Sabatia,Vihiga,Sabatia,Rural,,Contaminated: Chemical,,,partially_functional,,,
60273,VISA00127,VISA00127224,5/16/2022 9:05,3,487,26,shared_taps,26932,Wodanga,Vihiga,Sabatia,Urban,,,,,partially_functional,,,
60274,VIVI00128,VIVI00128224,2/1/2025 11:21,2,5,30,shared_taps,26927,Central Maragoli,Vihiga,Vihiga,Urban,,,,,partially_functional,,,
60275,VIVI00129,VIVI00129224,8/20/2025 18:13,4,443,21,well,35619,Lugaga-Wamuluma,Vihiga,Vihiga,Rural,,Clean,,,functional,,,
60276,VIVI00130,VIVI00130224,4/24/2025 11:18,5,346,8,shared_taps,23098,Mungoma,Vihiga,Vihiga,Urban,,,,,functional,,,
60277,VIVI00131,VIVI00131224,1/28/2025 19:38,4,254,36,well,23594,South Maragoli,Vihiga,Vihiga,Rural,,Clean,,,functional,,,
60278,SIBO00132,SIBO00132224,7/16/2025 6:32,4,224,36,river,42284,West Yimbo,Siaya,Bondo,Urban,,,,,functional,,,
60279,SIBO00133,SIBO00133224,8/7/2024 10:04,4,398,6,tap_in_home_broken,28150,Central Sakwa,Siaya,Bondo,Urban,,,,,partially_functional,,,
60280,SIBO00134,SIBO00134224,3/6/2022 10:09,2,115,34,river,37429,Yimbo East,Siaya,Bondo,Rural,,,,,partially_functional,,,
60281,SIAL00135,SIAL00135224,8/22/2022 16:21,5,405,15,shared_taps,21040,Usonga,Siaya,Alego Usonga,Urban,,,,,partially_functional,,,
60282,SIBO00136,SIBO00136224,1/24/2024 13:29,3,14,42,shared_taps,34901,West Sakwa,Siaya,Bondo,Rural,,,,,partially_functional,,,
60283,SIUG00137,SIUG00137224,12/3/2024 12:17,2,44,29,well,37880,West Ugenya,Siaya,Ugenya,Urban,,Contaminated:Biological,,,partially_functional,,,
60284,SIAL00138,SIAL00138224,2/27/2022 5:17,4,470,0,tap_in_home_broken,43418,West Alego,Siaya,Alego Usonga,Urban,,,,,partially_functional,,,
60285,SIAL00139,SIAL00139224,4/5/2024 17:29,1,412,38,tap_in_home,41293,Central Alego,Siaya,Alego Usonga,Urban,,,,,partially_functional,,,
60286,SIBO00140,SIBO00140224,9/22/2022 16:46,1,406,26,tap_in_home_broken,36088,South Sakwa,Siaya,Bondo,Urban,,,,,partially_functional,,,
60287,SIAL00141,SIAL00141224,11/25/2023 13:58,3,483,5,shared_taps,83461,South East Alego,Siaya,Alego Usonga,Urban,,,,,partially_functional,,,
60288,SIUG00142,SIUG00142224,1/25/2023 17:57,5,84,35,tap_in_home_broken,38544,North Ugenya,Siaya,Ugenya,Urban,,,,,partially_functional,,,
60289,SIUG00143,SIUG00143224,1/12/2023 8:24,1,273,8,tap_in_home_broken,27845,Ukwala,Siaya,Ugenya,Urban,,,,,partially_functional,,,
60290,SIAL00144,SIAL00144224,7/1/2024 13:48,2,468,28,well,37886,Siaya Township,Siaya,Alego Usonga,Rural,,Contaminated: Chemical,,,partially_functional,,,
60291,SIBO00145,SIBO00145224,12/15/2025 17:48,4,211,4,shared_taps,46873,North Sakwa,Siaya,Bondo,Urban,,,,,partially_functional,,,
60292,SIRA00146,SIRA00146224,1/4/2022 12:44,5,348,12,shared_taps,35872,West Uyoma,Siaya,Rarieda,Urban,,,,,partially_functional,,,
60293,SIUG00147,SIUG00147224,8/23/2022 14:16,5,4,4,river,41029,East Ugenya,Siaya,Ugenya,Urban,,,,,partially_functional,,,
60294,SIRA00148,SIRA00148224,12/9/2025 10:29,4,76,19,river,25053,South Uyoma,Siaya,Rarieda,Rural,,,,,partially_functional,,,
60295,SIAL00149,SIAL00149224,2/16/2023 5:03,5,192,12,tap_in_home,30518,North Alego,Siaya,Alego Usonga,Urban,,,,,partially_functional,,,
60296,SIRA00150,SIRA00150224,12/23/2023 5:02,5,68,31,tap_in_home,28249,North Uyoma,Siaya,Rarieda,Urban,,,,,partially_functional,,,
60297,SIRA00151,SIRA00151224,10/27/2023 11:22,3,373,13,shared_taps,43350,West Asembo,Siaya,Rarieda,Urban,,,,,partially_functional,,,
60298,SIGE00152,SIGE00152224,6/8/2025 9:04,3,304,17,river,44087,North Gem,Siaya,Gem,Rural,,,,,partially_functional,,,
60299,KWMS00153,KWMS00153224,5/6/2022 15:43,3,91,11,tap_in_home_broken,28182,Gombato Bongwe,Kwale,Msambweni,Urban,,,,,,,,
60300,SIGE00154,SIGE00154224,3/14/2022 17:34,3,325,31,tap_in_home,37262,South Gem,Siaya,Gem,Urban,,,,,partially_functional,,,
60301,SIRA00155,SIRA00155224,2/12/2022 12:05,2,261,48,shared_taps,42782,East Asembo,Siaya,Rarieda,Urban,,,,,partially_functional,,,
60302,SIGE00156,SIGE00156224,11/20/2022 17:24,1,30,20,tap_in_home,30661,West Gem,Siaya,Gem,Rural,,,,,partially_functional,,,
60303,SIGE00157,SIGE00157224,4/17/2025 15:21,3,56,28,well,30676,Central Gem,Siaya,Gem,Rural,,Contaminated: Chemical,,,partially_functional,,,
60304,KISE00158,KISE00158224,8/11/2024 15:37,1,346,28,shared_taps,41653,West Seme,Kisumu,Seme,Rural,,,,,partially_functional,,,
60305,KISE00159,KISE00159224,11/18/2024 12:05,2,425,0,shared_taps,35745,North Seme,Kisumu,Seme,Rural,,,,,partially_functional,,,
60306,KISE00160,KISE00160224,8/18/2024 19:30,1,193,15,river,29226,Central Seme,Kisumu,Seme,Rural,,,,,partially_functional,,,
60307,SIGE00161,SIGE00161224,12/23/2025 13:33,1,169,46,tap_in_home_broken,31418,East Gem,Siaya,Gem,Urban,,,,,partially_functional,,,
60308,SIGE00162,SIGE00162224,9/24/2025 18:41,5,250,23,shared_taps,30789,Yala Township,Siaya,Gem,Rural,,,,,partially_functional,,,
60309,KISE00163,KISE00163224,3/24/2023 16:59,2,445,6,tap_in_home_broken,34603,East Seme,Kisumu,Seme,Urban,,,,,partially_functional,,,
60310,HOKA00164,HOKA00164224,5/8/2022 15:54,2,201,28,shared_taps,20178,Kibiri,Homa Bay,Karachuonyo,Rural,,,,,,,,
60311,SIUG00165,SIUG00165224,11/19/2022 12:48,5,58,48,tap_in_home,32851,Sidindi,Siaya,Ugunja,Rural,,,,,partially_functional,,,
60312,SIUG00166,SIUG00166224,4/9/2024 7:18,2,225,34,shared_taps,38006,Sigomere,Siaya,Ugunja,Rural,,,,,partially_functional,,,
60313,SIUG00167,SIUG00167224,10/24/2022 15:07,4,383,34,tap_in_home,52095,Ugunja,Siaya,Ugunja,Urban,,,,,partially_functional,,,
60314,BUBU00168,BUBU00168224,1/14/2025 8:12,4,401,32,shared_taps,19261,Khasoko,Bungoma,Bumula,Urban,,,,,functional,,,
60315,BUWE00169,BUWE00169224,12/17/2023 15:59,1,264,9,river,41192,Mihuu,Bungoma,Webuye East,Rural,,,,,functional,,,
60316,BUKA00170,BUKA00170224,10/4/2025 12:10,5,25,15,tap_in_home,47199,West Nalondo,Bungoma,Kabuchai,Urban,,,,,functional,,,
60317,BUKA00171,BUKA00171224,7/7/2023 10:47,4,371,6,river,50152,Marakaru/Tuuti,Bungoma,Kanduyi,Rural,,,,,functional,,,
60318,BUWE00172,BUWE00172224,12/22/2023 17:00,5,487,5,tap_in_home_broken,48752,Bokoli,Bungoma,Webute West,Urban,,,,,functional,,,
60319,BUKA00173,BUKA00173224,2/7/2023 6:11,2,172,5,tap_in_home,47769,Bwake/Luuya,Bungoma,Kabuchai,Urban,,,,,functional,,,
60320,BUBU00174,BUBU00174224,6/20/2023 14:31,4,51,33,shared_taps,42491,Siboti,Bungoma,Bumula,Rural,,,,,functional,,,
60321,BUWE00175,BUWE00175224,8/15/2023 8:35,1,234,10,shared_taps,50570,Misikhu,Bungoma,Webute West,Urban,,,,,functional,,,
60322,BUWE00176,BUWE00176224,1/9/2022 14:29,2,367,46,well,45838,Ndivisi,Bungoma,Webuye East,Rural,,Contaminated: Chemical,,,partially_functional,,,
60323,BUKA00177,BUKA00177224,2/9/2024 18:59,5,148,28,tap_in_home,51911,Kabuchai/Chwele,Bungoma,Kabuchai,Urban,,,,,functional,,,
60324,BUSI00178,BUSI00178224,2/4/2025 17:44,2,261,32,shared_taps,45444,Malakisi/South Kulisiru,Bungoma,Sirisia,Urban,,,,,functional,,,
60325,BUSI00179,BUSI00179224,10/5/2024 9:38,5,491,2,shared_taps,53524,Lwandanyi,Bungoma,Sirisia,Urban,,,,,functional,,,
60326,BUTE00180,BUTE00180224,7/19/2024 18:36,4,190,38,well,29775,Ang'Urai North,Busia,Teso North,Urban,,Clean,,,partially_functional,,,
60327,BUTE00181,BUTE00181224,11/22/2022 18:17,1,460,20,shared_taps,20245,Ang'Urai East,Busia,Teso North,Urban,,,,,partially_functional,,,
60328,BUSI00182,BUSI00182224,1/26/2024 18:11,5,379,9,tap_in_home,37353,Namwela,Bungoma,Sirisia,Rural,,,,,partially_functional,,,
60329,BUKA00183,BUKA00183224,8/5/2024 14:22,5,295,42,shared_taps,55756,Mukuyuni,Bungoma,Kabuchai,Rural,,,,,functional,,,
60330,BUKI00184,BUKI00184224,7/1/2022 19:06,4,223,14,tap_in_home_broken,35249,Kimilili,Bungoma,Kimilili,Urban,,,,,functional,,,
60331,BUKI00185,BUKI00185224,11/5/2024 16:17,2,408,6,tap_in_home,40195,Kibingei,Bungoma,Kimilili,Rural,,,,,functional,,,
60332,BUKI00186,BUKI00186224,9/3/2025 10:09,5,475,11,shared_taps,31802,Maeni,Bungoma,Kimilili,Rural,,,,,functional,,,
60333,BUKI00187,BUKI00187224,3/4/2025 7:42,4,36,23,tap_in_home_broken,50330,Kamukuywa,Bungoma,Kimilili,Urban,,,,,functional,,,
60334,BUMT00188,BUMT00188224,3/20/2023 19:59,4,285,28,shared_taps,35843,Chesikaki,Bungoma,Mt. Elgon,Urban,,,,,functional,,,
60335,BUMT00189,BUMT00189224,5/22/2025 6:02,5,298,36,well,37774,Kapkateny,Bungoma,Mt. Elgon,Rural,,Clean,,,,,,
60336,BUMT00190,BUMT00190224,9/27/2024 13:01,4,269,38,river,39423,Cheptais,Bungoma,Mt. Elgon,Rural,,,,,,,,
60337,BUMT00191,BUMT00191224,11/25/2025 19:24,5,227,42,river,40084,Elgon,Bungoma,Mt. Elgon,Rural,,,,,,,,
60338,BUMT00192,BUMT00192224,10/5/2022 15:58,4,68,26,tap_in_home,36833,Chepyuk,Bungoma,Mt. Elgon,Urban,,,,,,,,
60339,BUMT00193,BUMT00193224,11/26/2022 16:21,4,385,31,tap_in_home_broken,40997,Kaptama,Bungoma,Mt. Elgon,Urban,,,,,,,,
60340,BUBU00194,BUBU00194224,5/7/2022 9:26,1,326,35,river,29301,West Bukusu,Bungoma,Bumula,Rural,,,,,functional,,,
60341,BUBU00195,BUBU00195224,8/3/2022 7:28,1,431,5,river,49450,Kimaeti,Bungoma,Bumula,Rural,,,,,functional,,,
60342,BUWE00196,BUWE00196224,7/28/2024 10:35,5,377,11,well,30909,Matulo,Bungoma,Webute West,Rural,,Clean,,,functional,,,
60343,TUTU00197,TUTU00197224,5/19/2023 19:55,5,297,13,tap_in_home_broken,20055,Kalobeyei,Turkana,Turkana West,Rural,,,,,,,,
60344,KWKI00198,KWKI00198224,6/11/2025 7:32,3,429,36,tap_in_home,54349,Ndavaya,Kwale,Kinango,Urban,,,,,,,,
60345,KWKI00199,KWKI00199224,6/9/2024 16:16,1,491,29,well,31279,Puma,Kwale,Kinango,Rural,,Contaminated: Chemical,,,,,,
60346,KWLU00200,KWLU00200224,1/24/2025 17:01,1,339,10,well,46193,Mwereni,Kwale,Lungalunga,Rural,,Contaminated: Chemical,,,,,,
60347,KWLU00201,KWLU00201224,1/6/2024 16:02,1,65,14,tap_in_home_broken,52642,Vanga,Kwale,Lungalunga,Urban,,,,,,,,
60348,KWLU00202,KWLU00202224,1/26/2023 19:40,2,432,19,shared_taps,58001,Dzombo,Kwale,Lungalunga,Urban,,,,,,,,
60349,KWMA00203,KWMA00203224,12/15/2024 10:15,4,393,48,tap_in_home,44859,Mkongani,Kwale,Matuga,Urban,,,,,,,,
60350,KWMA00204,KWMA00204224,1/18/2024 10:11,3,246,32,tap_in_home,31096,Kubo South,Kwale,Matuga,Rural,,,,,,,,
60351,KWLU00205,KWLU00205224,2/28/2023 17:49,4,60,21,shared_taps,68463,Pongwe/Kikoneni,Kwale,Lungalunga,Rural,,,,,,,,
60352,KWKI00206,KWKI00206224,3/22/2022 6:57,3,331,27,river,108214,Kinango,Kwale,Kinango,Rural,,,,,,,,
60353,KWMS00207,KWMS00207224,3/8/2022 16:34,3,291,39,tap_in_home_broken,58224,Ramisi,Kwale,Msambweni,Rural,,,,,,,,
60354,KWMS00208,KWMS00208224,7/10/2022 15:44,3,89,19,shared_taps,31507,Ukunda,Kwale,Msambweni,Rural,,,,,,,,
60355,KWMA00209,KWMA00209224,8/24/2023 9:38,4,126,24,tap_in_home_broken,34523,Tiwi,Kwale,Matuga,Urban,,,,,,,,
60356,KWMA00210,KWMA00210224,8/1/2023 11:25,5,344,30,shared_taps,33120,Waa,Kwale,Matuga,Rural,,,,,,,,
60357,MOLI00211,MOLI00211224,6/16/2023 15:37,3,538,23,well,29911,Shika Adabu,Mombasa,Likoni,Rural,,Contaminated:Biological,,,,,,
60358,KIKI00212,KIKI00212224,1/16/2024 13:51,1,164,7,shared_taps,31686,Shimo La Tewa,Kilifi,Kilifi South,Rural,,,,,functional,,,
60359,KIKI00213,KIKI00213224,2/21/2023 5:27,1,331,32,well,58582,Mtepeni,Kilifi,Kilifi South,Urban,,Contaminated:Biological,,,functional,,,
60360,TATA00214,TATA00214224,6/4/2022 7:40,5,220,24,well,36729,Mboghoni,Taita Taveta,Taveta,Rural,,Clean,,,,,,
60361,TATA00215,TATA00215224,12/4/2025 18:56,5,1,21,well,13500,Mahoo,Taita Taveta,Taveta,Rural,,Clean,,,,,,
60362,TATA00216,TATA00216224,12/10/2024 18:55,4,467,17,river,8446,Bomani,Taita Taveta,Taveta,Rural,,,,,,,,
60363,MOKI00217,MOKI00217224,2/3/2022 9:15,4,458,45,well,23595,Junda,Mombasa,Kisauni,Rural,,Contaminated: Chemical,,,,,,
60364,MOKI00218,MOKI00218224,3/4/2023 19:48,5,135,35,shared_taps,0,Mjambere,Mombasa,Kisauni,Rural,,,,,,,,
60365,MOKI00219,MOKI00219224,12/26/2025 5:18,4,179,0,shared_taps,45354,Bamburi,Mombasa,Kisauni,Rural,,,,,,,,
60366,MOKI00220,MOKI00220224,4/22/2023 12:19,4,444,1,shared_taps,0,Magogoni,Mombasa,Kisauni,Urban,,,,,,,,
60367,MOKI00221,MOKI00221224,4/11/2024 15:07,1,271,17,river,19912,Mtopanga,Mombasa,Kisauni,Urban,,,,,,,,
60368,MONY00222,MONY00222224,2/21/2022 14:43,1,149,28,well,0,Frere Town,Mombasa,Nyali,Rural,,Contaminated: Chemical,,,,,,
60369,MONY00223,MONY00223224,12/26/2025 17:06,3,311,34,tap_in_home_broken,0,Kadzandani,Mombasa,Nyali,Urban,,,,,,,,
60370,MOKI00224,MOKI00224224,2/17/2024 12:40,2,296,43,well,53736,Shanzu,Mombasa,Kisauni,Rural,,Contaminated: Chemical,,,,,,
60371,KIKI00225,KIKI00225224,5/23/2022 11:32,1,287,46,river,47618,Junju,Kilifi,Kilifi South,Rural,,,,,,,,
60372,KIKI00226,KIKI00226224,10/10/2025 15:14,2,183,37,tap_in_home_broken,43572,Kibarani,Kilifi,Kilifi North,Urban,,,,,,,,
60373,KIKI00227,KIKI00227224,1/4/2022 12:57,3,43,13,tap_in_home,49474,Mnarani,Kilifi,Kilifi North,Urban,,,,,,,,
60374,KIKI00228,KIKI00228224,5/19/2025 8:11,2,385,43,tap_in_home_broken,54107,Matsangoni,Kilifi,Kilifi North,Urban,,,,,,,,
60375,KIKI00229,KIKI00229224,1/25/2023 9:37,4,475,21,shared_taps,4274,Sokoni,Kilifi,Kilifi North,Urban,,,,,,,,
60376,KIKI00230,KIKI00230224,2/15/2023 17:53,1,178,40,tap_in_home_broken,48853,Tezo,Kilifi,Kilifi North,Urban,,,,,,,,
60377,KIKI00231,KIKI00231224,7/8/2023 12:21,5,469,7,shared_taps,68596,Dabaso,Kilifi,Kilifi North,Rural,,,,,,,,
60378,KIKI00232,KIKI00232224,4/28/2025 6:38,1,3,26,shared_taps,24369,Watamu,Kilifi,Kilifi North,Urban,,,,,,,,
60379,KIMA00233,KIMA00233224,2/28/2023 5:47,3,10,38,tap_in_home_broken,43961,Malindi Town,Kilifi,Malindi,Urban,,,,,,,,
60380,MOKI00234,MOKI00234224,12/12/2025 6:25,1,457,23,tap_in_home_broken,16923,Mwakirunge,Mombasa,Kisauni,Rural,,,,,,,,
60381,MOJO00235,MOJO00235224,5/25/2025 11:25,1,248,40,river,2969,Mikindani,Mombasa,Jomvu,Rural,,,,,,,,
60382,MOCH00236,MOCH00236224,9/9/2022 7:00,3,494,43,river,0,Chaani,Mombasa,Changamwe,Rural,,,,,,,,
60383,MOCH00237,MOCH00237224,8/13/2025 17:48,2,30,38,shared_taps,0,Kipevu,Mombasa,Changamwe,Urban,,,,,,,,
60384,MOLI00238,MOLI00238224,3/25/2022 10:30,4,145,46,river,0,Likoni,Mombasa,Likoni,Rural,,,,,,,,
60385,MOLI00239,MOLI00239224,12/19/2023 15:53,1,272,18,tap_in_home_broken,17858,Timbwani,Mombasa,Likoni,Urban,,,,,,,,
60386,MOMV00240,MOMV00240224,10/21/2022 16:09,4,54,28,shared_taps,0,Shimanzi/Ganjoni,Mombasa,Mvita,Urban,,,,,,,,
60387,MOLI00241,MOLI00241224,4/4/2024 13:16,5,501,24,shared_taps,0,Bofu,Mombasa,Likoni,Rural,,,,,,,,
60388,KIKI00242,KIKI00242224,1/24/2023 11:14,1,65,13,tap_in_home_broken,35876,Mwarakaya,Kilifi,Kilifi South,Rural,,,,,,,,
60389,MOMV00243,MOMV00243224,5/11/2024 13:19,5,498,35,well,0,Majengo,Mombasa,Mvita,Rural,,Clean,,,,,,
60390,MOMV00244,MOMV00244224,5/26/2025 7:19,2,50,14,tap_in_home_broken,0,Tudor,Mombasa,Mvita,Urban,,,,,,,,
60391,KIKI00245,KIKI00245224,4/10/2022 7:42,1,523,14,tap_in_home,41998,Chasimba,Kilifi,Kilifi South,Urban,,,,,,,,
60392,MOMV00246,MOMV00246224,10/14/2025 14:45,4,8,47,tap_in_home_broken,0,Tononoka,Mombasa,Mvita,Urban,,,,,,,,
60393,MOMV00247,MOMV00247224,10/20/2025 12:20,3,224,31,tap_in_home,1454,Mji Wa Kale/Makadara,Mombasa,Mvita,Rural,,,,,,,,
60394,MONY00248,MONY00248224,8/28/2022 19:59,2,470,37,shared_taps,0,Kongowea,Mombasa,Nyali,Urban,,,,,,,,
60395,MONY00249,MONY00249224,7/5/2025 14:52,1,262,45,well,1362,Mkomani,Mombasa,Nyali,Rural,,Contaminated: Chemical,,,,,,
60396,MONY00250,MONY00250224,9/24/2023 5:55,3,118,41,shared_taps,0,Ziwa La Ng'Ombe,Mombasa,Nyali,Urban,,,,,,,,
60397,KIRA00251,KIRA00251224,12/10/2023 16:02,1,421,45,shared_taps,23681,Kambe/Ribe,Kilifi,Rabai,Urban,,,,,,,,
60398,TATA00252,TATA00252224,8/8/2023 12:27,1,146,41,tap_in_home,13746,Mata,Taita Taveta,Taveta,Rural,,,,,,,,
60399,TAMW00253,TAMW00253224,8/15/2023 11:58,5,351,16,river,21787,Chawia,Taita Taveta,Mwatate,Rural,,,,,,,,
60400,TAMW00254,TAMW00254224,9/12/2022 14:51,5,210,18,shared_taps,22197,Bura,Taita Taveta,Mwatate,Rural,,,,,,,,
60401,TAWU00255,TAWU00255224,7/17/2025 17:32,5,437,48,river,15775,Mwanda/Mgange,Taita Taveta,Wundanyi,Rural,,,,,,,,
60402,TAWU00256,TAWU00256224,8/11/2024 10:41,2,96,2,tap_in_home_broken,10453,Werugha,Taita Taveta,Wundanyi,Urban,,,,,,,,
60403,TAWU00257,TAWU00257224,8/4/2023 10:07,3,155,6,shared_taps,23005,Wundanyi/Mbale,Taita Taveta,Wundanyi,Urban,,,,,,,,
60404,TAMW00258,TAMW00258224,3/24/2022 14:24,2,523,6,tap_in_home_broken,16658,Wusi/Kishamba,Taita Taveta,Mwatate,Urban,,,,,,,,
60405,TAMW00259,TAMW00259224,3/4/2024 6:15,4,195,23,shared_taps,14555,Mwatate,Taita Taveta,Mwatate,Urban,,,,,,,,
60406,TAMW00260,TAMW00260224,11/5/2024 7:20,5,70,13,well,15345,Rong'E,Taita Taveta,Mwatate,Rural,,Clean,,,,,,
60407,TAVO00261,TAVO00261224,12/21/2024 13:53,4,478,13,well,19033,Sagalla,Taita Taveta,Voi,Urban,,Contaminated: Chemical,,,,,,
60408,TAVO00262,TAVO00262224,10/22/2025 7:50,3,509,27,river,17411,Kasigau,Taita Taveta,Voi,Rural,,,,,,,,
60409,TAVO00263,TAVO00263224,11/4/2025 5:53,3,211,26,well,30877,Kaloleni,Taita Taveta,Voi,Rural,,Contaminated:Biological,,,,,,
60410,TAVO00264,TAVO00264224,8/9/2022 17:54,2,220,21,tap_in_home,12589,Marungu,Taita Taveta,Voi,Urban,,,,,,,,
60411,KWKI00265,KWKI00265224,10/4/2024 16:51,3,83,3,river,52469,Mackinnon Road,Kwale,Kinango,Rural,,,,,,,,
60412,KIGA00266,KIGA00266224,12/21/2025 10:24,2,16,44,tap_in_home,49603,Bamba,Kilifi,Ganze,Rural,,,,,unknown,,,
60413,KWKI00267,KWKI00267224,7/19/2023 12:26,5,136,34,well,51579,Chengoni/Samburu,Kwale,Kinango,Rural,,Contaminated:Biological,,,,,,
60414,KWKI00268,KWKI00268224,1/20/2022 13:51,1,444,11,tap_in_home,53714,Mwavumbo,Kwale,Kinango,Urban,,,,,,,,
60415,KIKA00269,KIKA00269224,10/13/2023 12:13,3,31,19,river,50939,Kayafungo,Kilifi,Kaloleni,Rural,,,,,,,,
60416,KIKA00270,KIKA00270224,12/21/2022 6:23,2,200,27,tap_in_home_broken,61131,Mariakani,Kilifi,Kaloleni,Rural,,,,,,,,
60417,KIGA00271,KIGA00271224,2/16/2022 5:12,1,109,22,shared_taps,39311,Ganze,Kilifi,Ganze,Rural,,,,,,,,
60418,KIGA00272,KIGA00272224,3/17/2024 7:28,5,512,29,tap_in_home_broken,56942,Sokoke,Kilifi,Ganze,Rural,,,,,,,,
60419,KIKA00273,KIKA00273224,3/8/2022 7:03,2,154,24,shared_taps,29492,Mwanamwinga,Kilifi,Kaloleni,Rural,,,,,,,,
60420,KIRA00274,KIRA00274224,2/24/2022 12:52,1,452,34,shared_taps,30953,Ruruma,Kilifi,Rabai,Rural,,,,,,,,
60421,MOJO00275,MOJO00275224,2/3/2022 12:56,3,70,46,river,4250,Miritini,Mombasa,Jomvu,Rural,,,,,,,,
60422,KIGA00276,KIGA00276224,9/12/2024 12:01,3,189,42,well,29349,Jaribuni,Kilifi,Ganze,Rural,,Contaminated:Biological,,,,,,
60423,MOJO00277,MOJO00277224,4/21/2025 8:17,2,278,28,shared_taps,8601,Jomvu Kuu,Mombasa,Jomvu,Rural,,,,,,,,
60424,KIKA00278,KIKA00278224,9/25/2022 17:32,2,498,48,tap_in_home_broken,75036,Kaloleni,Kilifi,Kaloleni,Urban,,,,,,,,
60425,MOCH00279,MOCH00279224,11/14/2024 19:17,1,14,17,well,7377,Airport,Mombasa,Changamwe,Rural,,Contaminated: Chemical,,,,,,
60426,KIRA00280,KIRA00280224,11/11/2023 5:20,3,103,15,shared_taps,21706,Mwawesa,Kilifi,Rabai,Urban,,,,,,,,
60427,MOCH00281,MOCH00281224,6/7/2023 6:46,4,214,25,shared_taps,0,Changamwe,Mombasa,Changamwe,Rural,,,,,,,,
60428,MOCH00282,MOCH00282224,8/1/2025 19:14,1,26,27,well,109,Port Reitz,Mombasa,Changamwe,Rural,,Contaminated: Chemical,,,,,,
60429,KIRA00283,KIRA00283224,2/23/2025 13:58,1,330,24,river,57556,Rabai/Kisurutini,Kilifi,Rabai,Urban,,,,,,,,
60430,MOLI00284,MOLI00284224,1/28/2024 14:01,3,457,11,shared_taps,11409,Mtongwe,Mombasa,Likoni,Urban,,,,,,,,
60431,KIKI00285,KIKI00285224,12/11/2025 16:59,1,335,3,shared_taps,40598,Athi,Kitui,Kitui South,Rural,,,,,functional,,,
60432,MAKI00286,MAKI00286224,9/25/2024 5:51,1,228,30,well,43241,Mtito Andei,Makueni,Kibwezi East,Rural,,Clean,,,partially_functional,,,
60433,MAKI00287,MAKI00287224,6/14/2023 9:25,3,178,1,tap_in_home,39537,Ivingoni/Nzambani,Makueni,Kibwezi East,Urban,,,,,partially_functional,,,
60434,MAKI00288,MAKI00288224,4/18/2022 10:07,2,152,18,river,41324,Thange,Makueni,Kibwezi East,Rural,,,,,partially_functional,,,
60435,MAKI00289,MAKI00289224,8/9/2025 12:39,3,71,14,shared_taps,37716,Masongaleni,Makueni,Kibwezi East,Rural,,,,,partially_functional,,,
60436,MAKI00290,MAKI00290224,6/12/2023 11:20,1,54,0,well,40751,Nguumo,Makueni,Kibwezi West,Rural,,Contaminated: Chemical,,,partially_functional,,,
60437,KIKI00291,KIKI00291224,5/9/2024 15:58,3,124,37,well,33969,Ikutha,Kitui,Kitui South,Rural,,Contaminated:Biological,,,functional,,,
60438,MAKI00292,MAKI00292224,11/5/2025 7:50,1,179,17,well,54704,Makindu,Makueni,Kibwezi West,Urban,,Clean,,,partially_functional,,,
60439,MAKI00293,MAKI00293224,8/21/2025 6:49,2,235,11,tap_in_home,32413,Kikumbulyu South,Makueni,Kibwezi West,Urban,,,,,partially_functional,,,
60440,KIKI00294,KIKI00294224,5/4/2023 16:35,1,213,26,shared_taps,31362,Mutha,Kitui,Kitui South,Urban,,,,,functional,,,
60441,MAKI00295,MAKI00295224,10/11/2022 6:34,2,226,28,tap_in_home_broken,25709,Kikumbulyu North,Makueni,Kibwezi West,Rural,,,,,partially_functional,,,
60442,KIKI00296,KIKI00296224,12/19/2025 5:16,3,172,28,shared_taps,21332,Kanziko,Kitui,Kitui South,Rural,,,,,unknown,,,
60443,MAMA00297,MAMA00297224,4/6/2024 19:15,2,516,2,tap_in_home,25102,Kitise/Kithuki,Makueni,Makueni,Urban,,,,,partially_functional,,,
60444,MAMA00298,MAMA00298224,11/28/2023 18:37,2,523,23,shared_taps,36562,Kathonzweni,Makueni,Makueni,Rural,,,,,partially_functional,,,
60445,KIKI00299,KIKI00299224,8/22/2024 15:32,4,96,33,river,28468,Mutomo,Kitui,Kitui South,Rural,,,,,unknown,,,
60446,KIKI00300,KIKI00300224,7/2/2023 18:40,3,261,23,tap_in_home_broken,29741,Kanyangi,Kitui,Kitui Rural,Urban,,,,,,,,
60447,KIKI00301,KIKI00301224,4/8/2025 8:52,5,485,38,shared_taps,54733,Ikanga/Kyatune,Kitui,Kitui South,Urban,,,,,unknown,,,
60448,KIKI00302,KIKI00302224,12/11/2022 10:02,2,418,15,river,29370,Voo/Kyamatu,Kitui,Kitui East,Rural,,,,,,,,
60449,KIKI00303,KIKI00303224,10/1/2024 13:22,5,533,26,shared_taps,30541,Kisasi,Kitui,Kitui Rural,Urban,,,,,,,,
60450,KIKI00304,KIKI00304224,3/12/2023 11:08,2,121,1,tap_in_home,38074,Mulango,Kitui,Kitui Rural,Urban,,,,,,,,
60451,KIKI00305,KIKI00305224,1/21/2025 12:15,1,455,2,shared_taps,26182,Mbitini,Kitui,Kitui Rural,Urban,,,,,,,,
60452,KIKI00306,KIKI00306224,6/26/2025 8:22,1,111,30,tap_in_home,20089,Chuluni,Kitui,Kitui East,Urban,,,,,,,,
60453,KIKI00307,KIKI00307224,3/14/2025 8:58,5,147,27,shared_taps,35216,Kyangwithya West,Kitui,Kitui Central,Urban,,,,,,,,
60454,KIKI00308,KIKI00308224,2/24/2022 17:08,1,395,15,shared_taps,26734,Zombe/Mwitika,Kitui,Kitui East,Urban,,,,,,,,
60455,KIKI00309,KIKI00309224,6/22/2022 17:39,2,380,46,shared_taps,28172,Nzambani,Kitui,Kitui East,Urban,,,,,,,,
60456,MAYA00310,MAYA00310224,7/14/2024 6:46,4,214,26,shared_taps,28858,Katangi,Machakos,Yatta,Urban,,,,,,,,
60457,KIKI00311,KIKI00311224,7/7/2023 12:56,3,287,18,river,15893,Endau/Malalani,Kitui,Kitui East,Rural,,,,,,,,
60458,KIKI00312,KIKI00312224,4/5/2024 19:44,1,160,10,well,24041,Mutito/Kaliku,Kitui,Kitui East,Rural,,Contaminated: Chemical,,,,,,
60459,KIKI00313,KIKI00313224,6/17/2025 7:57,4,240,39,well,27126,Township,Kitui,Kitui Central,Rural,,Contaminated:Biological,,,,,,
60460,KIKI00314,KIKI00314224,10/1/2022 8:31,3,87,15,shared_taps,40607,Kyangwithya East,Kitui,Kitui Central,Urban,,,,,,,,
60461,KIKI00315,KIKI00315224,8/3/2024 5:20,2,7,6,river,28677,Miambani,Kitui,Kitui Central,Rural,,,,,,,,
60462,KIKI00316,KIKI00316224,11/9/2023 17:22,2,220,20,tap_in_home,22046,Kwa Mutonga/Kithumula,Kitui,Kitui West,Urban,,,,,,,,
60463,KIKI00317,KIKI00317224,10/21/2024 16:39,2,55,27,tap_in_home,28900,Matinyani,Kitui,Kitui West,Rural,,,,,,,,
60464,KIKI00318,KIKI00318224,8/2/2023 18:57,2,211,29,river,30541,Kauwi,Kitui,Kitui West,Rural,,,,,,,,
60465,KIKI00319,KIKI00319224,2/9/2022 17:35,1,99,5,shared_taps,44423,Mutonguni,Kitui,Kitui West,Rural,,,,,,,,
60466,GAIJ00320,GAIJ00320224,12/27/2022 18:50,1,386,47,river,54152,Ijara,Garissa,Ijara,Rural,,,,,,,,
60467,MAMA00321,MAMA00321224,2/23/2022 6:45,4,248,1,tap_in_home_broken,26694,Mavindini,Makueni,Makueni,Rural,,,,,partially_functional,,,
60468,MAMB00322,MAMB00322224,6/20/2025 12:42,2,327,35,river,33759,Kalawa,Makueni,Mbooni,Rural,,,,,partially_functional,,,
60469,MAMW00323,MAMW00323224,4/20/2023 17:27,5,247,26,well,22973,Kibauni,Machakos,Mwala,Rural,,Clean,,,partially_functional,,,
60470,TATA00324,TATA00324224,5/5/2022 9:51,2,458,12,shared_taps,28000,Chala,Taita Taveta,Taveta,Urban,,,,,functional,,,
60471,TAVO00325,TAVO00325224,8/26/2025 17:24,1,41,12,tap_in_home,37142,Mbololo,Taita Taveta,Voi,Urban,,,,,,,,
60472,TAVO00326,TAVO00326224,4/11/2024 16:07,5,373,29,tap_in_home_broken,13778,Ngolia,Taita Taveta,Voi,Urban,,,,,functional,,,
60473,TAWU00327,TAWU00327224,5/18/2024 11:14,3,165,0,shared_taps,18256,Wumingu/Kishushe,Taita Taveta,Wundanyi,Urban,,,,,,,,
60474,KIMA00328,KIMA00328224,1/28/2022 10:06,4,166,14,tap_in_home,59050,Adu,Kilifi,Magarini,Urban,,,,,,,,
60475,KIMA00329,KIMA00329224,10/16/2023 8:22,5,404,35,well,65126,Marafa,Kilifi,Magarini,Urban,,Clean,,,,,,
60476,GAGA00330,GAGA00330224,2/26/2024 19:21,4,234,7,tap_in_home,23162,Iftin,Garissa,Garissa Township,Urban,,,,,,,,
60477,KIMA00331,KIMA00331224,5/5/2022 10:17,4,294,3,shared_taps,27251,Jilore,Kilifi,Malindi,Urban,,,,,,,,
60478,KIMA00332,KIMA00332224,11/8/2023 7:06,5,168,12,well,40035,Garashi,Kilifi,Magarini,Rural,,Contaminated:Biological,,,,,,
60479,GAFA00333,GAFA00333224,11/12/2025 15:20,4,339,6,shared_taps,11870,Nanighi,Garissa,Fafi,Rural,,,,,functional,,,
60480,GAFA00334,GAFA00334224,2/13/2022 18:43,3,164,42,river,4713,Fafi,Garissa,Fafi,Rural,,,,,,,,
60481,KIMA00335,KIMA00335224,7/18/2025 9:08,2,89,27,well,22806,Kakuyuni,Kilifi,Malindi,Rural,,Clean,,,,,,
60482,GAFA00336,GAFA00336224,12/28/2024 13:51,5,503,10,tap_in_home,71784,Bura,Garissa,Fafi,Urban,,,,,,,,
60483,KIMA00337,KIMA00337224,6/1/2025 7:19,2,435,42,river,45999,Gongoni,Kilifi,Magarini,Rural,,,,,,,,
60484,KIMA00338,KIMA00338224,12/20/2022 11:49,1,343,25,tap_in_home,72824,Ganda,Kilifi,Malindi,Urban,,,,,,,,
60485,KIMA00339,KIMA00339224,2/18/2023 18:16,1,159,2,river,12500,Magarini,Kilifi,Magarini,Rural,,,,,,,,
60486,KIMA00340,KIMA00340224,3/3/2023 15:43,1,7,6,tap_in_home,23299,Sabaki,Kilifi,Malindi,Urban,,,,,,,,
60487,KIMA00341,KIMA00341224,1/6/2023 14:58,2,208,28,well,17542,Shella,Kilifi,Malindi,Rural,,Contaminated: Chemical,,,,,,
60488,GAIJ00342,GAIJ00342224,9/20/2024 15:37,1,141,2,shared_taps,139826,Masalani,Garissa,Ijara,Urban,,,,,,,,
60489,GAFA00343,GAFA00343224,12/13/2024 15:02,4,481,22,tap_in_home,74405,Jarajila,Garissa,Fafi,Urban,,,,,functional,,,
60490,GAIJ00344,GAIJ00344224,7/16/2025 18:17,1,164,35,river,16748,Sangailu,Garissa,Ijara,Rural,,,,,,,,
60491,GAFA00345,GAFA00345224,6/13/2024 15:03,2,31,3,river,21418,Dekaharia,Garissa,Fafi,Rural,,,,,,,,
60492,GAIJ00346,GAIJ00346224,4/25/2022 7:42,3,73,48,tap_in_home,54385,Hulugho,Garissa,Ijara,Urban,,,,,,,,
60493,LALA00347,LALA00347224,9/23/2022 13:12,3,273,24,river,2451,Basuba,Lamu,Lamu East,Rural,,,,,,,,
60494,LALA00348,LALA00348224,4/13/2025 18:46,2,201,20,well,3023,Faza,Lamu,Lamu East,Urban,,Contaminated: Chemical,,,,,,
60495,LALA00349,LALA00349224,12/17/2022 15:55,1,422,18,well,4353,Kiunga,Lamu,Lamu East,Urban,,Contaminated: Chemical,,,,,,
60496,LALA00350,LALA00350224,2/24/2025 16:54,2,469,34,tap_in_home,26568,Bahari,Lamu,Lamu West,Urban,,,,,,,,
60497,LALA00351,LALA00351224,4/10/2025 6:02,4,80,16,shared_taps,18401,Hindi,Lamu,Lamu West,Urban,,,,,,,,
60498,LALA00352,LALA00352224,11/19/2024 11:46,4,264,11,tap_in_home_broken,17971,Hongwe,Lamu,Lamu West,Urban,,,,,,,,
60499,LALA00353,LALA00353224,8/5/2023 15:41,5,149,17,tap_in_home,34156,Mkomani,Lamu,Lamu West,Urban,,,,,,,,
60500,LALA00354,LALA00354224,12/10/2024 18:53,2,449,12,river,18726,Mkunumbi,Lamu,Lamu West,Rural,,,,,,,,
60501,LALA00355,LALA00355224,5/8/2023 15:34,4,458,37,well,17801,Shella,Lamu,Lamu West,Rural,,Contaminated: Chemical,,,,,,
60502,LALA00356,LALA00356224,5/15/2024 18:13,3,524,28,shared_taps,21611,Witu,Lamu,Lamu West,Urban,,,,,,,,
60503,GAGA00357,GAGA00357224,12/27/2025 17:48,1,64,29,river,8879,Waberi,Garissa,Garissa Township,Rural,,,,,,,,
60504,GAGA00358,GAGA00358224,9/15/2024 17:37,3,487,37,tap_in_home_broken,16614,Galbet,Garissa,Garissa Township,Urban,,,,,,,,
60505,GAGA00359,GAGA00359224,9/18/2025 9:48,4,194,7,shared_taps,0,Township,Garissa,Garissa Township,Rural,,,,,,,,
60506,TABU00360,TABU00360224,5/6/2022 14:55,1,384,0,tap_in_home_broken,24915,Chewele,Tana River,Bura,Rural,,,,,partially_functional,,,
60507,TAGA00361,TAGA00361224,6/13/2024 18:10,1,24,35,well,41961,Chewani,Tana River,Galole,Rural,,Contaminated:Biological,,,,,,
60508,TAGA00362,TAGA00362224,11/15/2023 7:23,4,205,15,river,25148,Kinakomba,Tana River,Galole,Rural,,,,,,,,
60509,TAGA00363,TAGA00363224,6/6/2024 12:07,5,447,19,tap_in_home,14560,Mikinduni,Tana River,Galole,Urban,,,,,,,,
60510,TAGA00364,TAGA00364224,1/21/2025 11:53,5,235,7,shared_taps,31573,Wayu,Tana River,Galole,Urban,,,,,,,,
60511,TAGA00365,TAGA00365224,3/17/2023 10:12,1,215,28,shared_taps,17905,Garsen Central,Tana River,Garsen,Rural,,,,,,,,
60512,MAMW00366,MAMW00366224,4/13/2024 11:48,3,491,22,tap_in_home_broken,28455,Muthetheni,Machakos,Mwala,Urban,,,,,,,,
60513,TAGA00367,TAGA00367224,5/17/2025 10:49,4,7,0,well,23577,Garsen North,Tana River,Garsen,Rural,,Contaminated: Chemical,,,functional,,,
60514,TAGA00368,TAGA00368224,10/5/2024 13:50,1,248,3,well,20336,Garsen South,Tana River,Garsen,Rural,,Contaminated:Biological,,,,,,
60515,TAGA00369,TAGA00369224,3/10/2022 5:15,3,29,25,shared_taps,13717,Garsen West,Tana River,Garsen,Urban,,,,,non_functional,,,
60516,TAGA00370,TAGA00370224,1/12/2024 12:20,2,521,14,tap_in_home_broken,23979,Kipini East,Tana River,Garsen,Urban,,,,,,,,
60517,TAGA00371,TAGA00371224,4/1/2025 7:56,3,497,8,tap_in_home,23347,Kipini West,Tana River,Garsen,Urban,,,,,,,,
60518,KAKA00372,KAKA00372224,3/26/2025 6:52,3,81,18,tap_in_home,107067,Kaputiei North,Kajiado,Kajiado East,Urban,,,,,functional,,,
60519,MAUN00373,MAUN00373224,9/11/2023 12:05,3,254,29,shared_taps,1367,unknown 7,Machakos,unknown 7,Rural,,,,,partially_functional,,,
60520,KAKA00374,KAKA00374224,11/11/2025 8:29,4,101,13,tap_in_home,77231,Keekonyokie,Kajiado,Kajiado West,Urban,,,,,partially_functional,,,
60521,MAKA00375,MAKA00375224,4/26/2023 13:52,5,331,20,tap_in_home,28323,Kee,Makueni,Kaiti,Urban,,,,,partially_functional,,,
60522,MAMB00376,MAMB00376224,1/1/2024 15:11,4,302,21,tap_in_home_broken,35880,Kithungo/Kitundu,Makueni,Mbooni,Urban,,,,,partially_functional,,,
60523,MAMB00377,MAMB00377224,7/5/2025 8:32,2,463,41,shared_taps,47752,Kiteta/Kisau,Makueni,Mbooni,Urban,,,,,partially_functional,,,
60524,MAMA00378,MAMA00378224,5/20/2022 19:37,1,112,24,well,23798,Kola,Machakos,Machakos Town,Rural,,Clean,,,functional,,,
60525,MAMA00379,MAMA00379224,9/19/2022 5:12,5,103,28,shared_taps,38515,Kalama,Machakos,Machakos Town,Urban,,,,,,,,
60526,KIKI00380,KIKI00380224,7/15/2022 16:08,3,228,2,shared_taps,43011,Kwavonza/Yatta,Kitui,Kitui Rural,Urban,,,,,,,,
60527,KAKA00381,KAKA00381224,11/16/2025 5:24,3,370,0,shared_taps,4075,Mosiro,Kajiado,Kajiado West,Rural,,,,,,,,
60528,MAMA00382,MAMA00382224,1/5/2024 8:02,4,97,32,shared_taps,50540,Kinanie,Machakos,Mavoko,Urban,,,,,,,,
60529,MAMA00383,MAMA00383224,4/18/2022 8:14,3,247,38,shared_taps,34341,Mua,Machakos,Machakos Town,Urban,,,,,,,,
60530,KAKA00384,KAKA00384224,11/6/2022 18:49,1,385,1,river,74930,Oloosirkon/Sholinke,Kajiado,Kajiado East,Rural,,,,,functional,,,
60531,MAMA00385,MAMA00385224,1/23/2025 18:11,4,83,23,tap_in_home,21706,Muvuti/Kiima-Kimwe,Machakos,Machakos Town,Urban,,,,,,,,
60532,MAKA00386,MAKA00386224,10/9/2022 6:10,1,48,9,shared_taps,24899,Lower Kaewa/Kaani,Machakos,Kathiani,Urban,,,,,,,,
60533,MAMA00387,MAMA00387224,6/17/2024 11:28,1,205,7,tap_in_home,20209,Machakos Central,Machakos,Machakos Town,Urban,,,,,,,,
60534,MAMW00388,MAMW00388224,6/13/2022 18:02,3,163,14,tap_in_home,39593,Masii,Machakos,Mwala,Urban,,,,,,,,
60535,MAMW00389,MAMW00389224,7/11/2022 7:30,5,101,7,tap_in_home_broken,31888,Wamunyu,Machakos,Mwala,Urban,,,,,,,,
60536,MAMA00390,MAMA00390224,2/20/2022 7:07,4,462,31,shared_taps,27964,Mumbuni North,Machakos,Machakos Town,Urban,,,,,,,,
60537,MAMA00391,MAMA00391224,6/25/2024 6:46,2,85,7,shared_taps,61229,Athi River,Machakos,Mavoko,Rural,,,,,partially_functional,,,
60538,KAKA00392,KAKA00392224,7/20/2024 8:58,4,468,5,river,59216,Ewuaso Oonkidong'I,Kajiado,Kajiado West,Rural,,,,,functional,,,
60539,MAKA00393,MAKA00393224,4/26/2023 18:01,5,401,29,tap_in_home,32966,Upper Kaewa/Iveti,Machakos,Kathiani,Urban,,,,,,,,
60540,MAYA00394,MAYA00394224,3/26/2023 13:59,5,534,35,river,45300,Ikombe,Machakos,Yatta,Rural,,,,,,,,
60541,MAYA00395,MAYA00395224,11/27/2023 8:57,4,5,31,shared_taps,42438,Kithimani,Machakos,Yatta,Urban,,,,,,,,
60542,MAYA00396,MAYA00396224,1/23/2025 14:43,2,467,3,river,36592,Matuu,Machakos,Yatta,Rural,,,,,,,,
60543,MAMB00397,MAMB00397224,8/17/2025 13:33,2,438,2,shared_taps,35861,Mbooni,Makueni,Mbooni,Urban,,,,,partially_functional,,,
60544,MAMB00398,MAMB00398224,3/9/2023 11:41,1,508,42,tap_in_home,43790,Tulimani,Makueni,Mbooni,Urban,,,,,partially_functional,,,
60545,MAMB00399,MAMB00399224,8/18/2025 7:48,2,164,25,river,32122,Waia-Kako,Makueni,Mbooni,Urban,,,,,partially_functional,,,
60546,NANA00400,NANA00400224,11/20/2022 10:39,4,412,44,river,33095,Keekonyokie,Narok,Narok East,Rural,,,,,,,,
60547,NANA00401,NANA00401224,10/24/2025 15:54,3,206,16,well,46501,Mosiro,Narok,Narok East,Rural,,Clean,,,,,,
60548,NANA00402,NANA00402224,6/22/2024 17:37,4,14,30,tap_in_home,64012,Majimoto/Naroosura,Narok,Narok South,Urban,,,,,functional,,,
60549,NANA00403,NANA00403224,12/26/2024 9:03,1,243,35,river,34046,Naikarra,Narok,Narok West,Rural,,,,,partially_functional,,,
60550,NANA00404,NANA00404224,9/14/2024 17:13,1,216,9,river,51858,Siana,Narok,Narok West,Rural,,,,,partially_functional,,,
60551,MAKA00405,MAKA00405224,1/1/2024 6:29,5,339,48,shared_taps,34823,Kilungu,Makueni,Kaiti,Urban,,,,,partially_functional,,,
60552,BOCH00406,BOCH00406224,6/14/2022 8:39,3,227,14,shared_taps,43702,Chebunyo,Bomet,Chepalungu,Rural,,,,,,,,
60553,BOCH00407,BOCH00407224,9/4/2023 5:53,4,302,38,well,46008,Sigor,Bomet,Chepalungu,Rural,,Clean,,,,,,
60554,BOBO00408,BOBO00408224,3/6/2024 12:52,2,90,30,shared_taps,31243,Kipreres,Bomet,Bomet East,Rural,,,,,,,,
60555,BOCH00409,BOCH00409224,6/11/2024 12:56,5,344,38,shared_taps,44643,Siongiroi,Bomet,Chepalungu,Rural,,,,,,,,
60556,BOSO00410,BOSO00410224,9/6/2022 19:22,3,14,9,shared_taps,51223,Ndanai/Abosi,Bomet,Sotik,Urban,,,,,functional,,,
60557,BOCH00411,BOCH00411224,9/13/2022 16:29,1,7,20,well,49911,Nyangores,Bomet,Chepalungu,Rural,,Contaminated:Biological,,,,,,
60558,BOBO00412,BOBO00412224,10/12/2025 17:35,2,342,3,well,37053,Longisa,Bomet,Bomet East,Rural,,Contaminated: Chemical,,,,,,
60559,BOCH00413,BOCH00413224,5/21/2024 13:38,2,315,6,shared_taps,39473,Kong'Asis,Bomet,Chepalungu,Rural,,,,,,,,
60560,BOBO00414,BOBO00414224,5/18/2023 7:11,5,414,23,tap_in_home,26341,Chemaner,Bomet,Bomet East,Urban,,,,,,,,
60561,BOSO00415,BOSO00415224,1/19/2024 9:53,1,502,15,river,48141,Kipsonoi,Bomet,Sotik,Rural,,,,,,,,
60562,BOBO00416,BOBO00416224,1/13/2023 13:02,2,270,12,well,30669,Kembu,Bomet,Bomet East,Rural,,Clean,,,,,,
60563,BOBO00417,BOBO00417224,9/16/2022 16:07,1,483,1,tap_in_home_broken,24011,Mutarakwa,Bomet,Bomet Central,Urban,,,,,,,,
60564,BOSO00418,BOSO00418224,9/20/2025 15:32,1,480,6,well,36239,Rongena/Manaret,Bomet,Sotik,Urban,,Contaminated:Biological,,,functional,,,
60565,BOBO00419,BOBO00419224,8/17/2025 18:18,4,100,24,tap_in_home,52005,Merigi,Bomet,Bomet East,Urban,,,,,,,,
60566,BOBO00420,BOBO00420224,12/4/2025 12:26,3,343,23,shared_taps,31913,Silibwet Township,Bomet,Bomet Central,Urban,,,,,,,,
60567,BOBO00421,BOBO00421224,7/11/2023 5:59,1,369,15,shared_taps,50036,Chesoen,Bomet,Bomet Central,Urban,,,,,,,,
60568,BOBO00422,BOBO00422224,6/9/2022 11:37,1,85,39,shared_taps,35958,Ndaraweta,Bomet,Bomet Central,Rural,,,,,,,,
60569,BOBO00423,BOBO00423224,12/10/2024 12:24,2,67,10,tap_in_home,25996,Singorwet,Bomet,Bomet Central,Urban,,,,,,,,
60570,BOSO00424,BOSO00424224,3/21/2023 11:56,2,500,11,shared_taps,52010,Chemagel,Bomet,Sotik,Urban,,,,,,,,
60571,BOSO00425,BOSO00425224,3/14/2024 15:04,1,69,2,tap_in_home,54083,Kapletundo,Bomet,Sotik,Urban,,,,,,,,
60572,BOKO00426,BOKO00426224,12/12/2023 8:03,4,214,33,tap_in_home,33691,Mogogosiek,Bomet,Konoin,Urban,,,,,,,,
60573,KEBU00427,KEBU00427224,10/27/2023 11:57,1,491,20,river,26405,Cheplanget,Kericho,Bureti,Rural,,,,,,,,
60574,NAEM00428,NAEM00428224,12/19/2024 7:11,1,331,7,shared_taps,11153,Ilkerin,Narok,Emurua Dikirr,Rural,,,,,,,,
60575,NAEM00429,NAEM00429224,12/5/2025 10:41,3,179,39,shared_taps,38119,Kapsasian,Narok,Emurua Dikirr,Rural,,,,,unknown,,,
60576,NAEM00430,NAEM00430224,12/23/2025 16:32,4,86,14,river,41836,Mogondo,Narok,Emurua Dikirr,Rural,,,,,unknown,,,
60577,NAEM00431,NAEM00431224,10/21/2022 17:32,3,527,7,shared_taps,41329,Ololmasani,Narok,Emurua Dikirr,Urban,,,,,,,,
60578,NAKI00432,NAKI00432224,10/5/2025 6:37,5,94,4,shared_taps,30964,Angata Barikoi,Narok,Kilgoris,Urban,,,,,,,,
60579,NAKI00433,NAKI00433224,4/20/2025 11:30,2,381,0,river,65150,Kilgoris Central,Narok,Kilgoris,Urban,,,,,functional,,,
60580,NAKI00434,NAKI00434224,1/23/2022 19:00,5,249,12,shared_taps,60453,Kimintet,Narok,Kilgoris,Rural,,,,,functional,,,
60581,NAKI00435,NAKI00435224,2/8/2022 19:57,3,143,20,river,38883,Lolgorian,Narok,Kilgoris,Rural,,,,,functional,,,
60582,NAKI00436,NAKI00436224,12/15/2022 9:40,5,376,36,tap_in_home,49417,Shankoe,Narok,Kilgoris,Urban,,,,,non_functional,,,
60583,NANA00437,NANA00437224,10/23/2023 16:08,4,532,40,river,72595,Ilmotiok,Narok,Narok West,Urban,,,,,,,,
60584,NANA00438,NANA00438224,11/4/2023 9:29,2,277,37,shared_taps,59356,Mara,Narok,Narok West,Rural,,,,,,,,
60585,NYBO00439,NYBO00439224,6/12/2024 17:01,2,188,10,well,29200,Esise,Nyamira,Borabu,Rural,,Contaminated:Biological,,,partially_functional,,,
60586,KAKA00440,KAKA00440224,5/12/2025 18:19,5,197,15,well,13724,Kitengela,Kajiado,Kajiado East,Rural,,Contaminated: Chemical,,,,,,
60587,MAMA00441,MAMA00441224,6/8/2025 17:26,2,404,41,shared_taps,111505,Muthwani,Machakos,Mavoko,Urban,,,,,,,,
60588,MAMA00442,MAMA00442224,5/18/2024 6:23,4,204,42,tap_in_home,35567,Mutituni,Machakos,Machakos Town,Urban,,,,,,,,
60589,MAKA00443,MAKA00443224,5/9/2023 19:07,3,252,46,shared_taps,23403,Kathiani Central,Machakos,Kathiani,Urban,,,,,,,,
60590,KAKA00444,KAKA00444224,11/27/2024 7:51,3,52,3,river,78798,Olkeri,Kajiado,Kajiado North,Rural,,,,,functional,,,
60591,MAKA00445,MAKA00445224,7/19/2023 17:25,4,536,13,tap_in_home,41101,Mitaboni,Machakos,Kathiani,Urban,,,,,,,,
60592,MAMW00446,MAMW00446224,12/18/2022 17:51,1,47,48,well,39817,Makutano/ Mwala,Machakos,Mwala,Rural,,Clean,,,,,,
60593,MAKA00447,MAKA00447224,9/22/2025 19:06,3,221,33,well,27876,Kangundo West,Machakos,Kangundo,Rural,,Contaminated: Chemical,,,,,,
60594,MAKA00448,MAKA00448224,1/7/2022 6:00,2,420,13,tap_in_home_broken,23616,Kangundo East,Machakos,Kangundo,Rural,,,,,,,,
60595,MAMA00449,MAMA00449224,3/26/2024 7:13,5,378,39,tap_in_home,86490,Syokimau/Mulolongo,Machakos,Mavoko,Rural,,,,,,,,
60596,KAKA00450,KAKA00450224,6/11/2023 8:34,3,173,1,shared_taps,1976,Ongata Rongai,Kajiado,Kajiado North,Rural,,,,,,,,
60597,KAKA00451,KAKA00451224,7/15/2023 5:21,1,418,42,shared_taps,5362,Nkaimurunya,Kajiado,Kajiado North,Rural,,,,,,,,
60598,KAKA00452,KAKA00452224,4/12/2025 9:34,2,73,45,tap_in_home,18531,Oloolua,Kajiado,Kajiado North,Urban,,,,,functional,,,
60599,KAKA00453,KAKA00453224,2/5/2023 6:00,5,246,42,tap_in_home_broken,7378,Ngong,Kajiado,Kajiado North,Urban,,,,,functional,,,
60600,MAKA00454,MAKA00454224,12/27/2023 17:41,2,371,18,tap_in_home_broken,30010,Kangundo Central,Machakos,Kangundo,Urban,,,,,,,,
60601,MAMA00455,MAMA00455224,2/2/2024 18:50,2,236,12,river,49374,Matungulu West,Machakos,Matungulu,Rural,,,,,,,,
60602,MAMW00456,MAMW00456224,1/23/2025 11:18,3,354,12,shared_taps,40378,Mbiuni,Machakos,Mwala,Urban,,,,,,,,
60603,NAEM00457,NAEM00457224,11/4/2025 5:59,3,407,36,shared_taps,48079,Embakasi,Nairobi,Embakasi East,Urban,,,,,,,,
60604,NAEM00458,NAEM00458224,5/19/2023 7:31,2,528,40,shared_taps,8313,Imara Daima,Nairobi,Embakasi South,Urban,,,,,,,,
60605,NAKA00459,NAKA00459224,3/7/2023 7:37,4,236,46,river,0,Pumwani,Nairobi,Kamukunji,Urban,,,,,,,,
60606,NAKI00460,NAKI00460224,8/13/2024 9:44,5,207,40,tap_in_home,0,Laini Saba,Nairobi,Kibra,Urban,,,,,,,,
60607,NAKI00461,NAKI00461224,8/15/2024 13:54,4,186,22,shared_taps,0,Lindi,Nairobi,Kibra,Urban,,,,,,,,
60608,NAKI00462,NAKI00462224,11/22/2024 18:58,4,18,5,shared_taps,0,Makina,Nairobi,Kibra,Rural,,,,,,,,
60609,NAKI00463,NAKI00463224,1/12/2022 12:09,2,453,46,shared_taps,0,Nyayo Highrise,Nairobi,Kibra,Urban,,,,,,,,
60610,NAKI00464,NAKI00464224,10/26/2022 19:55,1,275,1,tap_in_home,0,Sarangombe,Nairobi,Kibra,Urban,,,,,,,,
60611,NAKI00465,NAKI00465224,8/20/2024 11:11,1,426,24,shared_taps,0,Woodley/Kenyatta Golf Course,Nairobi,Kibra,Rural,,,,,,,,
60612,NALA00466,NALA00466224,8/3/2025 12:24,4,193,38,well,47909,Karen,Nairobi,Langata,Urban,,Clean,,,,,,
60613,NALA00467,NALA00467224,2/27/2025 10:07,1,147,28,shared_taps,18846,Mugumu-Ini,Nairobi,Langata,Urban,,,,,,,,
60614,NALA00468,NALA00468224,6/16/2025 10:17,2,190,34,tap_in_home,5330,Nairobi West,Nairobi,Langata,Urban,,,,,,,,
60615,NALA00469,NALA00469224,10/3/2025 10:08,1,217,17,river,353,South C,Nairobi,Langata,Rural,,,,,,,,
60616,NAMA00470,NAMA00470224,11/28/2025 10:16,2,526,30,river,0,Makongeni,Nairobi,Makadara,Rural,,,,,,,,
60617,NAMA00471,NAMA00471224,4/1/2025 14:34,2,165,26,river,0,Hospital,Nairobi,Mathare,Rural,,,,,,,,
60618,NARO00472,NARO00472224,2/15/2023 7:56,1,80,8,shared_taps,19786,Roysambu,Nairobi,Roysambu,Rural,,,,,,,,
60619,NAST00473,NAST00473224,10/14/2024 12:53,2,498,45,well,0,Landimawe,Nairobi,Starehe,Rural,,Contaminated:Biological,,,,,,
60620,NAST00474,NAST00474224,9/18/2025 13:48,1,52,28,tap_in_home,0,Nairobi Central,Nairobi,Starehe,Urban,,,,,,,,
60621,NAST00475,NAST00475224,8/13/2025 6:06,3,186,14,river,0,Nairobi South,Nairobi,Starehe,Rural,,,,,,,,
60622,NAST00476,NAST00476224,12/12/2025 7:02,5,63,23,tap_in_home_broken,0,Ngara,Nairobi,Starehe,Rural,,,,,,,,
60623,NAST00477,NAST00477224,6/19/2023 11:16,5,366,22,shared_taps,0,Pangani,Nairobi,Starehe,Urban,,,,,,,,
60624,NAST00478,NAST00478224,9/28/2025 11:45,5,508,7,shared_taps,0,Ziwani/Kariokor,Nairobi,Starehe,Urban,,,,,,,,
60625,NAWE00479,NAWE00479224,1/12/2025 17:51,5,527,1,river,36248,Karura,Nairobi,Westlands,Rural,,,,,functional,,,
60626,NAWE00480,NAWE00480224,8/25/2024 15:54,2,400,45,river,4177,Parklands/Highridge,Nairobi,Westlands,Rural,,,,,,,,
60627,NANA00481,NANA00481224,6/9/2025 14:44,5,370,28,shared_taps,39415,Mai Mahiu,Nakuru,Naivasha,Rural,,,,,,,,
60628,KILA00482,KILA00482224,2/8/2022 9:58,1,56,20,shared_taps,35077,Lari/Kirenga,Kiambu,Lari,Urban,,,,,partially_functional,,,
60629,KIGA00483,KIGA00483224,11/26/2023 18:01,3,5,18,shared_taps,51458,Ngenda,Kiambu,Gatundu South,Urban,,,,,partially_functional,,,
60630,NANA00484,NANA00484224,2/23/2022 15:41,4,0,26,tap_in_home,49948,Olkaria,Nakuru,Naivasha,Urban,,,,,,,,
60631,MUGA00485,MUGA00485224,7/28/2023 9:19,4,8,2,river,39015,Mugumo-Ini,Murang'a,Gatanga,Rural,,,,,,,,
60632,KIGA00486,KIGA00486224,5/4/2025 17:55,1,249,28,well,29303,Kiganjo,Kiambu,Gatundu South,Rural,,Contaminated:Biological,,,partially_functional,,,
60633,KILA00487,KILA00487224,2/27/2022 7:20,4,187,47,well,29976,Kijabe,Kiambu,Lari,Rural,,Contaminated:Biological,,,partially_functional,,,
60634,KIGA00488,KIGA00488224,12/16/2022 14:14,4,406,40,well,30521,Githobokoni,Kiambu,Gatundu North,Rural,,Contaminated:Biological,,,functional,,,
60635,KIGA00489,KIGA00489224,1/10/2022 8:44,4,310,32,well,21188,Ndarugu,Kiambu,Gatundu South,Rural,,Clean,,,functional,,,
60636,KILA00490,KILA00490224,6/11/2023 9:12,5,424,12,tap_in_home,37185,Kinale,Kiambu,Lari,Urban,,,,,partially_functional,,,
60637,KIGA00491,KIGA00491224,1/12/2023 8:54,5,193,22,tap_in_home_broken,29112,Gituamba,Kiambu,Gatundu North,Urban,,,,,,,,
60638,NANA00492,NANA00492224,5/13/2023 5:30,5,290,32,river,39907,Maiella,Nakuru,Naivasha,Rural,,,,,,,,
60639,NANA00493,NANA00493224,10/20/2024 11:38,5,335,39,well,51060,Naivasha East,Nakuru,Naivasha,Rural,,Contaminated:Biological,,,,,,
60640,MUGA00494,MUGA00494224,12/6/2023 8:32,5,159,41,shared_taps,48340,Kariara,Murang'a,Gatanga,Urban,,,,,,,,
60641,NANA00495,NANA00495224,6/6/2022 9:07,5,3,46,well,92564,Hells Gate,Nakuru,Naivasha,Rural,,Contaminated:Biological,,,,,,
60642,MUKA00496,MUKA00496224,1/3/2022 15:55,3,167,9,shared_taps,38815,Ruchu,Murang'a,Kandara,Urban,,,,,,,,
60643,MUKI00497,MUKI00497224,8/11/2024 8:13,2,19,16,shared_taps,28666,Kigumo,Murang'a,Kigumo,Urban,,,,,,,,
60644,MUKI00498,MUKI00498224,8/14/2023 19:50,2,539,22,tap_in_home,35760,Kangari,Murang'a,Kigumo,Urban,,,,,,,,
60645,MUKI00499,MUKI00499224,5/1/2022 10:07,4,164,4,tap_in_home_broken,32262,Kinyona,Murang'a,Kigumo,Rural,,,,,,,,
60646,MUKI00500,MUKI00500224,7/1/2023 5:46,2,499,27,shared_taps,35068,Mugoiri,Murang'a,Kiharu,Rural,,,,,,,,
60647,MUKI00501,MUKI00501224,4/11/2025 7:39,1,119,9,shared_taps,32891,Murarandia,Murang'a,Kiharu,Urban,,,,,,,,
60648,NANA00502,NANA00502224,1/11/2023 5:40,3,87,12,shared_taps,5810,Lake View,Nakuru,Naivasha,Urban,,,,,,,,
60649,NANA00503,NANA00503224,3/2/2024 8:07,1,484,14,river,29492,Suswa,Narok,Narok East,Rural,,,,,,,,
60650,NANA00504,NANA00504224,5/16/2022 9:39,4,225,25,river,54891,Melili,Narok,Narok North,Rural,,,,,,,,
60651,NANA00505,NANA00505224,2/11/2022 14:55,3,52,36,shared_taps,59802,Narok Town,Narok,Narok North,Rural,,,,,,,,
60652,NANA00506,NANA00506224,10/19/2025 17:28,5,77,29,shared_taps,36481,Nkareta,Narok,Narok North,Rural,,,,,,,,
60653,NANA00507,NANA00507224,9/6/2025 6:22,3,64,0,tap_in_home_broken,46643,Olorropil,Narok,Narok North,Urban,,,,,,,,
60654,NANA00508,NANA00508224,12/27/2024 6:31,1,488,9,well,31552,Ildamat,Narok,Narok South,Rural,,Contaminated: Chemical,,,,,,
60655,NANA00509,NANA00509224,11/22/2022 17:26,4,410,10,shared_taps,53093,Melelo,Narok,Narok South,Urban,,,,,,,,
60656,NANA00510,NANA00510224,1/5/2025 6:43,1,424,33,tap_in_home,49538,Ololulung'A,Narok,Narok South,Rural,,,,,,,,
60657,NANA00511,NANA00511224,12/6/2024 13:35,1,214,45,tap_in_home_broken,48168,Sogoo,Narok,Narok South,Urban,,,,,,,,
60658,NYKI00512,NYKI00512224,3/10/2023 14:49,2,95,3,river,30306,Githabai,Nyandarua,Kinangop,Rural,,,,,,,,
60659,NYKI00513,NYKI00513224,1/13/2022 13:47,4,132,1,tap_in_home_broken,31831,Magumu,Nyandarua,Kinangop,Urban,,,,,,,,
60660,NYKI00514,NYKI00514224,7/10/2023 9:55,5,310,29,well,21484,Njabini\Kiburu,Nyandarua,Kinangop,Rural,,Contaminated: Chemical,,,,,,
60661,NYKI00515,NYKI00515224,12/5/2022 15:57,2,191,15,river,28356,Nyakio,Nyandarua,Kinangop,Rural,,,,,,,,
60662,NARO00516,NARO00516224,1/10/2024 17:47,2,205,10,river,14505,Kahawa West,Nairobi,Roysambu,Rural,,,,,,,,
60663,NARU00517,NARU00517224,12/18/2025 19:31,3,139,20,tap_in_home,0,Lucky Summer,Nairobi,Ruaraka,Urban,,,,,,,,
60664,NAEM00518,NAEM00518224,8/14/2025 18:58,5,257,36,shared_taps,0,Utawala,Nairobi,Embakasi East,Urban,,,,,,,,
60665,NAEM00519,NAEM00519224,4/10/2022 12:16,3,417,47,well,0,Dandora Area Ii,Nairobi,Embakasi North,Rural,,Contaminated: Chemical,,,,,,
60666,NARO00520,NARO00520224,9/27/2025 12:44,4,404,25,well,0,Kahawa,Nairobi,Roysambu,Rural,,Contaminated:Biological,,,,,,
60667,NAKA00521,NAKA00521224,11/24/2022 16:17,2,522,10,shared_taps,0,Clay City,Nairobi,Kasarani,Rural,,,,,,,,
60668,NARO00522,NARO00522224,9/15/2024 5:36,3,326,44,tap_in_home_broken,0,Githurai,Nairobi,Roysambu,Urban,,,,,,,,
60669,NAEM00523,NAEM00523224,6/26/2023 14:36,5,338,26,river,0,Komarock,Nairobi,Embakasi Central,Rural,,,,,,,,
60670,NAKA00524,NAKA00524224,3/26/2025 11:14,1,276,26,shared_taps,0,Njiru,Nairobi,Kasarani,Rural,,,,,,,,
60671,NAEM00525,NAEM00525224,8/27/2025 9:05,2,364,5,river,0,Dandora Area Iv,Nairobi,Embakasi North,Rural,,,,,,,,
60672,NAEM00526,NAEM00526224,9/2/2022 18:50,1,108,20,tap_in_home,0,Dandora Area Iii,Nairobi,Embakasi North,Urban,,,,,,,,
60673,NAEM00527,NAEM00527224,7/25/2025 6:18,2,241,18,tap_in_home_broken,0,Lower Savannah,Nairobi,Embakasi East,Urban,,,,,,,,
60674,NAEM00528,NAEM00528224,8/9/2025 6:36,3,535,38,shared_taps,0,Kayole South,Nairobi,Embakasi Central,Urban,,,,,,,,
60675,NAEM00529,NAEM00529224,1/2/2025 19:16,3,34,0,river,0,Kayole Central,Nairobi,Embakasi Central,Rural,,,,,,,,
60676,KIRU00530,KIRU00530224,8/7/2022 9:02,1,9,25,tap_in_home,61101,Kiuu,Kiambu,Ruiru,Urban,,,,,partially_functional,,,
60677,NAEM00531,NAEM00531224,6/4/2025 17:55,5,39,12,shared_taps,0,Kayole North,Nairobi,Embakasi Central,Rural,,,,,,,,
60678,NAEM00532,NAEM00532224,10/13/2025 5:38,1,236,28,well,53822,Mihango,Nairobi,Embakasi East,Rural,,Clean,,,,,,
60679,NAEM00533,NAEM00533224,4/12/2023 12:52,4,328,36,shared_taps,0,Matopeni/Spring Valley,Nairobi,Embakasi Central,Rural,,,,,,,,
60680,NAKA00534,NAKA00534224,10/23/2025 13:15,5,415,2,tap_in_home,20030,Mwiki,Nairobi,Kasarani,Urban,,,,,,,,
60681,NAKA00535,NAKA00535224,1/23/2025 9:10,5,173,46,shared_taps,80336,Ruai,Nairobi,Kasarani,Urban,,,,,,,,
60682,MAMA00536,MAMA00536224,3/12/2025 18:41,5,150,44,tap_in_home,36945,Matungulu North,Machakos,Matungulu,Urban,,,,,non_functional,,,
60683,MAMA00537,MAMA00537224,12/12/2023 6:00,4,45,2,shared_taps,41821,Tala,Machakos,Matungulu,Urban,,,,,functional,,,
60684,MAMA00538,MAMA00538224,1/14/2024 13:29,1,445,22,tap_in_home,33960,Matungulu East,Machakos,Matungulu,Urban,,,,,functional,,,
60685,MAKA00539,MAKA00539224,3/23/2025 5:00,2,526,25,tap_in_home,24250,Kangundo North,Machakos,Kangundo,Urban,,,,,,,,
60686,NAEM00540,NAEM00540224,8/19/2023 6:59,2,325,37,tap_in_home_broken,0,Kwa Reuben,Nairobi,Embakasi South,Urban,,,,,,,,
60687,NAMA00541,NAMA00541224,8/22/2022 7:56,5,120,1,shared_taps,0,Mlango Kubwa,Nairobi,Mathare,Rural,,,,,,,,
60688,NAKA00542,NAKA00542224,8/3/2025 16:37,2,172,22,river,0,Eastleigh North,Nairobi,Kamukunji,Rural,,,,,,,,
60689,NAKA00543,NAKA00543224,3/4/2025 5:10,1,136,35,shared_taps,0,California,Nairobi,Kamukunji,Urban,,,,,,,,
60690,NAKA00544,NAKA00544224,10/25/2022 11:08,2,159,29,tap_in_home,0,Airbase,Nairobi,Kamukunji,Urban,,,,,,,,
60691,NAKA00545,NAKA00545224,4/13/2024 8:33,3,502,33,river,0,Eastleigh South,Nairobi,Kamukunji,Rural,,,,,,,,
60692,NARO00546,NARO00546224,2/26/2025 6:58,1,307,26,river,8914,Zimmerman,Nairobi,Roysambu,Rural,,,,,,,,
60693,NAMA00547,NAMA00547224,12/15/2024 15:29,5,354,21,shared_taps,0,Mabatini,Nairobi,Mathare,Urban,,,,,,,,
60694,NARU00548,NARU00548224,4/27/2022 16:00,3,446,17,shared_taps,0,Utalii,Nairobi,Ruaraka,Urban,,,,,,,,
60695,NAMA00549,NAMA00549224,10/24/2024 14:57,5,340,40,river,0,Maringo/Hamza,Nairobi,Makadara,Urban,,,,,,,,
60696,NAMA00550,NAMA00550224,6/3/2024 18:37,3,323,18,shared_taps,0,Viwandani,Nairobi,Makadara,Urban,,,,,,,,
60697,NARU00551,NARU00551224,10/22/2023 15:39,4,236,38,well,0,Mathare North,Nairobi,Ruaraka,Rural,,Contaminated: Chemical,,,,,,
60698,NAMA00552,NAMA00552224,10/2/2022 19:18,1,45,26,well,0,Huruma,Nairobi,Mathare,Rural,,Clean,,,,,,
60699,NAEM00553,NAEM00553224,2/6/2022 18:26,1,82,14,tap_in_home,0,Kariobangi South,Nairobi,Embakasi West,Urban,,,,,,,,
60700,NARU00554,NARU00554224,6/10/2024 18:59,5,421,9,shared_taps,0,Baba Dogo,Nairobi,Ruaraka,Urban,,,,,,,,
60701,NAMA00555,NAMA00555224,6/13/2024 18:16,3,143,12,tap_in_home,0,Harambee,Nairobi,Makadara,Urban,,,,,,,,
60702,NAKA00556,NAKA00556224,3/27/2024 19:41,1,524,38,well,0,Kasarani,Nairobi,Kasarani,Rural,,Contaminated: Chemical,,,,,,
60703,NAMA00557,NAMA00557224,1/2/2022 13:05,3,107,32,river,0,Kiamaiko,Nairobi,Mathare,Rural,,,,,,,,
60704,NAEM00558,NAEM00558224,12/27/2022 12:02,5,49,34,tap_in_home,0,Kwa Njenga,Nairobi,Embakasi South,Urban,,,,,,,,
60705,NAEM00559,NAEM00559224,6/9/2023 19:18,3,207,36,tap_in_home,0,Kariobangi North,Nairobi,Embakasi North,Urban,,,,,,,,
60706,NAEM00560,NAEM00560224,4/22/2022 15:49,4,254,29,river,0,Kware,Nairobi,Embakasi South,Rural,,,,,,,,
60707,NAEM00561,NAEM00561224,8/10/2025 12:36,4,410,38,river,0,Dandora Area I,Nairobi,Embakasi North,Rural,,,,,,,,
60708,NAEM00562,NAEM00562224,12/22/2023 5:05,2,418,27,well,0,Mowlem,Nairobi,Embakasi West,Rural,,Clean,,,,,,
60709,NAEM00563,NAEM00563224,11/27/2024 12:35,1,373,25,tap_in_home,0,Umoja I,Nairobi,Embakasi West,Urban,,,,,,,,
60710,NAEM00564,NAEM00564224,10/21/2022 14:45,5,45,26,shared_taps,0,Pipeline,Nairobi,Embakasi South,Urban,,,,,,,,
60711,NAEM00565,NAEM00565224,3/25/2022 17:46,3,393,1,tap_in_home_broken,0,Upper Savannah,Nairobi,Embakasi East,Urban,,,,,,,,
60712,NARU00566,NARU00566224,2/9/2024 10:24,5,275,42,shared_taps,0,Korogocho,Nairobi,Ruaraka,Urban,,,,,,,,
60713,NAEM00567,NAEM00567224,4/25/2025 12:26,1,127,18,shared_taps,0,Umoja Ii,Nairobi,Embakasi West,Urban,,,,,,,,
60714,KIKI00568,KIKI00568224,7/22/2025 18:22,3,206,34,shared_taps,34359,Nachu,Kiambu,Kikuyu,Urban,,,,,partially_functional,,,
60715,KILI00569,KILI00569224,7/21/2025 16:55,5,375,43,shared_taps,35799,Ndeiya,Kiambu,Limuru,Rural,,,,,partially_functional,,,
60716,KILI00570,KILI00570224,3/6/2024 10:54,5,533,41,river,31310,Bibirioni,Kiambu,Limuru,Rural,,,,,functional,,,
60717,KILI00571,KILI00571224,12/2/2024 6:19,2,444,16,river,36251,Limuru Central,Kiambu,Limuru,Rural,,,,,functional,,,
60718,KIKI00572,KIKI00572224,3/16/2024 19:54,5,146,27,tap_in_home,46327,Sigona,Kiambu,Kikuyu,Urban,,,,,functional,,,
60719,KIKI00573,KIKI00573224,7/5/2025 15:41,2,539,46,well,39102,Karai,Kiambu,Kikuyu,Rural,,Clean,,,functional,,,
60720,KIKI00574,KIKI00574224,8/27/2023 12:10,1,501,3,well,28957,Kikuyu,Kiambu,Kikuyu,Rural,,Contaminated:Biological,,,functional,,,
60721,KILI00575,KILI00575224,6/18/2022 9:14,2,137,43,shared_taps,38033,Ngecha Tigoni,Kiambu,Limuru,Urban,,,,,partially_functional,,,
60722,KILI00576,KILI00576224,1/11/2024 17:55,1,452,31,tap_in_home,35771,Limuru East,Kiambu,Limuru,Urban,,,,,functional,,,
60723,KIKA00577,KIKA00577224,2/20/2023 7:17,4,188,42,well,33053,Muguga,Kiambu,Kabete,Urban,,Contaminated: Chemical,,,functional,,,
60724,KIKA00578,KIKA00578224,5/4/2023 13:33,5,440,20,tap_in_home,23406,Nyadhuna,Kiambu,Kabete,Urban,,,,,functional,,,
60725,KIKA00579,KIKA00579224,4/12/2024 7:11,4,87,8,well,2186,Gitaru,Kiambu,Kabete,Rural,,Contaminated: Chemical,,,functional,,,
60726,KIKI00580,KIKI00580224,11/23/2025 16:59,4,207,7,shared_taps,0,Kinoo,Kiambu,Kikuyu,Rural,,,,,functional,,,
60727,NADA00581,NADA00581224,5/5/2025 15:27,2,344,48,river,3652,Mutu-Ini,Nairobi,Dagoretti South,Rural,,,,,,,,
60728,NADA00582,NADA00582224,2/23/2024 13:34,2,446,13,shared_taps,0,Uthiru/Ruthimitu,Nairobi,Dagoretti South,Urban,,,,,functional,,,
60729,NADA00583,NADA00583224,10/13/2024 10:33,3,532,45,tap_in_home_broken,0,Waithaka,Nairobi,Dagoretti South,Urban,,,,,,,,
60730,KIKA00584,KIKA00584224,11/23/2024 5:06,3,295,24,river,13867,Kabete,Kiambu,Kabete,Rural,,,,,functional,,,
60731,KIKA00585,KIKA00585224,10/3/2024 7:50,4,427,37,well,0,Uthiru,Kiambu,Kabete,Rural,,Clean,,,,,,
60732,NADA00586,NADA00586224,11/16/2023 19:34,5,137,32,well,0,Riruta,Nairobi,Dagoretti South,Urban,,Contaminated: Chemical,,,,,,
60733,NADA00587,NADA00587224,7/1/2023 19:06,5,516,41,tap_in_home,1133,Ngando,Nairobi,Dagoretti South,Urban,,,,,,,,
60734,NADA00588,NADA00588224,2/23/2022 17:40,3,417,9,shared_taps,0,Kabiro,Nairobi,Dagoretti South,Urban,,,,,,,,
60735,NADA00589,NADA00589224,3/17/2023 5:13,5,217,25,tap_in_home,0,Kawangware,Nairobi,Dagoretti South,Urban,,,,,,,,
60736,NADA00590,NADA00590224,7/24/2025 19:54,2,374,31,well,0,Gatina,Nairobi,Dagoretti North,Rural,,Contaminated:Biological,,,,,,
60737,NADA00591,NADA00591224,9/6/2024 14:45,3,157,18,tap_in_home_broken,0,Kilimani,Nairobi,Dagoretti North,Urban,,,,,,,,
60738,NADA00592,NADA00592224,6/21/2024 19:35,4,48,3,shared_taps,0,Kileleshwa,Nairobi,Dagoretti North,Rural,,,,,,,,
60739,NAWE00593,NAWE00593224,11/8/2022 7:53,1,56,19,tap_in_home_broken,0,Kangemi,Nairobi,Westlands,Urban,,,,,,,,
60740,NAWE00594,NAWE00594224,2/23/2022 16:20,3,159,42,well,6639,Kitisuru,Nairobi,Westlands,Rural,,Contaminated: Chemical,,,,,,
60741,NAWE00595,NAWE00595224,3/19/2024 11:35,4,254,35,shared_taps,0,Mountain View,Nairobi,Westlands,Urban,,,,,,,,
60742,KIMW00596,KIMW00596224,4/11/2022 6:25,4,319,30,shared_taps,34661,Nuu,Kitui,Mwingi Central,Urban,,,,,,,,
60743,KIMW00597,KIMW00597224,4/14/2025 11:16,1,530,19,tap_in_home_broken,24753,Mui,Kitui,Mwingi Central,Rural,,,,,,,,
60744,KIMW00598,KIMW00598224,2/14/2022 16:39,4,177,46,river,34514,Nguutani,Kitui,Mwingi West,Rural,,,,,,,,
60745,KIMW00599,KIMW00599224,2/16/2022 7:15,1,357,22,well,32159,Migwani,Kitui,Mwingi West,Rural,,Contaminated:Biological,,,,,,
60746,KIMW00600,KIMW00600224,9/2/2024 12:09,1,503,3,tap_in_home,35619,Kyome/Thaana,Kitui,Mwingi West,Urban,,,,,,,,
60747,MAMA00601,MAMA00601224,8/3/2023 15:11,4,191,28,river,44913,Kivaa,Machakos,Masinga,Rural,,,,,,,,
60748,KIMW00602,KIMW00602224,12/25/2023 6:17,4,358,43,tap_in_home_broken,36476,Nguni,Kitui,Mwingi Central,Urban,,,,,,,,
60749,KIMW00603,KIMW00603224,11/21/2024 5:11,5,192,41,river,23353,Central,Kitui,Mwingi Central,Rural,,,,,,,,
60750,KIMW00604,KIMW00604224,9/16/2024 8:39,5,145,31,shared_taps,30609,Kivou,Kitui,Mwingi Central,Rural,,,,,,,,
60751,KIMW00605,KIMW00605224,3/1/2024 9:15,1,182,33,tap_in_home_broken,29891,Kiomo/Kyethani,Kitui,Mwingi Central,Urban,,,,,,,,
60752,KIMW00606,KIMW00606224,2/17/2022 19:46,1,327,45,tap_in_home_broken,25448,Waita,Kitui,Mwingi Central,Urban,,,,,,,,
60753,EMMB00607,EMMB00607224,5/6/2022 11:19,4,429,20,tap_in_home,21646,Kiambere,Embu,Mbeere South,Urban,,,,,partially_functional,,,
60754,KIMW00608,KIMW00608224,11/15/2024 18:01,3,384,6,well,43000,Mumoni,Kitui,Mwingi North,Rural,,Contaminated:Biological,,,,,,
60755,KIMW00609,KIMW00609224,10/23/2025 12:17,1,166,15,tap_in_home_broken,22748,Ngomeni,Kitui,Mwingi North,Urban,,,,,,,,
60756,KIMW00610,KIMW00610224,5/26/2022 11:44,3,42,11,river,52142,Kyuso,Kitui,Mwingi North,Rural,,,,,,,,
60757,EMMB00611,EMMB00611224,10/16/2022 16:19,2,211,22,tap_in_home,23551,Muminji,Embu,Mbeere North,Urban,,,,,,,,
60758,EMMB00612,EMMB00612224,11/16/2022 15:27,2,91,35,river,62283,Evurore,Embu,Mbeere North,Rural,,,,,,,,
60759,TABU00613,TABU00613224,3/1/2024 6:35,5,261,23,tap_in_home,23385,Bangale,Tana River,Bura,Urban,,,,,functional,,,
60760,TABU00614,TABU00614224,2/25/2023 8:52,1,455,29,shared_taps,16564,Hirimani,Tana River,Bura,Urban,,,,,functional,,,
60761,TABU00615,TABU00615224,7/16/2023 19:37,5,520,35,tap_in_home_broken,66199,Madogo,Tana River,Bura,Urban,,,,,non_functional,,,
60762,TABU00616,TABU00616224,9/6/2023 5:16,5,19,5,river,15540,Sala,Tana River,Bura,Rural,,,,,functional,,,
60763,KIKI00617,KIKI00617224,12/4/2024 6:45,5,212,41,shared_taps,612,Kihara,Kiambu,Kiambaa,Urban,,,,,partially_functional,,,
60764,KIKI00618,KIKI00618224,6/10/2023 14:03,1,311,10,river,26792,Township,Kiambu,Kiambu,Rural,,,,,functional,,,
60765,KIKI00619,KIKI00619224,8/24/2024 17:15,1,503,19,well,15179,Ndenderu,Kiambu,Kiambaa,Rural,,Contaminated: Chemical,,,functional,,,
60766,KIJU00620,KIJU00620224,9/17/2025 16:09,5,253,36,well,108274,Murera,Kiambu,Juja,Urban,,Contaminated:Biological,,,partially_functional,,,
60767,KIKI00621,KIKI00621224,11/1/2024 6:55,3,143,8,shared_taps,8613,Muchatha,Kiambu,Kiambaa,Urban,,,,,functional,,,
60768,KIJU00622,KIJU00622224,4/20/2023 15:28,4,439,21,tap_in_home_broken,140254,Kalimoni,Kiambu,Juja,Rural,,,,,partially_functional,,,
60769,KIKI00623,KIKI00623224,2/14/2022 8:40,2,282,37,shared_taps,11859,Karuri,Kiambu,Kiambaa,Urban,,,,,functional,,,
60770,KIKI00624,KIKI00624224,5/26/2025 11:33,4,316,23,river,35618,Ting'Ang'A,Kiambu,Kiambu,Rural,,,,,functional,,,
60771,KIKI00625,KIKI00625224,11/28/2024 12:23,5,242,6,shared_taps,21895,Ndumberi,Kiambu,Kiambu,Rural,,,,,functional,,,
60772,KIKI00626,KIKI00626224,4/14/2023 11:32,4,497,32,shared_taps,7017,Riabai,Kiambu,Kiambu,Urban,,,,,,,,
60773,KIKI00627,KIKI00627224,7/1/2024 8:30,5,422,42,well,23072,Cianda,Kiambu,Kiambaa,Rural,,Contaminated: Chemical,,,partially_functional,,,
60774,KIGI00628,KIGI00628224,8/16/2025 8:01,3,86,46,well,43022,Ikinu,Kiambu,Githunguri,Urban,,Contaminated:Biological,,,partially_functional,,,
60775,KIJU00629,KIJU00629224,9/14/2023 19:39,1,358,12,tap_in_home_broken,84659,Juja,Kiambu,Juja,Urban,,,,,functional,,,
60776,KIJU00630,KIJU00630224,7/27/2023 11:56,2,244,0,shared_taps,9794,Theta,Kiambu,Juja,Urban,,,,,,,,
60777,KIGI00631,KIGI00631224,4/9/2023 16:26,1,428,12,tap_in_home_broken,32725,Ngewa,Kiambu,Githunguri,Urban,,,,,,,,
60778,KIGI00632,KIGI00632224,5/27/2024 5:33,2,45,37,tap_in_home_broken,34893,Githiga,Kiambu,Githunguri,Urban,,,,,functional,,,
60779,KIGI00633,KIGI00633224,4/14/2022 13:07,4,303,34,well,42109,Githunguri,Kiambu,Githunguri,Rural,,Clean,,,functional,,,
60780,KIRU00634,KIRU00634224,11/22/2024 16:35,2,325,45,shared_taps,2688,Biashara,Kiambu,Ruiru,Urban,,,,,,,,
60781,KIRU00635,KIRU00635224,12/19/2023 5:06,3,218,35,shared_taps,39809,Gitothua,Kiambu,Ruiru,Urban,,,,,functional,,,
60782,KITH00636,KITH00636224,11/23/2022 11:42,3,73,3,shared_taps,30017,Gatuanyaga,Kiambu,Thika Town,Urban,,,,,partially_functional,,,
60783,KITH00637,KITH00637224,3/4/2023 15:53,2,189,45,well,43051,Hospital,Kiambu,Thika Town,Rural,,Contaminated: Chemical,,,non_functional,,,
60784,KITH00638,KITH00638224,7/20/2022 8:01,4,3,27,tap_in_home,31204,Kamenu,Kiambu,Thika Town,Urban,,,,,functional,,,
60785,KITH00639,KITH00639224,8/5/2024 10:58,2,339,23,shared_taps,25723,Ngoliba,Kiambu,Thika Town,Urban,,,,,functional,,,
60786,MAMA00640,MAMA00640224,9/19/2022 16:22,2,448,5,shared_taps,25095,Kyeleni,Machakos,Matungulu,Rural,,,,,,,,
60787,MUGA00641,MUGA00641224,12/3/2024 8:32,5,210,38,well,41240,Kakuzi/Mitubiri,Murang'a,Gatanga,Rural,,Contaminated: Chemical,,,,,,
60788,MUKA00642,MUKA00642224,7/16/2024 16:31,1,21,33,tap_in_home_broken,38215,Gaichanjiru,Murang'a,Kandara,Rural,,,,,,,,
60789,MUKA00643,MUKA00643224,5/6/2022 14:59,5,125,44,river,32305,Ithiru,Murang'a,Kandara,Rural,,,,,,,,
60790,MUKA00644,MUKA00644224,1/15/2024 5:17,1,26,38,well,34854,Kagundu-Ini,Murang'a,Kandara,Rural,,Contaminated: Chemical,,,,,,
60791,MUKA00645,MUKA00645224,1/26/2025 13:07,4,16,1,shared_taps,28496,Muruka,Murang'a,Kandara,Urban,,,,,,,,
60792,MUKA00646,MUKA00646224,8/13/2023 14:03,2,273,30,shared_taps,23179,Ng'Araria,Murang'a,Kandara,Rural,,,,,,,,
60793,MUKI00647,MUKI00647224,9/11/2023 15:02,5,264,14,tap_in_home_broken,23226,Kahumbu,Murang'a,Kigumo,Urban,,,,,,,,
60794,MUKI00648,MUKI00648224,4/14/2022 7:24,3,539,39,river,31057,Muthithi,Murang'a,Kigumo,Rural,,,,,,,,
60795,MUMA00649,MUMA00649224,10/1/2025 5:25,3,423,26,shared_taps,49701,Kimorori/Wempa,Murang'a,Maragwa,Urban,,,,,,,,
60796,MUMA00650,MUMA00650224,8/24/2025 15:19,2,21,5,tap_in_home_broken,37734,Makuyu,Murang'a,Maragwa,Urban,,,,,,,,
60797,KIGI00651,KIGI00651224,6/9/2024 10:37,4,35,44,tap_in_home,37370,Komothai,Kiambu,Githunguri,Urban,,,,,functional,,,
60798,KILA00652,KILA00652224,8/10/2022 5:15,5,217,25,river,28697,Nyanduma,Kiambu,Lari,Rural,,,,,,,,
60799,KIGA00653,KIGA00653224,9/4/2024 14:06,4,355,30,well,26347,Chania,Kiambu,Gatundu North,Rural,,Contaminated:Biological,,,,,,
60800,KIJU00654,KIJU00654224,5/8/2023 17:16,3,420,39,tap_in_home_broken,14411,Witeithie,Kiambu,Juja,Rural,,,,,partially_functional,,,
60801,MUGA00655,MUGA00655224,12/23/2025 11:45,5,78,43,tap_in_home,34167,Kihumbu-Ini,Murang'a,Gatanga,Urban,,,,,,,,
60802,KITH00656,KITH00656224,2/21/2024 15:34,2,314,2,river,16458,Township,Kiambu,Thika Town,Rural,,,,,,,,
60803,MUGA00657,MUGA00657224,2/16/2022 16:51,1,314,20,tap_in_home,27065,Gatanga,Murang'a,Gatanga,Urban,,,,,,,,
60804,KIGA00658,KIGA00658224,2/6/2022 5:35,1,178,13,tap_in_home_broken,42430,Mang'U,Kiambu,Gatundu North,Urban,,,,,,,,
60805,KIGA00659,KIGA00659224,2/27/2023 18:34,1,272,34,shared_taps,23834,Kiamwangi,Kiambu,Gatundu South,Urban,,,,,functional,,,
60806,KILA00660,KILA00660224,4/23/2025 5:57,2,375,6,river,23579,Kamburu,Kiambu,Lari,Rural,,,,,,,,
60807,MAYA00661,MAYA00661224,5/22/2023 18:50,3,280,0,well,41795,Ndalani,Machakos,Yatta,Rural,,Contaminated:Biological,,,,,,
60808,MAMA00662,MAMA00662224,9/25/2025 18:31,4,307,38,river,44791,Masinga Central,Machakos,Masinga,Rural,,,,,,,,
60809,MAMA00663,MAMA00663224,5/22/2022 11:30,4,246,40,shared_taps,23176,Ekalakala,Machakos,Masinga,Urban,,,,,,,,
60810,MUGA00664,MUGA00664224,8/26/2023 10:10,1,265,18,shared_taps,26692,Ithanga,Murang'a,Gatanga,Urban,,,,,,,,
60811,MAMA00665,MAMA00665224,5/15/2025 7:41,5,116,33,tap_in_home,17224,Muthesya,Machakos,Masinga,Urban,,,,,,,,
60812,MAMA00666,MAMA00666224,6/15/2025 14:48,4,351,3,shared_taps,33153,Ndithini,Machakos,Masinga,Rural,,,,,,,,
60813,EMMB00667,EMMB00667224,1/22/2023 10:30,3,227,29,tap_in_home_broken,30097,Makima,Embu,Mbeere South,Urban,,,,,partially_functional,,,
60814,MUMA00668,MUMA00668224,4/15/2022 11:46,5,519,36,shared_taps,27725,Kambiti,Murang'a,Maragwa,Urban,,,,,,,,
60815,MUMA00669,MUMA00669224,8/5/2023 8:38,5,463,6,shared_taps,23694,Kamahuha,Murang'a,Maragwa,Urban,,,,,,,,
60816,EMMB00670,EMMB00670224,4/24/2024 14:18,2,192,46,well,44446,Mwea,Embu,Mbeere South,Urban,,Contaminated:Biological,,,partially_functional,,,
60817,MUMA00671,MUMA00671224,5/21/2023 12:31,2,17,17,shared_taps,33615,Ichagaki,Murang'a,Maragwa,Urban,,,,,,,,
60818,EMMB00672,EMMB00672224,1/10/2024 12:48,5,159,39,tap_in_home,47689,Mavuria,Embu,Mbeere South,Urban,,,,,partially_functional,,,
60819,MUMA00673,MUMA00673224,7/10/2022 11:54,1,228,25,river,30329,Nginda,Murang'a,Maragwa,Rural,,,,,,,,
60820,KIMW00674,KIMW00674224,10/6/2025 17:15,5,45,36,river,37684,Mutithi,Kirinyaga,Mwea,Rural,,,,,,,,
60821,MUKI00675,MUKI00675224,8/27/2024 5:47,5,538,41,river,49019,Mbiri,Murang'a,Kiharu,Rural,,,,,,,,
60822,KIMW00676,KIMW00676224,11/22/2023 11:51,3,428,4,shared_taps,17177,Wamumu,Kirinyaga,Mwea,Urban,,,,,,,,
60823,EMMB00677,EMMB00677224,11/26/2022 10:18,3,220,42,river,42611,Mbeti South,Embu,Mbeere South,Rural,,,,,partially_functional,,,
60824,MUKI00678,MUKI00678224,7/25/2022 7:11,4,211,29,shared_taps,28492,Township,Murang'a,Kiharu,Rural,,,,,,,,
60825,KIMW00679,KIMW00679224,9/23/2023 19:44,4,243,13,shared_taps,51024,Tebere,Kirinyaga,Mwea,Urban,,,,,,,,
60826,KIMW00680,KIMW00680224,2/9/2023 16:46,3,521,20,river,38507,Murinduko,Kirinyaga,Mwea,Rural,,,,,,,,
60827,MUKI00681,MUKI00681224,10/10/2022 18:09,5,325,48,river,45847,Gaturi,Murang'a,Kiharu,Rural,,,,,,,,
60828,KIMW00682,KIMW00682224,1/7/2024 5:01,4,221,23,river,31151,Thiba,Kirinyaga,Mwea,Rural,,,,,,,,
60829,KIMW00683,KIMW00683224,10/15/2023 18:55,1,330,45,shared_taps,25246,Gathigiriri,Kirinyaga,Mwea,Rural,,,,,,,,
60830,KIND00684,KIND00684224,11/3/2022 10:53,2,357,45,shared_taps,37285,Kariti,Kirinyaga,Ndia,Rural,,,,,,,,
60831,KIMW00685,KIMW00685224,9/14/2023 19:38,5,124,21,well,33872,Kangai,Kirinyaga,Mwea,Rural,,Clean,,,,,,
60832,EMMB00686,EMMB00686224,9/25/2025 8:55,4,216,28,shared_taps,36308,Nthawa,Embu,Mbeere North,Urban,,,,,,,,
60833,KIMW00687,KIMW00687224,6/11/2022 15:06,4,396,2,shared_taps,36556,Nyangati,Kirinyaga,Mwea,Rural,,,,,,,,
60834,NYMU00688,NYMU00688224,12/26/2024 13:39,4,13,19,well,31208,Mukurwe-Ini Central,Nyeri,Mukurweini,Rural,,Contaminated: Chemical,,,,,,
60835,NYMU00689,NYMU00689224,5/13/2022 16:33,3,139,1,shared_taps,24942,Rugi,Nyeri,Mukurweini,Urban,,,,,,,,
60836,KINY00690,KINY00690224,1/15/2025 7:20,1,470,44,well,32509,Kabonyo/Kanyagwal,Kisumu,Nyando,Rural,,Clean,,,partially_functional,,,
60837,KINY00691,KINY00691224,12/3/2023 12:50,5,329,41,well,45491,Kobura,Kisumu,Nyando,Rural,,Clean,,,partially_functional,,,
60838,HORA00692,HORA00692224,1/7/2025 9:07,5,39,42,tap_in_home,26420,West Gem,Homa Bay,Rangwe,Urban,,,,,functional,,,
60839,HORA00693,HORA00693224,1/18/2024 8:21,1,191,30,tap_in_home,28646,East Gem,Homa Bay,Rangwe,Urban,,,,,partially_functional,,,
60840,HOKA00694,HOKA00694224,12/21/2023 12:14,5,220,46,shared_taps,36153,South Kasipul,Homa Bay,Kasipul,Urban,,,,,functional,,,
60841,HOKA00695,HOKA00695224,1/22/2023 11:38,2,489,12,tap_in_home_broken,39210,Wangchieng,Homa Bay,Karachuonyo,Rural,,,,,,,,
60842,KINY00696,KINY00696224,10/15/2025 6:59,5,183,5,shared_taps,34468,West Nyakach,Kisumu,Nyakach,Urban,,,,,partially_functional,,,
60843,HOKA00697,HOKA00697224,2/23/2023 18:52,5,471,27,tap_in_home,35083,Kokwanyo/Kakelo,Homa Bay,Kabondo Kasipul,Urban,,,,,functional,,,
60844,KIBO00698,KIBO00698224,2/12/2023 15:39,1,156,29,river,38224,Basi Bogetaorio,Kisii,Bobasi,Rural,,,,,functional,,,
60845,KIKI00699,KIKI00699224,11/18/2022 12:19,5,355,28,well,32084,Sensi,Kisii,Kitutu Chache North,Rural,,Contaminated:Biological,,,functional,,,
60846,NYKI00700,NYKI00700224,12/21/2024 11:51,4,358,48,shared_taps,40379,Kemera,Nyamira,Kitutu Masaba,Rural,,,,,partially_functional,,,
60847,HOKA00701,HOKA00701224,4/28/2024 9:29,3,472,6,tap_in_home_broken,37058,Kabondo West,Homa Bay,Kabondo Kasipul,Urban,,,,,partially_functional,,,
60848,KINY00702,KINY00702224,3/23/2022 17:00,3,304,46,river,29637,Central Nyakach,Kisumu,Nyakach,Rural,,,,,partially_functional,,,
60849,HOKA00703,HOKA00703224,2/1/2024 6:36,4,394,14,tap_in_home_broken,21031,Kojwach,Homa Bay,Kabondo Kasipul,Urban,,,,,functional,,,
60850,KINY00704,KINY00704224,3/23/2022 17:48,4,20,40,shared_taps,27611,Ibeno,Kisii,Nyaribari Chache,Rural,,,,,,,,
60851,KIBO00705,KIBO00705224,1/26/2022 17:32,5,203,31,river,25764,Basi Central,Kisii,Bobasi,Rural,,,,,,,,
60852,NARO00706,NARO00706224,11/23/2025 6:32,4,73,36,tap_in_home_broken,48446,Visoi,Nakuru,Rongai,Urban,,,,,,,,
60853,KIKI00707,KIKI00707224,1/20/2024 16:14,4,535,37,tap_in_home,21939,Kegogi,Kisii,Kitutu Chache North,Urban,,,,,functional,,,
60854,KINY00708,KINY00708224,8/28/2024 5:38,4,346,15,tap_in_home,23510,Keumbu,Kisii,Nyaribari Chache,Urban,,,,,functional,,,
60855,KIKI00709,KIKI00709224,11/15/2022 5:31,3,196,29,well,33799,Monyerero,Kisii,Kitutu Chache North,Rural,,Clean,,,,,,
60856,NYKI00710,NYKI00710224,2/14/2025 13:05,2,252,33,shared_taps,33520,Gachuba,Nyamira,Kitutu Masaba,Urban,,,,,partially_functional,,,
60857,KINY00711,KINY00711224,6/12/2022 10:32,3,472,6,tap_in_home,26280,Birongo,Kisii,Nyaribari Chache,Urban,,,,,functional,,,
60858,KINY00712,KINY00712224,2/2/2025 15:19,3,51,23,river,20841,South West Nyakach,Kisumu,Nyakach,Rural,,,,,partially_functional,,,
60859,KIBO00713,KIBO00713224,5/16/2024 18:39,5,159,48,shared_taps,36192,Nyacheki,Kisii,Bobasi,Rural,,,,,functional,,,
60860,KINY00714,KINY00714224,6/4/2025 6:41,1,324,5,tap_in_home_broken,26894,Gesusu,Kisii,Nyaribari Masaba,Urban,,,,,,,,
60861,NYKI00715,NYKI00715224,7/17/2023 7:24,2,139,30,tap_in_home,27196,Magombo,Nyamira,Kitutu Masaba,Urban,,,,,partially_functional,,,
60862,KINY00716,KINY00716224,3/24/2024 12:16,3,430,4,river,23922,Kiamokama,Kisii,Nyaribari Masaba,Rural,,,,,,,,
60863,KINY00717,KINY00717224,10/22/2025 8:39,5,256,37,tap_in_home_broken,38693,North Nyakach,Kisumu,Nyakach,Urban,,,,,partially_functional,,,
60864,KINY00718,KINY00718224,8/17/2025 9:58,2,156,12,well,32158,Ichuni,Kisii,Nyaribari Masaba,Rural,,Clean,,,partially_functional,,,
60865,HOKA00719,HOKA00719224,11/24/2023 16:36,2,280,40,shared_taps,41191,Kabondo East,Homa Bay,Kabondo Kasipul,Urban,,,,,functional,,,
60866,KINY00720,KINY00720224,2/8/2024 5:55,5,45,18,tap_in_home,33083,Masimba,Kisii,Nyaribari Masaba,Urban,,,,,,,,
60867,NYKI00721,NYKI00721224,11/12/2022 18:41,1,365,9,river,42449,Gesima,Nyamira,Kitutu Masaba,Rural,,,,,partially_functional,,,
60868,KINY00722,KINY00722224,2/8/2024 7:37,3,31,16,river,19687,Nyamasibi,Kisii,Nyaribari Masaba,Rural,,,,,,,,
60869,NYBO00723,NYBO00723224,10/14/2022 5:16,5,271,33,tap_in_home,32856,Nyansiongo,Nyamira,Borabu,Rural,,,,,partially_functional,,,
60870,NYBO00724,NYBO00724224,3/6/2023 14:37,5,83,40,tap_in_home_broken,23161,Mekenene,Nyamira,Borabu,Rural,,,,,functional,,,
60871,NYKI00725,NYKI00725224,10/18/2025 17:45,3,3,47,river,35227,Manga,Nyamira,Kitutu Masaba,Rural,,,,,partially_functional,,,
60872,NYKI00726,NYKI00726224,9/18/2023 18:32,4,266,34,shared_taps,46673,Rigoma,Nyamira,Kitutu Masaba,Urban,,,,,partially_functional,,,
60873,NYWE00727,NYWE00727224,12/26/2025 5:16,4,332,14,tap_in_home,46213,Bogichora,Nyamira,West Mugirango,Urban,,,,,partially_functional,,,
60874,NYWE00728,NYWE00728224,4/24/2023 18:19,5,318,46,shared_taps,41347,Bosamaro,Nyamira,West Mugirango,Rural,,,,,functional,,,
60875,NYWE00729,NYWE00729224,7/18/2025 18:34,4,343,31,tap_in_home,35816,Nyamaiya,Nyamira,West Mugirango,Urban,,,,,functional,,,
60876,NANA00730,NANA00730224,10/12/2023 5:41,2,282,48,river,16302,Sagamian,Narok,Narok South,Rural,,,,,,,,
60877,NAKU00731,NAKU00731224,4/22/2022 11:59,2,97,7,shared_taps,65890,Kiptororo,Nakuru,Kuresoi North,Urban,,,,,,,,
60878,KEKI00732,KEKI00732224,2/22/2022 14:58,5,102,30,shared_taps,53929,Kedowa/Kimugul,Kericho,Kipkelion East,Rural,,,,,,,,
60879,NANA00733,NANA00733224,6/24/2022 13:26,1,265,31,shared_taps,38022,Olpusimoru,Narok,Narok North,Urban,,,,,,,,
60880,NAKU00734,NAKU00734224,11/16/2023 15:48,5,304,21,shared_taps,60321,Tinet,Nakuru,Kuresoi South,Urban,,,,,,,,
60881,NAKU00735,NAKU00735224,6/13/2023 5:49,3,417,13,tap_in_home,55942,Nyota,Nakuru,Kuresoi North,Urban,,,,,,,,
60882,NAKU00736,NAKU00736224,3/26/2022 5:55,4,370,31,river,30882,Kiptagich,Nakuru,Kuresoi South,Rural,,,,,,,,
60883,NAKU00737,NAKU00737224,5/12/2023 11:54,3,311,46,well,26016,Sirikwa,Nakuru,Kuresoi North,Urban,,Contaminated: Chemical,,,,,,
60884,NAKU00738,NAKU00738224,4/28/2025 11:01,5,211,11,shared_taps,30589,Amalo,Nakuru,Kuresoi South,Urban,,,,,,,,
60885,NAKU00739,NAKU00739224,7/7/2024 5:30,5,427,11,river,43866,Keringet,Nakuru,Kuresoi South,Urban,,,,,,,,
60886,NANA00740,NANA00740224,1/19/2025 17:43,3,117,24,tap_in_home,52532,Olokurto,Narok,Narok North,Urban,,,,,,,,
60887,NAMO00741,NAMO00741224,1/24/2023 18:14,1,315,22,shared_taps,45356,Turi,Nakuru,Molo,Urban,,,,,,,,
60888,NAMO00742,NAMO00742224,11/23/2025 19:33,5,125,1,tap_in_home_broken,29023,Molo,Nakuru,Molo,Urban,,,,,,,,
60889,NAMO00743,NAMO00743224,3/13/2025 10:59,5,312,24,tap_in_home_broken,74474,Elburgon,Nakuru,Molo,Urban,,,,,,,,
60890,NAMO00744,NAMO00744224,4/3/2023 8:12,3,332,31,tap_in_home_broken,12283,Mariashoni,Nakuru,Molo,Urban,,,,,,,,
60891,NARO00745,NARO00745224,11/28/2023 14:41,1,168,17,well,58475,Mosop,Nakuru,Rongai,Rural,,Contaminated: Chemical,,,,,,
60892,NANJ00746,NANJ00746224,1/4/2023 11:24,3,138,8,tap_in_home,23068,Nessuit,Nakuru,Njoro,Urban,,,,,,,,
60893,NAGI00747,NAGI00747224,4/19/2022 17:21,1,56,2,river,27691,Malewa West,Nakuru,Gilgil,Rural,,,,,,,,
60894,MUKI00748,MUKI00748224,10/21/2022 18:16,1,108,38,well,32363,Wangu,Murang'a,Kiharu,Rural,,Clean,,,,,,
60895,NANA00749,NANA00749224,6/10/2023 14:47,3,438,17,well,37074,Viwandani,Nakuru,Naivasha,Urban,,Contaminated: Chemical,,,,,,
60896,MUKA00750,MUKA00750224,2/22/2024 19:40,3,99,25,tap_in_home_broken,26607,Kanyenya-Ini,Murang'a,Kangema,Rural,,,,,,,,
60897,NANA00751,NANA00751224,6/4/2022 10:23,1,183,4,shared_taps,16937,Biashara,Nakuru,Naivasha,Urban,,,,,,,,
60898,NANJ00752,NANJ00752224,6/24/2023 5:53,4,214,2,shared_taps,54888,Mau Narok,Nakuru,Njoro,Urban,,,,,,,,
60899,NYKI00753,NYKI00753224,2/25/2022 13:45,4,458,1,tap_in_home_broken,32528,Gathara,Nyandarua,Kinangop,Rural,,,,,,,,
60900,MUKA00754,MUKA00754224,9/21/2025 17:27,3,228,26,tap_in_home,39735,Muguru,Murang'a,Kangema,Rural,,,,,,,,
60901,MUMA00755,MUMA00755224,12/11/2024 7:39,1,121,30,well,38107,Gitugi,Murang'a,Mathioya,Urban,,Clean,,,,,,
60902,NYKI00756,NYKI00756224,3/4/2023 12:21,2,479,3,river,26063,Engineer,Nyandarua,Kinangop,Rural,,,,,,,,
60903,MUKA00757,MUKA00757224,9/24/2024 18:59,5,344,36,river,23042,Rwathia,Murang'a,Kangema,Urban,,,,,,,,
60904,NAGI00758,NAGI00758224,5/20/2023 7:34,2,147,48,shared_taps,87239,Mbaruk/Eburu,Nakuru,Gilgil,Rural,,,,,,,,
60905,MUMA00759,MUMA00759224,12/23/2025 8:04,2,30,2,well,39282,Kiru,Murang'a,Mathioya,Rural,,Contaminated: Chemical,,,,,,
60906,NYKI00760,NYKI00760224,4/23/2024 6:10,2,97,15,tap_in_home_broken,31890,Murungaru,Nyandarua,Kinangop,Urban,,,,,,,,
60907,MUMA00761,MUMA00761224,10/2/2022 11:32,1,306,11,river,24787,Kamacharia,Murang'a,Mathioya,Rural,,,,,,,,
60908,NYKI00762,NYKI00762224,7/22/2022 5:36,1,308,16,shared_taps,23594,North Kinangop,Nyandarua,Kinangop,Rural,,,,,,,,
60909,NAGI00763,NAGI00763224,6/7/2025 5:35,2,343,26,well,18701,Elementaita,Nakuru,Gilgil,Rural,,Contaminated: Chemical,,,,,,
60910,NAGI00764,NAGI00764224,5/4/2023 5:38,1,301,47,tap_in_home,75033,Gilgil,Nakuru,Gilgil,Urban,,,,,,,,
60911,NAGI00765,NAGI00765224,1/13/2024 9:15,3,223,24,well,32761,Murindati,Nakuru,Gilgil,Rural,,Contaminated: Chemical,,,,,,
60912,NANJ00766,NANJ00766224,4/28/2024 19:16,1,305,0,shared_taps,69399,Mauche,Nakuru,Njoro,Urban,,,,,,,,
60913,NANJ00767,NANJ00767224,1/8/2022 5:05,4,316,48,shared_taps,15345,Kihingo,Nakuru,Njoro,Rural,,,,,,,,
60914,NYKI00768,NYKI00768224,2/11/2025 14:29,1,98,19,well,20486,Githioro,Nyandarua,Kipipiri,Rural,,Contaminated: Chemical,,,,,,
60915,NANA00769,NANA00769224,1/1/2025 6:47,5,146,6,well,29884,Nakuru East,Nakuru,Nakuru Town East,Rural,,Clean,,,,,,
60916,NANA00770,NANA00770224,2/19/2025 18:20,3,310,38,well,7010,Barut,Nakuru,Nakuru Town West,Rural,,Clean,,,,,,
60917,NANJ00771,NANJ00771224,12/3/2023 17:01,3,371,33,tap_in_home,26670,Lare,Nakuru,Njoro,Urban,,,,,,,,
60918,NYKI00772,NYKI00772224,11/28/2024 10:37,4,119,30,river,23080,Geta,Nyandarua,Kipipiri,Rural,,,,,,,,
60919,NANJ00773,NANJ00773224,9/4/2025 15:34,4,75,1,tap_in_home,70716,Njoro,Nakuru,Njoro,Urban,,,,,,,,
60920,NANA00774,NANA00774224,10/8/2024 5:13,5,58,47,tap_in_home,15011,Kapkures,Nakuru,Nakuru Town West,Rural,,,,,,,,
60921,NYKI00775,NYKI00775224,5/12/2023 14:22,3,62,16,shared_taps,29207,Kipipiri,Nyandarua,Kipipiri,Urban,,,,,,,,
60922,NYOL00776,NYOL00776224,8/3/2022 13:37,3,346,22,shared_taps,23379,Kaimbaga,Nyandarua,Ol Kalou,Urban,,,,,,,,
60923,NYOL00777,NYOL00777224,9/9/2023 6:47,5,105,34,tap_in_home_broken,30328,Karau,Nyandarua,Ol Kalou,Urban,,,,,,,,
60924,NYKI00778,NYKI00778224,2/19/2024 19:11,3,373,47,tap_in_home,21496,Mweiga,Nyeri,Kieni,Urban,,,,,,,,
60925,NYMA00779,NYMA00779224,4/21/2025 7:22,1,283,43,shared_taps,32621,Kirimukuyu,Nyeri,Mathira,Rural,,,,,,,,
60926,NYMU00780,NYMU00780224,6/4/2024 7:19,3,482,6,shared_taps,21961,Gikondi,Nyeri,Mukurweini,Urban,,,,,,,,
60927,NYMU00781,NYMU00781224,1/13/2024 9:27,4,484,42,river,19654,Mukurwe-Ini West,Nyeri,Mukurweini,Rural,,,,,,,,
60928,NYNY00782,NYNY00782224,6/13/2022 13:36,3,498,5,tap_in_home_broken,16813,Gatitu/Muruguru,Nyeri,Nyeri Town,Rural,,,,,,,,
60929,NYNY00783,NYNY00783224,9/27/2025 15:35,1,188,11,tap_in_home_broken,17512,Kamakwa/Mukaro,Nyeri,Nyeri Town,Urban,,,,,,,,
60930,NYNY00784,NYNY00784224,11/5/2024 7:08,1,172,37,river,32379,Kiganjo/Mathari,Nyeri,Nyeri Town,Rural,,,,,,,,
60931,NYNY00785,NYNY00785224,12/11/2024 10:55,5,203,0,shared_taps,10684,Ruring'U,Nyeri,Nyeri Town,Urban,,,,,,,,
60932,NYNY00786,NYNY00786224,8/19/2022 11:50,1,110,47,shared_taps,1667,Rware,Nyeri,Nyeri Town,Rural,,,,,,,,
60933,NYOT00787,NYOT00787224,5/26/2022 8:49,2,332,20,tap_in_home,25475,Chinga,Nyeri,Othaya,Urban,,,,,,,,
60934,NYOT00788,NYOT00788224,12/3/2023 13:13,5,401,39,well,28524,Iria-Ini,Nyeri,Othaya,Rural,,Clean,,,,,,
60935,NYOT00789,NYOT00789224,1/22/2025 18:11,3,363,46,shared_taps,21667,Karima,Nyeri,Othaya,Urban,,,,,,,,
60936,NYOT00790,NYOT00790224,5/18/2023 19:23,1,246,25,well,25779,Mahiga,Nyeri,Othaya,Rural,,Clean,,,,,,
60937,NYTE00791,NYTE00791224,9/21/2022 17:02,1,295,1,shared_taps,30488,Aguthi-Gaaki,Nyeri,Tetu,Rural,,,,,,,,
60938,NYTE00792,NYTE00792224,9/5/2022 13:16,1,101,17,shared_taps,23399,Dedan Kimanthi,Nyeri,Tetu,Urban,,,,,,,,
60939,NYTE00793,NYTE00793224,11/8/2023 19:44,5,349,34,tap_in_home,34115,Wamagana,Nyeri,Tetu,Urban,,,,,,,,
60940,KINY00794,KINY00794224,12/3/2025 6:51,1,151,27,tap_in_home,57096,Ahero,Kisumu,Nyando,Urban,,,,,partially_functional,,,
60941,KINY00795,KINY00795224,5/28/2024 18:59,3,411,26,shared_taps,22799,East Kano/Wawidhi,Kisumu,Nyando,Rural,,,,,partially_functional,,,
60942,KINY00796,KINY00796224,1/13/2022 14:36,4,146,43,river,25931,Awasi/Onjiko,Kisumu,Nyando,Rural,,,,,partially_functional,,,
60943,KESI00797,KESI00797224,1/19/2024 10:30,4,135,4,tap_in_home,34223,Kaplelartet,Kericho,Sigowet/Soin,Urban,,,,,,,,
60944,KESI00798,KESI00798224,6/12/2024 11:31,5,535,29,shared_taps,50981,Sigowet,Kericho,Sigowet/Soin,Urban,,,,,,,,
60945,KESI00799,KESI00799224,11/11/2022 19:35,2,94,22,tap_in_home_broken,23414,Soliat,Kericho,Sigowet/Soin,Urban,,,,,,,,
60946,KEBU00800,KEBU00800224,12/4/2023 15:08,5,255,11,river,30409,Tebesonik,Kericho,Bureti,Urban,,,,,,,,
60947,KEBU00801,KEBU00801224,8/16/2023 11:49,5,262,44,shared_taps,28008,Kisiara,Kericho,Bureti,Urban,,,,,,,,
60948,KESI00802,KESI00802224,10/5/2024 11:44,3,339,15,tap_in_home,31646,Soin,Kericho,Sigowet/Soin,Urban,,,,,partially_functional,,,
60949,KEBE00803,KEBE00803224,6/21/2025 14:22,5,276,27,tap_in_home_broken,54072,Kabianga,Kericho,Belgut,Urban,,,,,,,,
60950,KEBU00804,KEBU00804224,2/18/2023 11:01,3,16,9,tap_in_home_broken,30133,Cheboin,Kericho,Bureti,Urban,,,,,,,,
60951,KEBU00805,KEBU00805224,4/1/2022 6:38,1,66,24,well,39683,Litein,Kericho,Bureti,Rural,,Clean,,,,,,
60952,KEBE00806,KEBE00806224,4/25/2024 12:10,4,449,39,shared_taps,42935,Waldai,Kericho,Belgut,Rural,,,,,,,,
60953,KIMU00807,KIMU00807224,5/8/2024 12:35,4,342,13,shared_taps,38272,Muhoroni/Koru,Kisumu,Muhoroni,Urban,,,,,partially_functional,,,
60954,KEBU00808,KEBU00808224,12/14/2025 9:11,2,187,0,river,31586,Chemosot,Kericho,Bureti,Rural,,,,,,,,
60955,KEBU00809,KEBU00809224,1/21/2023 18:11,1,368,16,tap_in_home,29074,Kapkatet,Kericho,Bureti,Urban,,,,,,,,
60956,KEBE00810,KEBE00810224,8/8/2025 9:19,3,70,6,shared_taps,32115,Chaik,Kericho,Belgut,Urban,,,,,,,,
60957,KEAI00811,KEAI00811224,8/24/2022 9:52,5,34,31,tap_in_home,33091,Kapsoit,Kericho,Ainamoi,Urban,,,,,,,,
60958,KEBE00812,KEBE00812224,7/19/2025 13:36,1,165,26,shared_taps,30422,Cheptororiet/Seretut,Kericho,Belgut,Urban,,,,,,,,
60959,BOKO00813,BOKO00813224,9/26/2024 13:04,1,161,34,well,28247,Chepchabas,Bomet,Konoin,Rural,,Contaminated:Biological,,,,,,
60960,BOKO00814,BOKO00814224,8/17/2022 16:24,2,448,43,tap_in_home,25307,Kimulot,Bomet,Konoin,Urban,,,,,,,,
60961,BOKO00815,BOKO00815224,2/19/2022 9:50,1,116,46,tap_in_home_broken,36157,Boito,Bomet,Konoin,Urban,,,,,,,,
60962,KEBE00816,KEBE00816224,9/4/2022 15:56,2,159,21,tap_in_home,27130,Kapsuser,Kericho,Belgut,Urban,,,,,,,,
60963,KEKI00817,KEKI00817224,2/2/2025 13:28,5,66,21,well,24061,Kunyak,Kericho,Kipkelion West,Rural,,Contaminated: Chemical,,,,,,
60964,KEAI00818,KEAI00818224,4/19/2023 16:37,1,48,16,shared_taps,60696,Kipchebor,Kericho,Ainamoi,Rural,,,,,,,,
60965,KEAI00819,KEAI00819224,7/12/2024 13:30,1,398,2,tap_in_home_broken,18001,Kipchimchim,Kericho,Ainamoi,Urban,,,,,,,,
60966,KEAI00820,KEAI00820224,3/21/2022 13:32,4,70,27,shared_taps,26252,Ainamoi,Kericho,Ainamoi,Urban,,,,,functional,,,
60967,KEAI00821,KEAI00821224,9/1/2022 16:21,2,3,48,shared_taps,20260,Kapkugerwet,Kericho,Ainamoi,Rural,,,,,,,,
60968,BOKO00822,BOKO00822224,7/21/2023 10:22,4,159,21,river,44372,Embomos,Bomet,Konoin,Rural,,,,,,,,
60969,KEAI00823,KEAI00823224,9/1/2023 13:03,5,430,37,shared_taps,28599,Kapsaos,Kericho,Ainamoi,Rural,,,,,,,,
60970,KEKI00824,KEKI00824224,10/1/2023 8:44,1,478,34,river,52557,Chepseon,Kericho,Kipkelion East,Rural,,,,,,,,
60971,KEKI00825,KEKI00825224,2/6/2024 14:32,1,429,22,river,42096,Chilchila,Kericho,Kipkelion West,Rural,,,,,,,,
60972,KEKI00826,KEKI00826224,2/1/2024 11:51,5,507,25,shared_taps,35877,Kipkelion,Kericho,Kipkelion West,Urban,,,,,,,,
60973,KEKI00827,KEKI00827224,7/2/2024 14:59,2,42,8,well,26509,Kamasian,Kericho,Kipkelion West,Rural,,Contaminated: Chemical,,,,,,
60974,NYBO00828,NYBO00828224,2/15/2024 8:43,1,192,24,shared_taps,45340,Kiabonyoru,Nyamira,Borabu,Urban,,,,,functional,,,
60975,KINY00829,KINY00829224,3/27/2024 10:33,1,284,41,tap_in_home,37682,South East Nyakach,Kisumu,Nyakach,Urban,,,,,partially_functional,,,
60976,NYNO00830,NYNO00830224,5/24/2022 9:31,5,506,10,shared_taps,33494,Bokeira,Nyamira,North Mugirango,Rural,,,,,partially_functional,,,
60977,NYNO00831,NYNO00831224,9/1/2025 6:33,5,450,5,tap_in_home_broken,19465,Bomwagamo,Nyamira,North Mugirango,Urban,,,,,functional,,,
60978,NYNO00832,NYNO00832224,3/15/2025 12:11,2,190,28,tap_in_home,8482,Ekerenyo,Nyamira,North Mugirango,Urban,,,,,partially_functional,,,
60979,NYNO00833,NYNO00833224,6/5/2022 11:07,4,73,32,tap_in_home_broken,53657,Itibo,Nyamira,North Mugirango,Urban,,,,,partially_functional,,,
60980,NYNO00834,NYNO00834224,12/2/2024 13:00,3,335,44,shared_taps,21454,Magwagwa,Nyamira,North Mugirango,Urban,,,,,partially_functional,,,
60981,NYWE00835,NYWE00835224,11/24/2022 8:11,2,319,18,well,32155,Bonyamatuta,Nyamira,West Mugirango,Rural,,Contaminated: Chemical,,,functional,,,
60982,NYWE00836,NYWE00836224,12/2/2025 12:53,3,438,39,shared_taps,18833,Township,Nyamira,West Mugirango,Urban,,,,,functional,,,
60983,KIND00837,KIND00837224,10/2/2024 13:06,4,265,2,tap_in_home,50629,Kiine,Kirinyaga,Ndia,Urban,,,,,,,,
60984,KIKI00838,KIKI00838224,2/19/2024 15:31,4,392,28,tap_in_home,34633,Kanyekini,Kirinyaga,Kirinyaga Central,Urban,,,,,,,,
60985,EMMA00839,EMMA00839224,12/15/2024 9:54,5,131,11,shared_taps,32746,Mbeti North,Embu,Manyatta,Urban,,,,,partially_functional,,,
60986,KIND00840,KIND00840224,7/11/2022 19:16,3,58,40,tap_in_home_broken,40526,Mukure,Kirinyaga,Ndia,Urban,,,,,,,,
60987,KIGI00841,KIGI00841224,9/24/2023 16:40,3,117,44,shared_taps,44612,Kabare,Kirinyaga,Gichugu,Urban,,,,,,,,
60988,NYMA00842,NYMA00842224,5/1/2022 14:21,4,323,19,shared_taps,33394,Konyu,Nyeri,Mathira,Rural,,,,,,,,
60989,KIGI00843,KIGI00843224,8/5/2024 15:02,1,69,4,well,28447,Njukiini,Kirinyaga,Gichugu,Rural,,Contaminated:Biological,,,,,,
60990,KIGI00844,KIGI00844224,2/19/2022 6:17,3,325,22,shared_taps,24795,Baragwi,Kirinyaga,Gichugu,Rural,,,,,,,,
60991,EMMA00845,EMMA00845224,7/20/2025 5:52,1,128,21,shared_taps,15961,Kirimari,Embu,Manyatta,Urban,,,,,partially_functional,,,
60992,KIKI00846,KIKI00846224,1/1/2025 7:51,3,357,13,tap_in_home_broken,35925,Kerugoya,Kirinyaga,Kirinyaga Central,Rural,,,,,,,,
60993,EMMA00847,EMMA00847224,3/15/2025 18:28,5,124,42,shared_taps,22763,Kithimu,Embu,Manyatta,Urban,,,,,partially_functional,,,
60994,EMRU00848,EMRU00848224,6/18/2024 18:33,3,477,16,shared_taps,25543,Kagaari South,Embu,Runyenjes,Urban,,,,,partially_functional,,,
60995,KIKI00849,KIKI00849224,9/10/2024 13:36,5,234,38,river,35202,Inoi,Kirinyaga,Kirinyaga Central,Rural,,,,,,,,
60996,NYMA00850,NYMA00850224,10/24/2022 15:32,3,181,12,river,33875,Iriaini,Nyeri,Mathira,Rural,,,,,,,,
60997,KIKI00851,KIKI00851224,4/4/2023 12:00,4,27,27,tap_in_home_broken,27424,Mutira,Kirinyaga,Kirinyaga Central,Urban,,,,,,,,
60998,EMMA00852,EMMA00852224,11/24/2024 17:36,2,330,17,well,22118,Gaturi South,Embu,Manyatta,Rural,,Contaminated: Chemical,,,partially_functional,,,
60999,EMRU00853,EMRU00853224,12/6/2022 17:37,1,529,17,well,33082,Kyeni South,Embu,Runyenjes,Rural,,Contaminated:Biological,,,partially_functional,,,
61000,NYMA00854,NYMA00854224,12/25/2024 14:47,3,81,26,shared_taps,27035,Karatina Town,Nyeri,Mathira,Urban,,,,,,,,
61001,KIGI00855,KIGI00855224,3/19/2024 18:07,3,419,38,river,20813,Ngariama,Kirinyaga,Gichugu,Rural,,,,,,,,
61002,EMMA00856,EMMA00856224,11/19/2025 15:18,5,92,11,river,33244,Ruguru/Ngandori,Embu,Manyatta,Rural,,,,,functional,,,
61003,EMMA00857,EMMA00857224,3/5/2022 10:29,4,43,16,river,55849,Nginda,Embu,Manyatta,Urban,,,,,functional,,,
61004,EMMA00858,EMMA00858224,7/5/2022 18:01,3,406,36,river,30551,Gaturi North,Embu,Manyatta,Rural,,,,,functional,,,
61005,EMRU00859,EMRU00859224,2/16/2024 8:48,4,419,37,well,30425,Central Ward,Embu,Runyenjes,Urban,,Clean,,,functional,,,
61006,EMRU00860,EMRU00860224,6/26/2024 15:41,1,53,35,tap_in_home,29185,Kagaari North,Embu,Runyenjes,Urban,,,,,functional,,,
61007,EMRU00861,EMRU00861224,12/26/2022 7:06,4,437,21,well,26525,Kyeni North,Embu,Runyenjes,Rural,,Contaminated: Chemical,,,partially_functional,,,
61008,THCH00862,THCH00862224,8/14/2024 13:09,2,326,16,tap_in_home,27489,Karingani,Tharaka-Nithi,Chuka/Igambang'Ombe,Urban,,,,,,,,
61009,THCH00863,THCH00863224,3/26/2023 15:23,3,54,47,tap_in_home,42487,Magumoni,Tharaka-Nithi,Chuka/Igambang'Ombe,Urban,,,,,,,,
61010,THCH00864,THCH00864224,1/25/2024 10:41,5,237,47,river,19882,Mariani,Tharaka-Nithi,Chuka/Igambang'Ombe,Rural,,,,,,,,
61011,THMA00865,THMA00865224,3/12/2024 7:02,5,85,37,tap_in_home,38811,Chogoria,Tharaka-Nithi,Maara,Urban,,,,,,,,
61012,THMA00866,THMA00866224,10/4/2025 16:34,4,390,48,shared_taps,19818,Ganga,Tharaka-Nithi,Maara,Rural,,,,,,,,
61013,THMA00867,THMA00867224,9/26/2022 13:44,4,534,46,tap_in_home_broken,17755,Mitheru,Tharaka-Nithi,Maara,Rural,,,,,,,,
61014,KAKA00868,KAKA00868224,7/21/2025 16:11,5,141,30,shared_taps,72365,Rombo,Kajiado,Kajiado South,Urban,,,,,partially_functional,,,
61015,KAKA00869,KAKA00869224,3/12/2023 13:43,1,253,17,well,51394,Kuku,Kajiado,Kajiado South,Rural,,Clean,,,functional,,,
61016,KAKA00870,KAKA00870224,11/19/2022 9:47,5,531,12,tap_in_home,35295,Kimana,Kajiado,Kajiado South,Urban,,,,,functional,,,
61017,KAKA00871,KAKA00871224,10/3/2022 17:32,2,351,22,shared_taps,35034,Entonet/Lenkisim,Kajiado,Kajiado South,Urban,,,,,functional,,,
61018,KAKA00872,KAKA00872224,6/17/2022 19:41,3,163,12,river,28074,Mbirikani/Eselenkei,Kajiado,Kajiado South,Rural,,,,,functional,,,
61019,KAKA00873,KAKA00873224,12/24/2024 6:06,4,205,1,tap_in_home,65155,Matapato South,Kajiado,Kajiado Central,Urban,,,,,partially_functional,,,
61020,KAKA00874,KAKA00874224,7/3/2025 5:19,4,345,38,tap_in_home,38251,Kenyawa-Poka,Kajiado,Kajiado East,Urban,,,,,functional,,,
61021,KAKA00875,KAKA00875224,1/14/2023 5:55,4,89,22,shared_taps,51915,Matapato North,Kajiado,Kajiado Central,Urban,,,,,partially_functional,,,
61022,KAKA00876,KAKA00876224,8/11/2023 13:02,5,39,13,shared_taps,29892,Imaroro,Kajiado,Kajiado East,Urban,,,,,functional,,,
61023,MAKI00877,MAKI00877224,2/3/2023 14:44,4,268,33,tap_in_home_broken,27953,Nguu/Masumba,Makueni,Kibwezi West,Rural,,,,,partially_functional,,,
61024,KAKA00878,KAKA00878224,11/19/2025 5:44,3,216,5,tap_in_home_broken,52933,Dalalekutuk,Kajiado,Kajiado Central,Urban,,,,,partially_functional,,,
61025,MAKI00879,MAKI00879224,10/13/2025 18:59,3,287,13,shared_taps,34908,Emali/Mulala,Makueni,Kibwezi West,Urban,,,,,partially_functional,,,
61026,KAKA00880,KAKA00880224,11/23/2023 16:48,4,68,43,tap_in_home_broken,8904,Purko,Kajiado,Kajiado Central,Urban,,,,,functional,,,
61027,MAKI00881,MAKI00881224,12/5/2024 13:58,2,327,28,shared_taps,51931,Kasikeu,Makueni,Kilome,Urban,,,,,partially_functional,,,
61028,MAMA00882,MAMA00882224,3/13/2023 10:37,3,159,22,shared_taps,30839,Mbitini,Makueni,Makueni,Urban,,,,,partially_functional,,,
61029,MAMA00883,MAMA00883224,7/20/2024 12:59,2,436,8,river,45010,Nzaui/Kilili/Kalamba,Makueni,Makueni,Urban,,,,,partially_functional,,,
61030,MAMA00884,MAMA00884224,4/19/2023 17:05,4,124,47,tap_in_home,32979,Muvau/Kikuumini,Makueni,Makueni,Urban,,,,,partially_functional,,,
61031,KAKA00885,KAKA00885224,8/21/2025 6:14,4,248,26,well,15248,Ildamat,Kajiado,Kajiado Central,Rural,,Clean,,,partially_functional,,,
61032,MAKI00886,MAKI00886224,4/10/2022 6:00,4,27,20,shared_taps,40784,Kiima Kiu/Kalanzoni,Makueni,Kilome,Urban,,,,,partially_functional,,,
61033,MAKI00887,MAKI00887224,11/17/2024 12:47,3,290,6,shared_taps,33834,Mukaa,Makueni,Kilome,Urban,,,,,partially_functional,,,
61034,MEIG00888,MEIG00888224,10/21/2025 14:53,2,165,48,well,47201,Njia,Meru,Igembe Central,Urban,,Contaminated:Biological,,,,,,
61035,MAKA00889,MAKA00889224,1/13/2024 11:02,2,399,43,well,32977,Ilima,Makueni,Kaiti,Rural,,Contaminated: Chemical,,,partially_functional,,,
61036,MAMA00890,MAMA00890224,11/22/2024 13:15,2,263,40,river,30061,Wote,Makueni,Makueni,Rural,,,,,partially_functional,,,
61037,MAKA00891,MAKA00891224,7/2/2023 18:06,4,306,3,tap_in_home,48492,Ukia,Makueni,Kaiti,Urban,,,,,partially_functional,,,
61038,HOND00892,HOND00892224,4/21/2025 17:00,5,390,16,river,45663,Kwabwai,Homa Bay,Ndhiwa,Rural,,,,,partially_functional,,,
61039,HOND00893,HOND00893224,7/19/2024 9:46,1,534,43,shared_taps,21221,Kabuoch South/Pala,Homa Bay,Ndhiwa,Urban,,,,,partially_functional,,,
61040,HOSU00894,HOSU00894224,2/26/2025 7:11,1,248,4,shared_taps,45559,Gwassi South,Homa Bay,Suba,Urban,,,,,partially_functional,,,
61041,HOND00895,HOND00895224,6/5/2025 17:06,5,468,6,tap_in_home_broken,61163,Kabuoch North,Homa Bay,Ndhiwa,Urban,,,,,partially_functional,,,
61042,HOND00896,HOND00896224,3/1/2023 12:39,3,193,41,tap_in_home_broken,47239,Kanyamwa Kosewe,Homa Bay,Ndhiwa,Urban,,,,,partially_functional,,,
61043,HOSU00897,HOSU00897224,7/25/2024 13:21,4,457,17,shared_taps,30960,Gwassi North,Homa Bay,Suba,Urban,,,,,partially_functional,,,
61044,HOSU00898,HOSU00898224,10/25/2023 12:48,3,377,21,shared_taps,17316,Ruma-Kaksingri,Homa Bay,Suba,Urban,,,,,partially_functional,,,
61045,HOMB00899,HOMB00899224,6/10/2023 14:17,2,491,34,well,30576,Lambwe,Homa Bay,Mbita,Rural,,Contaminated: Chemical,,,partially_functional,,,
61046,HOHO00900,HOHO00900224,8/22/2023 13:29,5,525,4,shared_taps,43551,Homa Bay Central,Homa Bay,Homa Bay Town,Rural,,,,,functional,,,
61047,HOHO00901,HOHO00901224,6/12/2023 12:08,3,448,37,shared_taps,37865,Homa Bay East,Homa Bay,Homa Bay Town,Urban,,,,,partially_functional,,,
61048,HOSU00902,HOSU00902224,5/8/2022 16:10,1,414,7,shared_taps,41994,Kaksingri West,Homa Bay,Suba,Urban,,,,,partially_functional,,,
61049,HORA00903,HORA00903224,5/20/2022 17:54,4,57,23,shared_taps,32432,Kochia,Homa Bay,Rangwe,Rural,,,,,functional,,,
61050,HOMB00904,HOMB00904224,4/20/2024 7:46,4,235,46,tap_in_home,21576,Gembe,Homa Bay,Mbita,Urban,,,,,partially_functional,,,
61051,HOMB00905,HOMB00905224,4/26/2022 19:10,2,293,22,well,32731,Mfangano Island,Homa Bay,Mbita,Rural,,Clean,,,partially_functional,,,
61052,HOMB00906,HOMB00906224,9/5/2024 16:38,2,467,19,river,24118,Kasgunga,Homa Bay,Mbita,Rural,,,,,partially_functional,,,
61053,HOMB00907,HOMB00907224,8/14/2022 6:07,2,142,43,tap_in_home_broken,29456,Rusinga Island,Homa Bay,Mbita,Rural,,,,,partially_functional,,,
61054,HOKA00908,HOKA00908224,4/1/2024 16:10,1,486,11,river,35850,West Karachuonyo,Homa Bay,Karachuonyo,Rural,,,,,,,,
61055,HOUN00909,HOUN00909224,11/19/2023 13:44,1,465,29,tap_in_home,27541,unknown 6,Homa Bay,unknown 6,Rural,,,,,,,,
61056,NANA00910,NANA00910224,1/16/2023 6:00,3,533,35,river,36464,Loita,Narok,Narok South,Rural,,,,,,,,
61057,KAKA00911,KAKA00911224,4/22/2025 18:15,4,193,28,tap_in_home,38946,Magadi,Kajiado,Kajiado West,Urban,,,,,partially_functional,,,
61058,KAKA00912,KAKA00912224,7/5/2023 11:14,2,67,4,well,32368,Iloodokilani,Kajiado,Kajiado West,Rural,,Clean,,,partially_functional,,,
61059,NYKI00913,NYKI00913224,5/14/2022 17:23,1,269,29,river,41450,Gakawa,Nyeri,Kieni,Rural,,,,,,,,
61060,NYKI00914,NYKI00914224,11/16/2023 12:07,5,393,8,tap_in_home_broken,34119,Naromoru Kiamathaga,Nyeri,Kieni,Urban,,,,,,,,
61061,NYKI00915,NYKI00915224,9/26/2024 18:26,5,15,44,river,31108,Kabaru,Nyeri,Kieni,Rural,,,,,,,,
61062,LALA00916,LALA00916224,10/9/2023 10:12,1,536,2,tap_in_home,38785,Nanyuki,Laikipia,Laikipia East,Urban,,,,,,,,
61063,LALA00917,LALA00917224,12/20/2024 5:20,5,478,32,well,23871,Umande,Laikipia,Laikipia North,Rural,,Contaminated:Biological,,,,,,
61064,LALA00918,LALA00918224,8/28/2023 7:56,5,208,1,river,28571,Mugogodo East,Laikipia,Laikipia North,Rural,,,,,,,,
61065,MEBU00919,MEBU00919224,4/18/2025 9:41,1,303,0,tap_in_home_broken,51198,Timau,Meru,Buuri,Urban,,,,,,,,
61066,MEBU00920,MEBU00920224,6/6/2024 10:02,3,77,48,tap_in_home,43718,Kisima,Meru,Buuri,Urban,,,,,,,,
61067,KIGI00921,KIGI00921224,1/23/2024 6:21,4,320,42,river,56621,Karumandi,Kirinyaga,Gichugu,Rural,,,,,,,,
61068,MEBU00922,MEBU00922224,6/27/2022 19:03,4,526,0,tap_in_home_broken,30303,Kibirichia,Meru,Buuri,Urban,,,,,,,,
61069,MECE00923,MECE00923224,8/27/2024 15:05,5,157,26,shared_taps,43364,Mwanganthia,Meru,Central Imenti,Rural,,,,,,,,
61070,MESO00924,MESO00924224,11/6/2023 7:19,4,80,33,river,57638,Nkuene,Meru,South Imenti,Rural,,,,,,,,
61071,MESO00925,MESO00925224,1/1/2024 7:16,2,251,28,shared_taps,40898,Abogeta West,Meru,South Imenti,Rural,,,,,,,,
61072,MESO00926,MESO00926224,12/6/2023 19:53,4,311,29,tap_in_home_broken,27045,Igoji West,Meru,South Imenti,Urban,,,,,,,,
61073,ISIS00927,ISIS00927224,12/4/2023 12:19,1,265,4,river,24899,Burat,Isiolo,Isiolo North,Rural,,,,,functional,,,
61074,MEBU00928,MEBU00928224,5/9/2025 17:07,5,195,35,shared_taps,25755,Ruiri/Rwarera,Meru,Buuri,Urban,,,,,,,,
61075,MEBU00929,MEBU00929224,11/24/2025 8:57,4,404,31,shared_taps,30416,Kiirua/Naari,Meru,Buuri,Urban,,,,,,,,
61076,NYKI00930,NYKI00930224,10/24/2024 16:57,5,213,0,tap_in_home,27189,Thegu River,Nyeri,Kieni,Urban,,,,,,,,
61077,NYMA00931,NYMA00931224,8/23/2025 13:15,5,375,5,well,22871,Magutu,Nyeri,Mathira,Rural,,Clean,,,,,,
61078,NYMA00932,NYMA00932224,8/21/2023 15:26,5,71,15,tap_in_home,23769,Ruguru,Nyeri,Mathira,Urban,,,,,,,,
61079,METI00933,METI00933224,12/19/2024 14:08,1,520,28,river,45608,Kianjai,Meru,Tigania West,Rural,,,,,,,,
61080,MENO00934,MENO00934224,5/10/2023 6:40,2,1,47,well,17392,Ntima West,Meru,North Imenti,Rural,,Contaminated: Chemical,,,,,,
61081,METI00935,METI00935224,8/3/2024 17:23,5,328,24,shared_taps,53828,Muthara,Meru,Tigania East,Urban,,,,,,,,
61082,MENO00936,MENO00936224,10/3/2025 13:05,4,399,16,shared_taps,9029,Municipality,Meru,North Imenti,Urban,,,,,,,,
61083,METI00937,METI00937224,1/28/2022 8:08,4,209,13,shared_taps,14741,Athwana,Meru,Tigania West,Urban,,,,,,,,
61084,MENO00938,MENO00938224,9/8/2023 13:55,3,274,18,shared_taps,47057,Nyaki West,Meru,North Imenti,Urban,,,,,,,,
61085,MESO00939,MESO00939224,11/13/2023 18:53,2,66,9,shared_taps,44304,Abogeta East,Meru,South Imenti,Urban,,,,,,,,
61086,MECE00940,MECE00940224,6/2/2024 16:19,4,179,31,shared_taps,69712,Abothuguchi Central,Meru,Central Imenti,Urban,,,,,,,,
61087,MESO00941,MESO00941224,3/3/2023 9:13,5,533,28,well,37904,Igoji East,Meru,South Imenti,Rural,,Clean,,,,,,
61088,METI00942,METI00942224,10/20/2023 9:16,1,443,44,river,38999,Akithii,Meru,Tigania West,Rural,,,,,,,,
61089,MENO00943,MENO00943224,7/6/2025 8:13,4,444,25,tap_in_home_broken,12870,Ntima East,Meru,North Imenti,Urban,,,,,,,,
61090,METI00944,METI00944224,12/21/2022 16:21,2,346,33,river,29665,Karama,Meru,Tigania East,Rural,,,,,,,,
61091,MESO00945,MESO00945224,4/15/2024 18:01,1,296,35,well,27334,Mitunguu,Meru,South Imenti,Urban,,Clean,,,,,,
61092,METI00946,METI00946224,5/7/2023 6:02,5,531,31,well,28735,Nkomo,Meru,Tigania West,Rural,,Contaminated:Biological,,,,,,
61093,MENO00947,MENO00947224,5/18/2022 8:51,3,359,15,river,28660,Nyaki East,Meru,North Imenti,Rural,,,,,,,,
61094,MECE00948,MECE00948224,6/24/2022 6:19,5,300,13,tap_in_home,32514,Abothuguchi West,Meru,Central Imenti,Urban,,,,,,,,
61095,MEIG00949,MEIG00949224,8/17/2023 14:40,3,420,2,shared_taps,36026,Kangeta,Meru,Igembe Central,Rural,,,,,,,,
61096,METI00950,METI00950224,12/10/2022 12:11,4,180,4,river,20933,Mbeu,Meru,Tigania West,Rural,,,,,,,,
61097,MEIG00951,MEIG00951224,12/8/2024 15:54,1,538,21,shared_taps,25389,Ntunene,Meru,Igembe North,Urban,,,,,,,,
61098,MEUN00952,MEUN00952224,10/18/2025 17:48,1,422,35,well,16701,unknown 5,Meru,unknown 5,Rural,,Contaminated:Biological,,,,,,
61099,METI00953,METI00953224,4/13/2022 10:12,5,38,43,tap_in_home_broken,38742,Mikinduri,Meru,Tigania East,Urban,,,,,,,,
61100,MEIG00954,MEIG00954224,6/25/2024 16:33,3,524,41,river,38104,Akirang'Ondu,Meru,Igembe Central,Rural,,,,,,,,
61101,METI00955,METI00955224,6/17/2024 8:56,2,473,26,tap_in_home,28391,Kiguchwa,Meru,Tigania East,Rural,,,,,,,,
61102,METI00956,METI00956224,6/2/2023 5:46,5,133,48,tap_in_home,55278,Thangatha,Meru,Tigania East,Urban,,,,,,,,
61103,MEIG00957,MEIG00957224,8/10/2025 15:14,5,302,7,river,35153,Kiegoi/Antubochiu,Meru,Igembe South,Rural,,,,,,,,
61104,MEIG00958,MEIG00958224,1/6/2025 19:17,5,189,12,shared_taps,35973,Akachiu,Meru,Igembe South,Urban,,,,,,,,
61105,MEIG00959,MEIG00959224,7/14/2023 16:30,3,4,42,river,48411,Maua,Meru,Igembe South,Rural,,,,,,,,
61106,MEIG00960,MEIG00960224,7/17/2022 19:36,1,532,5,river,33411,Kanuni,Meru,Igembe South,Rural,,,,,,,,
61107,MEIG00961,MEIG00961224,5/24/2024 8:38,1,204,19,shared_taps,64939,Igembe East,Meru,Igembe Central,Urban,,,,,,,,
61108,KIMW00962,KIMW00962224,5/17/2024 6:57,5,235,48,tap_in_home,18242,Tharaka,Kitui,Mwingi North,Urban,,,,,,,,
61109,MEIG00963,MEIG00963224,10/12/2023 7:28,5,197,6,shared_taps,48425,Athiru Ruujine,Meru,Igembe Central,Urban,,,,,,,,
61110,MEIG00964,MEIG00964224,1/23/2023 19:51,1,184,7,shared_taps,26640,Athiru Gaiti,Meru,Igembe South,Urban,,,,,,,,
61111,ISIS00965,ISIS00965224,7/25/2024 12:29,4,55,12,shared_taps,42598,Kinna,Isiolo,Isiolo South,Urban,,,,,,,,
61112,KIMW00966,KIMW00966224,3/1/2024 17:08,2,162,12,shared_taps,46147,Tseikuru,Kitui,Mwingi North,Rural,,,,,partially_functional,,,
61113,THCH00967,THCH00967224,2/13/2023 5:14,2,278,0,shared_taps,35674,Igambang'Ombe,Tharaka-Nithi,Chuka/Igambang'Ombe,Urban,,,,,,,,
61114,THIG00968,THIG00968224,12/17/2024 12:19,5,443,3,tap_in_home,29483,Akachiu,Tharaka-Nithi,Igembe South,Urban,,,,,,,,
61115,THMA00969,THMA00969224,6/20/2023 17:33,5,189,48,tap_in_home_broken,33846,Mwimbi,Tharaka-Nithi,Maara,Rural,,,,,,,,
61116,THTH00970,THTH00970224,4/19/2024 8:56,4,353,6,river,37101,Chiakariga,Tharaka-Nithi,Tharaka,Rural,,,,,,,,
61117,THTH00971,THTH00971224,8/12/2024 5:51,1,248,46,shared_taps,29768,Gatunga,Tharaka-Nithi,Tharaka,Urban,,,,,,,,
61118,THTH00972,THTH00972224,7/18/2025 18:19,2,89,43,tap_in_home_broken,35338,Mukothima,Tharaka-Nithi,Tharaka,Urban,,,,,,,,
61119,THTH00973,THTH00973224,9/12/2024 17:51,2,60,14,shared_taps,17375,Nkondi,Tharaka-Nithi,Tharaka,Rural,,,,,,,,
61120,NABA00974,NABA00974224,5/24/2023 11:55,3,502,41,tap_in_home,34948,Lanet/Umoja,Nakuru,Bahati,Urban,,,,,,,,
61121,NANA00975,NANA00975224,1/26/2023 7:21,5,370,31,river,10,Shaabab,Nakuru,Nakuru Town West,Urban,,,,,,,,
61122,NANA00976,NANA00976224,2/23/2023 19:22,1,340,20,tap_in_home,29,Kivumbini,Nakuru,Nakuru Town East,Urban,,,,,,,,
61123,NANA00977,NANA00977224,8/4/2025 13:34,1,3,43,tap_in_home,11,Flamingo,Nakuru,Nakuru Town East,Urban,,,,,,,,
61124,NANA00978,NANA00978224,3/11/2022 15:50,5,250,45,shared_taps,4078,Biashara,Nakuru,Nakuru Town East,Rural,,,,,,,,
61125,NANA00979,NANA00979224,6/12/2023 18:42,2,309,26,shared_taps,5370,Menengai,Nakuru,Nakuru Town East,Rural,,,,,,,,
61126,NANA00980,NANA00980224,8/13/2025 18:44,5,371,17,well,163,Rhoda,Nakuru,Nakuru Town West,Rural,,Clean,,,,,,
61127,NANA00981,NANA00981224,2/9/2023 17:00,4,212,21,shared_taps,8203,London,Nakuru,Nakuru Town East,Rural,,,,,,,,
61128,LALA00982,LALA00982224,12/17/2023 15:15,3,209,34,tap_in_home,50523,Tigithi,Laikipia,Laikipia East,Urban,,,,,,,,
61129,NABA00983,NABA00983224,4/1/2025 5:14,4,25,3,tap_in_home_broken,35663,Dundori,Nakuru,Bahati,Urban,,,,,,,,
61130,NABA00984,NABA00984224,2/7/2024 17:27,3,375,17,shared_taps,35676,Kabatini,Nakuru,Bahati,Rural,,,,,,,,
61131,LALA00985,LALA00985224,1/13/2024 13:03,5,345,20,tap_in_home,39291,Ngobit,Laikipia,Laikipia East,Urban,,,,,,,,
61132,NASU00986,NASU00986224,8/1/2024 6:16,4,106,41,tap_in_home,43665,Kabazi,Nakuru,Subukia,Urban,,,,,,,,
61133,NARO00987,NARO00987224,8/3/2025 19:29,4,96,17,shared_taps,33042,Solai,Nakuru,Rongai,Rural,,,,,functional,,,
61134,NASU00988,NASU00988224,5/6/2023 5:34,4,314,46,well,41787,Subukia,Nakuru,Subukia,Rural,,Clean,,,,,,
61135,LALA00989,LALA00989224,10/3/2022 12:23,3,491,5,shared_taps,27651,Thingithu,Laikipia,Laikipia East,Urban,,,,,,,,
61136,LALA00990,LALA00990224,10/3/2022 15:52,1,515,41,well,71433,Igwamiti,Laikipia,Laikipia West,Rural,,Contaminated: Chemical,,,,,,
61137,LALA00991,LALA00991224,6/21/2023 7:57,3,154,7,well,19630,Segera,Laikipia,Laikipia North,Rural,,Contaminated: Chemical,,,,,,
61138,LALA00992,LALA00992224,6/4/2024 18:45,4,377,41,tap_in_home_broken,38262,Salama,Laikipia,Laikipia West,Urban,,,,,,,,
61139,NASU00993,NASU00993224,12/19/2024 10:21,5,186,30,well,26043,Waseges,Nakuru,Subukia,Rural,,Contaminated:Biological,,,,,,
61140,LALA00994,LALA00994224,7/20/2022 16:24,5,387,44,well,62691,Marmanet,Laikipia,Laikipia West,Urban,,Clean,,,,,,
61141,LALA00995,LALA00995224,10/24/2022 18:10,5,352,25,river,30861,Rumuruti Township,Laikipia,Laikipia West,Urban,,,,,,,,
61142,LALA00996,LALA00996224,11/17/2024 9:42,3,229,11,river,33420,Sosian,Laikipia,Laikipia North,Rural,,,,,functional,,,
61143,LALA00997,LALA00997224,10/15/2024 12:30,3,101,44,tap_in_home_broken,31730,Ol-Moran,Laikipia,Laikipia West,Urban,,,,,partially_functional,,,
61144,NYKI00998,NYKI00998224,7/4/2024 7:32,5,373,22,river,32002,Wanjohi,Nyandarua,Kipipiri,Rural,,,,,,,,
61145,NYND00999,NYND00999224,9/4/2024 15:48,1,334,25,well,32410,Central,Nyandarua,Ndaragwa,Urban,,Clean,,,,,,
61146,NYND01000,NYND01000224,3/9/2023 17:59,1,472,3,shared_taps,24649,Kiriita,Nyandarua,Ndaragwa,Rural,,,,,,,,
61147,NYND01001,NYND01001224,9/18/2024 7:56,2,86,6,shared_taps,22731,Leshau/Pondo,Nyandarua,Ndaragwa,Urban,,,,,,,,
61148,NYND01002,NYND01002224,8/1/2023 6:40,3,50,11,well,26182,Shamata,Nyandarua,Ndaragwa,Rural,,Contaminated: Chemical,,,,,,
61149,NYOL01003,NYOL01003224,5/24/2024 10:49,5,324,34,river,34635,Charagita,Nyandarua,Ol Jorok,Rural,,,,,,,,
61150,NYOL01004,NYOL01004224,1/21/2023 17:00,2,465,39,tap_in_home_broken,25287,Gathanji,Nyandarua,Ol Jorok,Rural,,,,,,,,
61151,NYOL01005,NYOL01005224,5/19/2022 11:28,2,276,5,tap_in_home_broken,28326,Gatimu,Nyandarua,Ol Jorok,Rural,,,,,,,,
61152,NYOL01006,NYOL01006224,8/2/2022 15:07,1,132,33,tap_in_home,36383,Weru,Nyandarua,Ol Jorok,Urban,,,,,,,,
61153,NYOL01007,NYOL01007224,2/11/2022 9:54,5,285,32,river,35071,Kanjuiri Range,Nyandarua,Ol Kalou,Urban,,,,,,,,
61154,NYOL01008,NYOL01008224,2/15/2024 19:54,4,420,20,well,26624,Mirangine,Nyandarua,Ol Kalou,Rural,,Contaminated:Biological,,,functional,,,
61155,NYOL01009,NYOL01009224,10/5/2023 8:12,5,240,42,tap_in_home,30287,Rurii,Nyandarua,Ol Kalou,Urban,,,,,,,,
61156,NYKI01010,NYKI01010224,4/10/2022 9:43,1,356,16,shared_taps,21430,Gatarakwa,Nyeri,Kieni,Urban,,,,,,,,
61157,NYKI01011,NYKI01011224,4/23/2023 5:45,4,343,42,well,28869,Mugunda,Nyeri,Kieni,Rural,,Contaminated:Biological,,,,,,
61158,NYKI01012,NYKI01012224,4/9/2025 9:49,5,511,31,tap_in_home,27081,Mwiyogo/Endarasha,Nyeri,Kieni,Urban,,,,,,,,
61159,LALA01013,LALA01013224,5/28/2022 6:44,1,389,23,shared_taps,36649,Githiga,Laikipia,Laikipia West,Urban,,,,,,,,
61160,ISIS01014,ISIS01014224,9/27/2022 14:26,3,335,38,tap_in_home,45150,Cherab,Isiolo,Isiolo North,Urban,,,,,partially_functional,,,
61161,ISIS01015,ISIS01015224,12/17/2025 13:25,2,64,36,tap_in_home,43991,Garbatulla,Isiolo,Isiolo South,Urban,,,,,,,,
61162,ISIS01016,ISIS01016224,1/16/2022 16:25,1,212,44,shared_taps,37685,Sericho,Isiolo,Isiolo South,Urban,,,,,,,,
61163,GALA01017,GALA01017224,5/18/2023 5:37,1,506,33,river,11263,Benane,Garissa,Lagdera,Rural,,,,,,,,
61164,GABA01018,GABA01018224,5/3/2022 13:29,4,176,11,river,8320,Danyere,Garissa,Balambala,Rural,,,,,,,,
61165,GABA01019,GABA01019224,8/25/2023 15:42,5,503,27,tap_in_home,3112,Jara Jara,Garissa,Balambala,Urban,,,,,,,,
61166,GALA01020,GALA01020224,5/23/2024 19:22,2,95,40,tap_in_home_broken,4069,Modogashe,Garissa,Lagdera,Urban,,,,,,,,
61167,GALA01021,GALA01021224,5/16/2025 16:16,1,455,22,shared_taps,16669,Maalimin,Garissa,Lagdera,Rural,,,,,,,,
61168,GABA01022,GABA01022224,1/2/2022 12:30,2,475,21,tap_in_home,5753,Balambala,Garissa,Balambala,Urban,,,,,,,,
61169,GABA01023,GABA01023224,1/6/2024 9:55,5,173,47,well,1403,Saka,Garissa,Balambala,Rural,,Contaminated: Chemical,,,,,,
61170,GALA01024,GALA01024224,4/20/2022 6:28,2,266,23,river,5966,Sabena,Garissa,Lagdera,Rural,,,,,,,,
61171,GALA01025,GALA01025224,11/15/2023 11:00,2,329,38,tap_in_home,10775,Goreale,Garissa,Lagdera,Urban,,,,,,,,
61172,GABA01026,GABA01026224,9/8/2022 19:22,5,63,48,shared_taps,3527,Sankuri,Garissa,Balambala,Rural,,,,,,,,
61173,GADA01027,GADA01027224,11/11/2024 15:06,2,172,34,tap_in_home,16000,Dertu,Garissa,Daadab,Urban,,,,,,,,
61174,GALA01028,GALA01028224,4/21/2024 17:58,4,260,41,tap_in_home,34,Baraki,Garissa,Lagdera,Urban,,,,,,,,
61175,GADA01029,GADA01029224,4/6/2023 11:24,1,144,33,river,21274,Abakaile,Garissa,Daadab,Rural,,,,,,,,
61176,GADA01030,GADA01030224,11/20/2024 10:04,4,216,45,tap_in_home,68839,Labasigale,Garissa,Daadab,Rural,,,,,functional,,,
61177,GADA01031,GADA01031224,9/5/2022 8:17,1,96,31,tap_in_home,36852,Dadaab,Garissa,Daadab,Urban,,,,,functional,,,
61178,GADA01032,GADA01032224,5/16/2022 8:12,3,309,23,river,14988,Damajale,Garissa,Daadab,Urban,,,,,,,,
61179,GADA01033,GADA01033224,5/15/2025 15:44,4,209,33,tap_in_home_broken,17907,Liboi,Garissa,Daadab,Urban,,,,,,,,
61180,WAEL01034,WAEL01034224,10/4/2024 11:45,4,334,4,river,30294,Elnur/Tula Tula,Wajir,Eldas,Urban,,,,,,,,
61181,WATA01035,WATA01035224,6/26/2023 8:04,1,367,31,shared_taps,13973,Tarbaj,Wajir,Tarbaj,Urban,,,,,,,,
61182,WAWA01036,WAWA01036224,5/3/2025 14:45,2,518,5,tap_in_home,12649,Barwago,Wajir,Wajir East,Urban,,,,,,,,
61183,WAWA01037,WAWA01037224,10/13/2024 16:05,4,364,37,tap_in_home,35004,Khorof/Harar,Wajir,Wajir East,Urban,,,,,,,,
61184,WAWA01038,WAWA01038224,7/22/2025 14:15,5,378,10,shared_taps,17623,Township,Wajir,Wajir East,Urban,,,,,,,,
61185,WAWA01039,WAWA01039224,12/12/2023 16:29,4,85,8,shared_taps,25849,Wagberi,Wajir,Wajir East,Rural,,,,,,,,
61186,WAWA01040,WAWA01040224,4/1/2024 7:14,2,6,28,tap_in_home_broken,73211,Benane,Wajir,Wajir South,Urban,,,,,,,,
61187,WAWA01041,WAWA01041224,3/10/2022 8:06,4,283,23,shared_taps,23797,Burder,Wajir,Wajir South,Rural,,,,,,,,
61188,WAWA01042,WAWA01042224,2/9/2022 9:57,2,438,24,tap_in_home,21493,Dadaja Bulla,Wajir,Wajir South,Urban,,,,,,,,
61189,WAWA01043,WAWA01043224,10/27/2024 15:30,3,374,35,shared_taps,31524,Diif,Wajir,Wajir South,Urban,,,,,,,,
61190,WAWA01044,WAWA01044224,7/7/2022 9:45,1,296,14,shared_taps,86121,Habasswein,Wajir,Wajir South,Urban,,,,,functional,,,
61191,WAWA01045,WAWA01045224,6/12/2024 9:51,2,207,42,river,46914,Ibrahim Ure,Wajir,Wajir South,Rural,,,,,,,,
61192,WAWA01046,WAWA01046224,7/11/2023 17:07,1,73,14,shared_taps,57517,Lagboghol South,Wajir,Wajir South,Urban,,,,,functional,,,
61193,WAWA01047,WAWA01047224,5/7/2023 14:11,1,113,20,shared_taps,43851,Adamasajide,Wajir,Wajir West,Urban,,,,,,,,
61194,WAWA01048,WAWA01048224,4/4/2023 19:31,1,221,4,tap_in_home,20151,Arbajahan,Wajir,Wajir West,Urban,,,,,functional,,,
61195,WAWA01049,WAWA01049224,12/8/2023 13:16,1,38,16,river,31649,Ganyure/Wagalla,Wajir,Wajir West,Rural,,,,,functional,,,
61196,WAWA01050,WAWA01050224,3/24/2023 8:57,1,315,31,shared_taps,20848,Hadado/Athibohol,Wajir,Wajir West,Rural,,,,,functional,,,
61197,KEKI01051,KEKI01051224,12/3/2024 17:21,5,298,27,river,25032,Tendeno/Sorget,Kericho,Kipkelion East,Rural,,,,,,,,
61198,ELKE01052,ELKE01052224,3/11/2024 8:35,5,64,40,river,21332,Kabiemit,Elgeyo-Marakwet,Keiyo South,Rural,,,,,,,,
61199,KEKI01053,KEKI01053224,11/24/2023 6:48,5,436,48,shared_taps,35324,Londiani,Kericho,Kipkelion East,Rural,,,,,,,,
61200,ELKE01054,ELKE01054224,9/3/2024 13:19,2,292,3,river,18287,Soy North,Elgeyo-Marakwet,Keiyo South,Rural,,,,,,,,
61201,ELKE01055,ELKE01055224,10/10/2023 17:23,5,90,24,shared_taps,13887,Metkei,Elgeyo-Marakwet,Keiyo South,Urban,,,,,,,,
61202,BAEL01056,BAEL01056224,10/13/2023 12:54,5,459,15,shared_taps,25615,Mumberes/Maji Mazuri,Baringo,Eldama Ravine,Urban,,,,,,,,
61203,ELKE01057,ELKE01057224,8/24/2023 17:56,2,322,20,shared_taps,26504,Soy South,Elgeyo-Marakwet,Keiyo South,Rural,,,,,,,,
61204,BAEL01058,BAEL01058224,1/10/2023 6:04,4,9,46,well,42906,Lembus Kwen,Baringo,Eldama Ravine,Rural,,Contaminated: Chemical,,,,,,
61205,NAKU01059,NAKU01059224,5/2/2022 15:53,1,358,15,shared_taps,47496,Kamara,Nakuru,Kuresoi North,Urban,,,,,,,,
61206,BAMO01060,BAMO01060224,1/13/2025 17:24,4,153,45,well,19698,Mogotio,Baringo,Mogotio,Rural,,Clean,,,,,,
61207,BAEL01061,BAEL01061224,8/21/2024 17:10,5,105,5,river,19884,Ravine,Baringo,Eldama Ravine,Rural,,,,,,,,
61208,BAEL01062,BAEL01062224,12/3/2023 15:05,3,83,16,tap_in_home_broken,25893,Lembus/Perkerra,Baringo,Eldama Ravine,Urban,,,,,,,,
61209,BAEL01063,BAEL01063224,12/18/2023 7:58,3,177,16,shared_taps,18131,Koibatek,Baringo,Eldama Ravine,Rural,,,,,,,,
61210,BAMO01064,BAMO01064224,9/15/2024 17:06,1,166,18,shared_taps,25746,Emining,Baringo,Mogotio,Rural,,,,,,,,
61211,BA8001065,BA8001065224,6/18/2023 6:56,2,202,0,tap_in_home,28336,Lembus,Baringo,805,Urban,,,,,,,,
61212,NARO01066,NARO01066224,5/22/2022 18:51,4,432,38,shared_taps,45222,Soin,Nakuru,Rongai,Urban,,,,,,,,
61213,NARO01067,NARO01067224,4/26/2024 17:31,4,282,19,well,30969,Menengai West,Nakuru,Rongai,Rural,,Clean,,,,,,
61214,BAMO01068,BAMO01068224,6/17/2023 15:25,3,526,20,river,27601,Kisanana,Baringo,Mogotio,Urban,,,,,,,,
61215,NABA01069,NABA01069224,12/20/2023 12:27,3,388,5,shared_taps,58919,Kiamaina,Nakuru,Bahati,Urban,,,,,functional,,,
61216,NABA01070,NABA01070224,12/6/2022 10:15,5,228,42,well,35226,Bahati,Nakuru,Bahati,Rural,,Contaminated: Chemical,,,,,,
61217,NANA01071,NANA01071224,4/13/2022 11:18,4,387,25,river,10533,Kaptembwo,Nakuru,Nakuru Town West,Rural,,,,,,,,
61218,UAAI01072,UAAI01072224,10/6/2024 11:14,2,136,28,shared_taps,52350,Ainabkoi/Olare,Uasin Gishu,Ainabkoi,Urban,,,,,functional,,,
61219,BABA01073,BABA01073224,5/15/2023 7:55,3,355,33,tap_in_home,9702,Tenges,Baringo,Baringo Central,Urban,,,,,,,,
61220,UAKE01074,UAKE01074224,5/12/2022 7:21,3,101,30,shared_taps,71607,Tarakwa,Uasin Gishu,Kesses,Rural,,,,,functional,,,
61221,ELKE01075,ELKE01075224,10/2/2025 5:45,5,473,7,tap_in_home_broken,21875,Kaptarakwa,Elgeyo-Marakwet,Keiyo South,Urban,,,,,,,,
61222,ELKE01076,ELKE01076224,3/24/2023 7:59,4,409,36,tap_in_home,29493,Chepkorio,Elgeyo-Marakwet,Keiyo South,Urban,,,,,,,,
61223,KIKI01077,KIKI01077224,7/19/2024 18:34,3,116,42,tap_in_home_broken,35123,Kolwa East,Kisumu,Kisumu East,Urban,,,,,partially_functional,,,
61224,KIMU01078,KIMU01078224,10/7/2023 7:07,5,171,22,tap_in_home_broken,34466,Ombeyi,Kisumu,Muhoroni,Rural,,,,,partially_functional,,,
61225,KIMU01079,KIMU01079224,3/24/2023 13:03,3,395,11,shared_taps,45326,Masogo/Nyang'Oma,Kisumu,Muhoroni,Rural,,,,,partially_functional,,,
61226,KIMU01080,KIMU01080224,11/19/2022 8:17,4,24,45,shared_taps,32713,Chemelil,Kisumu,Muhoroni,Rural,,,,,functional,,,
61227,NATI01081,NATI01081224,3/26/2024 19:44,2,468,31,tap_in_home,32229,Tindiret,Nandi,Tinderet,Urban,,,,,,,,
61228,NATI01082,NATI01082224,2/19/2022 11:06,3,399,9,well,55537,Songhor/Soba,Nandi,Tinderet,Rural,,Contaminated: Chemical,,,,,,
61229,KIMU01083,KIMU01083224,5/19/2022 5:04,2,226,3,shared_taps,14557,Miwani,Kisumu,Muhoroni,Urban,,,,,partially_functional,,,
61230,NATI01084,NATI01084224,3/22/2022 10:32,4,350,14,river,17361,Chemelil/Chemase,Nandi,Tinderet,Rural,,,,,,,,
61231,NAAL01085,NAAL01085224,3/18/2025 15:20,5,114,7,tap_in_home,46711,Kemeloi-Maraba,Nandi,Aldai,Rural,,,,,functional,,,
61232,NAAL01086,NAAL01086224,3/20/2024 16:16,2,150,11,tap_in_home,29520,Terik,Nandi,Aldai,Urban,,,,,partially_functional,,,
61233,NAAL01087,NAAL01087224,9/18/2024 10:54,3,376,46,river,29515,Koyo-Ndurio,Nandi,Aldai,Rural,,,,,,,,
61234,NAAL01088,NAAL01088224,9/24/2023 18:20,3,408,15,tap_in_home,32819,Kobujoi,Nandi,Aldai,Rural,,,,,,,,
61235,NANA01089,NANA01089224,5/5/2023 18:40,5,35,5,shared_taps,23123,Kapchorua,Nandi,Nandi Hills,Rural,,,,,,,,
61236,NATI01090,NATI01090224,5/24/2023 17:07,5,345,16,tap_in_home_broken,27957,Kapsimotwo,Nandi,Tinderet,Urban,,,,,,,,
61237,NAAL01091,NAAL01091224,7/14/2023 18:56,5,137,42,well,28677,Kaptumo-Kaboi,Nandi,Aldai,Urban,,Contaminated:Biological,,,,,,
61238,NANA01092,NANA01092224,1/3/2024 12:05,2,191,41,shared_taps,42295,Chepkunyuk,Nandi,Nandi Hills,Urban,,,,,,,,
61239,NANA01093,NANA01093224,6/27/2024 14:24,1,508,25,river,43001,Nandi Hills,Nandi,Nandi Hills,Urban,,,,,,,,
61240,NAAL01094,NAAL01094224,5/4/2025 9:46,3,43,9,shared_taps,35625,Kabwareng,Nandi,Aldai,Urban,,,,,functional,,,
61241,NAEM01095,NAEM01095224,1/18/2025 13:07,5,245,31,well,25495,Chepkumia,Nandi,Emgwen,Urban,,Contaminated:Biological,,,functional,,,
61242,NAEM01096,NAEM01096224,10/1/2022 12:13,2,312,9,tap_in_home,57785,Kapsabet,Nandi,Emgwen,Urban,,,,,,,,
61243,NANA01097,NANA01097224,10/6/2023 19:10,4,242,22,tap_in_home_broken,25942,Ol'Lessos,Nandi,Nandi Hills,Urban,,,,,,,,
61244,NAEM01098,NAEM01098224,11/23/2022 17:10,4,104,47,shared_taps,59860,Kilibwoni,Nandi,Emgwen,Urban,,,,,,,,
61245,NACH01099,NACH01099224,11/11/2025 17:59,5,42,29,tap_in_home_broken,34908,Kiptuya,Nandi,Chesumei,Urban,,,,,,,,
61246,NAEM01100,NAEM01100224,1/14/2022 7:08,1,164,41,shared_taps,31816,Kapkangani,Nandi,Emgwen,Urban,,,,,unknown,,,
61247,KASH01101,KASH01101224,2/27/2025 10:59,1,243,48,shared_taps,19964,Isukha East,Kakamega,Shinyalu,Rural,,,,,functional,,,
61248,KASH01102,KASH01102224,1/19/2024 17:25,2,271,35,well,37438,Isukha Central,Kakamega,Shinyalu,Rural,,Clean,,,partially_functional,,,
61249,NACH01103,NACH01103224,12/18/2025 15:04,2,118,19,tap_in_home,24349,Chemundu/Kapng'Etuny,Nandi,Chesumei,Urban,,,,,,,,
61250,NACH01104,NACH01104224,10/24/2024 12:35,5,420,12,shared_taps,49918,Kaptel/Kamoiywo,Nandi,Chesumei,Urban,,,,,,,,
61251,BABA01105,BABA01105224,8/23/2025 6:20,1,125,47,shared_taps,26203,Ewalel/Chapchap,Baringo,Baringo Central,Rural,,,,,,,,
61252,KASH01106,KASH01106224,4/19/2025 5:24,5,391,10,well,28073,Murhanda,Kakamega,Shinyalu,Rural,,Contaminated:Biological,,,partially_functional,,,
61253,NACH01107,NACH01107224,7/19/2024 8:04,1,319,24,tap_in_home,30355,Lelmokwo/Ngechek,Nandi,Chesumei,Urban,,,,,,,,
61254,NAMO01108,NAMO01108224,4/13/2022 18:56,3,287,31,shared_taps,27218,Sangalo/Kebulonik,Nandi,Mosop,Urban,,,,,functional,,,
61255,KASH01109,KASH01109224,2/13/2025 16:21,5,499,18,shared_taps,29213,Isukha North,Kakamega,Shinyalu,Rural,,,,,functional,,,
61256,KAMA01110,KAMA01110224,3/13/2022 19:10,4,454,40,river,29097,East Kabras,Kakamega,Malava,Rural,,,,,functional,,,
61257,NACH01111,NACH01111224,7/25/2025 19:57,5,311,6,river,38629,Kosirai,Nandi,Chesumei,Rural,,,,,,,,
61258,NAMO01112,NAMO01112224,7/9/2024 8:22,1,449,17,river,23944,Kabisaga,Nandi,Mosop,Rural,,,,,,,,
61259,UAKA01113,UAKA01113224,11/6/2022 14:09,3,34,24,tap_in_home_broken,18156,Megun,Uasin Gishu,Kapseret,Urban,,,,,,,,
61260,UAKA01114,UAKA01114224,5/1/2025 18:37,4,6,12,shared_taps,40750,Ngeria,Uasin Gishu,Kapseret,Urban,,,,,,,,
61261,UAKA01115,UAKA01115224,12/27/2025 11:55,2,205,17,tap_in_home,29375,Simat/Kapseret,Uasin Gishu,Kapseret,Urban,,,,,,,,
61262,UAKE01116,UAKE01116224,8/10/2025 17:03,3,245,10,shared_taps,46189,Racecourse,Uasin Gishu,Kesses,Rural,,,,,,,,
61263,UAKE01117,UAKE01117224,7/19/2023 14:07,4,430,13,river,52333,Tulwet/Chuiyat,Uasin Gishu,Kesses,Rural,,,,,,,,
61264,VIHA01118,VIHA01118224,8/28/2025 13:44,4,243,42,well,28212,Banja,Vihiga,Hamisi,Rural,,Contaminated: Chemical,,,functional,,,
61265,VIHA01119,VIHA01119224,2/7/2022 16:48,3,156,25,tap_in_home,18712,Muhudu,Vihiga,Hamisi,Urban,,,,,functional,,,
61266,VIHA01120,VIHA01120224,6/4/2024 11:46,2,162,33,shared_taps,30993,Shamakhokho,Vihiga,Hamisi,Rural,,,,,functional,,,
61267,VIHA01121,VIHA01121224,4/16/2025 15:27,1,105,34,shared_taps,20770,Shiru,Vihiga,Hamisi,Urban,,,,,partially_functional,,,
61268,NAMO01122,NAMO01122224,12/18/2025 14:12,2,355,36,shared_taps,26550,Kurgung/Surungai,Nandi,Mosop,Urban,,,,,,,,
61269,NAMO01123,NAMO01123224,12/16/2022 17:48,5,181,33,tap_in_home,26557,Kabiyet,Nandi,Mosop,Urban,,,,,,,,
61270,BUBU01124,BUBU01124224,11/26/2023 8:24,1,57,5,river,19739,Bunyala South,Busia,Budalangi,Rural,,,,,partially_functional,,,
61271,BUBU01125,BUBU01125224,6/15/2024 11:15,2,238,10,shared_taps,16290,Bunyala Central,Busia,Budalangi,Urban,,,,,partially_functional,,,
61272,BUBU01126,BUBU01126224,4/27/2022 13:19,2,192,1,shared_taps,29928,Bunyala West,Busia,Budalangi,Urban,,,,,partially_functional,,,
61273,BUBU01127,BUBU01127224,10/20/2023 11:37,4,7,19,shared_taps,30358,Bunyala North,Busia,Budalangi,Urban,,,,,partially_functional,,,
61274,BUFU01128,BUFU01128224,1/25/2025 5:58,5,44,36,shared_taps,25049,Bwiri,Busia,Funyula,Rural,,,,,partially_functional,,,
61275,BUFU01129,BUFU01129224,5/16/2022 9:21,5,230,26,well,31810,Ageng'A Nanguba,Busia,Funyula,Rural,,Contaminated: Chemical,,,partially_functional,,,
61276,BUFU01130,BUFU01130224,10/28/2024 5:10,5,358,29,river,30452,Nangina,Busia,Funyula,Urban,,,,,partially_functional,,,
61277,BUBU01131,BUBU01131224,10/9/2022 7:31,3,210,22,shared_taps,27099,Marachi West,Busia,Butula,Rural,,,,,partially_functional,,,
61278,BUFU01132,BUFU01132224,11/13/2023 5:31,4,290,37,shared_taps,30319,Namboboto Nambuku,Busia,Funyula,Urban,,,,,partially_functional,,,
61279,BUMA01133,BUMA01133224,12/9/2023 8:45,3,303,27,well,43692,Matayos South,Busia,Matayos,Rural,,Contaminated:Biological,,,partially_functional,,,
61280,BUBU01134,BUBU01134224,7/23/2025 6:10,1,259,26,well,32494,Marachi East,Busia,Butula,Rural,,Clean,,,partially_functional,,,
61281,BUBU01135,BUBU01135224,3/14/2025 12:31,1,140,0,tap_in_home,28505,Marachi Central,Busia,Butula,Urban,,,,,partially_functional,,,
61282,BUBU01136,BUBU01136224,3/11/2025 11:12,5,172,21,shared_taps,19991,Kingandole,Busia,Butula,Rural,,,,,partially_functional,,,
61283,BUBU01137,BUBU01137224,11/15/2025 14:11,4,314,28,river,30313,Marachi North,Busia,Butula,Rural,,,,,partially_functional,,,
61284,BUBU01138,BUBU01138224,4/16/2022 6:22,5,124,10,well,16542,Elugulu,Busia,Butula,Rural,,Contaminated:Biological,,,partially_functional,,,
61285,BUMA01139,BUMA01139224,3/23/2024 14:39,4,386,40,tap_in_home_broken,56014,Bukhayo West,Busia,Matayos,Urban,,,,,partially_functional,,,
61286,BUMA01140,BUMA01140224,5/28/2025 8:50,3,79,21,tap_in_home_broken,17133,Busibwabo,Busia,Matayos,Urban,,,,,partially_functional,,,
61287,BUNA01141,BUNA01141224,11/26/2022 16:26,2,258,44,well,24408,Bukhayo Central,Busia,Nambale,Rural,,Clean,,,partially_functional,,,
61288,BUMA01142,BUMA01142224,3/17/2022 9:11,3,66,35,shared_taps,9535,Mayenje,Busia,Matayos,Urban,,,,,partially_functional,,,
61289,BUNA01143,BUNA01143224,5/24/2025 12:19,2,300,0,shared_taps,41987,Nambale Township,Busia,Nambale,Urban,,,,,partially_functional,,,
61290,BUMA01144,BUMA01144224,10/23/2022 14:14,3,173,14,tap_in_home,7843,Burumba,Busia,Matayos,Urban,,,,,functional,,,
61291,KABU01145,KABU01145224,5/24/2025 9:57,2,214,45,tap_in_home,25657,Marama South,Kakamega,Butere,Rural,,,,,partially_functional,,,
61292,KABU01146,KABU01146224,3/1/2022 19:15,5,439,0,tap_in_home,55839,Marama Central,Kakamega,Butere,Urban,,,,,partially_functional,,,
61293,KAKH01147,KAKH01147224,11/16/2024 6:20,1,490,23,river,24508,Kisa West,Kakamega,Khwisero,Rural,,,,,partially_functional,,,
61294,KABU01148,KABU01148224,3/11/2023 9:27,5,376,36,river,28912,Marenyo - Shianda,Kakamega,Butere,Rural,,,,,partially_functional,,,
61295,KAKH01149,KAKH01149224,6/14/2024 18:05,2,9,39,tap_in_home_broken,50804,Kisa Central,Kakamega,Khwisero,Rural,,,,,partially_functional,,,
61296,KABU01150,KABU01150224,10/25/2024 15:46,2,1,10,tap_in_home,36189,Marama West,Kakamega,Butere,Urban,,,,,partially_functional,,,
61297,KABU01151,KABU01151224,8/21/2025 19:51,2,165,34,tap_in_home,25841,Marama North,Kakamega,Butere,Urban,,,,,partially_functional,,,
61298,KAKH01152,KAKH01152224,4/13/2025 8:25,4,472,29,tap_in_home,24936,Kisa East,Kakamega,Khwisero,Urban,,,,,partially_functional,,,
61299,KAKH01153,KAKH01153224,3/26/2025 7:59,3,365,5,river,22719,Kisa North,Kakamega,Khwisero,Urban,,,,,partially_functional,,,
61300,KALU01154,KALU01154224,11/25/2025 7:07,5,389,29,river,24708,Butsotso South,Kakamega,Lurambi,Rural,,,,,partially_functional,,,
61301,KALU01155,KALU01155224,11/24/2024 11:39,4,294,48,shared_taps,39639,Butsotso Central,Kakamega,Lurambi,Urban,,,,,partially_functional,,,
61302,KAIK01156,KAIK01156224,5/24/2023 16:03,5,496,38,well,30124,Idakho North,Kakamega,Ikolomani,Rural,,Contaminated: Chemical,,,partially_functional,,,
61303,BABA01157,BABA01157224,6/2/2024 13:26,3,489,35,tap_in_home_broken,30762,Kapropita,Baringo,Baringo Central,Rural,,,,,,,,
61304,KAIK01158,KAIK01158224,4/19/2025 12:46,3,123,29,shared_taps,37243,Idakho Central,Kakamega,Ikolomani,Urban,,,,,partially_functional,,,
61305,KAIK01159,KAIK01159224,4/23/2022 6:27,5,511,39,tap_in_home_broken,22965,Idakho South,Kakamega,Ikolomani,Urban,,,,,partially_functional,,,
61306,KALU01160,KALU01160224,6/4/2024 15:39,3,521,19,shared_taps,19136,Shirere,Kakamega,Lurambi,Urban,,,,,partially_functional,,,
61307,KALU01161,KALU01161224,3/8/2022 11:53,5,494,9,shared_taps,28808,Butsotso East,Kakamega,Lurambi,Urban,,,,,partially_functional,,,
61308,KAIK01162,KAIK01162224,5/21/2025 18:50,2,57,27,river,34127,Idakho East,Kakamega,Ikolomani,Urban,,,,,partially_functional,,,
61309,KALU01163,KALU01163224,8/21/2023 18:41,4,9,41,shared_taps,40244,Sheywe,Kakamega,Lurambi,Urban,,,,,partially_functional,,,
61310,KALU01164,KALU01164224,2/27/2022 8:24,1,36,34,well,14757,Mahiakalo,Kakamega,Lurambi,Urban,,Clean,,,partially_functional,,,
61311,KAMA01165,KAMA01165224,5/20/2025 17:18,4,355,11,tap_in_home_broken,47198,South Kabras,Kakamega,Malava,Urban,,,,,partially_functional,,,
61312,KAMA01166,KAMA01166224,12/2/2024 19:19,1,430,33,well,33430,West Kabras,Kakamega,Malava,Rural,,Clean,,,functional,,,
61313,KAMA01167,KAMA01167224,10/25/2024 12:33,3,479,2,tap_in_home_broken,27151,Khalaba,Kakamega,Matungu,Urban,,,,,functional,,,
61314,KAMA01168,KAMA01168224,12/12/2022 19:20,4,182,44,tap_in_home,37020,Kholera,Kakamega,Matungu,Urban,,,,,partially_functional,,,
61315,KAMA01169,KAMA01169224,6/15/2025 13:06,4,76,40,shared_taps,49578,Koyonzo,Kakamega,Matungu,Urban,,,,,partially_functional,,,
61316,KAMA01170,KAMA01170224,5/14/2024 14:59,5,331,0,shared_taps,38643,Mayoni,Kakamega,Matungu,Urban,,,,,partially_functional,,,
61317,KAMA01171,KAMA01171224,10/14/2024 15:06,1,136,27,tap_in_home_broken,38878,Namamali,Kakamega,Matungu,Urban,,,,,partially_functional,,,
61318,KAMU01172,KAMU01172224,3/28/2025 10:01,4,282,41,river,43907,East Wanga,Kakamega,Mumias East,Rural,,,,,partially_functional,,,
61319,KAMU01173,KAMU01173224,2/21/2023 6:06,3,423,35,tap_in_home,53237,Lusheya/Lubinu,Kakamega,Mumias East,Rural,,,,,partially_functional,,,
61320,KAMU01174,KAMU01174224,3/28/2022 17:35,1,488,23,river,39297,Malaha/Isongo/Makunga,Kakamega,Mumias East,Rural,,,,,partially_functional,,,
61321,KAMU01175,KAMU01175224,2/16/2022 6:57,4,133,17,well,31565,Etenje,Kakamega,Mumias West,Rural,,Contaminated: Chemical,,,partially_functional,,,
61322,KAMU01176,KAMU01176224,10/23/2022 18:00,4,213,36,tap_in_home_broken,40579,Mumias Central,Kakamega,Mumias West,Urban,,,,,partially_functional,,,
61323,KAMU01177,KAMU01177224,9/2/2022 17:00,4,317,34,tap_in_home_broken,11652,Mumias North,Kakamega,Mumias West,Urban,,,,,partially_functional,,,
61324,KAMU01178,KAMU01178224,3/9/2024 11:31,3,346,25,tap_in_home_broken,34945,Musanda,Kakamega,Mumias West,Urban,,,,,functional,,,
61325,KANA01179,KANA01179224,11/15/2025 5:25,2,205,31,shared_taps,35850,Bunyala Central,Kakamega,Navakholo,Rural,,,,,partially_functional,,,
61326,KANA01180,KANA01180224,3/25/2023 15:28,5,1,0,tap_in_home,28291,Bunyala East,Kakamega,Navakholo,Urban,,,,,partially_functional,,,
61327,KANA01181,KANA01181224,2/18/2025 6:58,4,61,42,river,46709,Bunyala West,Kakamega,Navakholo,Urban,,,,,partially_functional,,,
61328,KANA01182,KANA01182224,4/4/2022 8:56,1,225,48,tap_in_home_broken,28854,Ingostse-Mathia,Kakamega,Navakholo,Urban,,,,,partially_functional,,,
61329,KANA01183,KANA01183224,8/3/2024 10:03,2,356,21,river,33749,Shinoyi-Shikomari-Esumeyia,Kakamega,Navakholo,Rural,,,,,partially_functional,,,
61330,KASH01184,KASH01184224,2/28/2025 9:18,5,360,36,well,39596,Isukha South,Kakamega,Shinyalu,Urban,,Contaminated: Chemical,,,functional,,,
61331,KASH01185,KASH01185224,8/7/2023 16:56,4,90,47,well,22017,Isukha West,Kakamega,Shinyalu,Rural,,Contaminated:Biological,,,functional,,,
61332,BABA01186,BABA01186224,6/9/2022 16:46,1,45,22,shared_taps,32521,Mochongoi,Baringo,Baringo South,Rural,,,,,,,,
61333,BABA01187,BABA01187224,10/16/2025 15:01,4,463,17,river,38938,Marigat,Baringo,Baringo South,Rural,,,,,,,,
61334,UAKE01188,UAKE01188224,3/8/2022 11:05,5,280,11,well,36467,Cheptiret/Kipchamo,Uasin Gishu,Kesses,Rural,,Clean,,,,,,
61335,UAAI01189,UAAI01189224,1/2/2022 16:12,4,230,11,well,66874,Kaptagat,Uasin Gishu,Ainabkoi,Rural,,Contaminated:Biological,,,,,,
61336,BABA01190,BABA01190224,2/4/2024 12:53,2,370,9,river,16740,Sacho,Baringo,Baringo Central,Rural,,,,,,,,
61337,BABA01191,BABA01191224,11/15/2023 9:32,3,360,4,tap_in_home_broken,28969,Ilchamus,Baringo,Baringo South,Urban,,,,,non_functional,,,
61338,BABA01192,BABA01192224,5/6/2025 15:41,1,61,26,shared_taps,15730,Mukutani,Baringo,Baringo South,Urban,,,,,non_functional,,,
61339,BABA01193,BABA01193224,12/5/2025 9:10,3,113,30,shared_taps,19057,Kabarnet,Baringo,Baringo Central,Urban,,,,,,,,
61340,UAKA01194,UAKA01194224,9/23/2023 19:08,2,30,5,well,36783,Kipkenyo,Uasin Gishu,Kapseret,Urban,,Contaminated: Chemical,,,,,,
61341,UAKA01195,UAKA01195224,5/4/2025 18:07,3,95,39,river,21690,Langas,Uasin Gishu,Kapseret,Rural,,,,,,,,
61342,UAAI01196,UAAI01196224,12/15/2024 7:10,5,437,10,well,24010,Kapsoya,Uasin Gishu,Ainabkoi,Rural,,Contaminated:Biological,,,functional,,,
61343,UAMO01197,UAMO01197224,11/26/2022 19:24,3,119,38,shared_taps,41173,Tembelio,Uasin Gishu,Moiben,Rural,,,,,,,,
61344,UAMO01198,UAMO01198224,9/6/2024 16:20,4,474,12,shared_taps,22555,Kimumu,Uasin Gishu,Moiben,Urban,,,,,functional,,,
61345,UATU01199,UATU01199224,1/13/2022 17:12,2,484,13,river,315,Huruma,Uasin Gishu,Turbo,Rural,,,,,,,,
61346,UASO01200,UASO01200224,8/1/2024 5:12,3,101,12,tap_in_home,41861,Kuinet/Kapsuswa,Uasin Gishu,Soy,Urban,,,,,functional,,,
61347,ELKE01201,ELKE01201224,6/6/2025 8:33,3,445,26,shared_taps,40520,Kamariny,Elgeyo-Marakwet,Keiyo North,Urban,,,,,,,,
61348,UATU01202,UATU01202224,4/26/2023 8:46,1,446,35,tap_in_home,15180,Kapsaos,Uasin Gishu,Turbo,Urban,,,,,functional,,,
61349,ELKE01203,ELKE01203224,2/14/2025 7:58,3,497,37,river,25344,Tambach,Elgeyo-Marakwet,Keiyo North,Urban,,,,,,,,
61350,UATU01204,UATU01204224,2/10/2025 10:08,2,33,37,river,42207,Kiplombe,Uasin Gishu,Turbo,Rural,,,,,functional,,,
61351,MEIG01205,MEIG01205224,4/23/2025 8:32,2,38,32,tap_in_home_broken,43614,Antubetwe Kiongo,Meru,Igembe North,Urban,,,,,,,,
61352,MEIG01206,MEIG01206224,12/17/2023 5:49,2,50,16,river,31209,Antuambui,Meru,Igembe North,Urban,,,,,,,,
61353,ISIS01207,ISIS01207224,9/21/2022 8:16,4,176,10,tap_in_home,40973,Wabera,Isiolo,Isiolo North,Urban,,,,,,,,
61354,ISIS01208,ISIS01208224,1/5/2024 5:58,5,245,30,river,37532,Bulla Pesa,Isiolo,Isiolo North,Rural,,,,,,,,
61355,LALA01209,LALA01209224,12/27/2023 18:33,4,361,30,well,14149,Mugogodo West,Laikipia,Laikipia North,Rural,,Contaminated: Chemical,,,,,,
61356,MEIG01210,MEIG01210224,12/11/2023 14:30,2,427,22,shared_taps,52909,Naathu,Meru,Igembe North,Rural,,,,,,,,
61357,MEIG01211,MEIG01211224,6/11/2025 10:52,3,277,37,shared_taps,47777,Amwathi,Meru,Igembe North,Urban,,,,,,,,
61358,ISIS01212,ISIS01212224,12/5/2025 19:48,4,304,34,shared_taps,11648,Ngare Mara,Isiolo,Isiolo North,Urban,,,,,functional,,,
61359,ISIS01213,ISIS01213224,12/11/2022 7:40,5,293,43,river,26817,Oldo/Nyiro,Isiolo,Isiolo North,Rural,,,,,non_functional,,,
61360,ISIS01214,ISIS01214224,7/23/2023 19:37,3,510,36,river,13325,Chari,Isiolo,Isiolo North,Rural,,,,,,,,
61361,MALA01215,MALA01215224,9/13/2024 10:58,4,18,47,shared_taps,25788,Laisamis,Marsabit,Laisamis,Urban,,,,,functional,,,
61362,MALA01216,MALA01216224,5/6/2022 8:45,1,333,8,tap_in_home_broken,39947,Korr/Ngurunit,Marsabit,Laisamis,Urban,,,,,functional,,,
61363,MALA01217,MALA01217224,9/27/2022 10:59,3,500,46,tap_in_home,14324,Logo Logo,Marsabit,Laisamis,Urban,,,,,functional,,,
61364,MALA01218,MALA01218224,10/22/2023 13:41,3,280,10,well,16730,Kargi/South Horr,Marsabit,Laisamis,Rural,,Contaminated:Biological,,,functional,,,
61365,MASA01219,MASA01219224,5/4/2024 17:57,4,158,19,shared_taps,17488,Karare,Marsabit,Saku,Rural,,,,,,,,
61366,MASA01220,MASA01220224,8/13/2022 14:59,5,137,14,shared_taps,35501,Sagante/Jaldesa,Marsabit,Saku,Rural,,,,,,,,
61367,MASA01221,MASA01221224,7/11/2022 13:50,2,502,21,river,39255,Marsabit Central,Marsabit,Saku,Rural,,,,,functional,,,
61368,SASA01222,SASA01222224,10/10/2023 19:20,4,428,39,well,22242,Wamba East,Samburu,Samburu East,Rural,,Contaminated:Biological,,,partially_functional,,,
61369,SASA01223,SASA01223224,10/24/2023 10:29,1,293,1,well,18192,Wamba North,Samburu,Samburu East,Rural,,Contaminated:Biological,,,partially_functional,,,
61370,SASA01224,SASA01224224,9/21/2023 14:22,5,391,32,well,20238,Wamba West,Samburu,Samburu East,Rural,,Contaminated:Biological,,,partially_functional,,,
61371,SASA01225,SASA01225224,7/17/2024 16:30,2,110,22,shared_taps,25119,Waso,Samburu,Samburu East,Urban,,,,,partially_functional,,,
61372,SASA01226,SASA01226224,6/2/2022 16:59,3,136,8,shared_taps,16529,Angata Nanyokie,Samburu,Samburu North,Rural,,,,,partially_functional,,,
61373,SASA01227,SASA01227224,10/18/2023 11:56,3,58,27,shared_taps,18230,Baawa,Samburu,Samburu North,Urban,,,,,partially_functional,,,
61374,SASA01228,SASA01228224,4/3/2022 15:31,5,63,4,shared_taps,18170,El-Barta,Samburu,Samburu North,Rural,,,,,partially_functional,,,
61375,SASA01229,SASA01229224,12/14/2024 16:21,1,404,9,tap_in_home_broken,13561,Nachola,Samburu,Samburu North,Rural,,,,,partially_functional,,,
61376,SASA01230,SASA01230224,12/11/2024 17:47,1,45,5,well,17843,Ndoto,Samburu,Samburu North,Urban,,Contaminated:Biological,,,partially_functional,,,
61377,SASA01231,SASA01231224,4/25/2023 17:25,1,286,18,shared_taps,21797,Nyiro,Samburu,Samburu North,Urban,,,,,partially_functional,,,
61378,SASA01232,SASA01232224,6/4/2023 10:13,4,237,22,tap_in_home,34257,Lodokejek,Samburu,Samburu West,Urban,,,,,partially_functional,,,
61379,SASA01233,SASA01233224,5/3/2025 13:27,4,444,25,shared_taps,13118,Loosuk,Samburu,Samburu West,Urban,,,,,partially_functional,,,
61380,SASA01234,SASA01234224,9/22/2025 11:38,4,417,13,shared_taps,66362,Maralal,Samburu,Samburu West,Urban,,,,,partially_functional,,,
61381,SASA01235,SASA01235224,9/13/2023 7:07,1,193,39,tap_in_home_broken,23441,Poro,Samburu,Samburu West,Urban,,,,,partially_functional,,,
61382,SASA01236,SASA01236224,7/15/2024 9:33,5,13,6,well,19126,Suguta Marmar,Samburu,Samburu West,Rural,,Contaminated: Chemical,,,partially_functional,,,
61383,TUTU01237,TUTU01237224,12/1/2022 12:01,4,339,42,shared_taps,35738,Katilia,Turkana,Turkana East,Rural,,,,,,,,
61384,TUTU01238,TUTU01238224,4/2/2023 5:55,3,347,38,tap_in_home,32031,Kalapata,Turkana,Turkana South,Urban,,,,,,,,
61385,KAMA01239,KAMA01239224,11/12/2025 10:57,5,68,27,river,33159,Chemuche,Kakamega,Malava,Rural,,,,,functional,,,
61386,NAMO01240,NAMO01240224,5/10/2022 8:32,5,47,25,river,26113,Ndalat,Nandi,Mosop,Rural,,,,,,,,
61387,UATU01241,UATU01241224,6/23/2023 6:21,3,392,17,well,43148,Kamagut,Uasin Gishu,Turbo,Urban,,Contaminated:Biological,,,functional,,,
61388,UATU01242,UATU01242224,2/26/2023 14:02,3,158,38,shared_taps,42581,Tapsagoi,Uasin Gishu,Turbo,Urban,,,,,partially_functional,,,
61389,BULI01243,BULI01243224,9/19/2023 16:19,4,260,45,tap_in_home,38371,Likuyani,Bungoma,Likuyani,Rural,,,,,partially_functional,,,
61390,BULU01244,BULU01244224,7/7/2023 10:31,3,426,42,river,40046,Lugari,Bungoma,Lugari,Rural,,,,,partially_functional,,,
61391,UASO01245,UASO01245224,11/16/2025 16:45,1,97,7,tap_in_home,34529,Soy,Uasin Gishu,Soy,Urban,,,,,functional,,,
61392,UASO01246,UASO01246224,1/27/2022 11:17,5,113,5,shared_taps,29711,Kipsomba,Uasin Gishu,Soy,Rural,,,,,functional,,,
61393,BULI01247,BULI01247224,2/24/2023 12:36,3,527,47,tap_in_home,34173,Kongoni,Bungoma,Likuyani,Urban,,,,,partially_functional,,,
61394,UASO01248,UASO01248224,9/28/2022 11:42,5,78,25,shared_taps,30144,Kapkures,Uasin Gishu,Soy,Urban,,,,,functional,,,
61395,UASO01249,UASO01249224,8/14/2023 14:24,4,238,26,tap_in_home,37024,Moi'S Bridge,Uasin Gishu,Soy,Urban,,,,,functional,,,
61396,TRCH01250,TRCH01250224,6/3/2024 18:37,4,57,16,well,31832,Kaplamai,Trans Nzoia,Cherangany,Rural,,Clean,,,functional,,,
61397,TRCH01251,TRCH01251224,8/26/2022 11:17,3,306,43,shared_taps,44744,Motosiet,Trans Nzoia,Cherangany,Urban,,,,,functional,,,
61398,WEPO01252,WEPO01252224,12/1/2024 7:52,1,336,47,river,81593,Lelan,West Pokot,Pokot South,Urban,,,,,,,,
61399,TRCH01253,TRCH01253224,11/15/2025 8:55,2,481,22,river,23390,Makutano,Trans Nzoia,Cherangany,Rural,,,,,functional,,,
61400,TRCH01254,TRCH01254224,9/10/2024 13:59,3,167,23,river,34456,Sitatunga,Trans Nzoia,Cherangany,Rural,,,,,partially_functional,,,
61401,TRCH01255,TRCH01255224,1/11/2025 16:32,2,184,37,well,32968,Sinyerere,Trans Nzoia,Cherangany,Rural,,Contaminated: Chemical,,,functional,,,
61402,WEKA01256,WEKA01256224,3/2/2025 9:24,3,196,37,river,52142,Mnagei,West Pokot,Kapenguria,Rural,,,,,,,,
61403,WEKA01257,WEKA01257224,5/7/2023 7:31,5,36,27,shared_taps,23609,Siyoi,West Pokot,Kapenguria,Urban,,,,,,,,
61404,WEKA01258,WEKA01258224,1/1/2022 8:09,4,204,44,well,42080,Kapenguria,West Pokot,Kapenguria,Rural,,Contaminated:Biological,,,,,,
61405,WEKA01259,WEKA01259224,1/7/2024 17:10,4,31,2,river,30366,Lokori/Kochodin,West Pokot,Kapenguria,Rural,,,,,,,,
61406,WEPO01260,WEPO01260224,10/2/2025 13:26,3,454,39,tap_in_home_broken,66236,Chepareria,West Pokot,Pokot South,Urban,,,,,unknown,,,
61407,WEKA01261,WEKA01261224,11/10/2023 17:19,4,300,14,tap_in_home_broken,22332,Suam,West Pokot,Kacheliba,Urban,,,,,,,,
61408,WEUN01262,WEUN01262224,4/24/2023 6:36,2,347,26,shared_taps,11487,unknown 3,West Pokot,unknown 3,Urban,,,,,,,,
61409,WEKA01263,WEKA01263224,4/5/2024 13:19,4,472,47,shared_taps,20656,Kodich,West Pokot,Kacheliba,Urban,,,,,,,,
61410,BUKA01264,BUKA01264224,10/8/2023 9:56,3,50,21,shared_taps,44772,East Sang'Alo,Bungoma,Kanduyi,Rural,,,,,functional,,,
61411,BUWE01265,BUWE01265224,6/1/2025 13:47,2,525,15,river,42859,Sitikho,Bungoma,Webute West,Rural,,,,,functional,,,
61412,KALU01266,KALU01266224,5/13/2024 7:45,2,10,18,tap_in_home,38964,Chevaywa,Kakamega,Lugari,Rural,,,,,partially_functional,,,
61413,BUWE01267,BUWE01267224,10/21/2022 10:31,4,298,41,well,41383,Maraka,Bungoma,Webuye East,Urban,,Contaminated: Chemical,,,functional,,,
61414,KAMA01268,KAMA01268224,6/19/2023 6:26,3,456,42,shared_taps,37098,Shirugu-Mugai,Kakamega,Malava,Urban,,,,,partially_functional,,,
61415,KAMA01269,KAMA01269224,7/24/2025 9:02,5,475,30,river,44250,Butali/Chegulo,Kakamega,Malava,Rural,,,,,partially_functional,,,
61416,KALU01270,KALU01270224,2/21/2022 6:29,2,375,45,well,32301,Lwandeti,Kakamega,Lugari,Rural,,Contaminated: Chemical,,,functional,,,
61417,BUTO01271,BUTO01271224,6/28/2024 6:10,2,185,2,tap_in_home_broken,44730,Milima,Bungoma,Tongaren,Urban,,,,,functional,,,
61418,KAMA01272,KAMA01272224,11/14/2023 6:32,2,301,21,shared_taps,40163,Manda-Shivanga,Kakamega,Malava,Urban,,,,,partially_functional,,,
61419,BUTO01273,BUTO01273224,10/8/2022 7:12,1,124,37,well,42523,Mbakalo,Bungoma,Tongaren,Rural,,Clean,,,functional,,,
61420,BULU01274,BULU01274224,9/17/2024 15:09,3,248,8,tap_in_home,27428,Chekalini,Bungoma,Lugari,Urban,,,,,partially_functional,,,
61421,NAMO01275,NAMO01275224,12/5/2023 18:41,3,240,1,tap_in_home_broken,24151,Chepterwai,Nandi,Mosop,Urban,,,,,functional,,,
61422,UATU01276,UATU01276224,7/13/2024 8:13,2,13,0,well,46988,Ngenyilel,Uasin Gishu,Turbo,Rural,,Contaminated:Biological,,,partially_functional,,,
61423,BUTO01277,BUTO01277224,6/19/2024 18:51,4,289,12,well,49979,Naitiri/Kabuyefwe,Bungoma,Tongaren,Rural,,Contaminated:Biological,,,partially_functional,,,
61424,BUTO01278,BUTO01278224,8/24/2024 15:54,3,470,27,shared_taps,44142,Tongaren,Bungoma,Tongaren,Urban,,,,,functional,,,
61425,BULU01279,BULU01279224,1/22/2023 9:50,5,258,19,well,32792,Mautuma,Bungoma,Lugari,Rural,,Contaminated: Chemical,,,partially_functional,,,
61426,BULU01280,BULU01280224,4/1/2023 9:22,1,469,46,shared_taps,37671,Lumakanda,Bungoma,Lugari,Urban,,,,,partially_functional,,,
61427,NAMO01281,NAMO01281224,3/11/2024 12:27,4,536,18,tap_in_home_broken,27765,Kipkaren,Nandi,Mosop,Urban,,,,,,,,
61428,BUTO01282,BUTO01282224,12/12/2025 12:22,4,504,46,well,38255,Soysambu/ Mitua,Bungoma,Tongaren,Rural,,Contaminated:Biological,,,partially_functional,,,
61429,BULI01283,BULI01283224,11/10/2022 14:38,1,138,8,tap_in_home_broken,43050,Nzoia,Bungoma,Likuyani,Urban,,,,,functional,,,
61430,BULI01284,BULI01284224,10/2/2024 11:52,2,18,9,river,29736,Sango,Bungoma,Likuyani,Rural,,,,,partially_functional,,,
61431,BUBU01285,BUBU01285224,12/12/2024 6:30,1,17,33,river,43775,Bumula,Bungoma,Bumula,Urban,,,,,functional,,,
61432,BUBU01286,BUBU01286224,9/11/2022 14:50,2,445,14,river,30998,South Bukusu,Bungoma,Bumula,Rural,,,,,functional,,,
61433,BUBU01287,BUBU01287224,3/3/2024 19:38,4,22,9,river,28030,Kabula,Bungoma,Bumula,Rural,,,,,functional,,,
61434,BABA01288,BABA01288224,7/12/2025 17:42,1,62,20,tap_in_home_broken,29730,Barwessa,Baringo,Baringo North,Urban,,,,,,,,
61435,BABA01289,BABA01289224,5/8/2024 13:36,5,416,24,river,24101,Kabartonjo,Baringo,Baringo North,Rural,,,,,,,,
61436,UAMO01290,UAMO01290224,6/27/2023 13:31,2,223,40,shared_taps,21473,Sergoit,Uasin Gishu,Moiben,Rural,,,,,,,,
61437,BABA01291,BABA01291224,8/26/2024 14:00,1,501,18,shared_taps,16825,Saimo/Soi,Baringo,Baringo North,Urban,,,,,,,,
61438,BABA01292,BABA01292224,2/19/2022 18:34,2,200,46,well,26661,Saimo/Kipsaraman,Baringo,Baringo North,Rural,,Contaminated: Chemical,,,,,,
61439,BATI01293,BATI01293224,5/4/2025 19:20,3,527,30,shared_taps,24005,Churo/Amaya,Baringo,Tiaty,Urban,,,,,partially_functional,,,
61440,BATI01294,BATI01294224,5/17/2025 10:27,2,152,2,shared_taps,18344,Tangulbei/Korossi,Baringo,Tiaty,Rural,,,,,partially_functional,,,
61441,ELKE01295,ELKE01295224,1/8/2024 9:14,1,253,28,well,30026,Kapchemutwa,Elgeyo-Marakwet,Keiyo North,Rural,,Contaminated: Chemical,,,,,,
61442,UAMO01296,UAMO01296224,2/1/2022 17:49,1,268,27,well,39347,Moiben,Uasin Gishu,Moiben,Rural,,Contaminated: Chemical,,,functional,,,
61443,UAMO01297,UAMO01297224,3/3/2023 9:24,3,506,39,well,41266,Karuna/Meibeki,Uasin Gishu,Moiben,Rural,,Contaminated: Chemical,,,functional,,,
61444,BATI01298,BATI01298224,4/24/2025 14:18,3,231,29,river,15847,Loiyamorock,Baringo,Tiaty,Rural,,,,,partially_functional,,,
61445,ELKE01299,ELKE01299224,1/10/2022 9:39,5,150,28,tap_in_home,15024,Emsoo,Elgeyo-Marakwet,Keiyo North,Urban,,,,,,,,
61446,BABA01300,BABA01300224,5/18/2023 13:13,3,278,19,river,13226,Bartabwa,Baringo,Baringo North,Rural,,,,,unknown,,,
61447,UASO01301,UASO01301224,11/28/2022 11:40,2,531,27,tap_in_home,47569,Ziwa,Uasin Gishu,Soy,Urban,,,,,functional,,,
61448,BATI01302,BATI01302224,9/2/2025 7:37,5,195,48,shared_taps,22121,Ribkwo,Baringo,Tiaty,Urban,,,,,partially_functional,,,
61449,UASO01303,UASO01303224,5/17/2022 18:34,1,330,12,shared_taps,35167,Segero/Barsombe,Uasin Gishu,Soy,Urban,,,,,functional,,,
61450,ELMA01304,ELMA01304224,10/22/2025 12:07,2,96,45,river,30155,Moiben/Kuserwo,Elgeyo-Marakwet,Marakwet West,Rural,,,,,,,,
61451,ELMA01305,ELMA01305224,7/3/2025 5:24,4,470,2,shared_taps,11612,Arror,Elgeyo-Marakwet,Marakwet West,Rural,,,,,,,,
61452,ELMA01306,ELMA01306224,7/6/2022 13:45,2,429,7,shared_taps,36804,Kapsowar,Elgeyo-Marakwet,Marakwet West,Urban,,,,,,,,
61453,TRCH01307,TRCH01307224,4/5/2025 18:33,5,429,20,shared_taps,38521,Chepsiro/Kiptoror,Trans Nzoia,Cherangany,Urban,,,,,functional,,,
61454,ELMA01308,ELMA01308224,6/15/2025 19:46,5,516,42,shared_taps,25550,Cherang'Any/Chebororwa,Elgeyo-Marakwet,Marakwet West,Urban,,,,,functional,,,
61455,TUTU01309,TUTU01309224,3/27/2024 8:32,4,431,47,river,52499,Kapedo/Napeitom,Turkana,Turkana East,Rural,,,,,partially_functional,,,
61456,BATI01310,BATI01310224,11/8/2024 10:15,1,203,17,shared_taps,36317,Kolowa,Baringo,Tiaty,Urban,,,,,partially_functional,,,
61457,ELMA01311,ELMA01311224,6/5/2025 5:41,5,104,19,river,46504,Sambirir,Elgeyo-Marakwet,Marakwet East,Rural,,,,,,,,
61458,TRCH01312,TRCH01312224,6/17/2024 16:01,2,441,36,shared_taps,53269,Cherangany/Suwerwa,Trans Nzoia,Cherangany,Rural,,,,,functional,,,
61459,BATI01313,BATI01313224,10/14/2024 5:49,3,478,14,shared_taps,21373,Silale,Baringo,Tiaty,Rural,,,,,partially_functional,,,
61460,ELMA01314,ELMA01314224,7/10/2025 14:20,5,203,37,tap_in_home,18652,Kapyego,Elgeyo-Marakwet,Marakwet East,Urban,,,,,,,,
61461,ELMA01315,ELMA01315224,4/16/2025 19:56,2,18,33,well,27171,Sengwer,Elgeyo-Marakwet,Marakwet West,Rural,,Contaminated:Biological,,,functional,,,
61462,ELMA01316,ELMA01316224,9/9/2025 10:19,2,302,40,shared_taps,26734,Endo,Elgeyo-Marakwet,Marakwet East,Rural,,,,,,,,
61463,BATI01317,BATI01317224,8/6/2024 5:31,3,504,25,well,31578,Tirioko,Baringo,Tiaty,Urban,,Contaminated: Chemical,,,partially_functional,,,
61464,TUUN01318,TUUN01318224,9/27/2022 11:15,1,470,31,river,69880,unknown 2,Turkana,unknown 2,Rural,,,,,,,,
61465,TUTU01319,TUTU01319224,9/5/2023 14:31,5,17,17,shared_taps,13663,Lobokat,Turkana,Turkana South,Urban,,,,,,,,
61466,WEKA01320,WEKA01320224,12/7/2025 6:39,5,227,47,well,19108,Sook,West Pokot,Kapenguria,Rural,,Contaminated: Chemical,,,,,,
61467,WEPO01321,WEPO01321224,2/15/2024 8:56,2,220,4,tap_in_home_broken,45249,Batei,West Pokot,Pokot South,Urban,,,,,,,,
61468,WEPO01322,WEPO01322224,12/14/2022 7:03,1,398,27,tap_in_home,50057,Tapach,West Pokot,Pokot South,Urban,,,,,unknown,,,
61469,WESI01323,WESI01323224,6/3/2024 7:16,5,389,26,well,39752,Lomut,West Pokot,Sigor,Urban,,Clean,,,,,,
61470,WESI01324,WESI01324224,1/12/2022 17:18,5,224,43,tap_in_home_broken,22363,Masool,West Pokot,Sigor,Urban,,,,,,,,
61471,WESI01325,WESI01325224,8/9/2025 13:10,3,158,21,tap_in_home_broken,27853,Sekerr,West Pokot,Sigor,Rural,,,,,functional,,,
61472,WESI01326,WESI01326224,7/8/2025 5:34,5,353,9,river,48489,Weiwei,West Pokot,Sigor,Rural,,,,,,,,
61473,TREN01327,TREN01327224,2/28/2023 14:31,4,73,11,river,43998,Matumbei,Trans Nzoia,Endebess,Rural,,,,,,,,
61474,TREN01328,TREN01328224,12/19/2024 19:36,2,375,29,river,31074,Endebess,Trans Nzoia,Endebess,Rural,,,,,,,,
61475,TREN01329,TREN01329224,12/17/2023 14:44,5,32,44,well,47978,Chepchoina,Trans Nzoia,Endebess,Urban,,Contaminated: Chemical,,,,,,
61476,TRSA01330,TRSA01330224,12/11/2022 6:53,5,348,4,well,57090,Kinyoro,Trans Nzoia,Saboti,Rural,,Contaminated:Biological,,,,,,
61477,TRSA01331,TRSA01331224,5/10/2024 8:08,1,144,4,well,44236,Saboti,Trans Nzoia,Saboti,Rural,,Clean,,,,,,
61478,TRSA01332,TRSA01332224,3/22/2022 17:14,4,12,12,well,20238,Machewa,Trans Nzoia,Saboti,Rural,,Contaminated:Biological,,,,,,
61479,TRKI01333,TRKI01333224,1/10/2023 10:53,4,534,38,river,41225,Sikhendu,Trans Nzoia,Kiminini,Rural,,,,,functional,,,
61480,TRUN01334,TRUN01334224,7/13/2023 9:30,4,260,1,tap_in_home_broken,74867,unknown 4,Trans Nzoia,unknown 4,Urban,,,,,,,,
61481,TRKI01335,TRKI01335224,2/28/2022 7:39,2,296,12,tap_in_home,43578,Kiminini,Trans Nzoia,Kiminini,Urban,,,,,functional,,,
61482,TRKI01336,TRKI01336224,10/16/2022 13:19,1,304,20,tap_in_home,46694,Nabiswa,Trans Nzoia,Kiminini,Rural,,,,,functional,,,
61483,TRKW01337,TRKW01337224,1/23/2025 17:21,4,479,44,shared_taps,47528,Kwanza,Trans Nzoia,Kwanza,Urban,,,,,functional,,,
61484,BUTO01338,BUTO01338224,11/15/2023 11:26,5,253,29,shared_taps,30431,Ndalu/ Tabani,Bungoma,Tongaren,Urban,,,,,functional,,,
61485,TRSA01339,TRSA01339224,10/4/2024 6:00,3,432,3,tap_in_home_broken,21854,Matisi,Trans Nzoia,Saboti,Urban,,,,,,,,
61486,TRKW01340,TRKW01340224,5/1/2023 17:03,4,361,14,shared_taps,74255,Kapomboi,Trans Nzoia,Kwanza,Rural,,,,,functional,,,
61487,TRKI01341,TRKI01341224,7/17/2025 15:16,1,459,23,well,65747,Waitaluk,Trans Nzoia,Kiminini,Rural,,Clean,,,functional,,,
61488,TRSA01342,TRSA01342224,1/14/2022 8:04,4,260,46,tap_in_home,399,Tuwani,Trans Nzoia,Saboti,Urban,,,,,,,,
61489,TRKW01343,TRKW01343224,2/22/2025 17:47,5,353,0,shared_taps,17037,Bidii,Trans Nzoia,Kwanza,Urban,,,,,,,,
61490,TRKI01344,TRKI01344224,3/24/2022 16:19,4,127,35,tap_in_home,19145,Hospital,Trans Nzoia,Kiminini,Urban,,,,,functional,,,
61491,BULI01345,BULI01345224,12/9/2023 8:56,3,5,24,shared_taps,27318,Sinoko,Bungoma,Likuyani,Urban,,,,,partially_functional,,,
61492,TRKI01346,TRKI01346224,2/22/2023 14:49,5,172,6,well,30311,Sirende,Trans Nzoia,Kiminini,Rural,,Contaminated: Chemical,,,functional,,,
61493,MAMA01347,MAMA01347224,5/4/2023 8:49,1,496,15,shared_taps,23483,Guticha,Mandera,Mandera North,Rural,,,,,,,,
61494,MAMA01348,MAMA01348224,3/14/2023 19:36,5,519,10,shared_taps,18268,Morothile,Mandera,Mandera North,Urban,,,,,,,,
61495,MABA01349,MABA01349224,1/24/2025 13:19,2,28,24,well,17577,Guba,Mandera,Banissa,Rural,,Contaminated:Biological,,,,,,
61496,MAMA01350,MAMA01350224,12/26/2022 7:46,5,227,8,well,93245,Kutulo,Mandera,Mandera South,Rural,,Contaminated:Biological,,,,,,
61497,MAMA01351,MAMA01351224,8/28/2025 11:09,5,383,13,tap_in_home_broken,40090,Ashabito,Mandera,Mandera North,Urban,,,,,,,,
61498,MAMA01352,MAMA01352224,9/7/2022 7:30,4,173,21,shared_taps,43757,Rhamu-Dimtu,Mandera,Mandera North,Rural,,,,,,,,
61499,MAMA01353,MAMA01353224,7/19/2025 19:38,1,424,29,shared_taps,16049,Wargadud,Mandera,Mandera South,Urban,,,,,,,,
61500,MAMA01354,MAMA01354224,2/19/2024 15:39,2,301,19,tap_in_home,0,Elwak South,Mandera,Mandera South,Urban,,,,,,,,
61501,MAMA01355,MAMA01355224,9/11/2025 11:45,5,434,36,river,41895,Shimbir Fatuma,Mandera,Mandera South,Rural,,,,,,,,
61502,MALA01356,MALA01356224,2/15/2023 13:21,5,240,18,shared_taps,19616,Waranqara,Mandera,Lafey,Urban,,,,,,,,
61503,MALA01357,MALA01357224,8/3/2025 7:15,4,243,18,tap_in_home_broken,6787,Alango Gof,Mandera,Lafey,Rural,,,,,,,,
61504,MALA01358,MALA01358224,12/23/2025 14:01,4,405,36,tap_in_home,39778,Lafey,Mandera,Lafey,Urban,,,,,,,,
61505,MAMA01359,MAMA01359224,11/5/2022 12:55,3,286,30,shared_taps,15276,Fino,Mandera,Mandera East,Urban,,,,,,,,
61506,MAMA01360,MAMA01360224,10/19/2025 11:04,5,298,47,well,49773,Rhamu,Mandera,Mandera North,Rural,,Contaminated: Chemical,,,,,,
61507,MALA01361,MALA01361224,4/15/2024 16:43,2,480,28,well,40573,Libehia,Mandera,Lafey,Rural,,Clean,,,,,,
61508,MAMA01362,MAMA01362224,5/14/2024 10:03,5,364,33,river,35191,Arabia,Mandera,Mandera East,Urban,,,,,,,,
61509,MAMA01363,MAMA01363224,5/14/2023 18:32,1,132,4,shared_taps,8849,Khalalio,Mandera,Mandera East,Rural,,,,,,,,
61510,MAMA01364,MAMA01364224,6/9/2025 8:08,4,59,26,river,18981,Bulla Mpya,Mandera,Mandera East,Rural,,,,,,,,
61511,MAMA01365,MAMA01365224,11/10/2025 16:00,3,446,47,shared_taps,25707,Takaba South,Mandera,Mandera West,Urban,,,,,,,,
61512,MAUN01366,MAUN01366224,8/19/2023 5:34,3,57,27,river,29633,unknown 1,Mandera,unknown 1,Rural,,,,,,,,
61513,MAMO01367,MAMO01367224,8/14/2024 12:42,1,40,18,shared_taps,21442,Butiye,Marsabit,Moyale,Rural,,,,,functional,,,
61514,MAMO01368,MAMO01368224,11/9/2023 8:32,1,79,20,shared_taps,36815,Golbo,Marsabit,Moyale,Urban,,,,,partially_functional,,,
61515,MAMO01369,MAMO01369224,7/18/2024 16:27,3,178,35,tap_in_home,24164,Heillu/Manyatta,Marsabit,Moyale,Urban,,,,,,,,
61516,MAMO01370,MAMO01370224,3/13/2023 16:14,2,137,17,river,9037,Moyale Township,Marsabit,Moyale,Rural,,,,,functional,,,
61517,MAMO01371,MAMO01371224,1/25/2025 11:22,5,44,7,shared_taps,7516,Obbu,Marsabit,Moyale,Urban,,,,,partially_functional,,,
61518,MAMO01372,MAMO01372224,2/18/2023 14:35,5,315,34,river,21267,Sololo,Marsabit,Moyale,Urban,,,,,,,,
61519,MAMO01373,MAMO01373224,4/25/2025 16:35,5,453,38,well,21753,Uran,Marsabit,Moyale,Rural,,Clean,,,functional,,,
61520,MANO01374,MANO01374224,8/10/2024 8:41,5,9,8,tap_in_home,11808,Turbi,Marsabit,North Horr,Urban,,,,,functional,,,
61521,WAEL01375,WAEL01375224,3/8/2023 10:18,1,177,46,shared_taps,39570,Della,Wajir,Eldas,Rural,,,,,,,,
61522,WAEL01376,WAEL01376224,6/6/2023 8:46,3,422,21,river,30096,Eldas,Wajir,Eldas,Rural,,,,,,,,
61523,WAEL01377,WAEL01377224,4/28/2023 18:33,3,520,30,tap_in_home,28721,Lakoley South/Basir,Wajir,Eldas,Urban,,,,,,,,
61524,WATA01378,WATA01378224,5/17/2022 18:33,2,269,15,shared_taps,19382,Elben,Wajir,Tarbaj,Rural,,,,,,,,
61525,WATA01379,WATA01379224,9/2/2022 11:21,3,426,29,well,6521,Sarman,Wajir,Tarbaj,Rural,,Contaminated:Biological,,,,,,
61526,WATA01380,WATA01380224,8/10/2024 14:36,4,239,20,tap_in_home_broken,10556,Wargadud,Wajir,Tarbaj,Urban,,,,,,,,
61527,WAWA01381,WAWA01381224,6/15/2024 11:01,3,293,13,tap_in_home,11028,Batalu,Wajir,Wajir North,Urban,,,,,,,,
61528,WAWA01382,WAWA01382224,10/21/2025 13:16,3,421,22,tap_in_home,20921,Bute,Wajir,Wajir North,Urban,,,,,functional,,,
61529,WAWA01383,WAWA01383224,2/27/2025 7:15,5,206,38,shared_taps,18886,Danaba,Wajir,Wajir North,Rural,,,,,,,,
61530,WAWA01384,WAWA01384224,6/6/2022 17:40,4,354,45,tap_in_home_broken,4470,Godoma,Wajir,Wajir North,Urban,,,,,,,,
61531,WAWA01385,WAWA01385224,10/1/2025 13:00,2,67,9,river,20227,Gurar,Wajir,Wajir North,Rural,,,,,functional,,,
61532,WAWA01386,WAWA01386224,8/25/2024 16:45,3,20,18,river,36532,Korondile,Wajir,Wajir North,Rural,,,,,,,,
61533,WAWA01387,WAWA01387224,11/1/2022 9:27,3,334,41,shared_taps,21119,Malkagufu,Wajir,Wajir North,Rural,,,,,functional,,,
61534,MALA01388,MALA01388224,8/2/2025 17:50,5,368,24,well,27983,Loiyangalani,Marsabit,Laisamis,Rural,,Contaminated:Biological,,,functional,,,
61535,MANO01389,MANO01389224,7/17/2025 19:30,1,299,23,river,32835,Dukana,Marsabit,North Horr,Rural,,,,,functional,,,
61536,MANO01390,MANO01390224,3/25/2024 14:50,4,511,47,well,17528,Illeret,Marsabit,North Horr,Rural,,Clean,,,,,,
61537,MANO01391,MANO01391224,6/13/2025 12:41,4,75,45,river,50086,Maikona,Marsabit,North Horr,Rural,,,,,partially_functional,,,
61538,MANO01392,MANO01392224,10/11/2025 11:53,3,363,37,river,27149,North Horr,Marsabit,North Horr,Urban,,,,,functional,,,
61539,TUTU01393,TUTU01393224,1/19/2025 10:43,4,79,39,tap_in_home,30359,Kalokol,Turkana,Turkana Central,Urban,,,,,,,,
61540,TUTU01394,TUTU01394224,2/4/2025 17:19,4,305,26,shared_taps,51423,Kanamkemer,Turkana,Turkana Central,Urban,,,,,,,,
61541,TUTU01395,TUTU01395224,4/5/2023 11:06,4,86,11,shared_taps,33157,Kang'Atotha,Turkana,Turkana Central,Rural,,,,,,,,
61542,TUTU01396,TUTU01396224,2/25/2023 17:07,3,15,34,tap_in_home,51537,Kerio Delta,Turkana,Turkana Central,Urban,,,,,,,,
61543,TUTU01397,TUTU01397224,1/25/2024 18:54,4,447,45,river,33663,Lodwar Township,Turkana,Turkana Central,Rural,,,,,,,,
61544,TUTU01398,TUTU01398224,2/20/2024 7:49,2,71,3,river,45367,Lake Zone,Turkana,Turkana North,Rural,,,,,,,,
61545,TUTU01399,TUTU01399224,7/23/2024 8:25,1,284,45,shared_taps,53959,Lokichar,Turkana,Turkana South,Urban,,,,,,,,
61546,TUTU01400,TUTU01400224,9/28/2025 16:50,2,365,22,tap_in_home,72004,Letea,Turkana,Turkana West,Urban,,,,,partially_functional,,,
61547,TULO01401,TULO01401224,5/19/2025 9:35,2,204,26,tap_in_home,18141,Lokiriama/Lorengippi,Turkana,Loima,Rural,,,,,,,,
61548,TULO01402,TULO01402224,1/5/2022 16:25,2,55,10,shared_taps,24442,Loima,Turkana,Loima,Rural,,,,,,,,
61549,TUTU01403,TUTU01403224,11/22/2022 11:33,3,69,28,tap_in_home,41359,Kakuma,Turkana,Turkana West,Urban,,,,,partially_functional,,,
61550,TUTU01404,TUTU01404224,3/10/2023 13:56,1,292,2,river,18004,Nakalale,Turkana,Turkana North,Urban,,,,,,,,
61551,TULO01405,TULO01405224,9/20/2025 7:16,1,88,9,tap_in_home_broken,57669,Turkwel,Turkana,Loima,Urban,,,,,,,,
61552,TULO01406,TULO01406224,7/18/2024 17:47,1,24,25,shared_taps,28858,Kotaruk/Lobei,Turkana,Loima,Rural,,,,,,,,
61553,MAMA01407,MAMA01407224,1/14/2022 7:02,3,454,35,shared_taps,23946,Gither,Mandera,Mandera West,Rural,,,,,functional,,,
61554,MAMA01408,MAMA01408224,9/28/2024 14:19,2,335,21,tap_in_home,19279,Dandu,Mandera,Mandera West,Urban,,,,,,,,
61555,MABA01409,MABA01409224,6/10/2024 14:32,3,529,32,shared_taps,40358,Kiliwehiri,Mandera,Banissa,Rural,,,,,,,,
61556,MABA01410,MABA01410224,4/1/2024 15:29,3,333,15,river,29140,Derkhale,Mandera,Banissa,Rural,,,,,,,,
61557,MAMA01411,MAMA01411224,6/10/2025 7:05,1,211,21,shared_taps,201,Lagsure,Mandera,Mandera West,Urban,,,,,,,,
61558,MABA01412,MABA01412224,3/11/2022 15:25,2,206,35,well,49829,Banissa,Mandera,Banissa,Rural,,Contaminated: Chemical,,,functional,,,
61559,MAMA01413,MAMA01413224,1/14/2025 16:10,4,380,31,tap_in_home,49677,Takaba,Mandera,Mandera West,Urban,,,,,functional,,,
61560,TUTU01414,TUTU01414224,9/23/2025 13:29,3,532,30,tap_in_home_broken,17457,Kaeris,Turkana,Turkana North,Urban,,,,,,,,
61561,TUTU01415,TUTU01415224,8/28/2022 5:54,4,127,31,river,13519,Lopur,Turkana,Turkana West,Urban,,,,,functional,,,
61562,TUTU01416,TUTU01416224,5/11/2023 13:13,1,200,9,river,32367,Songot,Turkana,Turkana West,Rural,,,,,,,,
61563,TUTU01417,TUTU01417224,7/5/2025 18:24,2,376,19,river,55968,Lokichoggio,Turkana,Turkana West,Rural,,,,,,,,
61564,TUTU01418,TUTU01418224,9/12/2025 9:49,5,126,26,shared_taps,24760,Kaaleng/Kaikor,Turkana,Turkana North,Urban,,,,,,,,
61565,TUTU01419,TUTU01419224,10/1/2025 13:39,4,337,33,well,18107,Nanaam,Turkana,Turkana West,Rural,,Clean,,,,,,
61566,TUTU01420,TUTU01420224,9/26/2025 14:48,2,12,43,shared_taps,139,Kibish,Turkana,Turkana North,Rural,,,,,,,,
61567,MABA01421,MABA01421224,5/4/2025 8:24,3,46,33,tap_in_home_broken,29451,Malkamari,Mandera,Banissa,Urban,,,,,functional,,,
61568,MAMA01422,MAMA01422224,10/24/2022 18:39,2,62,41,tap_in_home_broken,5277,Township,Mandera,Mandera East,Urban,,,,,,,,
61569,MAMA01423,MAMA01423224,7/9/2023 9:37,3,162,28,tap_in_home_broken,2496,Neboi,Mandera,Mandera East,Urban,,,,,,,,
61570,WEKA01424,WEKA01424224,11/23/2024 5:03,1,162,16,river,38262,Alale,West Pokot,Kacheliba,Urban,,,,,,,,
61571,WEKA01425,WEKA01425224,5/16/2025 15:39,1,362,15,well,31017,Kiwawa,West Pokot,Kacheliba,Rural,,Contaminated: Chemical,,,,,,
61572,WEKA01426,WEKA01426224,2/1/2025 17:28,1,285,35,well,23419,Kapchok,West Pokot,Kacheliba,Rural,,Contaminated:Biological,,,,,,
61573,WEKA01427,WEKA01427224,2/8/2022 15:25,1,75,7,shared_taps,14254,Kasei,West Pokot,Kacheliba,Urban,,,,,,,,
61574,WEKA01428,WEKA01428224,10/14/2022 13:19,3,495,17,shared_taps,24345,Endugh,West Pokot,Kapenguria,Urban,,,,,,,,
61575,TUTU01429,TUTU01429224,6/24/2023 15:51,4,286,36,tap_in_home_broken,18230,Kaputir,Turkana,Turkana South,Rural,,,,,,,,
61576,TUTU01430,TUTU01430224,1/13/2024 13:47,2,461,36,river,53488,Katilu,Turkana,Turkana South,Rural,,,,,,,,
61577,BUNA01431,BUNA01431224,7/22/2024 14:23,5,314,25,shared_taps,29795,Bukhayo East,Busia,Nambale,Urban,,,,,partially_functional,,,
61578,BUTE01432,BUTE01432224,2/9/2025 7:40,3,91,48,river,21211,Ang'Orom,Busia,Teso South,Urban,,,,,partially_functional,,,
61579,BUTE01433,BUTE01433224,7/6/2023 14:22,2,85,33,tap_in_home_broken,43024,Chakol South,Busia,Teso South,Urban,,,,,partially_functional,,,
61580,BUTE01434,BUTE01434224,8/28/2024 5:05,2,454,37,shared_taps,34423,Amukura East,Busia,Teso South,Urban,,,,,partially_functional,,,
61581,BUNA01435,BUNA01435224,11/5/2025 6:45,1,290,11,well,29481,Bukhayo North/Waltsi,Busia,Nambale,Rural,,Contaminated: Chemical,,,partially_functional,,,
61582,BUTE01436,BUTE01436224,7/16/2025 9:08,4,27,21,tap_in_home,28818,Amukura Central,Busia,Teso South,Rural,,,,,partially_functional,,,
61583,BUTE01437,BUTE01437224,4/21/2023 18:34,2,140,40,well,25221,Chakol North,Busia,Teso South,Urban,,Contaminated:Biological,,,partially_functional,,,
61584,BUTE01438,BUTE01438224,4/28/2023 10:14,3,474,17,tap_in_home,22210,Amukura West,Busia,Teso South,Urban,,,,,partially_functional,,,
61585,BUTE01439,BUTE01439224,10/12/2024 5:53,1,536,41,shared_taps,23335,Malaba South,Busia,Teso North,Urban,,,,,partially_functional,,,
61586,BUTE01440,BUTE01440224,11/1/2022 15:32,1,99,31,tap_in_home,31023,Malaba Central,Busia,Teso North,Urban,,,,,partially_functional,,,
61587,BUTE01441,BUTE01441224,8/23/2022 6:57,4,183,16,shared_taps,15835,Malaba North,Busia,Teso North,Rural,,,,,partially_functional,,,
61588,BUTE01442,BUTE01442224,3/14/2023 6:53,5,60,32,shared_taps,28154,Ang'Urai South,Busia,Teso North,Urban,,,,,partially_functional,,,
61589,BA8001443,BA8001443224,9/15/2023 18:15,3,245,25,tap_in_home_broken,28336,Lembus,Baringo,805,Urban,,,,,,,,
61590,BABA01444,BABA01444224,10/20/2022 6:51,4,395,42,tap_in_home,26203,Ewalel/Chapchap,Baringo,Baringo Central,Urban,,,,,,,,
61591,BABA01445,BABA01445224,11/1/2024 13:48,4,199,8,tap_in_home,19057,Kabarnet,Baringo,Baringo Central,Urban,,,,,,,,
61592,BABA01446,BABA01446224,9/4/2023 14:34,1,361,19,shared_taps,30762,Kapropita,Baringo,Baringo Central,Rural,,,,,,,,
61593,BABA01447,BABA01447224,1/24/2022 5:11,3,197,21,shared_taps,16740,Sacho,Baringo,Baringo Central,Urban,,,,,,,,
61594,BABA01448,BABA01448224,6/25/2022 6:07,5,322,20,tap_in_home,9702,Tenges,Baringo,Baringo Central,Urban,,,,,,,,
61595,BABA01449,BABA01449224,9/17/2024 14:44,1,207,46,well,13226,Bartabwa,Baringo,Baringo North,Rural,,Clean,,,unknown,,,
61596,BABA01450,BABA01450224,2/13/2022 18:23,1,269,5,well,29730,Barwessa,Baringo,Baringo North,Rural,,Contaminated: Chemical,,,,,,
61597,BABA01451,BABA01451224,2/22/2023 16:02,2,237,35,shared_taps,24101,Kabartonjo,Baringo,Baringo North,Urban,,,,,,,,
61598,BABA01452,BABA01452224,7/17/2022 5:47,5,410,35,tap_in_home,26661,Saimo/Kipsaraman,Baringo,Baringo North,Rural,,,,,,,,
61599,BABA01453,BABA01453224,5/15/2025 7:06,5,487,43,tap_in_home,16825,Saimo/Soi,Baringo,Baringo North,Urban,,,,,,,,
61600,BABA01454,BABA01454224,2/27/2022 13:08,1,459,1,shared_taps,28969,Ilchamus,Baringo,Baringo South,Urban,,,,,non_functional,,,
61601,BABA01455,BABA01455224,6/20/2022 13:51,1,94,36,river,38938,Marigat,Baringo,Baringo South,Urban,,,,,,,,
61602,BABA01456,BABA01456224,3/25/2022 19:48,3,272,19,river,32521,Mochongoi,Baringo,Baringo South,Rural,,,,,,,,
61603,BABA01457,BABA01457224,10/16/2024 16:50,3,520,20,shared_taps,15730,Mukutani,Baringo,Baringo South,Rural,,,,,non_functional,,,
61604,BAEL01458,BAEL01458224,7/6/2022 6:59,3,513,14,river,18131,Koibatek,Baringo,Eldama Ravine,Rural,,,,,,,,
61605,BAEL01459,BAEL01459224,12/27/2022 8:15,1,174,30,well,42906,Lembus Kwen,Baringo,Eldama Ravine,Rural,,Clean,,,,,,
61606,BAEL01460,BAEL01460224,3/26/2023 5:00,5,340,47,tap_in_home,25893,Lembus/Perkerra,Baringo,Eldama Ravine,Urban,,,,,,,,
61607,BAEL01461,BAEL01461224,5/8/2024 10:38,5,78,47,shared_taps,25615,Mumberes/Maji Mazuri,Baringo,Eldama Ravine,Urban,,,,,,,,
61608,BAEL01462,BAEL01462224,5/22/2022 15:22,1,529,36,shared_taps,19884,Ravine,Baringo,Eldama Ravine,Rural,,,,,,,,
61609,BAMO01463,BAMO01463224,12/7/2025 19:14,1,521,5,shared_taps,25746,Emining,Baringo,Mogotio,Urban,,,,,,,,
61610,BAMO01464,BAMO01464224,4/11/2024 10:34,4,531,40,river,27601,Kisanana,Baringo,Mogotio,Rural,,,,,,,,
61611,BAMO01465,BAMO01465224,9/18/2024 6:22,5,129,1,well,19698,Mogotio,Baringo,Mogotio,Rural,,Contaminated: Chemical,,,,,,
61612,BATI01466,BATI01466224,10/18/2025 8:56,1,532,4,shared_taps,24005,Churo/Amaya,Baringo,Tiaty,Urban,,,,,partially_functional,,,
61613,BATI01467,BATI01467224,12/21/2023 5:52,3,422,19,river,36317,Kolowa,Baringo,Tiaty,Rural,,,,,partially_functional,,,
61614,BATI01468,BATI01468224,4/10/2025 7:55,4,144,20,river,15847,Loiyamorock,Baringo,Tiaty,Rural,,,,,partially_functional,,,
61615,BATI01469,BATI01469224,5/16/2024 13:35,2,352,42,tap_in_home_broken,22121,Ribkwo,Baringo,Tiaty,Urban,,,,,partially_functional,,,
61616,BATI01470,BATI01470224,7/13/2022 15:53,4,533,20,tap_in_home,21373,Silale,Baringo,Tiaty,Urban,,,,,partially_functional,,,
61617,BOSO01471,BOSO01471224,8/15/2022 18:42,1,289,25,shared_taps,48141,Kipsonoi,Bomet,Sotik,Rural,,,,,,,,
61618,BATI01472,BATI01472224,1/5/2024 19:53,3,283,35,river,18344,Tangulbei/Korossi,Baringo,Tiaty,Urban,,,,,partially_functional,,,
61619,BATI01473,BATI01473224,9/22/2024 14:43,1,365,25,tap_in_home_broken,31578,Tirioko,Baringo,Tiaty,Urban,,,,,partially_functional,,,
61620,BOBO01474,BOBO01474224,9/3/2025 13:34,4,123,19,tap_in_home_broken,50036,Chesoen,Bomet,Bomet Central,Urban,,,,,,,,
61621,BOBO01475,BOBO01475224,12/26/2025 15:18,2,16,14,well,24011,Mutarakwa,Bomet,Bomet Central,Rural,,Contaminated:Biological,,,,,,
61622,BOBO01476,BOBO01476224,6/21/2025 13:53,5,54,12,shared_taps,35958,Ndaraweta,Bomet,Bomet Central,Urban,,,,,,,,
61623,BOBO01477,BOBO01477224,3/18/2025 12:44,4,336,1,shared_taps,31913,Silibwet Township,Bomet,Bomet Central,Urban,,,,,,,,
61624,BOBO01478,BOBO01478224,12/12/2023 7:21,2,60,41,river,25996,Singorwet,Bomet,Bomet Central,Rural,,,,,,,,
61625,BOBO01479,BOBO01479224,10/9/2023 17:21,4,293,37,tap_in_home_broken,26341,Chemaner,Bomet,Bomet East,Rural,,,,,,,,
61626,BOBO01480,BOBO01480224,5/7/2025 8:31,3,363,15,well,30669,Kembu,Bomet,Bomet East,Rural,,Contaminated: Chemical,,,,,,
61627,BOBO01481,BOBO01481224,1/15/2025 19:19,2,159,3,river,31243,Kipreres,Bomet,Bomet East,Rural,,,,,,,,
61628,BOBO01482,BOBO01482224,2/26/2024 12:11,3,523,45,shared_taps,37053,Longisa,Bomet,Bomet East,Rural,,,,,,,,
61629,BOBO01483,BOBO01483224,11/21/2022 12:12,2,290,14,shared_taps,52005,Merigi,Bomet,Bomet East,Rural,,,,,,,,
61630,BOCH01484,BOCH01484224,12/8/2024 11:49,3,289,15,well,43702,Chebunyo,Bomet,Chepalungu,Rural,,Contaminated: Chemical,,,,,,
61631,BOCH01485,BOCH01485224,8/15/2023 19:06,2,459,33,shared_taps,39473,Kong'Asis,Bomet,Chepalungu,Urban,,,,,,,,
61632,BOCH01486,BOCH01486224,3/28/2024 5:37,4,25,9,well,49911,Nyangores,Bomet,Chepalungu,Rural,,Contaminated:Biological,,,,,,
61633,BOCH01487,BOCH01487224,11/14/2024 6:08,1,478,47,tap_in_home_broken,46008,Sigor,Bomet,Chepalungu,Rural,,,,,,,,
61634,BOCH01488,BOCH01488224,12/9/2023 19:15,5,362,7,tap_in_home_broken,44643,Siongiroi,Bomet,Chepalungu,Urban,,,,,,,,
61635,BOKO01489,BOKO01489224,4/27/2025 10:42,2,206,1,well,36157,Boito,Bomet,Konoin,Rural,,Contaminated: Chemical,,,,,,
61636,BOKO01490,BOKO01490224,11/10/2022 12:52,1,63,43,shared_taps,28247,Chepchabas,Bomet,Konoin,Urban,,,,,,,,
61637,BOKO01491,BOKO01491224,3/1/2023 12:17,2,49,13,tap_in_home,44372,Embomos,Bomet,Konoin,Urban,,,,,,,,
61638,BOKO01492,BOKO01492224,12/24/2023 16:35,3,36,2,tap_in_home,25307,Kimulot,Bomet,Konoin,Urban,,,,,,,,
61639,BOKO01493,BOKO01493224,1/16/2025 16:29,4,289,48,river,33691,Mogogosiek,Bomet,Konoin,Rural,,,,,,,,
61640,BOSO01494,BOSO01494224,11/13/2023 16:24,2,391,23,tap_in_home,52010,Chemagel,Bomet,Sotik,Urban,,,,,,,,
61641,BOSO01495,BOSO01495224,6/17/2025 11:41,4,391,11,tap_in_home,54083,Kapletundo,Bomet,Sotik,Urban,,,,,,,,
61642,BOSO01496,BOSO01496224,3/9/2025 7:36,3,448,41,shared_taps,51223,Ndanai/Abosi,Bomet,Sotik,Urban,,,,,functional,,,
61643,BOSO01497,BOSO01497224,12/11/2024 13:17,3,200,28,river,36239,Rongena/Manaret,Bomet,Sotik,Rural,,,,,functional,,,
61644,BUBU01498,BUBU01498224,6/14/2023 7:30,1,509,9,shared_taps,43775,Bumula,Bungoma,Bumula,Urban,,,,,functional,,,
61645,BUBU01499,BUBU01499224,2/6/2023 16:53,1,121,46,shared_taps,28030,Kabula,Bungoma,Bumula,Rural,,,,,functional,,,
61646,BUBU01500,BUBU01500224,9/5/2025 9:33,5,346,7,river,19261,Khasoko,Bungoma,Bumula,Rural,,,,,functional,,,
61647,BUBU01501,BUBU01501224,9/11/2024 16:30,1,244,2,tap_in_home,49450,Kimaeti,Bungoma,Bumula,Urban,,,,,functional,,,
61648,BUBU01502,BUBU01502224,12/23/2024 14:34,5,259,30,well,42491,Siboti,Bungoma,Bumula,Rural,,Contaminated:Biological,,,functional,,,
61649,BUBU01503,BUBU01503224,4/24/2024 9:42,3,312,10,tap_in_home_broken,30998,South Bukusu,Bungoma,Bumula,Urban,,,,,functional,,,
61650,BUBU01504,BUBU01504224,11/3/2022 11:29,4,160,32,tap_in_home_broken,29301,West Bukusu,Bungoma,Bumula,Urban,,,,,functional,,,
61651,BUKA01505,BUKA01505224,10/7/2022 14:33,5,216,19,river,47769,Bwake/Luuya,Bungoma,Kabuchai,Rural,,,,,functional,,,
61652,BUKA01506,BUKA01506224,8/13/2023 12:32,2,351,21,tap_in_home_broken,51911,Kabuchai/Chwele,Bungoma,Kabuchai,Urban,,,,,functional,,,
61653,BUKA01507,BUKA01507224,12/25/2025 5:37,5,326,34,tap_in_home,55756,Mukuyuni,Bungoma,Kabuchai,Urban,,,,,functional,,,
61654,BUKA01508,BUKA01508224,11/19/2023 11:47,2,56,4,well,47199,West Nalondo,Bungoma,Kabuchai,Rural,,Clean,,,functional,,,
61655,BUKA01509,BUKA01509224,12/5/2023 18:44,5,328,41,tap_in_home_broken,38799,Bukembe East,Bungoma,Kanduyi,Rural,,,,,functional,,,
61656,BUKA01510,BUKA01510224,9/28/2023 10:35,5,168,5,tap_in_home,27288,Bukembe West,Bungoma,Kanduyi,Urban,,,,,functional,,,
61657,BUKA01511,BUKA01511224,9/25/2022 19:47,1,245,20,tap_in_home,44772,East Sang'Alo,Bungoma,Kanduyi,Urban,,,,,functional,,,
61658,BUKA01512,BUKA01512224,1/22/2023 17:58,5,429,35,well,7209,Khalaba,Bungoma,Kanduyi,Urban,,Contaminated: Chemical,,,functional,,,
61659,BUKA01513,BUKA01513224,9/14/2024 15:04,1,188,37,well,50152,Marakaru/Tuuti,Bungoma,Kanduyi,Rural,,Contaminated:Biological,,,functional,,,
61660,BUKA01514,BUKA01514224,9/2/2022 10:53,4,63,33,tap_in_home_broken,48253,Musikoma,Bungoma,Kanduyi,Rural,,,,,functional,,,
61661,BUKA01515,BUKA01515224,4/11/2024 14:26,4,214,7,shared_taps,5319,Township,Bungoma,Kanduyi,Urban,,,,,functional,,,
61662,BUKA01516,BUKA01516224,9/15/2023 18:21,3,117,23,shared_taps,47544,West Sang'Alo,Bungoma,Kanduyi,Rural,,,,,functional,,,
61663,BUKI01517,BUKI01517224,1/13/2022 11:08,5,210,16,tap_in_home_broken,50330,Kamukuywa,Bungoma,Kimilili,Urban,,,,,functional,,,
61664,BUKI01518,BUKI01518224,10/3/2024 10:16,3,398,47,shared_taps,40195,Kibingei,Bungoma,Kimilili,Urban,,,,,functional,,,
61665,BUKI01519,BUKI01519224,2/6/2025 15:01,2,173,0,tap_in_home,35249,Kimilili,Bungoma,Kimilili,Urban,,,,,functional,,,
61666,BUKI01520,BUKI01520224,4/20/2024 17:02,5,345,36,tap_in_home,31802,Maeni,Bungoma,Kimilili,Urban,,,,,functional,,,
61667,BULI01521,BULI01521224,9/24/2024 18:38,5,506,5,river,34173,Kongoni,Bungoma,Likuyani,Rural,,,,,partially_functional,,,
61668,BULI01522,BULI01522224,9/19/2025 14:59,1,458,46,tap_in_home_broken,38371,Likuyani,Bungoma,Likuyani,Urban,,,,,partially_functional,,,
61669,BULI01523,BULI01523224,4/20/2024 17:05,2,464,11,shared_taps,43050,Nzoia,Bungoma,Likuyani,Urban,,,,,functional,,,
61670,BULI01524,BULI01524224,3/2/2022 7:45,1,502,28,tap_in_home,29736,Sango,Bungoma,Likuyani,Urban,,,,,partially_functional,,,
61671,BULI01525,BULI01525224,5/7/2025 16:11,1,130,27,shared_taps,27318,Sinoko,Bungoma,Likuyani,Urban,,,,,partially_functional,,,
61672,BULU01526,BULU01526224,6/14/2022 11:01,3,201,40,well,27428,Chekalini,Bungoma,Lugari,Rural,,Contaminated: Chemical,,,partially_functional,,,
61673,BULU01527,BULU01527224,12/6/2025 10:10,3,64,47,well,40046,Lugari,Bungoma,Lugari,Rural,,Clean,,,partially_functional,,,
61674,BULU01528,BULU01528224,2/12/2022 14:23,2,477,19,tap_in_home,37671,Lumakanda,Bungoma,Lugari,Urban,,,,,partially_functional,,,
61675,BULU01529,BULU01529224,6/14/2025 13:36,3,298,20,shared_taps,32792,Mautuma,Bungoma,Lugari,Urban,,,,,partially_functional,,,
61676,BUMT01530,BUMT01530224,5/23/2023 19:40,3,370,40,tap_in_home,39423,Cheptais,Bungoma,Mt. Elgon,Urban,,,,,,,,
61677,BUMT01531,BUMT01531224,11/8/2023 10:30,4,175,34,river,36833,Chepyuk,Bungoma,Mt. Elgon,Rural,,,,,,,,
61678,BUMT01532,BUMT01532224,5/13/2022 18:51,3,278,38,shared_taps,35843,Chesikaki,Bungoma,Mt. Elgon,Urban,,,,,functional,,,
61679,BUMT01533,BUMT01533224,5/12/2024 14:25,3,201,0,shared_taps,40084,Elgon,Bungoma,Mt. Elgon,Urban,,,,,,,,
61680,BUMT01534,BUMT01534224,1/15/2022 18:13,3,228,11,well,37774,Kapkateny,Bungoma,Mt. Elgon,Rural,,Clean,,,,,,
61681,BUMT01535,BUMT01535224,6/19/2023 13:08,1,461,16,tap_in_home_broken,40997,Kaptama,Bungoma,Mt. Elgon,Urban,,,,,,,,
61682,BUSI01536,BUSI01536224,9/13/2025 10:40,4,473,5,shared_taps,53524,Lwandanyi,Bungoma,Sirisia,Urban,,,,,functional,,,
61683,BUSI01537,BUSI01537224,3/2/2022 11:18,3,258,38,river,45444,Malakisi/South Kulisiru,Bungoma,Sirisia,Rural,,,,,functional,,,
61684,BUSI01538,BUSI01538224,2/22/2024 15:13,3,27,0,river,37353,Namwela,Bungoma,Sirisia,Rural,,,,,partially_functional,,,
61685,BUTO01539,BUTO01539224,10/13/2023 15:42,1,433,20,shared_taps,42523,Mbakalo,Bungoma,Tongaren,Urban,,,,,functional,,,
61686,BUTO01540,BUTO01540224,10/2/2025 5:14,5,366,45,shared_taps,44730,Milima,Bungoma,Tongaren,Rural,,,,,functional,,,
61687,BUTO01541,BUTO01541224,7/12/2025 7:36,2,11,2,tap_in_home,49979,Naitiri/Kabuyefwe,Bungoma,Tongaren,Urban,,,,,partially_functional,,,
61688,BUTO01542,BUTO01542224,8/27/2024 9:11,1,15,4,tap_in_home,30431,Ndalu/ Tabani,Bungoma,Tongaren,Urban,,,,,functional,,,
61689,BUTO01543,BUTO01543224,5/22/2024 16:38,4,267,10,shared_taps,38255,Soysambu/ Mitua,Bungoma,Tongaren,Rural,,,,,partially_functional,,,
61690,BUTO01544,BUTO01544224,12/10/2022 9:38,1,191,14,river,44142,Tongaren,Bungoma,Tongaren,Rural,,,,,functional,,,
61691,ELKE01545,ELKE01545224,1/11/2023 6:57,5,309,5,shared_taps,21875,Kaptarakwa,Elgeyo-Marakwet,Keiyo South,Urban,,,,,,,,
61692,BUWE01546,BUWE01546224,4/8/2025 5:03,2,507,34,shared_taps,48752,Bokoli,Bungoma,Webute West,Urban,,,,,functional,,,
61693,BUWE01547,BUWE01547224,4/14/2023 14:56,4,77,8,tap_in_home,30909,Matulo,Bungoma,Webute West,Urban,,,,,functional,,,
61694,BUWE01548,BUWE01548224,3/16/2022 13:22,2,435,37,river,50570,Misikhu,Bungoma,Webute West,Rural,,,,,functional,,,
61695,BUWE01549,BUWE01549224,7/13/2024 10:14,4,434,25,tap_in_home_broken,42859,Sitikho,Bungoma,Webute West,Urban,,,,,functional,,,
61696,BUWE01550,BUWE01550224,7/28/2024 7:34,1,313,23,shared_taps,41383,Maraka,Bungoma,Webuye East,Urban,,,,,functional,,,
61697,BUWE01551,BUWE01551224,10/22/2022 13:37,3,439,10,shared_taps,41192,Mihuu,Bungoma,Webuye East,Urban,,,,,functional,,,
61698,BUWE01552,BUWE01552224,11/10/2024 17:44,2,145,7,tap_in_home,45838,Ndivisi,Bungoma,Webuye East,Urban,,,,,partially_functional,,,
61699,BUBU01553,BUBU01553224,5/19/2025 10:25,4,419,12,tap_in_home,16290,Bunyala Central,Busia,Budalangi,Urban,,,,,partially_functional,,,
61700,BUBU01554,BUBU01554224,10/28/2024 8:27,5,296,35,river,30358,Bunyala North,Busia,Budalangi,Urban,,,,,partially_functional,,,
61701,BUBU01555,BUBU01555224,12/16/2025 16:51,3,482,35,tap_in_home_broken,19739,Bunyala South,Busia,Budalangi,Urban,,,,,partially_functional,,,
61702,BUBU01556,BUBU01556224,5/9/2022 18:56,1,436,9,shared_taps,29928,Bunyala West,Busia,Budalangi,Urban,,,,,partially_functional,,,
61703,BUBU01557,BUBU01557224,5/22/2024 7:09,3,239,18,shared_taps,16542,Elugulu,Busia,Butula,Rural,,,,,partially_functional,,,
61704,BUBU01558,BUBU01558224,4/6/2023 5:37,4,475,16,tap_in_home,19991,Kingandole,Busia,Butula,Urban,,,,,partially_functional,,,
61705,BUBU01559,BUBU01559224,11/28/2023 15:05,3,463,28,well,28505,Marachi Central,Busia,Butula,Rural,,Contaminated:Biological,,,partially_functional,,,
61706,BUBU01560,BUBU01560224,2/28/2024 19:04,2,22,35,shared_taps,32494,Marachi East,Busia,Butula,Urban,,,,,partially_functional,,,
61707,BUBU01561,BUBU01561224,4/25/2024 14:18,1,456,6,shared_taps,30313,Marachi North,Busia,Butula,Urban,,,,,partially_functional,,,
61708,ELKE01562,ELKE01562224,9/8/2022 11:29,4,249,32,river,18287,Soy North,Elgeyo-Marakwet,Keiyo South,Rural,,,,,,,,
61709,BUBU01563,BUBU01563224,12/20/2022 7:24,4,219,22,shared_taps,27099,Marachi West,Busia,Butula,Rural,,,,,partially_functional,,,
61710,BUFU01564,BUFU01564224,9/15/2025 8:26,5,424,10,shared_taps,31810,Ageng'A Nanguba,Busia,Funyula,Urban,,,,,partially_functional,,,
61711,BUFU01565,BUFU01565224,10/10/2024 19:00,2,4,20,tap_in_home,25049,Bwiri,Busia,Funyula,Rural,,,,,partially_functional,,,
61712,BUFU01566,BUFU01566224,4/5/2023 15:35,5,1,17,river,30319,Namboboto Nambuku,Busia,Funyula,Rural,,,,,partially_functional,,,
61713,BUFU01567,BUFU01567224,4/7/2023 10:46,3,29,32,well,30452,Nangina,Busia,Funyula,Rural,,Contaminated:Biological,,,partially_functional,,,
61714,BUMA01568,BUMA01568224,9/23/2022 18:43,4,294,22,tap_in_home,56014,Bukhayo West,Busia,Matayos,Urban,,,,,partially_functional,,,
61715,BUMA01569,BUMA01569224,8/16/2023 10:11,3,261,9,shared_taps,7843,Burumba,Busia,Matayos,Urban,,,,,functional,,,
61716,BUMA01570,BUMA01570224,4/25/2025 5:23,1,3,3,shared_taps,17133,Busibwabo,Busia,Matayos,Urban,,,,,partially_functional,,,
61717,BUMA01571,BUMA01571224,3/28/2024 14:07,4,367,20,tap_in_home_broken,43692,Matayos South,Busia,Matayos,Urban,,,,,partially_functional,,,
61718,BUMA01572,BUMA01572224,3/22/2022 16:17,2,139,8,well,9535,Mayenje,Busia,Matayos,Rural,,Contaminated: Chemical,,,partially_functional,,,
61719,BUNA01573,BUNA01573224,5/26/2025 14:56,2,290,13,shared_taps,24408,Bukhayo Central,Busia,Nambale,Urban,,,,,partially_functional,,,
61720,BUNA01574,BUNA01574224,6/7/2025 19:44,5,71,45,tap_in_home_broken,29795,Bukhayo East,Busia,Nambale,Rural,,,,,partially_functional,,,
61721,BUNA01575,BUNA01575224,8/8/2024 16:29,1,274,38,tap_in_home,29481,Bukhayo North/Waltsi,Busia,Nambale,Urban,,,,,partially_functional,,,
61722,BUNA01576,BUNA01576224,5/25/2024 8:29,5,469,48,river,41987,Nambale Township,Busia,Nambale,Rural,,,,,partially_functional,,,
61723,BUTE01577,BUTE01577224,12/9/2022 16:15,1,348,13,shared_taps,20245,Ang'Urai East,Busia,Teso North,Rural,,,,,partially_functional,,,
61724,ELKE01578,ELKE01578224,2/19/2023 14:00,4,4,17,tap_in_home,13887,Metkei,Elgeyo-Marakwet,Keiyo South,Urban,,,,,,,,
61725,BUTE01579,BUTE01579224,3/17/2022 12:32,4,242,43,tap_in_home,29775,Ang'Urai North,Busia,Teso North,Urban,,,,,partially_functional,,,
61726,BUTE01580,BUTE01580224,12/17/2025 15:29,4,538,4,well,28154,Ang'Urai South,Busia,Teso North,Rural,,Contaminated: Chemical,,,partially_functional,,,
61727,BUTE01581,BUTE01581224,12/17/2022 18:56,3,302,35,shared_taps,31023,Malaba Central,Busia,Teso North,Urban,,,,,partially_functional,,,
61728,BUTE01582,BUTE01582224,7/14/2022 10:32,4,390,39,shared_taps,15835,Malaba North,Busia,Teso North,Rural,,,,,partially_functional,,,
61729,BUTE01583,BUTE01583224,7/26/2023 12:08,1,175,47,tap_in_home,23335,Malaba South,Busia,Teso North,Rural,,,,,partially_functional,,,
61730,BUTE01584,BUTE01584224,2/2/2022 17:10,2,195,16,shared_taps,28818,Amukura Central,Busia,Teso South,Urban,,,,,partially_functional,,,
61731,BUTE01585,BUTE01585224,3/20/2023 9:39,3,168,12,shared_taps,34423,Amukura East,Busia,Teso South,Urban,,,,,partially_functional,,,
61732,BUTE01586,BUTE01586224,9/1/2025 12:01,4,67,6,river,22210,Amukura West,Busia,Teso South,Urban,,,,,partially_functional,,,
61733,BUTE01587,BUTE01587224,3/16/2024 12:39,2,239,11,river,21211,Ang'Orom,Busia,Teso South,Rural,,,,,partially_functional,,,
61734,BUTE01588,BUTE01588224,6/20/2024 8:09,5,283,31,tap_in_home_broken,25221,Chakol North,Busia,Teso South,Urban,,,,,partially_functional,,,
61735,BUTE01589,BUTE01589224,10/27/2023 8:47,1,101,45,river,43024,Chakol South,Busia,Teso South,Rural,,,,,partially_functional,,,
61736,ELKE01590,ELKE01590224,1/3/2024 18:37,4,500,4,well,15024,Emsoo,Elgeyo-Marakwet,Keiyo North,Rural,,Contaminated:Biological,,,,,,
61737,ELKE01591,ELKE01591224,7/18/2024 6:10,3,506,2,shared_taps,40520,Kamariny,Elgeyo-Marakwet,Keiyo North,Rural,,,,,,,,
61738,ELKE01592,ELKE01592224,4/28/2024 18:43,2,165,3,tap_in_home,30026,Kapchemutwa,Elgeyo-Marakwet,Keiyo North,Urban,,,,,,,,
61739,ELKE01593,ELKE01593224,11/11/2023 5:00,1,510,26,tap_in_home,25344,Tambach,Elgeyo-Marakwet,Keiyo North,Urban,,,,,,,,
61740,ELKE01594,ELKE01594224,6/19/2025 19:29,1,422,41,river,29493,Chepkorio,Elgeyo-Marakwet,Keiyo South,Urban,,,,,,,,
61741,ELKE01595,ELKE01595224,5/5/2025 7:39,4,340,41,shared_taps,21332,Kabiemit,Elgeyo-Marakwet,Keiyo South,Urban,,,,,,,,
61742,ELKE01596,ELKE01596224,7/7/2024 7:34,3,88,15,well,26504,Soy South,Elgeyo-Marakwet,Keiyo South,Rural,,Clean,,,,,,
61743,ELMA01597,ELMA01597224,6/25/2022 10:46,4,72,14,tap_in_home_broken,26734,Endo,Elgeyo-Marakwet,Marakwet East,Urban,,,,,,,,
61744,ELMA01598,ELMA01598224,10/12/2025 12:48,1,13,6,shared_taps,18652,Kapyego,Elgeyo-Marakwet,Marakwet East,Rural,,,,,,,,
61745,ELMA01599,ELMA01599224,9/21/2024 11:17,4,212,43,well,46504,Sambirir,Elgeyo-Marakwet,Marakwet East,Rural,,Contaminated:Biological,,,,,,
61746,ELMA01600,ELMA01600224,3/23/2025 13:51,2,519,30,shared_taps,11612,Arror,Elgeyo-Marakwet,Marakwet West,Rural,,,,,,,,
61747,ELMA01601,ELMA01601224,10/23/2023 5:55,5,424,41,well,25550,Cherang'Any/Chebororwa,Elgeyo-Marakwet,Marakwet West,Rural,,Clean,,,functional,,,
61748,ELMA01602,ELMA01602224,7/10/2024 9:17,4,62,1,tap_in_home_broken,36804,Kapsowar,Elgeyo-Marakwet,Marakwet West,Urban,,,,,,,,
61749,ELMA01603,ELMA01603224,3/8/2024 16:45,1,179,2,tap_in_home_broken,30155,Moiben/Kuserwo,Elgeyo-Marakwet,Marakwet West,Urban,,,,,,,,
61750,ELMA01604,ELMA01604224,4/5/2023 18:51,3,309,44,tap_in_home_broken,27171,Sengwer,Elgeyo-Marakwet,Marakwet West,Urban,,,,,functional,,,
61751,EMMA01605,EMMA01605224,10/6/2024 17:21,1,281,37,tap_in_home_broken,30551,Gaturi North,Embu,Manyatta,Urban,,,,,functional,,,
61752,EMMA01606,EMMA01606224,11/15/2023 15:40,5,431,9,river,22118,Gaturi South,Embu,Manyatta,Rural,,,,,partially_functional,,,
61753,EMMA01607,EMMA01607224,6/11/2022 13:40,1,171,39,shared_taps,15961,Kirimari,Embu,Manyatta,Urban,,,,,partially_functional,,,
61754,EMMA01608,EMMA01608224,5/11/2024 9:07,4,148,25,tap_in_home,22763,Kithimu,Embu,Manyatta,Urban,,,,,partially_functional,,,
61755,EMMA01609,EMMA01609224,8/8/2024 15:45,4,511,16,shared_taps,32746,Mbeti North,Embu,Manyatta,Rural,,,,,partially_functional,,,
61756,EMMA01610,EMMA01610224,7/23/2023 11:03,4,253,43,shared_taps,55849,Nginda,Embu,Manyatta,Rural,,,,,functional,,,
61757,EMMA01611,EMMA01611224,6/13/2024 15:54,4,49,26,shared_taps,33244,Ruguru/Ngandori,Embu,Manyatta,Rural,,,,,functional,,,
61758,EMMB01612,EMMB01612224,4/11/2025 14:33,1,14,17,tap_in_home,62283,Evurore,Embu,Mbeere North,Urban,,,,,,,,
61759,EMMB01613,EMMB01613224,6/22/2024 14:04,4,166,8,shared_taps,23551,Muminji,Embu,Mbeere North,Rural,,,,,,,,
61760,EMMB01614,EMMB01614224,11/12/2025 12:08,4,268,7,well,36308,Nthawa,Embu,Mbeere North,Rural,,Clean,,,,,,
61761,EMMB01615,EMMB01615224,9/6/2024 13:54,5,235,48,shared_taps,21646,Kiambere,Embu,Mbeere South,Urban,,,,,partially_functional,,,
61762,EMMB01616,EMMB01616224,10/17/2024 8:20,5,32,35,well,30097,Makima,Embu,Mbeere South,Rural,,Clean,,,partially_functional,,,
61763,EMMB01617,EMMB01617224,5/12/2025 6:00,2,166,33,tap_in_home_broken,47689,Mavuria,Embu,Mbeere South,Rural,,,,,partially_functional,,,
61764,EMMB01618,EMMB01618224,3/21/2023 10:54,1,367,32,tap_in_home,42611,Mbeti South,Embu,Mbeere South,Urban,,,,,partially_functional,,,
61765,EMMB01619,EMMB01619224,5/24/2024 17:40,4,3,25,tap_in_home,44446,Mwea,Embu,Mbeere South,Urban,,,,,partially_functional,,,
61766,EMRU01620,EMRU01620224,11/27/2023 16:34,4,388,4,well,30425,Central Ward,Embu,Runyenjes,Rural,,Clean,,,functional,,,
61767,EMRU01621,EMRU01621224,5/12/2023 18:27,1,216,31,tap_in_home_broken,29185,Kagaari North,Embu,Runyenjes,Rural,,,,,functional,,,
61768,EMRU01622,EMRU01622224,8/4/2025 8:01,2,187,47,shared_taps,25543,Kagaari South,Embu,Runyenjes,Rural,,,,,partially_functional,,,
61769,EMRU01623,EMRU01623224,2/1/2023 8:35,3,522,0,well,26525,Kyeni North,Embu,Runyenjes,Rural,,Contaminated: Chemical,,,partially_functional,,,
61770,EMRU01624,EMRU01624224,7/28/2024 12:39,5,325,27,well,33082,Kyeni South,Embu,Runyenjes,Rural,,Clean,,,partially_functional,,,
61771,GABA01625,GABA01625224,11/1/2023 13:24,3,470,1,tap_in_home_broken,5753,Balambala,Garissa,Balambala,Urban,,,,,,,,
61772,GABA01626,GABA01626224,9/1/2024 5:05,4,485,1,tap_in_home,8320,Danyere,Garissa,Balambala,Rural,,,,,,,,
61773,GABA01627,GABA01627224,3/17/2022 5:30,5,378,8,river,3112,Jara Jara,Garissa,Balambala,Rural,,,,,,,,
61774,GABA01628,GABA01628224,12/8/2024 9:22,5,461,41,shared_taps,1403,Saka,Garissa,Balambala,Rural,,,,,,,,
61775,GABA01629,GABA01629224,4/10/2022 12:19,3,464,14,tap_in_home_broken,3527,Sankuri,Garissa,Balambala,Urban,,,,,,,,
61776,GADA01630,GADA01630224,7/1/2022 8:26,5,343,34,well,21274,Abakaile,Garissa,Daadab,Rural,,Clean,,,,,,
61777,GADA01631,GADA01631224,11/15/2024 7:20,1,139,34,tap_in_home_broken,36852,Dadaab,Garissa,Daadab,Urban,,,,,functional,,,
61778,GADA01632,GADA01632224,3/17/2022 6:48,3,287,4,tap_in_home_broken,14988,Damajale,Garissa,Daadab,Urban,,,,,,,,
61779,GADA01633,GADA01633224,12/28/2022 19:01,3,438,34,tap_in_home,16000,Dertu,Garissa,Daadab,Rural,,,,,,,,
61780,GADA01634,GADA01634224,9/18/2025 15:16,4,256,4,river,68839,Labasigale,Garissa,Daadab,Rural,,,,,functional,,,
61781,GADA01635,GADA01635224,11/11/2025 7:11,4,142,11,shared_taps,17907,Liboi,Garissa,Daadab,Rural,,,,,,,,
61782,GAFA01636,GAFA01636224,12/18/2025 9:04,2,72,6,tap_in_home_broken,71784,Bura,Garissa,Fafi,Urban,,,,,,,,
61783,GAFA01637,GAFA01637224,3/17/2025 18:56,3,408,45,tap_in_home_broken,21418,Dekaharia,Garissa,Fafi,Urban,,,,,,,,
61784,GAFA01638,GAFA01638224,2/11/2022 13:04,3,285,10,shared_taps,4713,Fafi,Garissa,Fafi,Urban,,,,,,,,
61785,GAFA01639,GAFA01639224,6/20/2023 12:45,5,149,35,tap_in_home_broken,74405,Jarajila,Garissa,Fafi,Rural,,,,,functional,,,
61786,GAFA01640,GAFA01640224,1/20/2024 15:06,1,0,14,shared_taps,11870,Nanighi,Garissa,Fafi,Urban,,,,,functional,,,
61787,GAGA01641,GAGA01641224,8/9/2023 9:43,2,258,10,well,16614,Galbet,Garissa,Garissa Township,Rural,,Clean,,,,,,
61788,GAGA01642,GAGA01642224,1/17/2024 13:49,2,423,32,tap_in_home_broken,23162,Iftin,Garissa,Garissa Township,Urban,,,,,,,,
61789,GAGA01643,GAGA01643224,11/13/2022 5:35,3,526,0,tap_in_home_broken,0,Township,Garissa,Garissa Township,Urban,,,,,,,,
61790,GAGA01644,GAGA01644224,12/26/2023 19:32,2,291,47,well,8879,Waberi,Garissa,Garissa Township,Rural,,Contaminated:Biological,,,,,,
61791,GAIJ01645,GAIJ01645224,6/15/2024 12:13,4,368,38,shared_taps,54385,Hulugho,Garissa,Ijara,Urban,,,,,,,,
61792,GAIJ01646,GAIJ01646224,7/11/2023 14:39,5,431,20,shared_taps,54152,Ijara,Garissa,Ijara,Urban,,,,,,,,
61793,GAIJ01647,GAIJ01647224,10/18/2024 19:08,1,491,28,shared_taps,139826,Masalani,Garissa,Ijara,Rural,,,,,,,,
61794,GAIJ01648,GAIJ01648224,6/4/2023 9:28,4,94,37,shared_taps,16748,Sangailu,Garissa,Ijara,Urban,,,,,,,,
61795,GALA01649,GALA01649224,6/15/2025 6:52,3,385,8,shared_taps,34,Baraki,Garissa,Lagdera,Rural,,,,,,,,
61796,GALA01650,GALA01650224,11/20/2025 11:19,5,415,34,well,11263,Benane,Garissa,Lagdera,Rural,,Contaminated: Chemical,,,,,,
61797,GALA01651,GALA01651224,3/8/2025 16:55,3,434,40,shared_taps,10775,Goreale,Garissa,Lagdera,Urban,,,,,,,,
61798,GALA01652,GALA01652224,10/7/2024 9:46,1,308,39,river,16669,Maalimin,Garissa,Lagdera,Urban,,,,,,,,
61799,GALA01653,GALA01653224,8/26/2024 8:59,4,442,37,tap_in_home,4069,Modogashe,Garissa,Lagdera,Urban,,,,,,,,
61800,GALA01654,GALA01654224,10/18/2023 19:46,1,435,39,shared_taps,5966,Sabena,Garissa,Lagdera,Rural,,,,,,,,
61801,HOHO01655,HOHO01655224,1/24/2025 19:03,2,232,10,well,32742,Homa Bay Arujo,Homa Bay,Homa Bay Town,Rural,,Clean,,,functional,,,
61802,HOHO01656,HOHO01656224,7/6/2024 18:17,3,463,6,shared_taps,43551,Homa Bay Central,Homa Bay,Homa Bay Town,Rural,,,,,functional,,,
61803,HOHO01657,HOHO01657224,11/20/2025 12:25,1,184,19,tap_in_home,37865,Homa Bay East,Homa Bay,Homa Bay Town,Urban,,,,,partially_functional,,,
61804,HOHO01658,HOHO01658224,3/27/2025 14:49,4,422,4,shared_taps,19995,Homa Bay West,Homa Bay,Homa Bay Town,Rural,,,,,functional,,,
61805,HOKA01659,HOKA01659224,12/22/2022 10:28,4,365,38,well,41191,Kabondo East,Homa Bay,Kabondo Kasipul,Urban,,Contaminated: Chemical,,,functional,,,
61806,HOKA01660,HOKA01660224,6/10/2022 8:38,5,404,4,river,37058,Kabondo West,Homa Bay,Kabondo Kasipul,Rural,,,,,partially_functional,,,
61807,HOKA01661,HOKA01661224,8/25/2022 11:36,3,107,47,shared_taps,21031,Kojwach,Homa Bay,Kabondo Kasipul,Rural,,,,,functional,,,
61808,HOKA01662,HOKA01662224,1/7/2024 14:55,1,296,33,tap_in_home_broken,35083,Kokwanyo/Kakelo,Homa Bay,Kabondo Kasipul,Rural,,,,,functional,,,
61809,HOKA01663,HOKA01663224,10/17/2023 12:36,4,490,16,shared_taps,24631,Central,Homa Bay,Karachuonyo,Urban,,,,,,,,
61810,HOKA01664,HOKA01664224,12/6/2025 14:36,3,96,42,river,23322,Kanyaluo,Homa Bay,Karachuonyo,Rural,,,,,,,,
61811,HOKA01665,HOKA01665224,4/11/2023 18:58,5,69,43,river,7709,Kendu Bay Town,Homa Bay,Karachuonyo,Rural,,,,,,,,
61812,HOKA01666,HOKA01666224,11/10/2024 14:12,5,368,8,shared_taps,20178,Kibiri,Homa Bay,Karachuonyo,Rural,,,,,,,,
61813,HOKA01667,HOKA01667224,10/13/2024 6:26,2,295,6,shared_taps,16303,North Karachuonyo,Homa Bay,Karachuonyo,Urban,,,,,functional,,,
61814,HOKA01668,HOKA01668224,2/23/2025 18:52,3,422,41,river,39210,Wangchieng,Homa Bay,Karachuonyo,Rural,,,,,,,,
61815,HOKA01669,HOKA01669224,3/20/2023 17:50,1,247,38,well,35850,West Karachuonyo,Homa Bay,Karachuonyo,Rural,,Contaminated:Biological,,,,,,
61816,HOKA01670,HOKA01670224,7/25/2025 8:51,3,415,7,tap_in_home,31762,Central Kasipul,Homa Bay,Kasipul,Rural,,,,,functional,,,
61817,HOKA01671,HOKA01671224,12/15/2025 8:38,1,148,45,river,18671,East Kamagak,Homa Bay,Kasipul,Rural,,,,,functional,,,
61818,HOKA01672,HOKA01672224,5/28/2025 19:58,2,282,2,tap_in_home,36153,South Kasipul,Homa Bay,Kasipul,Urban,,,,,functional,,,
61819,KEAI01673,KEAI01673224,1/13/2025 14:50,5,292,19,tap_in_home_broken,18001,Kipchimchim,Kericho,Ainamoi,Urban,,,,,,,,
61820,HOKA01674,HOKA01674224,6/10/2024 12:01,2,85,17,shared_taps,24472,West Kamagak,Homa Bay,Kasipul,Urban,,,,,functional,,,
61821,HOKA01675,HOKA01675224,10/5/2022 8:31,4,442,13,river,33085,West Kasipul,Homa Bay,Kasipul,Rural,,,,,functional,,,
61822,HOMB01676,HOMB01676224,5/27/2022 10:02,5,253,45,well,21576,Gembe,Homa Bay,Mbita,Urban,,Contaminated: Chemical,,,partially_functional,,,
61823,HOMB01677,HOMB01677224,10/20/2023 8:20,4,227,41,shared_taps,24118,Kasgunga,Homa Bay,Mbita,Rural,,,,,partially_functional,,,
61824,HOMB01678,HOMB01678224,5/26/2025 9:11,1,332,4,shared_taps,30576,Lambwe,Homa Bay,Mbita,Rural,,,,,partially_functional,,,
61825,HOMB01679,HOMB01679224,3/25/2024 17:22,2,388,7,tap_in_home_broken,32731,Mfangano Island,Homa Bay,Mbita,Urban,,,,,partially_functional,,,
61826,HOMB01680,HOMB01680224,5/6/2025 19:29,5,123,43,tap_in_home_broken,29456,Rusinga Island,Homa Bay,Mbita,Rural,,,,,partially_functional,,,
61827,HOND01681,HOND01681224,7/22/2024 5:34,4,304,10,shared_taps,61163,Kabuoch North,Homa Bay,Ndhiwa,Urban,,,,,partially_functional,,,
61828,HOND01682,HOND01682224,9/7/2025 8:12,1,72,45,tap_in_home_broken,21221,Kabuoch South/Pala,Homa Bay,Ndhiwa,Urban,,,,,partially_functional,,,
61829,HOND01683,HOND01683224,5/28/2023 8:19,4,195,39,river,24510,Kanyadoto,Homa Bay,Ndhiwa,Rural,,,,,partially_functional,,,
61830,HOND01684,HOND01684224,4/19/2023 11:35,3,20,43,well,32070,Kanyamwa Kologi,Homa Bay,Ndhiwa,Rural,,Contaminated: Chemical,,,partially_functional,,,
61831,HOND01685,HOND01685224,12/5/2022 7:37,2,432,5,tap_in_home_broken,47239,Kanyamwa Kosewe,Homa Bay,Ndhiwa,Rural,,,,,partially_functional,,,
61832,HOND01686,HOND01686224,2/10/2022 11:00,5,512,33,shared_taps,8985,Kanyikela,Homa Bay,Ndhiwa,Urban,,,,,partially_functional,,,
61833,HOND01687,HOND01687224,1/2/2024 16:36,3,375,22,river,45663,Kwabwai,Homa Bay,Ndhiwa,Rural,,,,,partially_functional,,,
61834,HORA01688,HORA01688224,7/15/2025 7:18,2,58,2,river,28646,East Gem,Homa Bay,Rangwe,Rural,,,,,partially_functional,,,
61835,HORA01689,HORA01689224,1/28/2025 12:04,2,41,2,well,38416,Kagan,Homa Bay,Rangwe,Urban,,Contaminated: Chemical,,,partially_functional,,,
61836,HORA01690,HORA01690224,6/24/2022 14:31,5,365,19,shared_taps,32432,Kochia,Homa Bay,Rangwe,Rural,,,,,functional,,,
61837,HORA01691,HORA01691224,9/9/2025 13:41,5,500,14,well,26420,West Gem,Homa Bay,Rangwe,Rural,,Clean,,,functional,,,
61838,HOSU01692,HOSU01692224,12/27/2023 13:11,3,398,3,tap_in_home_broken,30960,Gwassi North,Homa Bay,Suba,Urban,,,,,partially_functional,,,
61839,HOSU01693,HOSU01693224,3/9/2024 12:07,5,97,38,tap_in_home_broken,45559,Gwassi South,Homa Bay,Suba,Rural,,,,,partially_functional,,,
61840,HOSU01694,HOSU01694224,2/8/2024 11:58,2,524,0,shared_taps,41994,Kaksingri West,Homa Bay,Suba,Rural,,,,,partially_functional,,,
61841,HOSU01695,HOSU01695224,2/6/2023 7:23,1,529,9,well,17316,Ruma-Kaksingri,Homa Bay,Suba,Rural,,Contaminated:Biological,,,partially_functional,,,
61842,HOUN01696,HOUN01696224,2/16/2023 18:56,2,125,4,river,27541,unknown 6,Homa Bay,unknown 6,Rural,,,,,,,,
61843,ISIS01697,ISIS01697224,6/6/2025 5:45,2,302,48,tap_in_home_broken,37532,Bulla Pesa,Isiolo,Isiolo North,Urban,,,,,,,,
61844,ISIS01698,ISIS01698224,9/9/2024 8:43,5,350,30,tap_in_home,24899,Burat,Isiolo,Isiolo North,Urban,,,,,functional,,,
61845,ISIS01699,ISIS01699224,10/20/2024 19:16,2,502,47,shared_taps,13325,Chari,Isiolo,Isiolo North,Urban,,,,,,,,
61846,ISIS01700,ISIS01700224,6/28/2022 19:43,3,437,6,shared_taps,45150,Cherab,Isiolo,Isiolo North,Rural,,,,,partially_functional,,,
61847,ISIS01701,ISIS01701224,3/5/2024 6:31,3,458,5,river,11648,Ngare Mara,Isiolo,Isiolo North,Rural,,,,,functional,,,
61848,ISIS01702,ISIS01702224,1/3/2024 14:25,2,470,33,tap_in_home,26817,Oldo/Nyiro,Isiolo,Isiolo North,Urban,,,,,non_functional,,,
61849,ISIS01703,ISIS01703224,1/19/2023 17:58,2,213,42,river,40973,Wabera,Isiolo,Isiolo North,Rural,,,,,,,,
61850,ISIS01704,ISIS01704224,6/4/2024 8:44,2,407,19,tap_in_home,43991,Garbatulla,Isiolo,Isiolo South,Urban,,,,,,,,
61851,ISIS01705,ISIS01705224,11/7/2024 9:49,2,453,17,shared_taps,42598,Kinna,Isiolo,Isiolo South,Urban,,,,,,,,
61852,ISIS01706,ISIS01706224,1/13/2025 7:05,3,4,16,river,37685,Sericho,Isiolo,Isiolo South,Rural,,,,,,,,
61853,KAKA01707,KAKA01707224,6/12/2022 9:11,4,41,25,tap_in_home,52933,Dalalekutuk,Kajiado,Kajiado Central,Urban,,,,,partially_functional,,,
61854,KEBE01708,KEBE01708224,1/21/2024 14:14,4,181,9,shared_taps,32115,Chaik,Kericho,Belgut,Rural,,,,,,,,
61855,KAKA01709,KAKA01709224,5/19/2024 13:51,5,336,11,river,15248,Ildamat,Kajiado,Kajiado Central,Rural,,,,,partially_functional,,,
61856,KAKA01710,KAKA01710224,4/12/2023 10:48,1,511,3,river,51915,Matapato North,Kajiado,Kajiado Central,Rural,,,,,partially_functional,,,
61857,KAKA01711,KAKA01711224,11/3/2025 7:48,3,199,48,tap_in_home_broken,65155,Matapato South,Kajiado,Kajiado Central,Urban,,,,,partially_functional,,,
61858,KAKA01712,KAKA01712224,12/19/2023 12:44,5,149,8,shared_taps,8904,Purko,Kajiado,Kajiado Central,Urban,,,,,functional,,,
61859,KAKA01713,KAKA01713224,4/3/2023 17:44,3,417,11,tap_in_home,29892,Imaroro,Kajiado,Kajiado East,Urban,,,,,functional,,,
61860,KAKA01714,KAKA01714224,1/25/2022 15:51,3,126,43,well,107067,Kaputiei North,Kajiado,Kajiado East,Rural,,Contaminated:Biological,,,functional,,,
61861,KAKA01715,KAKA01715224,9/17/2023 9:48,3,538,31,well,38251,Kenyawa-Poka,Kajiado,Kajiado East,Urban,,Clean,,,functional,,,
61862,KAKA01716,KAKA01716224,8/17/2023 14:53,5,321,41,well,13724,Kitengela,Kajiado,Kajiado East,Rural,,Contaminated:Biological,,,,,,
61863,KAKA01717,KAKA01717224,5/24/2022 12:11,1,265,48,tap_in_home_broken,74930,Oloosirkon/Sholinke,Kajiado,Kajiado East,Rural,,,,,functional,,,
61864,KAKA01718,KAKA01718224,5/23/2025 13:14,3,480,45,river,7378,Ngong,Kajiado,Kajiado North,Rural,,,,,functional,,,
61865,KAKA01719,KAKA01719224,7/2/2022 17:26,2,424,42,tap_in_home,5362,Nkaimurunya,Kajiado,Kajiado North,Urban,,,,,,,,
61866,KAKA01720,KAKA01720224,10/26/2022 9:45,1,290,35,well,78798,Olkeri,Kajiado,Kajiado North,Urban,,Contaminated:Biological,,,functional,,,
61867,KAKA01721,KAKA01721224,9/12/2023 11:09,2,533,4,well,18531,Oloolua,Kajiado,Kajiado North,Urban,,Clean,,,functional,,,
61868,KAKA01722,KAKA01722224,3/7/2023 8:25,4,415,30,shared_taps,1976,Ongata Rongai,Kajiado,Kajiado North,Urban,,,,,,,,
61869,KAKA01723,KAKA01723224,12/1/2022 7:40,4,204,11,tap_in_home,35034,Entonet/Lenkisim,Kajiado,Kajiado South,Urban,,,,,functional,,,
61870,KAKA01724,KAKA01724224,11/12/2024 17:58,2,322,48,river,35295,Kimana,Kajiado,Kajiado South,Rural,,,,,functional,,,
61871,KEBE01725,KEBE01725224,2/27/2023 12:25,5,131,5,shared_taps,30422,Cheptororiet/Seretut,Kericho,Belgut,Rural,,,,,,,,
61872,KAKA01726,KAKA01726224,3/26/2023 5:13,2,476,2,shared_taps,51394,Kuku,Kajiado,Kajiado South,Urban,,,,,functional,,,
61873,KAKA01727,KAKA01727224,5/16/2023 17:43,5,332,44,tap_in_home,28074,Mbirikani/Eselenkei,Kajiado,Kajiado South,Urban,,,,,functional,,,
61874,KAKA01728,KAKA01728224,10/15/2025 8:19,4,79,37,tap_in_home_broken,72365,Rombo,Kajiado,Kajiado South,Urban,,,,,partially_functional,,,
61875,KAKA01729,KAKA01729224,6/13/2023 15:27,5,29,18,well,59216,Ewuaso Oonkidong'I,Kajiado,Kajiado West,Rural,,Contaminated: Chemical,,,functional,,,
61876,KAKA01730,KAKA01730224,5/26/2023 17:21,5,337,17,shared_taps,32368,Iloodokilani,Kajiado,Kajiado West,Urban,,,,,partially_functional,,,
61877,KAKA01731,KAKA01731224,7/11/2024 7:45,3,60,48,shared_taps,77231,Keekonyokie,Kajiado,Kajiado West,Urban,,,,,partially_functional,,,
61878,KAKA01732,KAKA01732224,3/15/2025 19:54,2,404,17,shared_taps,38946,Magadi,Kajiado,Kajiado West,Rural,,,,,partially_functional,,,
61879,KAKA01733,KAKA01733224,10/12/2024 17:16,1,284,48,tap_in_home,4075,Mosiro,Kajiado,Kajiado West,Urban,,,,,,,,
61880,KABU01734,KABU01734224,6/11/2024 13:18,4,371,29,river,55839,Marama Central,Kakamega,Butere,Urban,,,,,partially_functional,,,
61881,KABU01735,KABU01735224,12/9/2023 12:18,1,182,39,tap_in_home_broken,25841,Marama North,Kakamega,Butere,Rural,,,,,partially_functional,,,
61882,KABU01736,KABU01736224,12/25/2024 6:00,4,115,8,tap_in_home,25657,Marama South,Kakamega,Butere,Urban,,,,,partially_functional,,,
61883,KABU01737,KABU01737224,8/18/2024 6:35,1,466,29,tap_in_home_broken,36189,Marama West,Kakamega,Butere,Urban,,,,,partially_functional,,,
61884,KABU01738,KABU01738224,3/21/2025 13:21,1,430,14,shared_taps,28912,Marenyo - Shianda,Kakamega,Butere,Urban,,,,,partially_functional,,,
61885,KAIK01739,KAIK01739224,5/13/2022 14:25,3,311,25,tap_in_home_broken,37243,Idakho Central,Kakamega,Ikolomani,Urban,,,,,partially_functional,,,
61886,KAIK01740,KAIK01740224,12/22/2023 7:53,3,384,13,shared_taps,34127,Idakho East,Kakamega,Ikolomani,Urban,,,,,partially_functional,,,
61887,KAIK01741,KAIK01741224,6/19/2024 17:16,4,9,37,river,30124,Idakho North,Kakamega,Ikolomani,Rural,,,,,partially_functional,,,
61888,KEBE01742,KEBE01742224,6/23/2022 11:14,3,391,15,river,54072,Kabianga,Kericho,Belgut,Urban,,,,,,,,
61889,KAIK01743,KAIK01743224,4/16/2024 7:13,4,222,46,shared_taps,22965,Idakho South,Kakamega,Ikolomani,Rural,,,,,partially_functional,,,
61890,KAKH01744,KAKH01744224,,2,523,6,tap_in_home_broken,50804,Kisa Central,Kakamega,Khwisero,Urban,,,,,partially_functional,,,
61891,KAKH01745,KAKH01745224,,2,23,47,shared_taps,24936,Kisa East,Kakamega,Khwisero,Urban,,,,,partially_functional,,,
61892,KAKH01746,KAKH01746224,,4,191,6,shared_taps,22719,Kisa North,Kakamega,Khwisero,Urban,,,,,partially_functional,,,
61893,KAKH01747,KAKH01747224,,3,23,2,shared_taps,24508,Kisa West,Kakamega,Khwisero,Rural,,,,,partially_functional,,,
61894,KALU01748,KALU01748224,,4,426,7,shared_taps,38964,Chevaywa,Kakamega,Lugari,Rural,,,,,partially_functional,,,
61895,KALU01749,KALU01749224,,5,167,34,shared_taps,32301,Lwandeti,Kakamega,Lugari,Urban,,,,,functional,,,
61896,KALU01750,KALU01750224,,1,13,32,river,39639,Butsotso Central,Kakamega,Lurambi,Rural,,,,,partially_functional,,,
61897,KALU01751,KALU01751224,,1,257,44,well,28808,Butsotso East,Kakamega,Lurambi,Rural,,Clean,,,partially_functional,,,
61898,KALU01752,KALU01752224,,4,341,13,shared_taps,24708,Butsotso South,Kakamega,Lurambi,Urban,,,,,partially_functional,,,
61899,KALU01753,KALU01753224,,5,249,16,shared_taps,14757,Mahiakalo,Kakamega,Lurambi,Rural,,,,,partially_functional,,,
61900,KALU01754,KALU01754224,,5,281,12,shared_taps,40244,Sheywe,Kakamega,Lurambi,Urban,,,,,partially_functional,,,
61901,KALU01755,KALU01755224,,3,308,47,shared_taps,19136,Shirere,Kakamega,Lurambi,Urban,,,,,partially_functional,,,
61902,KAMA01756,KAMA01756224,,4,485,43,river,44250,Butali/Chegulo,Kakamega,Malava,Rural,,,,,partially_functional,,,
61903,KAMA01757,KAMA01757224,,2,15,2,well,33159,Chemuche,Kakamega,Malava,Urban,,Contaminated:Biological,,,functional,,,
61904,KAMA01758,KAMA01758224,,4,507,16,river,29097,East Kabras,Kakamega,Malava,Rural,,,,,functional,,,
61905,KAMA01759,KAMA01759224,,2,56,24,tap_in_home,40163,Manda-Shivanga,Kakamega,Malava,Urban,,,,,partially_functional,,,
61906,KAMA01760,KAMA01760224,,1,184,22,well,37098,Shirugu-Mugai,Kakamega,Malava,Rural,,Contaminated:Biological,,,partially_functional,,,
61907,KAMA01761,KAMA01761224,,1,524,9,shared_taps,47198,South Kabras,Kakamega,Malava,Urban,,,,,partially_functional,,,
61908,KAMA01762,KAMA01762224,,1,333,8,tap_in_home,33430,West Kabras,Kakamega,Malava,Urban,,,,,functional,,,
61909,KAMA01763,KAMA01763224,,1,6,21,well,27151,Khalaba,Kakamega,Matungu,Rural,,Contaminated:Biological,,,functional,,,
61910,KAMA01764,KAMA01764224,,1,250,42,shared_taps,37020,Kholera,Kakamega,Matungu,Urban,,,,,partially_functional,,,
61911,KAMA01765,KAMA01765224,,2,65,43,tap_in_home,49578,Koyonzo,Kakamega,Matungu,Urban,,,,,partially_functional,,,
61912,KAMA01766,KAMA01766224,,4,310,28,tap_in_home,38643,Mayoni,Kakamega,Matungu,Urban,,,,,partially_functional,,,
61913,KAMA01767,KAMA01767224,,1,493,17,river,38878,Namamali,Kakamega,Matungu,Rural,,,,,partially_functional,,,
61914,KAMU01768,KAMU01768224,,5,37,20,well,43907,East Wanga,Kakamega,Mumias East,Rural,,Contaminated:Biological,,,partially_functional,,,
61915,KAMU01769,KAMU01769224,,4,46,18,shared_taps,53237,Lusheya/Lubinu,Kakamega,Mumias East,Urban,,,,,partially_functional,,,
61916,KAMU01770,KAMU01770224,,3,86,19,shared_taps,39297,Malaha/Isongo/Makunga,Kakamega,Mumias East,Urban,,,,,partially_functional,,,
61917,KAMU01771,KAMU01771224,,2,298,22,shared_taps,31565,Etenje,Kakamega,Mumias West,Urban,,,,,partially_functional,,,
61918,KAMU01772,KAMU01772224,,4,157,18,river,40579,Mumias Central,Kakamega,Mumias West,Rural,,,,,partially_functional,,,
61919,KAMU01773,KAMU01773224,,5,186,28,shared_taps,11652,Mumias North,Kakamega,Mumias West,Urban,,,,,partially_functional,,,
61920,KEBE01774,KEBE01774224,,1,51,17,shared_taps,27130,Kapsuser,Kericho,Belgut,Urban,,,,,,,,
61921,KAMU01775,KAMU01775224,,5,116,9,tap_in_home_broken,34945,Musanda,Kakamega,Mumias West,Rural,,,,,functional,,,
61922,KANA01776,KANA01776224,,2,130,3,shared_taps,35850,Bunyala Central,Kakamega,Navakholo,Urban,,,,,partially_functional,,,
61923,KANA01777,KANA01777224,,2,216,26,shared_taps,28291,Bunyala East,Kakamega,Navakholo,Urban,,,,,partially_functional,,,
61924,KANA01778,KANA01778224,,4,348,8,tap_in_home_broken,46709,Bunyala West,Kakamega,Navakholo,Rural,,,,,partially_functional,,,
61925,KANA01779,KANA01779224,,4,150,26,shared_taps,28854,Ingostse-Mathia,Kakamega,Navakholo,Urban,,,,,partially_functional,,,
61926,KANA01780,KANA01780224,,1,31,16,well,33749,Shinoyi-Shikomari-Esumeyia,Kakamega,Navakholo,Rural,,Clean,,,partially_functional,,,
61927,KASH01781,KASH01781224,,1,153,43,river,37438,Isukha Central,Kakamega,Shinyalu,Urban,,,,,partially_functional,,,
61928,KASH01782,KASH01782224,,3,120,17,tap_in_home,19964,Isukha East,Kakamega,Shinyalu,Urban,,,,,functional,,,
61929,KASH01783,KASH01783224,,1,452,26,tap_in_home,29213,Isukha North,Kakamega,Shinyalu,Urban,,,,,functional,,,
61930,KASH01784,KASH01784224,,3,311,37,well,39596,Isukha South,Kakamega,Shinyalu,Rural,,Clean,,,functional,,,
61931,KASH01785,KASH01785224,,3,525,10,river,22017,Isukha West,Kakamega,Shinyalu,Rural,,,,,functional,,,
61932,KASH01786,KASH01786224,,3,108,5,river,28073,Murhanda,Kakamega,Shinyalu,Rural,,,,,partially_functional,,,
61933,KEAI01787,KEAI01787224,,2,270,12,well,26252,Ainamoi,Kericho,Ainamoi,Rural,,Clean,,,functional,,,
61934,KEAI01788,KEAI01788224,,2,171,17,tap_in_home,20260,Kapkugerwet,Kericho,Ainamoi,Rural,,,,,,,,
61935,KEAI01789,KEAI01789224,,5,243,37,shared_taps,28599,Kapsaos,Kericho,Ainamoi,Urban,,,,,,,,
61936,KEAI01790,KEAI01790224,,1,133,5,shared_taps,33091,Kapsoit,Kericho,Ainamoi,Rural,,,,,,,,
61937,KEAI01791,KEAI01791224,,3,167,18,river,60696,Kipchebor,Kericho,Ainamoi,Rural,,,,,,,,
61938,KEBE01792,KEBE01792224,,4,283,24,river,42935,Waldai,Kericho,Belgut,Rural,,,,,,,,
61939,KEBU01793,KEBU01793224,,5,9,12,river,30133,Cheboin,Kericho,Bureti,Rural,,,,,,,,
61940,KEBU01794,KEBU01794224,,1,397,13,tap_in_home_broken,31586,Chemosot,Kericho,Bureti,Rural,,,,,,,,
61941,KEBU01795,KEBU01795224,,1,134,4,river,26405,Cheplanget,Kericho,Bureti,Rural,,,,,,,,
61942,KEBU01796,KEBU01796224,,4,116,15,well,29074,Kapkatet,Kericho,Bureti,Rural,,Contaminated:Biological,,,,,,
61943,KEBU01797,KEBU01797224,,2,71,17,tap_in_home,28008,Kisiara,Kericho,Bureti,Urban,,,,,,,,
61944,KEBU01798,KEBU01798224,,1,77,39,well,39683,Litein,Kericho,Bureti,Rural,,Contaminated: Chemical,,,,,,
61945,KEBU01799,KEBU01799224,,4,435,33,tap_in_home,30409,Tebesonik,Kericho,Bureti,Urban,,,,,,,,
61946,KEKI01800,KEKI01800224,,3,10,15,well,52557,Chepseon,Kericho,Kipkelion East,Rural,,Contaminated: Chemical,,,,,,
61947,KEKI01801,KEKI01801224,,2,507,45,tap_in_home_broken,53929,Kedowa/Kimugul,Kericho,Kipkelion East,Urban,,,,,,,,
61948,KEKI01802,KEKI01802224,,3,399,4,well,35324,Londiani,Kericho,Kipkelion East,Urban,,Contaminated: Chemical,,,,,,
61949,KEKI01803,KEKI01803224,,5,393,18,shared_taps,25032,Tendeno/Sorget,Kericho,Kipkelion East,Urban,,,,,,,,
61950,KEKI01804,KEKI01804224,,2,346,39,tap_in_home,42096,Chilchila,Kericho,Kipkelion West,Urban,,,,,,,,
61951,KEKI01805,KEKI01805224,,4,1,15,well,26509,Kamasian,Kericho,Kipkelion West,Rural,,Contaminated: Chemical,,,,,,
61952,KEKI01806,KEKI01806224,,1,200,6,river,35877,Kipkelion,Kericho,Kipkelion West,Rural,,,,,,,,
61953,KEKI01807,KEKI01807224,,3,334,8,shared_taps,24061,Kunyak,Kericho,Kipkelion West,Urban,,,,,,,,
61954,KESI01808,KESI01808224,,5,298,22,tap_in_home_broken,34223,Kaplelartet,Kericho,Sigowet/Soin,Urban,,,,,,,,
61955,KESI01809,KESI01809224,,3,74,13,shared_taps,50981,Sigowet,Kericho,Sigowet/Soin,Urban,,,,,,,,
61956,KESI01810,KESI01810224,,3,488,32,tap_in_home,31646,Soin,Kericho,Sigowet/Soin,Urban,,,,,partially_functional,,,
61957,KESI01811,KESI01811224,,3,241,20,shared_taps,23414,Soliat,Kericho,Sigowet/Soin,Urban,,,,,,,,
61958,KIGA01812,KIGA01812224,,2,401,46,shared_taps,26347,Chania,Kiambu,Gatundu North,Rural,,,,,,,,
61959,KIGA01813,KIGA01813224,,1,478,5,shared_taps,30521,Githobokoni,Kiambu,Gatundu North,Urban,,,,,functional,,,
61960,KIGA01814,KIGA01814224,,3,89,12,tap_in_home_broken,29112,Gituamba,Kiambu,Gatundu North,Urban,,,,,,,,
61961,KIGA01815,KIGA01815224,,1,421,30,well,42430,Mang'U,Kiambu,Gatundu North,Rural,,Contaminated:Biological,,,,,,
61962,KIGA01816,KIGA01816224,,3,452,43,river,23834,Kiamwangi,Kiambu,Gatundu South,Rural,,,,,functional,,,
61963,KIGA01817,KIGA01817224,,4,324,31,tap_in_home,29303,Kiganjo,Kiambu,Gatundu South,Urban,,,,,partially_functional,,,
61964,KIGA01818,KIGA01818224,,5,507,2,tap_in_home_broken,21188,Ndarugu,Kiambu,Gatundu South,Urban,,,,,functional,,,
61965,KIGA01819,KIGA01819224,,3,443,22,shared_taps,51458,Ngenda,Kiambu,Gatundu South,Urban,,,,,partially_functional,,,
61966,KIGI01820,KIGI01820224,,1,340,7,river,34893,Githiga,Kiambu,Githunguri,Rural,,,,,functional,,,
61967,KIGI01821,KIGI01821224,,1,498,36,tap_in_home_broken,42109,Githunguri,Kiambu,Githunguri,Urban,,,,,functional,,,
61968,KIGI01822,KIGI01822224,,3,314,3,tap_in_home,43022,Ikinu,Kiambu,Githunguri,Urban,,,,,partially_functional,,,
61969,KIGI01823,KIGI01823224,,1,113,48,tap_in_home,37370,Komothai,Kiambu,Githunguri,Urban,,,,,functional,,,
61970,KIGI01824,KIGI01824224,,5,355,8,tap_in_home,32725,Ngewa,Kiambu,Githunguri,Urban,,,,,,,,
61971,KIJU01825,KIJU01825224,,1,85,37,shared_taps,84659,Juja,Kiambu,Juja,Urban,,,,,functional,,,
61972,KIJU01826,KIJU01826224,,4,399,13,well,140254,Kalimoni,Kiambu,Juja,Rural,,Contaminated: Chemical,,,partially_functional,,,
61973,KIJU01827,KIJU01827224,,2,438,1,shared_taps,108274,Murera,Kiambu,Juja,Urban,,,,,partially_functional,,,
61974,KIJU01828,KIJU01828224,,2,524,30,tap_in_home,9794,Theta,Kiambu,Juja,Urban,,,,,,,,
61975,KIJU01829,KIJU01829224,,1,359,8,well,14411,Witeithie,Kiambu,Juja,Rural,,Clean,,,partially_functional,,,
61976,KIKA01830,KIKA01830224,,3,471,20,shared_taps,2186,Gitaru,Kiambu,Kabete,Urban,,,,,functional,,,
61977,KIKA01831,KIKA01831224,,3,375,10,shared_taps,13867,Kabete,Kiambu,Kabete,Urban,,,,,functional,,,
61978,KIKA01832,KIKA01832224,,3,78,11,shared_taps,33053,Muguga,Kiambu,Kabete,Urban,,,,,functional,,,
61979,KIKA01833,KIKA01833224,,3,381,14,shared_taps,23406,Nyadhuna,Kiambu,Kabete,Urban,,,,,functional,,,
61980,KIKA01834,KIKA01834224,,2,170,38,well,0,Uthiru,Kiambu,Kabete,Rural,,Contaminated:Biological,,,,,,
61981,KIKI01835,KIKI01835224,,1,293,42,tap_in_home,23072,Cianda,Kiambu,Kiambaa,Urban,,,,,partially_functional,,,
61982,KIKI01836,KIKI01836224,,5,50,25,tap_in_home_broken,11859,Karuri,Kiambu,Kiambaa,Urban,,,,,functional,,,
61983,KIKI01837,KIKI01837224,,4,371,47,river,612,Kihara,Kiambu,Kiambaa,Rural,,,,,partially_functional,,,
61984,KIKI01838,KIKI01838224,,1,46,9,tap_in_home_broken,8613,Muchatha,Kiambu,Kiambaa,Urban,,,,,functional,,,
61985,KIKI01839,KIKI01839224,,1,270,35,river,15179,Ndenderu,Kiambu,Kiambaa,Rural,,,,,functional,,,
61986,KIKI01840,KIKI01840224,,4,351,36,river,21895,Ndumberi,Kiambu,Kiambu,Urban,,,,,functional,,,
61987,KIKI01841,KIKI01841224,,3,180,1,river,7017,Riabai,Kiambu,Kiambu,Rural,,,,,,,,
61988,KIKI01842,KIKI01842224,,5,90,21,well,35618,Ting'Ang'A,Kiambu,Kiambu,Rural,,Contaminated:Biological,,,functional,,,
61989,KIKI01843,KIKI01843224,,2,507,33,tap_in_home,26792,Township,Kiambu,Kiambu,Urban,,,,,functional,,,
61990,KIKI01844,KIKI01844224,,4,43,34,river,39102,Karai,Kiambu,Kikuyu,Rural,,,,,functional,,,
61991,KIKI01845,KIKI01845224,,5,394,24,tap_in_home,28957,Kikuyu,Kiambu,Kikuyu,Rural,,,,,functional,,,
61992,KIKI01846,KIKI01846224,,1,442,18,shared_taps,0,Kinoo,Kiambu,Kikuyu,Urban,,,,,functional,,,
61993,KIKI01847,KIKI01847224,,2,75,40,shared_taps,34359,Nachu,Kiambu,Kikuyu,Urban,,,,,partially_functional,,,
61994,KIKI01848,KIKI01848224,,4,113,8,tap_in_home_broken,46327,Sigona,Kiambu,Kikuyu,Urban,,,,,functional,,,
61995,KILA01849,KILA01849224,,1,518,46,well,23579,Kamburu,Kiambu,Lari,Rural,,Contaminated:Biological,,,,,,
61996,KILA01850,KILA01850224,,5,331,48,well,29976,Kijabe,Kiambu,Lari,Rural,,Clean,,,partially_functional,,,
61997,KILA01851,KILA01851224,,1,24,32,river,37185,Kinale,Kiambu,Lari,Rural,,,,,partially_functional,,,
61998,KILA01852,KILA01852224,,3,308,18,shared_taps,35077,Lari/Kirenga,Kiambu,Lari,Urban,,,,,partially_functional,,,
61999,KILA01853,KILA01853224,,2,431,29,shared_taps,28697,Nyanduma,Kiambu,Lari,Rural,,,,,,,,
62000,KILI01854,KILI01854224,,5,100,30,well,31310,Bibirioni,Kiambu,Limuru,Rural,,Clean,,,functional,,,
62001,KILI01855,KILI01855224,,4,210,47,well,36251,Limuru Central,Kiambu,Limuru,Rural,,Contaminated: Chemical,,,functional,,,
62002,KILI01856,KILI01856224,,5,44,26,tap_in_home,35771,Limuru East,Kiambu,Limuru,Urban,,,,,functional,,,
62003,KILI01857,KILI01857224,,2,346,28,shared_taps,35799,Ndeiya,Kiambu,Limuru,Rural,,,,,partially_functional,,,
62004,KILI01858,KILI01858224,,3,14,39,well,38033,Ngecha Tigoni,Kiambu,Limuru,Rural,,Contaminated: Chemical,,,partially_functional,,,
62005,KIRU01859,KIRU01859224,,5,369,7,shared_taps,2688,Biashara,Kiambu,Ruiru,Urban,,,,,,,,
62006,KIRU01860,KIRU01860224,,5,233,48,shared_taps,39809,Gitothua,Kiambu,Ruiru,Urban,,,,,functional,,,
62007,KIRU01861,KIRU01861224,,4,49,23,river,61101,Kiuu,Kiambu,Ruiru,Rural,,,,,partially_functional,,,
62008,KITH01862,KITH01862224,,1,491,12,shared_taps,30017,Gatuanyaga,Kiambu,Thika Town,Urban,,,,,partially_functional,,,
62009,KITH01863,KITH01863224,,3,473,30,shared_taps,43051,Hospital,Kiambu,Thika Town,Urban,,,,,non_functional,,,
62010,KITH01864,KITH01864224,,1,50,6,well,31204,Kamenu,Kiambu,Thika Town,Rural,,Clean,,,functional,,,
62011,KITH01865,KITH01865224,,1,408,35,shared_taps,25723,Ngoliba,Kiambu,Thika Town,Urban,,,,,functional,,,
62012,KITH01866,KITH01866224,,5,203,48,shared_taps,16458,Township,Kiambu,Thika Town,Urban,,,,,,,,
62013,KIGA01867,KIGA01867224,,4,484,46,well,49603,Bamba,Kilifi,Ganze,Rural,,Contaminated: Chemical,,,unknown,,,
62014,KIGA01868,KIGA01868224,,2,518,44,tap_in_home_broken,39311,Ganze,Kilifi,Ganze,Urban,,,,,,,,
62015,KIGA01869,KIGA01869224,,5,212,3,tap_in_home_broken,29349,Jaribuni,Kilifi,Ganze,Urban,,,,,,,,
62016,KIGA01870,KIGA01870224,,3,377,3,well,56942,Sokoke,Kilifi,Ganze,Rural,,Contaminated:Biological,,,,,,
62017,KIKA01871,KIKA01871224,,5,47,6,tap_in_home_broken,75036,Kaloleni,Kilifi,Kaloleni,Urban,,,,,,,,
62018,KIKA01872,KIKA01872224,,3,233,17,river,50939,Kayafungo,Kilifi,Kaloleni,Urban,,,,,,,,
62019,KIKA01873,KIKA01873224,,1,402,46,tap_in_home_broken,61131,Mariakani,Kilifi,Kaloleni,Urban,,,,,,,,
62020,KIKA01874,KIKA01874224,,3,243,1,tap_in_home,29492,Mwanamwinga,Kilifi,Kaloleni,Rural,,,,,,,,
62021,KIKI01875,KIKI01875224,,1,125,2,well,68596,Dabaso,Kilifi,Kilifi North,Rural,,Clean,,,,,,
62022,KIKI01876,KIKI01876224,,1,307,11,tap_in_home,43572,Kibarani,Kilifi,Kilifi North,Urban,,,,,,,,
62023,KIKI01877,KIKI01877224,,2,271,29,shared_taps,54107,Matsangoni,Kilifi,Kilifi North,Urban,,,,,,,,
62024,KIKI01878,KIKI01878224,,4,178,8,shared_taps,49474,Mnarani,Kilifi,Kilifi North,Rural,,,,,,,,
62025,KIKI01879,KIKI01879224,,3,173,11,shared_taps,4274,Sokoni,Kilifi,Kilifi North,Rural,,,,,,,,
62026,KIKI01880,KIKI01880224,,1,123,34,river,48853,Tezo,Kilifi,Kilifi North,Rural,,,,,,,,
62027,KIKI01881,KIKI01881224,,3,238,21,tap_in_home,24369,Watamu,Kilifi,Kilifi North,Urban,,,,,,,,
62028,KIKI01882,KIKI01882224,,3,152,29,shared_taps,41998,Chasimba,Kilifi,Kilifi South,Urban,,,,,,,,
62029,KIKI01883,KIKI01883224,,1,142,46,tap_in_home,47618,Junju,Kilifi,Kilifi South,Urban,,,,,,,,
62030,KIKI01884,KIKI01884224,,1,138,0,tap_in_home,58582,Mtepeni,Kilifi,Kilifi South,Urban,,,,,functional,,,
62031,KIKI01885,KIKI01885224,,2,517,10,shared_taps,35876,Mwarakaya,Kilifi,Kilifi South,Urban,,,,,,,,
62032,KIKI01886,KIKI01886224,,1,292,47,shared_taps,31686,Shimo La Tewa,Kilifi,Kilifi South,Rural,,,,,functional,,,
62033,KIMA01887,KIMA01887224,,4,125,18,river,59050,Adu,Kilifi,Magarini,Rural,,,,,,,,
62034,KIMA01888,KIMA01888224,,2,307,16,well,40035,Garashi,Kilifi,Magarini,Rural,,Clean,,,,,,
62035,KIMA01889,KIMA01889224,,5,137,20,shared_taps,45999,Gongoni,Kilifi,Magarini,Urban,,,,,,,,
62036,KIMA01890,KIMA01890224,,1,304,46,river,12500,Magarini,Kilifi,Magarini,Rural,,,,,,,,
62037,KIMA01891,KIMA01891224,,4,24,8,tap_in_home_broken,65126,Marafa,Kilifi,Magarini,Urban,,,,,,,,
62038,KIMA01892,KIMA01892224,,4,246,10,river,72824,Ganda,Kilifi,Malindi,Rural,,,,,,,,
62039,KIMA01893,KIMA01893224,,1,491,48,shared_taps,27251,Jilore,Kilifi,Malindi,Urban,,,,,,,,
62040,KIMA01894,KIMA01894224,,1,433,5,shared_taps,22806,Kakuyuni,Kilifi,Malindi,Urban,,,,,,,,
62041,KIMA01895,KIMA01895224,,1,122,2,river,43961,Malindi Town,Kilifi,Malindi,Rural,,,,,,,,
62042,KIMA01896,KIMA01896224,,5,378,14,tap_in_home,23299,Sabaki,Kilifi,Malindi,Urban,,,,,,,,
62043,KIMA01897,KIMA01897224,,3,313,35,river,17542,Shella,Kilifi,Malindi,Rural,,,,,,,,
62044,KIRA01898,KIRA01898224,,2,6,34,shared_taps,23681,Kambe/Ribe,Kilifi,Rabai,Urban,,,,,,,,
62045,KIRA01899,KIRA01899224,,3,1,25,well,21706,Mwawesa,Kilifi,Rabai,Rural,,Clean,,,,,,
62046,KIRA01900,KIRA01900224,,3,87,28,tap_in_home,57556,Rabai/Kisurutini,Kilifi,Rabai,Urban,,,,,,,,
62047,KIRA01901,KIRA01901224,,4,454,18,shared_taps,30953,Ruruma,Kilifi,Rabai,Rural,,,,,,,,
62048,KIGI01902,KIGI01902224,,5,480,38,tap_in_home,24795,Baragwi,Kirinyaga,Gichugu,Urban,,,,,,,,
62049,KIGI01903,KIGI01903224,,5,248,12,shared_taps,44612,Kabare,Kirinyaga,Gichugu,Rural,,,,,,,,
62050,KIGI01904,KIGI01904224,,1,213,19,tap_in_home,56621,Karumandi,Kirinyaga,Gichugu,Urban,,,,,,,,
62051,KIGI01905,KIGI01905224,,2,4,37,river,20813,Ngariama,Kirinyaga,Gichugu,Rural,,,,,,,,
62052,KIGI01906,KIGI01906224,,1,304,15,shared_taps,28447,Njukiini,Kirinyaga,Gichugu,Urban,,,,,,,,
62053,KIKI01907,KIKI01907224,,5,143,12,tap_in_home,35202,Inoi,Kirinyaga,Kirinyaga Central,Urban,,,,,,,,
62054,KIKI01908,KIKI01908224,,1,225,26,shared_taps,34633,Kanyekini,Kirinyaga,Kirinyaga Central,Urban,,,,,,,,
62055,KIKI01909,KIKI01909224,,2,420,43,tap_in_home_broken,35925,Kerugoya,Kirinyaga,Kirinyaga Central,Urban,,,,,,,,
62056,KIKI01910,KIKI01910224,,1,244,38,shared_taps,27424,Mutira,Kirinyaga,Kirinyaga Central,Rural,,,,,,,,
62057,KIMW01911,KIMW01911224,,3,413,18,shared_taps,25246,Gathigiriri,Kirinyaga,Mwea,Urban,,,,,,,,
62058,KIMW01912,KIMW01912224,,1,520,17,tap_in_home,33872,Kangai,Kirinyaga,Mwea,Urban,,,,,,,,
62059,KIBO01913,KIBO01913224,,3,132,48,river,43670,Bosoti/Sengera,Kisii,Bomachoge Chache,Rural,,,,,,,,
62060,KIMW01914,KIMW01914224,,1,460,20,tap_in_home,38507,Murinduko,Kirinyaga,Mwea,Urban,,,,,,,,
62061,KIMW01915,KIMW01915224,,3,500,33,tap_in_home,37684,Mutithi,Kirinyaga,Mwea,Urban,,,,,,,,
62062,KIMW01916,KIMW01916224,,2,481,5,shared_taps,36556,Nyangati,Kirinyaga,Mwea,Urban,,,,,,,,
62063,KIMW01917,KIMW01917224,,2,390,27,shared_taps,51024,Tebere,Kirinyaga,Mwea,Urban,,,,,,,,
62064,KIMW01918,KIMW01918224,,1,141,17,river,31151,Thiba,Kirinyaga,Mwea,Rural,,,,,,,,
62065,KIMW01919,KIMW01919224,,5,132,21,tap_in_home_broken,17177,Wamumu,Kirinyaga,Mwea,Urban,,,,,,,,
62066,KIND01920,KIND01920224,,1,273,38,shared_taps,37285,Kariti,Kirinyaga,Ndia,Rural,,,,,,,,
62067,KIND01921,KIND01921224,,1,111,39,shared_taps,50629,Kiine,Kirinyaga,Ndia,Urban,,,,,,,,
62068,KIND01922,KIND01922224,,3,72,45,river,40526,Mukure,Kirinyaga,Ndia,Rural,,,,,,,,
62069,KIBO01923,KIBO01923224,,4,218,17,well,38224,Basi Bogetaorio,Kisii,Bobasi,Rural,,Clean,,,functional,,,
62070,KIBO01924,KIBO01924224,,2,409,3,well,25764,Basi Central,Kisii,Bobasi,Rural,,Contaminated: Chemical,,,,,,
62071,KIBO01925,KIBO01925224,,4,41,13,shared_taps,26250,Bobasi Boitangare,Kisii,Bobasi,Urban,,,,,,,,
62072,KIBO01926,KIBO01926224,,2,196,5,shared_taps,28758,Bobasi Chache,Kisii,Bobasi,Urban,,,,,,,,
62073,KIBO01927,KIBO01927224,,3,377,41,shared_taps,21475,Masige East,Kisii,Bobasi,Urban,,,,,,,,
62074,KIBO01928,KIBO01928224,,2,365,26,shared_taps,22381,Masige West,Kisii,Bobasi,Rural,,,,,,,,
62075,KIBO01929,KIBO01929224,,4,52,1,shared_taps,36192,Nyacheki,Kisii,Bobasi,Rural,,,,,functional,,,
62076,KIBO01930,KIBO01930224,,1,437,3,river,22879,Sameta/Mokwerero,Kisii,Bobasi,Rural,,,,,,,,
62077,KIBO01931,KIBO01931224,,2,324,32,shared_taps,44167,Bokimonge,Kisii,Bomachoge Borabu,Urban,,,,,,,,
62078,KIBO01932,KIBO01932224,,5,4,33,river,27111,Bombaba Borabu,Kisii,Bomachoge Borabu,Rural,,,,,,,,
62079,KIBO01933,KIBO01933224,,2,531,5,shared_taps,16600,Boochi Borabu,Kisii,Bomachoge Borabu,Urban,,,,,,,,
62080,KIBO01934,KIBO01934224,,5,380,35,shared_taps,32069,Magenche,Kisii,Bomachoge Borabu,Rural,,,,,,,,
62081,KIBO01935,KIBO01935224,,4,73,19,shared_taps,41038,Boochi/Tendere,Kisii,Bomachoge Chache,Rural,,,,,,,,
62082,KIBO01936,KIBO01936224,,4,273,3,river,27894,Majoge Basi,Kisii,Bomachoge Chache,Rural,,,,,functional,,,
62083,KIBO01937,KIBO01937224,,4,33,19,tap_in_home_broken,26096,Bogiakumu,Kisii,Bonchari,Rural,,,,,,,,
62084,KIBO01938,KIBO01938224,,4,195,5,tap_in_home_broken,26642,Bomariba,Kisii,Bonchari,Urban,,,,,,,,
62085,KIBO01939,KIBO01939224,,1,273,26,tap_in_home_broken,44213,Bomorenda,Kisii,Bonchari,Rural,,,,,,,,
62086,KIBO01940,KIBO01940224,,5,517,25,shared_taps,42431,Riana,Kisii,Bonchari,Urban,,,,,,,,
62087,KIKI01941,KIKI01941224,,2,242,4,tap_in_home_broken,21939,Kegogi,Kisii,Kitutu Chache North,Rural,,,,,functional,,,
62088,KIKI01942,KIKI01942224,,5,350,0,shared_taps,36234,Marani,Kisii,Kitutu Chache North,Urban,,,,,functional,,,
62089,KIKI01943,KIKI01943224,,1,116,21,shared_taps,33799,Monyerero,Kisii,Kitutu Chache North,Rural,,,,,,,,
62090,KIKI01944,KIKI01944224,,3,400,38,river,32084,Sensi,Kisii,Kitutu Chache North,Rural,,,,,functional,,,
62091,KIKI01945,KIKI01945224,,4,478,29,shared_taps,18545,Bogeka,Kisii,Kitutu Chache South,Urban,,,,,,,,
62092,KIKI01946,KIKI01946224,,2,100,9,shared_taps,28504,Bogusero,Kisii,Kitutu Chache South,Urban,,,,,functional,,,
62093,KIKI01947,KIKI01947224,,4,84,29,tap_in_home_broken,13244,Kitutu Central,Kisii,Kitutu Chache South,Urban,,,,,,,,
62094,KIKI01948,KIKI01948224,,5,398,2,well,31721,Nyakoe,Kisii,Kitutu Chache South,Rural,,Contaminated: Chemical,,,,,,
62095,KIKI01949,KIKI01949224,,3,260,31,shared_taps,26629,Nyatieko,Kisii,Kitutu Chache South,Rural,,,,,functional,,,
62096,KINY01950,KINY01950224,,3,321,24,river,26280,Birongo,Kisii,Nyaribari Chache,Rural,,,,,functional,,,
62097,KINY01951,KINY01951224,,4,188,22,river,29995,Bobaracho,Kisii,Nyaribari Chache,Rural,,,,,partially_functional,,,
62098,KINY01952,KINY01952224,,3,501,39,tap_in_home,27611,Ibeno,Kisii,Nyaribari Chache,Urban,,,,,,,,
62099,KINY01953,KINY01953224,,2,10,27,well,23510,Keumbu,Kisii,Nyaribari Chache,Rural,,Contaminated: Chemical,,,functional,,,
62100,KINY01954,KINY01954224,,1,185,17,tap_in_home,20600,Kiogoro,Kisii,Nyaribari Chache,Urban,,,,,,,,
62101,KINY01955,KINY01955224,,2,127,23,well,9417,Kisii Central,Kisii,Nyaribari Chache,Rural,,Clean,,,,,,
62102,KINY01956,KINY01956224,,5,427,17,shared_taps,26894,Gesusu,Kisii,Nyaribari Masaba,Urban,,,,,,,,
62103,KINY01957,KINY01957224,,3,443,17,tap_in_home,32158,Ichuni,Kisii,Nyaribari Masaba,Urban,,,,,partially_functional,,,
62104,KINY01958,KINY01958224,,3,187,17,tap_in_home_broken,23922,Kiamokama,Kisii,Nyaribari Masaba,Urban,,,,,,,,
62105,KINY01959,KINY01959224,,3,327,22,river,33083,Masimba,Kisii,Nyaribari Masaba,Urban,,,,,,,,
62106,KINY01960,KINY01960224,,1,395,36,shared_taps,19687,Nyamasibi,Kisii,Nyaribari Masaba,Urban,,,,,,,,
62107,KISO01961,KISO01961224,,1,199,21,shared_taps,32173,Bogetenga,Kisii,South Mugirango,Rural,,,,,functional,,,
62108,KISO01962,KISO01962224,,1,362,27,tap_in_home,24141,Boikang'A,Kisii,South Mugirango,Rural,,,,,,,,
62109,KISO01963,KISO01963224,,2,106,34,shared_taps,46014,Borabu / Chitago,Kisii,South Mugirango,Urban,,,,,,,,
62110,KISO01964,KISO01964224,,5,464,37,well,18500,Getenga,Kisii,South Mugirango,Urban,,Clean,,,,,,
62111,KISO01965,KISO01965224,,1,71,2,shared_taps,34205,Moticho,Kisii,South Mugirango,Urban,,,,,functional,,,
62112,KISO01966,KISO01966224,,5,368,24,river,36121,Tabaka,Kisii,South Mugirango,Rural,,,,,functional,,,
62113,KIKI01967,KIKI01967224,,5,290,41,shared_taps,0,Kondele,Kisumu,Kisumu Central,Rural,,,,,partially_functional,,,
62114,KIKI01968,KIKI01968224,,3,390,37,river,3765,Market Milimani,Kisumu,Kisumu Central,Rural,,,,,functional,,,
62115,KIKI01969,KIKI01969224,,4,65,33,well,0,Migosi,Kisumu,Kisumu Central,Rural,,Contaminated:Biological,,,,,,
62116,KIKI01970,KIKI01970224,,3,535,48,tap_in_home_broken,0,Nyalenda 'A',Kisumu,Kisumu Central,Urban,,,,,partially_functional,,,
62117,KIKI01971,KIKI01971224,,1,366,10,tap_in_home,14448,Nyalenda B,Kisumu,Kisumu Central,Urban,,,,,partially_functional,,,
62118,KIKI01972,KIKI01972224,,5,123,30,tap_in_home,19106,Railways,Kisumu,Kisumu Central,Urban,,,,,partially_functional,,,
62119,KIKI01973,KIKI01973224,,5,34,28,shared_taps,0,Shaurimoyo Kaloleni,Kisumu,Kisumu Central,Urban,,,,,functional,,,
62120,KIKI01974,KIKI01974224,,2,152,13,well,20089,Chuluni,Kitui,Kitui East,Rural,,Clean,,,,,,
62121,KIKI01975,KIKI01975224,,3,396,17,shared_taps,44928,Kajulu,Kisumu,Kisumu East,Rural,,,,,partially_functional,,,
62122,KIKI01976,KIKI01976224,,2,452,33,river,27864,Kolwa Central,Kisumu,Kisumu East,Rural,,,,,partially_functional,,,
62123,KIKI01977,KIKI01977224,,2,202,28,well,35123,Kolwa East,Kisumu,Kisumu East,Rural,,Clean,,,partially_functional,,,
62124,KIKI01978,KIKI01978224,,3,446,2,well,0,Manyatta 'B',Kisumu,Kisumu East,Urban,,Contaminated:Biological,,,partially_functional,,,
62125,KIKI01979,KIKI01979224,,4,7,17,river,49342,Central Kisumu,Kisumu,Kisumu West,Urban,,,,,partially_functional,,,
62126,KIKI01980,KIKI01980224,,1,247,46,shared_taps,32725,Kisumu North,Kisumu,Kisumu West,Rural,,,,,partially_functional,,,
62127,KIKI01981,KIKI01981224,,4,281,25,shared_taps,38191,North West Kisumu,Kisumu,Kisumu West,Urban,,,,,partially_functional,,,
62128,KIKI01982,KIKI01982224,,5,316,11,shared_taps,37647,South West Kisumu,Kisumu,Kisumu West,Urban,,,,,partially_functional,,,
62129,KIKI01983,KIKI01983224,,1,2,36,well,40503,West Kisumu,Kisumu,Kisumu West,Rural,,Contaminated: Chemical,,,partially_functional,,,
62130,KIMU01984,KIMU01984224,,1,242,31,tap_in_home_broken,32713,Chemelil,Kisumu,Muhoroni,Rural,,,,,functional,,,
62131,KIMU01985,KIMU01985224,,1,186,40,tap_in_home,45326,Masogo/Nyang'Oma,Kisumu,Muhoroni,Urban,,,,,partially_functional,,,
62132,KIMU01986,KIMU01986224,,3,122,18,shared_taps,14557,Miwani,Kisumu,Muhoroni,Urban,,,,,partially_functional,,,
62133,KIMU01987,KIMU01987224,,2,483,38,well,38272,Muhoroni/Koru,Kisumu,Muhoroni,Rural,,Contaminated: Chemical,,,partially_functional,,,
62134,KIMU01988,KIMU01988224,,1,413,24,river,34466,Ombeyi,Kisumu,Muhoroni,Rural,,,,,partially_functional,,,
62135,KINY01989,KINY01989224,,4,466,45,tap_in_home,29637,Central Nyakach,Kisumu,Nyakach,Rural,,,,,partially_functional,,,
62136,KIKI01990,KIKI01990224,,5,180,32,well,15893,Endau/Malalani,Kitui,Kitui East,Rural,,Contaminated: Chemical,,,,,,
62137,KINY01991,KINY01991224,,3,318,11,shared_taps,38693,North Nyakach,Kisumu,Nyakach,Urban,,,,,partially_functional,,,
62138,KINY01992,KINY01992224,,3,272,30,tap_in_home,37682,South East Nyakach,Kisumu,Nyakach,Urban,,,,,partially_functional,,,
62139,KINY01993,KINY01993224,,3,48,34,well,20841,South West Nyakach,Kisumu,Nyakach,Urban,,Contaminated:Biological,,,partially_functional,,,
62140,KINY01994,KINY01994224,,4,183,7,shared_taps,34468,West Nyakach,Kisumu,Nyakach,Rural,,,,,partially_functional,,,
62141,KINY01995,KINY01995224,,4,103,31,well,57096,Ahero,Kisumu,Nyando,Urban,,Clean,,,partially_functional,,,
62142,KINY01996,KINY01996224,,3,118,16,tap_in_home,25931,Awasi/Onjiko,Kisumu,Nyando,Urban,,,,,partially_functional,,,
62143,KINY01997,KINY01997224,,5,121,10,shared_taps,22799,East Kano/Wawidhi,Kisumu,Nyando,Urban,,,,,partially_functional,,,
62144,KINY01998,KINY01998224,,3,296,5,tap_in_home,32509,Kabonyo/Kanyagwal,Kisumu,Nyando,Urban,,,,,partially_functional,,,
62145,KINY01999,KINY01999224,,1,52,24,river,45491,Kobura,Kisumu,Nyando,Urban,,,,,partially_functional,,,
62146,KISE02000,KISE02000224,,2,473,25,tap_in_home,29226,Central Seme,Kisumu,Seme,Rural,,,,,partially_functional,,,
62147,KISE02001,KISE02001224,,4,509,0,river,34603,East Seme,Kisumu,Seme,Rural,,,,,partially_functional,,,
62148,KISE02002,KISE02002224,,1,504,6,shared_taps,35745,North Seme,Kisumu,Seme,Rural,,,,,partially_functional,,,
62149,KISE02003,KISE02003224,,2,335,41,tap_in_home,41653,West Seme,Kisumu,Seme,Urban,,,,,partially_functional,,,
62150,KIKI02004,KIKI02004224,,3,23,23,shared_taps,40607,Kyangwithya East,Kitui,Kitui Central,Urban,,,,,,,,
62151,KIKI02005,KIKI02005224,,3,420,19,shared_taps,35216,Kyangwithya West,Kitui,Kitui Central,Rural,,,,,,,,
62152,KIKI02006,KIKI02006224,,1,498,39,tap_in_home_broken,28677,Miambani,Kitui,Kitui Central,Urban,,,,,,,,
62153,KIKI02007,KIKI02007224,,2,11,47,well,27126,Township,Kitui,Kitui Central,Rural,,Contaminated: Chemical,,,,,,
62154,KIKI02008,KIKI02008224,,3,222,44,shared_taps,24041,Mutito/Kaliku,Kitui,Kitui East,Rural,,,,,,,,
62155,KIKI02009,KIKI02009224,,3,398,47,river,28172,Nzambani,Kitui,Kitui East,Rural,,,,,,,,
62156,KIKI02010,KIKI02010224,,5,311,37,river,29370,Voo/Kyamatu,Kitui,Kitui East,Urban,,,,,,,,
62157,KIKI02011,KIKI02011224,,5,93,28,river,26734,Zombe/Mwitika,Kitui,Kitui East,Urban,,,,,,,,
62158,KIKI02012,KIKI02012224,,5,332,7,river,29741,Kanyangi,Kitui,Kitui Rural,Rural,,,,,,,,
62159,KIKI02013,KIKI02013224,,2,383,46,shared_taps,30541,Kisasi,Kitui,Kitui Rural,Urban,,,,,,,,
62160,KIKI02014,KIKI02014224,,4,531,34,shared_taps,43011,Kwavonza/Yatta,Kitui,Kitui Rural,Urban,,,,,,,,
62161,KIKI02015,KIKI02015224,,5,340,13,well,26182,Mbitini,Kitui,Kitui Rural,Rural,,Contaminated:Biological,,,,,,
62162,KIKI02016,KIKI02016224,,4,368,47,tap_in_home_broken,38074,Mulango,Kitui,Kitui Rural,Rural,,,,,,,,
62163,KIKI02017,KIKI02017224,,4,161,33,tap_in_home_broken,40598,Athi,Kitui,Kitui South,Urban,,,,,functional,,,
62164,KIKI02018,KIKI02018224,,4,272,46,shared_taps,54733,Ikanga/Kyatune,Kitui,Kitui South,Rural,,,,,unknown,,,
62165,KIKI02019,KIKI02019224,,3,107,48,river,33969,Ikutha,Kitui,Kitui South,Rural,,,,,functional,,,
62166,KIKI02020,KIKI02020224,,1,341,19,well,21332,Kanziko,Kitui,Kitui South,Rural,,Clean,,,unknown,,,
62167,KIKI02021,KIKI02021224,,1,277,37,tap_in_home,31362,Mutha,Kitui,Kitui South,Urban,,,,,functional,,,
62168,KIKI02022,KIKI02022224,,4,497,44,shared_taps,28468,Mutomo,Kitui,Kitui South,Urban,,,,,unknown,,,
62169,KIKI02023,KIKI02023224,,4,227,1,tap_in_home,30541,Kauwi,Kitui,Kitui West,Urban,,,,,,,,
62170,KIKI02024,KIKI02024224,,3,186,40,river,22046,Kwa Mutonga/Kithumula,Kitui,Kitui West,Rural,,,,,,,,
62171,KIKI02025,KIKI02025224,,1,262,16,shared_taps,28900,Matinyani,Kitui,Kitui West,Rural,,,,,,,,
62172,KIKI02026,KIKI02026224,,4,147,2,shared_taps,44423,Mutonguni,Kitui,Kitui West,Rural,,,,,,,,
62173,KIMW02027,KIMW02027224,,1,318,11,shared_taps,23353,Central,Kitui,Mwingi Central,Urban,,,,,,,,
62174,KIMW02028,KIMW02028224,,3,394,11,tap_in_home_broken,29891,Kiomo/Kyethani,Kitui,Mwingi Central,Rural,,,,,,,,
62175,KIMW02029,KIMW02029224,,2,190,34,tap_in_home,30609,Kivou,Kitui,Mwingi Central,Urban,,,,,,,,
62176,KIMW02030,KIMW02030224,,3,478,38,well,24753,Mui,Kitui,Mwingi Central,Rural,,Contaminated: Chemical,,,,,,
62177,KIMW02031,KIMW02031224,,5,176,29,river,36476,Nguni,Kitui,Mwingi Central,Rural,,,,,,,,
62178,KIMW02032,KIMW02032224,,3,108,36,shared_taps,34661,Nuu,Kitui,Mwingi Central,Rural,,,,,,,,
62179,KIMW02033,KIMW02033224,,5,119,36,river,25448,Waita,Kitui,Mwingi Central,Rural,,,,,,,,
62180,KIMW02034,KIMW02034224,,5,250,37,shared_taps,52142,Kyuso,Kitui,Mwingi North,Rural,,,,,,,,
62181,KIMW02035,KIMW02035224,,3,510,21,river,43000,Mumoni,Kitui,Mwingi North,Urban,,,,,,,,
62182,KIMW02036,KIMW02036224,,4,28,25,shared_taps,22748,Ngomeni,Kitui,Mwingi North,Urban,,,,,,,,
62183,KIMW02037,KIMW02037224,,4,506,17,shared_taps,18242,Tharaka,Kitui,Mwingi North,Urban,,,,,,,,
62184,KIMW02038,KIMW02038224,,5,152,11,shared_taps,46147,Tseikuru,Kitui,Mwingi North,Rural,,,,,partially_functional,,,
62185,KIMW02039,KIMW02039224,,4,122,46,tap_in_home,35619,Kyome/Thaana,Kitui,Mwingi West,Urban,,,,,,,,
62186,KIMW02040,KIMW02040224,,4,35,40,well,32159,Migwani,Kitui,Mwingi West,Rural,,Contaminated:Biological,,,,,,
62187,KIMW02041,KIMW02041224,,2,53,19,shared_taps,34514,Nguutani,Kitui,Mwingi West,Urban,,,,,,,,
62188,KWKI02042,KWKI02042224,,2,47,21,tap_in_home_broken,51579,Chengoni/Samburu,Kwale,Kinango,Urban,,,,,,,,
62189,KWKI02043,KWKI02043224,,2,127,10,well,108214,Kinango,Kwale,Kinango,Rural,,Contaminated:Biological,,,,,,
62190,KWKI02044,KWKI02044224,,3,450,21,well,52469,Mackinnon Road,Kwale,Kinango,Rural,,Contaminated: Chemical,,,,,,
62191,KWKI02045,KWKI02045224,,5,415,7,shared_taps,53714,Mwavumbo,Kwale,Kinango,Rural,,,,,,,,
62192,KWKI02046,KWKI02046224,,4,156,33,river,54349,Ndavaya,Kwale,Kinango,Rural,,,,,,,,
62193,KWKI02047,KWKI02047224,,3,294,26,tap_in_home_broken,31279,Puma,Kwale,Kinango,Urban,,,,,,,,
62194,KWLU02048,KWLU02048224,,3,212,45,tap_in_home,58001,Dzombo,Kwale,Lungalunga,Rural,,,,,,,,
62195,KWLU02049,KWLU02049224,,2,89,9,tap_in_home,46193,Mwereni,Kwale,Lungalunga,Urban,,,,,,,,
62196,KWLU02050,KWLU02050224,,2,227,18,shared_taps,68463,Pongwe/Kikoneni,Kwale,Lungalunga,Urban,,,,,,,,
62197,KWLU02051,KWLU02051224,,3,38,31,well,52642,Vanga,Kwale,Lungalunga,Rural,,Contaminated:Biological,,,,,,
62198,KWMA02052,KWMA02052224,,2,268,47,shared_taps,31096,Kubo South,Kwale,Matuga,Urban,,,,,,,,
62199,KWMA02053,KWMA02053224,,2,373,47,tap_in_home_broken,44859,Mkongani,Kwale,Matuga,Urban,,,,,,,,
62200,KWMA02054,KWMA02054224,,4,529,45,tap_in_home_broken,34523,Tiwi,Kwale,Matuga,Rural,,,,,,,,
62201,KWMA02055,KWMA02055224,,4,339,38,well,61367,Tsimba Golini,Kwale,Matuga,Rural,,Contaminated:Biological,,,,,,
62202,KWMA02056,KWMA02056224,,3,432,15,river,33120,Waa,Kwale,Matuga,Rural,,,,,,,,
62203,KWMS02057,KWMS02057224,,4,101,5,tap_in_home,28182,Gombato Bongwe,Kwale,Msambweni,Urban,,,,,,,,
62204,KWMS02058,KWMS02058224,,3,291,41,well,33768,Kinondo,Kwale,Msambweni,Rural,,Contaminated:Biological,,,,,,
62205,KWMS02059,KWMS02059224,,4,173,7,river,58224,Ramisi,Kwale,Msambweni,Urban,,,,,,,,
62206,KWMS02060,KWMS02060224,,4,206,3,well,31507,Ukunda,Kwale,Msambweni,Rural,,Clean,,,,,,
62207,LALA02061,LALA02061224,,4,41,5,well,38785,Nanyuki,Laikipia,Laikipia East,Rural,,Clean,,,,,,
62208,LALA02062,LALA02062224,,3,307,39,shared_taps,39291,Ngobit,Laikipia,Laikipia East,Urban,,,,,,,,
62209,LALA02063,LALA02063224,,1,326,7,shared_taps,27651,Thingithu,Laikipia,Laikipia East,Urban,,,,,,,,
62210,LALA02064,LALA02064224,,4,388,3,tap_in_home,50523,Tigithi,Laikipia,Laikipia East,Urban,,,,,,,,
62211,LALA02065,LALA02065224,,3,384,10,tap_in_home_broken,28571,Mugogodo East,Laikipia,Laikipia North,Urban,,,,,,,,
62212,LALA02066,LALA02066224,,2,362,10,shared_taps,14149,Mugogodo West,Laikipia,Laikipia North,Urban,,,,,,,,
62213,LALA02067,LALA02067224,,5,291,32,shared_taps,19630,Segera,Laikipia,Laikipia North,Urban,,,,,,,,
62214,LALA02068,LALA02068224,,1,222,37,river,33420,Sosian,Laikipia,Laikipia North,Rural,,,,,functional,,,
62215,LALA02069,LALA02069224,,1,224,19,shared_taps,23871,Umande,Laikipia,Laikipia North,Urban,,,,,,,,
62216,LALA02070,LALA02070224,,3,316,5,well,36649,Githiga,Laikipia,Laikipia West,Rural,,Contaminated:Biological,,,,,,
62217,LALA02071,LALA02071224,,1,230,23,well,71433,Igwamiti,Laikipia,Laikipia West,Rural,,Contaminated: Chemical,,,,,,
62218,LALA02072,LALA02072224,,5,104,19,shared_taps,62691,Marmanet,Laikipia,Laikipia West,Urban,,,,,,,,
62219,LALA02073,LALA02073224,,4,226,0,shared_taps,31730,Ol-Moran,Laikipia,Laikipia West,Rural,,,,,partially_functional,,,
62220,LALA02074,LALA02074224,,2,241,24,river,30861,Rumuruti Township,Laikipia,Laikipia West,Rural,,,,,,,,
62221,LALA02075,LALA02075224,,2,185,17,tap_in_home_broken,38262,Salama,Laikipia,Laikipia West,Urban,,,,,,,,
62222,LALA02076,LALA02076224,,4,420,30,well,2451,Basuba,Lamu,Lamu East,Rural,,Contaminated: Chemical,,,,,,
62223,LALA02077,LALA02077224,,3,368,6,tap_in_home,3023,Faza,Lamu,Lamu East,Urban,,,,,,,,
62224,LALA02078,LALA02078224,,1,199,15,tap_in_home,4353,Kiunga,Lamu,Lamu East,Urban,,,,,,,,
62225,LALA02079,LALA02079224,,2,345,39,well,26568,Bahari,Lamu,Lamu West,Rural,,Contaminated:Biological,,,,,,
62226,LALA02080,LALA02080224,,1,226,18,shared_taps,18401,Hindi,Lamu,Lamu West,Urban,,,,,,,,
62227,LALA02081,LALA02081224,,5,354,39,tap_in_home_broken,17971,Hongwe,Lamu,Lamu West,Urban,,,,,,,,
62228,LALA02082,LALA02082224,,2,260,2,river,34156,Mkomani,Lamu,Lamu West,Rural,,,,,,,,
62229,LALA02083,LALA02083224,,2,86,27,shared_taps,18726,Mkunumbi,Lamu,Lamu West,Urban,,,,,,,,
62230,LALA02084,LALA02084224,,4,492,5,well,17801,Shella,Lamu,Lamu West,Rural,,Contaminated: Chemical,,,,,,
62231,LALA02085,LALA02085224,,5,254,34,well,21611,Witu,Lamu,Lamu West,Urban,,Contaminated:Biological,,,,,,
62232,MAKA02086,MAKA02086224,,5,12,30,shared_taps,30010,Kangundo Central,Machakos,Kangundo,Urban,,,,,,,,
62233,MAKA02087,MAKA02087224,,1,388,28,tap_in_home,23616,Kangundo East,Machakos,Kangundo,Urban,,,,,,,,
62234,MAKA02088,MAKA02088224,,1,17,34,tap_in_home_broken,24250,Kangundo North,Machakos,Kangundo,Urban,,,,,,,,
62235,MAKA02089,MAKA02089224,,4,133,27,tap_in_home_broken,27876,Kangundo West,Machakos,Kangundo,Urban,,,,,,,,
62236,MAKA02090,MAKA02090224,,4,473,25,shared_taps,23403,Kathiani Central,Machakos,Kathiani,Urban,,,,,,,,
62237,MAKA02091,MAKA02091224,,5,336,16,shared_taps,24899,Lower Kaewa/Kaani,Machakos,Kathiani,Rural,,,,,,,,
62238,MAKA02092,MAKA02092224,,5,483,44,shared_taps,41101,Mitaboni,Machakos,Kathiani,Urban,,,,,,,,
62239,MAKA02093,MAKA02093224,,1,202,5,tap_in_home_broken,32966,Upper Kaewa/Iveti,Machakos,Kathiani,Urban,,,,,,,,
62240,MAMA02094,MAMA02094224,,3,149,19,well,38515,Kalama,Machakos,Machakos Town,Rural,,Contaminated: Chemical,,,,,,
62241,MAMA02095,MAMA02095224,,3,12,36,well,23798,Kola,Machakos,Machakos Town,Urban,,Contaminated:Biological,,,functional,,,
62242,MAMA02096,MAMA02096224,,3,384,35,river,20209,Machakos Central,Machakos,Machakos Town,Rural,,,,,,,,
62243,MAMA02097,MAMA02097224,,2,16,38,tap_in_home,34341,Mua,Machakos,Machakos Town,Urban,,,,,,,,
62244,MAMA02098,MAMA02098224,,5,342,34,tap_in_home_broken,27964,Mumbuni North,Machakos,Machakos Town,Urban,,,,,,,,
62245,MAMA02099,MAMA02099224,,5,8,18,river,35567,Mutituni,Machakos,Machakos Town,Rural,,,,,,,,
62246,MAMA02100,MAMA02100224,,4,211,9,well,21706,Muvuti/Kiima-Kimwe,Machakos,Machakos Town,Rural,,Contaminated: Chemical,,,,,,
62247,MAMA02101,MAMA02101224,,3,497,39,shared_taps,23176,Ekalakala,Machakos,Masinga,Rural,,,,,,,,
62248,MAMA02102,MAMA02102224,,3,156,42,river,44913,Kivaa,Machakos,Masinga,Rural,,,,,,,,
62249,MAMA02103,MAMA02103224,,2,413,24,tap_in_home,44791,Masinga Central,Machakos,Masinga,Urban,,,,,,,,
62250,MAMA02104,MAMA02104224,,5,485,16,tap_in_home_broken,17224,Muthesya,Machakos,Masinga,Urban,,,,,,,,
62251,MAMA02105,MAMA02105224,,1,272,4,river,33153,Ndithini,Machakos,Masinga,Urban,,,,,,,,
62252,MAMA02106,MAMA02106224,,2,463,9,tap_in_home,25095,Kyeleni,Machakos,Matungulu,Urban,,,,,,,,
62253,MAMA02107,MAMA02107224,,2,333,30,well,33960,Matungulu East,Machakos,Matungulu,Urban,,Contaminated:Biological,,,functional,,,
62254,MAMA02108,MAMA02108224,,2,356,31,river,36945,Matungulu North,Machakos,Matungulu,Rural,,,,,non_functional,,,
62255,MAMA02109,MAMA02109224,,5,71,10,tap_in_home_broken,49374,Matungulu West,Machakos,Matungulu,Rural,,,,,,,,
62256,MAMA02110,MAMA02110224,,1,176,34,shared_taps,41821,Tala,Machakos,Matungulu,Rural,,,,,functional,,,
62257,MAMA02111,MAMA02111224,,4,518,34,shared_taps,61229,Athi River,Machakos,Mavoko,Rural,,,,,partially_functional,,,
62258,MAMA02112,MAMA02112224,,5,37,33,tap_in_home,50540,Kinanie,Machakos,Mavoko,Urban,,,,,,,,
62259,MAMA02113,MAMA02113224,,4,494,44,tap_in_home_broken,111505,Muthwani,Machakos,Mavoko,Urban,,,,,,,,
62260,MAMA02114,MAMA02114224,,1,96,7,tap_in_home,86490,Syokimau/Mulolongo,Machakos,Mavoko,Rural,,,,,,,,
62261,MAMW02115,MAMW02115224,,2,496,40,shared_taps,22973,Kibauni,Machakos,Mwala,Rural,,,,,partially_functional,,,
62262,MAMW02116,MAMW02116224,,1,178,17,tap_in_home_broken,39817,Makutano/ Mwala,Machakos,Mwala,Urban,,,,,,,,
62263,MAMW02117,MAMW02117224,,5,530,25,shared_taps,39593,Masii,Machakos,Mwala,Rural,,,,,,,,
62264,MAMW02118,MAMW02118224,,3,384,7,well,40378,Mbiuni,Machakos,Mwala,Urban,,Contaminated: Chemical,,,,,,
62265,MAMW02119,MAMW02119224,,3,358,3,shared_taps,28455,Muthetheni,Machakos,Mwala,Urban,,,,,,,,
62266,MAMW02120,MAMW02120224,,3,64,9,tap_in_home,31888,Wamunyu,Machakos,Mwala,Urban,,,,,,,,
62267,MAYA02121,MAYA02121224,,4,383,0,tap_in_home,45300,Ikombe,Machakos,Yatta,Urban,,,,,,,,
62268,MAYA02122,MAYA02122224,,3,44,17,well,28858,Katangi,Machakos,Yatta,Rural,,Contaminated: Chemical,,,,,,
62269,MAYA02123,MAYA02123224,,1,420,18,shared_taps,42438,Kithimani,Machakos,Yatta,Urban,,,,,,,,
62270,MAYA02124,MAYA02124224,,2,196,4,well,36592,Matuu,Machakos,Yatta,Rural,,Contaminated:Biological,,,,,,
62271,MAYA02125,MAYA02125224,,1,293,20,tap_in_home,41795,Ndalani,Machakos,Yatta,Urban,,,,,,,,
62272,MAUN02126,MAUN02126224,,4,374,34,shared_taps,1367,unknown 7,Machakos,unknown 7,Rural,,,,,partially_functional,,,
62273,MAKA02127,MAKA02127224,,1,179,8,river,32977,Ilima,Makueni,Kaiti,Rural,,,,,partially_functional,,,
62274,MAKA02128,MAKA02128224,,5,114,8,well,28323,Kee,Makueni,Kaiti,Rural,,Contaminated:Biological,,,partially_functional,,,
62275,MAKA02129,MAKA02129224,,5,443,48,well,34823,Kilungu,Makueni,Kaiti,Rural,,Contaminated: Chemical,,,partially_functional,,,
62276,MAKA02130,MAKA02130224,,4,453,7,shared_taps,48492,Ukia,Makueni,Kaiti,Rural,,,,,partially_functional,,,
62277,MAKI02131,MAKI02131224,,1,3,17,tap_in_home,39537,Ivingoni/Nzambani,Makueni,Kibwezi East,Urban,,,,,partially_functional,,,
62278,MAKI02132,MAKI02132224,,2,357,21,shared_taps,37716,Masongaleni,Makueni,Kibwezi East,Rural,,,,,partially_functional,,,
62279,MAKI02133,MAKI02133224,,3,420,40,tap_in_home_broken,43241,Mtito Andei,Makueni,Kibwezi East,Urban,,,,,partially_functional,,,
62280,MAKI02134,MAKI02134224,,2,498,30,well,41324,Thange,Makueni,Kibwezi East,Rural,,Contaminated:Biological,,,partially_functional,,,
62281,MAKI02135,MAKI02135224,,2,343,1,shared_taps,34908,Emali/Mulala,Makueni,Kibwezi West,Urban,,,,,partially_functional,,,
62282,MAKI02136,MAKI02136224,,5,80,24,shared_taps,25709,Kikumbulyu North,Makueni,Kibwezi West,Rural,,,,,partially_functional,,,
62283,MAKI02137,MAKI02137224,,4,484,36,tap_in_home,32413,Kikumbulyu South,Makueni,Kibwezi West,Urban,,,,,partially_functional,,,
62284,MAMA02138,MAMA02138224,,2,155,41,shared_taps,43757,Rhamu-Dimtu,Mandera,Mandera North,Rural,,,,,,,,
62285,MAKI02139,MAKI02139224,,4,504,11,tap_in_home,54704,Makindu,Makueni,Kibwezi West,Urban,,,,,partially_functional,,,
62286,MAKI02140,MAKI02140224,,2,302,26,shared_taps,27953,Nguu/Masumba,Makueni,Kibwezi West,Rural,,,,,partially_functional,,,
62287,MAKI02141,MAKI02141224,,4,246,35,tap_in_home,40751,Nguumo,Makueni,Kibwezi West,Urban,,,,,partially_functional,,,
62288,MAKI02142,MAKI02142224,,1,510,47,tap_in_home,51931,Kasikeu,Makueni,Kilome,Urban,,,,,partially_functional,,,
62289,MAKI02143,MAKI02143224,,3,209,7,tap_in_home,40784,Kiima Kiu/Kalanzoni,Makueni,Kilome,Urban,,,,,partially_functional,,,
62290,MAKI02144,MAKI02144224,,4,394,3,shared_taps,33834,Mukaa,Makueni,Kilome,Rural,,,,,partially_functional,,,
62291,MAMA02145,MAMA02145224,,5,358,34,tap_in_home_broken,36562,Kathonzweni,Makueni,Makueni,Rural,,,,,partially_functional,,,
62292,MAMA02146,MAMA02146224,,2,529,4,well,25102,Kitise/Kithuki,Makueni,Makueni,Rural,,Clean,,,partially_functional,,,
62293,MAMA02147,MAMA02147224,,2,171,1,shared_taps,26694,Mavindini,Makueni,Makueni,Urban,,,,,partially_functional,,,
62294,MAMA02148,MAMA02148224,,2,314,23,well,30839,Mbitini,Makueni,Makueni,Rural,,Contaminated:Biological,,,partially_functional,,,
62295,MAMA02149,MAMA02149224,,2,159,20,shared_taps,32979,Muvau/Kikuumini,Makueni,Makueni,Urban,,,,,partially_functional,,,
62296,MAMA02150,MAMA02150224,,2,493,4,shared_taps,45010,Nzaui/Kilili/Kalamba,Makueni,Makueni,Urban,,,,,partially_functional,,,
62297,MAMA02151,MAMA02151224,,2,225,26,shared_taps,30061,Wote,Makueni,Makueni,Rural,,,,,partially_functional,,,
62298,MAMB02152,MAMB02152224,,1,91,46,well,33759,Kalawa,Makueni,Mbooni,Rural,,Clean,,,partially_functional,,,
62299,MAMB02153,MAMB02153224,,1,516,16,shared_taps,47752,Kiteta/Kisau,Makueni,Mbooni,Rural,,,,,partially_functional,,,
62300,MAMA02154,MAMA02154224,,2,341,23,shared_taps,49773,Rhamu,Mandera,Mandera North,Urban,,,,,,,,
62301,MAMB02155,MAMB02155224,,5,334,42,tap_in_home,35880,Kithungo/Kitundu,Makueni,Mbooni,Urban,,,,,partially_functional,,,
62302,MAMB02156,MAMB02156224,,3,128,27,well,35861,Mbooni,Makueni,Mbooni,Rural,,Contaminated: Chemical,,,partially_functional,,,
62303,MAMB02157,MAMB02157224,,3,201,34,river,43790,Tulimani,Makueni,Mbooni,Rural,,,,,partially_functional,,,
62304,MAMB02158,MAMB02158224,,1,76,4,river,32122,Waia-Kako,Makueni,Mbooni,Rural,,,,,partially_functional,,,
62305,MABA02159,MABA02159224,,5,257,19,tap_in_home_broken,49829,Banissa,Mandera,Banissa,Urban,,,,,functional,,,
62306,MABA02160,MABA02160224,,3,70,15,tap_in_home,29140,Derkhale,Mandera,Banissa,Urban,,,,,,,,
62307,MABA02161,MABA02161224,,5,380,15,shared_taps,17577,Guba,Mandera,Banissa,Rural,,,,,,,,
62308,MABA02162,MABA02162224,,3,519,4,shared_taps,40358,Kiliwehiri,Mandera,Banissa,Urban,,,,,,,,
62309,MABA02163,MABA02163224,,1,517,41,shared_taps,29451,Malkamari,Mandera,Banissa,Rural,,,,,functional,,,
62310,MALA02164,MALA02164224,,4,155,38,well,6787,Alango Gof,Mandera,Lafey,Urban,,Clean,,,,,,
62311,MALA02165,MALA02165224,,1,150,34,tap_in_home,39778,Lafey,Mandera,Lafey,Urban,,,,,,,,
62312,MALA02166,MALA02166224,,1,391,36,shared_taps,40573,Libehia,Mandera,Lafey,Urban,,,,,,,,
62313,MALA02167,MALA02167224,,4,422,25,shared_taps,19616,Waranqara,Mandera,Lafey,Urban,,,,,,,,
62314,MAMA02168,MAMA02168224,,1,161,42,tap_in_home_broken,35191,Arabia,Mandera,Mandera East,Urban,,,,,,,,
62315,MAMA02169,MAMA02169224,,1,456,36,tap_in_home_broken,18981,Bulla Mpya,Mandera,Mandera East,Urban,,,,,,,,
62316,MAMA02170,MAMA02170224,,4,66,10,well,15276,Fino,Mandera,Mandera East,Rural,,Contaminated:Biological,,,,,,
62317,MAMA02171,MAMA02171224,,4,240,40,tap_in_home_broken,8849,Khalalio,Mandera,Mandera East,Urban,,,,,,,,
62318,MAMA02172,MAMA02172224,,5,259,14,well,2496,Neboi,Mandera,Mandera East,Rural,,Contaminated: Chemical,,,,,,
62319,MAMA02173,MAMA02173224,,1,160,18,tap_in_home,5277,Township,Mandera,Mandera East,Urban,,,,,,,,
62320,MAMA02174,MAMA02174224,,3,93,13,well,40090,Ashabito,Mandera,Mandera North,Urban,,Contaminated:Biological,,,,,,
62321,MAMA02175,MAMA02175224,,5,519,23,shared_taps,23483,Guticha,Mandera,Mandera North,Urban,,,,,,,,
62322,MAMA02176,MAMA02176224,,3,165,44,well,18268,Morothile,Mandera,Mandera North,Rural,,Contaminated: Chemical,,,,,,
62323,MAMA02177,MAMA02177224,,4,262,37,shared_taps,0,Elwak South,Mandera,Mandera South,Urban,,,,,,,,
62324,MAMA02178,MAMA02178224,,3,277,21,tap_in_home,93245,Kutulo,Mandera,Mandera South,Urban,,,,,,,,
62325,MAMA02179,MAMA02179224,,1,263,10,river,41895,Shimbir Fatuma,Mandera,Mandera South,Rural,,,,,,,,
62326,MAMA02180,MAMA02180224,,5,111,3,tap_in_home,16049,Wargadud,Mandera,Mandera South,Urban,,,,,,,,
62327,MAMA02181,MAMA02181224,,5,150,36,river,19279,Dandu,Mandera,Mandera West,Rural,,,,,,,,
62328,MAMA02182,MAMA02182224,,2,219,32,tap_in_home_broken,23946,Gither,Mandera,Mandera West,Urban,,,,,functional,,,
62329,MAMA02183,MAMA02183224,,5,86,21,tap_in_home,201,Lagsure,Mandera,Mandera West,Rural,,,,,,,,
62330,MAMA02184,MAMA02184224,,1,160,2,shared_taps,25707,Takaba South,Mandera,Mandera West,Rural,,,,,,,,
62331,MAMA02185,MAMA02185224,,1,107,43,tap_in_home_broken,49677,Takaba,Mandera,Mandera West,Urban,,,,,functional,,,
62332,MAUN02186,MAUN02186224,,1,268,14,shared_taps,29633,unknown 1,Mandera,unknown 1,Rural,,,,,,,,
62333,MALA02187,MALA02187224,,4,11,40,well,16730,Kargi/South Horr,Marsabit,Laisamis,Rural,,Clean,,,functional,,,
62334,MALA02188,MALA02188224,,2,427,43,tap_in_home,39947,Korr/Ngurunit,Marsabit,Laisamis,Urban,,,,,functional,,,
62335,MALA02189,MALA02189224,,5,250,28,tap_in_home_broken,25788,Laisamis,Marsabit,Laisamis,Urban,,,,,functional,,,
62336,MALA02190,MALA02190224,,4,194,37,well,14324,Logo Logo,Marsabit,Laisamis,Rural,,Contaminated:Biological,,,functional,,,
62337,MALA02191,MALA02191224,,5,287,23,shared_taps,27983,Loiyangalani,Marsabit,Laisamis,Rural,,,,,functional,,,
62338,MAMO02192,MAMO02192224,,5,491,24,shared_taps,21442,Butiye,Marsabit,Moyale,Urban,,,,,functional,,,
62339,MAMO02193,MAMO02193224,,1,369,10,tap_in_home,36815,Golbo,Marsabit,Moyale,Urban,,,,,partially_functional,,,
62340,MAMO02194,MAMO02194224,,2,80,22,tap_in_home,24164,Heillu/Manyatta,Marsabit,Moyale,Urban,,,,,,,,
62341,MAMO02195,MAMO02195224,,3,66,43,tap_in_home_broken,9037,Moyale Township,Marsabit,Moyale,Rural,,,,,functional,,,
62342,MEIG02196,MEIG02196224,,5,371,40,river,36026,Kangeta,Meru,Igembe Central,Rural,,,,,,,,
62343,MAMO02197,MAMO02197224,,4,183,30,river,7516,Obbu,Marsabit,Moyale,Rural,,,,,partially_functional,,,
62344,MAMO02198,MAMO02198224,,1,127,33,well,21267,Sololo,Marsabit,Moyale,Rural,,Contaminated:Biological,,,,,,
62345,MAMO02199,MAMO02199224,,2,539,38,shared_taps,21753,Uran,Marsabit,Moyale,Urban,,,,,functional,,,
62346,MANO02200,MANO02200224,,3,267,33,river,32835,Dukana,Marsabit,North Horr,Rural,,,,,functional,,,
62347,MANO02201,MANO02201224,,5,444,1,shared_taps,17528,Illeret,Marsabit,North Horr,Urban,,,,,,,,
62348,MANO02202,MANO02202224,,2,456,35,river,50086,Maikona,Marsabit,North Horr,Urban,,,,,partially_functional,,,
62349,MANO02203,MANO02203224,,5,106,11,shared_taps,27149,North Horr,Marsabit,North Horr,Urban,,,,,functional,,,
62350,MANO02204,MANO02204224,,2,395,25,tap_in_home,11808,Turbi,Marsabit,North Horr,Urban,,,,,functional,,,
62351,MASA02205,MASA02205224,,3,453,40,river,17488,Karare,Marsabit,Saku,Rural,,,,,,,,
62352,MASA02206,MASA02206224,,4,473,6,shared_taps,39255,Marsabit Central,Marsabit,Saku,Urban,,,,,functional,,,
62353,MASA02207,MASA02207224,,3,200,30,tap_in_home_broken,35501,Sagante/Jaldesa,Marsabit,Saku,Urban,,,,,,,,
62354,MEBU02208,MEBU02208224,,2,406,29,tap_in_home_broken,30303,Kibirichia,Meru,Buuri,Urban,,,,,,,,
62355,MEBU02209,MEBU02209224,,5,368,33,tap_in_home,30416,Kiirua/Naari,Meru,Buuri,Urban,,,,,,,,
62356,MEBU02210,MEBU02210224,,5,463,44,shared_taps,43718,Kisima,Meru,Buuri,Urban,,,,,,,,
62357,MEBU02211,MEBU02211224,,2,217,22,shared_taps,25755,Ruiri/Rwarera,Meru,Buuri,Urban,,,,,,,,
62358,MEBU02212,MEBU02212224,,5,324,8,shared_taps,51198,Timau,Meru,Buuri,Rural,,,,,,,,
62359,MECE02213,MECE02213224,,5,4,6,shared_taps,69712,Abothuguchi Central,Meru,Central Imenti,Urban,,,,,,,,
62360,MECE02214,MECE02214224,,1,485,31,shared_taps,32514,Abothuguchi West,Meru,Central Imenti,Urban,,,,,,,,
62361,MECE02215,MECE02215224,,4,32,1,tap_in_home_broken,43364,Mwanganthia,Meru,Central Imenti,Urban,,,,,,,,
62362,MEIG02216,MEIG02216224,,5,526,45,tap_in_home,38104,Akirang'Ondu,Meru,Igembe Central,Urban,,,,,,,,
62363,MEIG02217,MEIG02217224,,4,311,2,shared_taps,48425,Athiru Ruujine,Meru,Igembe Central,Rural,,,,,,,,
62364,MEIG02218,MEIG02218224,,1,54,9,shared_taps,64939,Igembe East,Meru,Igembe Central,Rural,,,,,,,,
62365,MEIG02219,MEIG02219224,,4,383,34,river,47201,Njia,Meru,Igembe Central,Rural,,,,,,,,
62366,MEIG02220,MEIG02220224,,2,99,24,shared_taps,47777,Amwathi,Meru,Igembe North,Urban,,,,,,,,
62367,MEIG02221,MEIG02221224,,4,349,9,shared_taps,31209,Antuambui,Meru,Igembe North,Urban,,,,,,,,
62368,MEIG02222,MEIG02222224,,3,359,3,tap_in_home_broken,43614,Antubetwe Kiongo,Meru,Igembe North,Urban,,,,,,,,
62369,MEIG02223,MEIG02223224,,5,537,23,well,52909,Naathu,Meru,Igembe North,Rural,,Clean,,,,,,
62370,MEIG02224,MEIG02224224,,1,42,9,shared_taps,25389,Ntunene,Meru,Igembe North,Rural,,,,,,,,
62371,MEIG02225,MEIG02225224,,4,280,1,tap_in_home_broken,35973,Akachiu,Meru,Igembe South,Urban,,,,,,,,
62372,MEIG02226,MEIG02226224,,2,115,1,shared_taps,26640,Athiru Gaiti,Meru,Igembe South,Urban,,,,,,,,
62373,MEIG02227,MEIG02227224,,4,161,3,shared_taps,33411,Kanuni,Meru,Igembe South,Urban,,,,,,,,
62374,MEIG02228,MEIG02228224,,4,178,28,tap_in_home,35153,Kiegoi/Antubochiu,Meru,Igembe South,Urban,,,,,,,,
62375,MEIG02229,MEIG02229224,,4,91,32,tap_in_home,48411,Maua,Meru,Igembe South,Rural,,,,,,,,
62376,MENO02230,MENO02230224,,4,67,1,river,9029,Municipality,Meru,North Imenti,Rural,,,,,,,,
62377,MENO02231,MENO02231224,,1,430,18,well,12870,Ntima East,Meru,North Imenti,Rural,,Clean,,,,,,
62378,MENO02232,MENO02232224,,3,463,19,tap_in_home_broken,17392,Ntima West,Meru,North Imenti,Urban,,,,,,,,
62379,MENO02233,MENO02233224,,4,220,31,shared_taps,28660,Nyaki East,Meru,North Imenti,Urban,,,,,,,,
62380,MENO02234,MENO02234224,,1,107,44,well,47057,Nyaki West,Meru,North Imenti,Rural,,Contaminated:Biological,,,,,,
62381,MESO02235,MESO02235224,,4,387,23,tap_in_home,44304,Abogeta East,Meru,South Imenti,Urban,,,,,,,,
62382,MESO02236,MESO02236224,,5,280,30,shared_taps,40898,Abogeta West,Meru,South Imenti,Rural,,,,,,,,
62383,MESO02237,MESO02237224,,2,491,1,river,37904,Igoji East,Meru,South Imenti,Rural,,,,,,,,
62384,MESO02238,MESO02238224,,3,409,38,tap_in_home_broken,27045,Igoji West,Meru,South Imenti,Urban,,,,,,,,
62385,MESO02239,MESO02239224,,4,181,35,tap_in_home,27334,Mitunguu,Meru,South Imenti,Urban,,,,,,,,
62386,MESO02240,MESO02240224,,3,469,7,tap_in_home_broken,57638,Nkuene,Meru,South Imenti,Urban,,,,,,,,
62387,METI02241,METI02241224,,1,363,42,river,29665,Karama,Meru,Tigania East,Rural,,,,,,,,
62388,METI02242,METI02242224,,5,156,29,tap_in_home_broken,28391,Kiguchwa,Meru,Tigania East,Urban,,,,,,,,
62389,METI02243,METI02243224,,5,129,6,tap_in_home,38742,Mikinduri,Meru,Tigania East,Rural,,,,,,,,
62390,METI02244,METI02244224,,2,131,1,tap_in_home,53828,Muthara,Meru,Tigania East,Rural,,,,,,,,
62391,METI02245,METI02245224,,3,168,22,tap_in_home_broken,55278,Thangatha,Meru,Tigania East,Urban,,,,,,,,
62392,METI02246,METI02246224,,3,141,46,tap_in_home,38999,Akithii,Meru,Tigania West,Urban,,,,,,,,
62393,METI02247,METI02247224,,5,61,40,river,14741,Athwana,Meru,Tigania West,Rural,,,,,,,,
62394,METI02248,METI02248224,,5,509,48,tap_in_home,45608,Kianjai,Meru,Tigania West,Urban,,,,,,,,
62395,METI02249,METI02249224,,3,150,6,shared_taps,20933,Mbeu,Meru,Tigania West,Rural,,,,,,,,
62396,METI02250,METI02250224,,3,61,33,river,28735,Nkomo,Meru,Tigania West,Rural,,,,,,,,
62397,MEUN02251,MEUN02251224,,2,220,13,well,16701,unknown 5,Meru,unknown 5,Rural,,Contaminated: Chemical,,,,,,
62398,MIAW02252,MIAW02252224,,5,176,24,shared_taps,30835,Central Sakwa,Migori,Awendo,Urban,,,,,partially_functional,,,
62399,MIAW02253,MIAW02253224,,3,72,34,well,25990,North Sakwa,Migori,Awendo,Rural,,Contaminated:Biological,,,functional,,,
62400,MIAW02254,MIAW02254224,,5,235,19,shared_taps,42725,South Sakwa,Migori,Awendo,Urban,,,,,partially_functional,,,
62401,MIAW02255,MIAW02255224,,5,397,12,tap_in_home,29872,West Sakwa,Migori,Awendo,Urban,,,,,partially_functional,,,
62402,MIKU02256,MIKU02256224,,2,312,11,tap_in_home,31262,Gokeharaka/Getambwega,Migori,Kuria East,Urban,,,,,partially_functional,,,
62403,MIKU02257,MIKU02257224,,2,209,27,shared_taps,16533,Ntimaru East,Migori,Kuria East,Urban,,,,,functional,,,
62404,MIKU02258,MIKU02258224,,5,213,5,river,30835,Ntimaru West,Migori,Kuria East,Rural,,,,,partially_functional,,,
62405,MIKU02259,MIKU02259224,,1,453,6,tap_in_home_broken,30145,Nyabasi East,Migori,Kuria East,Urban,,,,,partially_functional,,,
62406,MIKU02260,MIKU02260224,,5,210,38,river,38839,Nyabasi West,Migori,Kuria East,Rural,,,,,partially_functional,,,
62407,MIKU02261,MIKU02261224,,4,505,31,river,25111,Bukira Centrl/Ikerege,Migori,Kuria West,Urban,,,,,functional,,,
62408,MIKU02262,MIKU02262224,,5,28,39,river,25569,Bukira East,Migori,Kuria West,Rural,,,,,functional,,,
62409,MIKU02263,MIKU02263224,,5,157,4,well,16586,Isibania,Migori,Kuria West,Rural,,Contaminated: Chemical,,,partially_functional,,,
62410,MIKU02264,MIKU02264224,,3,143,1,tap_in_home_broken,23386,Makerero,Migori,Kuria West,Urban,,,,,functional,,,
62411,MIKU02265,MIKU02265224,,3,293,5,tap_in_home,32287,Masaba,Migori,Kuria West,Urban,,,,,partially_functional,,,
62412,MIKU02266,MIKU02266224,,5,255,23,shared_taps,34924,Nyamosense/Komosoko,Migori,Kuria West,Rural,,,,,partially_functional,,,
62413,MIKU02267,MIKU02267224,,3,373,29,tap_in_home_broken,29787,Tagare,Migori,Kuria West,Urban,,,,,partially_functional,,,
62414,MINY02268,MINY02268224,,1,536,30,river,29735,Got Kachola,Migori,Nyatike,Rural,,,,,non_functional,,,
62415,MINY02269,MINY02269224,,3,353,16,tap_in_home_broken,30781,Kachien'G,Migori,Nyatike,Urban,,,,,partially_functional,,,
62416,MINY02270,MINY02270224,,1,520,34,well,13723,Kaler,Migori,Nyatike,Rural,,Contaminated:Biological,,,non_functional,,,
62417,MINY02271,MINY02271224,,4,469,9,shared_taps,21415,Kanyasa,Migori,Nyatike,Rural,,,,,partially_functional,,,
62418,MINY02272,MINY02272224,,2,310,15,river,30204,Macalder/Kanyarwanda,Migori,Nyatike,Rural,,,,,functional,,,
62419,MINY02273,MINY02273224,,1,450,39,shared_taps,32290,Muhuru,Migori,Nyatike,Rural,,,,,non_functional,,,
62420,MINY02274,MINY02274224,,5,322,5,tap_in_home_broken,40382,North Kadem,Migori,Nyatike,Urban,,,,,partially_functional,,,
62421,MIRO02275,MIRO02275224,,5,272,21,river,39925,Central Kamagambo,Migori,Rongo,Rural,,,,,partially_functional,,,
62422,MIRO02276,MIRO02276224,,5,105,5,tap_in_home,37497,East Kamagambo,Migori,Rongo,Urban,,,,,partially_functional,,,
62423,MIRO02277,MIRO02277224,,2,200,41,tap_in_home,25919,North Kamagambo,Migori,Rongo,Rural,,,,,partially_functional,,,
62424,MIRO02278,MIRO02278224,,4,435,9,tap_in_home,42922,South Kamagambo,Migori,Rongo,Urban,,,,,partially_functional,,,
62425,MISU02279,MISU02279224,,2,201,21,shared_taps,26585,God Jope,Migori,Suna East,Urban,,,,,partially_functional,,,
62426,MISU02280,MISU02280224,,3,323,9,shared_taps,49935,Kakrao,Migori,Suna East,Urban,,,,,partially_functional,,,
62427,MISU02281,MISU02281224,,2,142,47,well,23573,Kwa,Migori,Suna East,Rural,,Contaminated: Chemical,,,partially_functional,,,
62428,MISU02282,MISU02282224,,2,359,34,tap_in_home,26425,Suna Central,Migori,Suna East,Urban,,,,,partially_functional,,,
62429,MISU02283,MISU02283224,,4,413,6,shared_taps,36431,Ragana-Oruba,Migori,Suna West,Rural,,,,,partially_functional,,,
62430,MISU02284,MISU02284224,,5,511,27,river,36155,Wasimbete,Migori,Suna West,Urban,,,,,partially_functional,,,
62431,MISU02285,MISU02285224,,3,523,43,river,28012,Wasweta Ii,Migori,Suna West,Rural,,,,,partially_functional,,,
62432,MISU02286,MISU02286224,,3,96,11,shared_taps,37349,Wiga,Migori,Suna West,Urban,,,,,partially_functional,,,
62433,MIUR02287,MIUR02287224,,1,396,11,tap_in_home_broken,25575,Central Kanyamkago,Migori,Uriri,Urban,,,,,functional,,,
62434,MIUR02288,MIUR02288224,,2,359,19,river,18087,East Kanyamkago,Migori,Uriri,Rural,,,,,partially_functional,,,
62435,MIUR02289,MIUR02289224,,2,256,29,shared_taps,42405,North Kanyamkago,Migori,Uriri,Urban,,,,,partially_functional,,,
62436,MIUR02290,MIUR02290224,,2,468,7,tap_in_home,37189,South Kanyamkago,Migori,Uriri,Rural,,,,,partially_functional,,,
62437,MIUR02291,MIUR02291224,,2,112,43,shared_taps,37030,West Kanyamkago,Migori,Uriri,Rural,,,,,partially_functional,,,
62438,MOCH02292,MOCH02292224,,1,463,41,well,7377,Airport,Mombasa,Changamwe,Rural,,Contaminated: Chemical,,,,,,
62439,MOCH02293,MOCH02293224,,3,430,37,shared_taps,0,Chaani,Mombasa,Changamwe,Urban,,,,,,,,
62440,MOCH02294,MOCH02294224,,2,39,43,well,0,Changamwe,Mombasa,Changamwe,Rural,,Clean,,,,,,
62441,MOCH02295,MOCH02295224,,4,20,38,tap_in_home_broken,0,Kipevu,Mombasa,Changamwe,Urban,,,,,,,,
62442,MOCH02296,MOCH02296224,,5,62,28,river,109,Port Reitz,Mombasa,Changamwe,Rural,,,,,,,,
62443,MOJO02297,MOJO02297224,,5,433,8,well,8601,Jomvu Kuu,Mombasa,Jomvu,Urban,,Contaminated:Biological,,,,,,
62444,MOJO02298,MOJO02298224,,5,524,11,river,2969,Mikindani,Mombasa,Jomvu,Rural,,,,,,,,
62445,MOJO02299,MOJO02299224,,1,192,19,shared_taps,4250,Miritini,Mombasa,Jomvu,Urban,,,,,,,,
62446,MOKI02300,MOKI02300224,,5,10,35,tap_in_home_broken,45354,Bamburi,Mombasa,Kisauni,Urban,,,,,,,,
62447,MOKI02301,MOKI02301224,,5,225,48,shared_taps,23595,Junda,Mombasa,Kisauni,Rural,,,,,,,,
62448,MOKI02302,MOKI02302224,,3,287,47,river,0,Magogoni,Mombasa,Kisauni,Rural,,,,,,,,
62449,MOKI02303,MOKI02303224,,2,150,40,shared_taps,0,Mjambere,Mombasa,Kisauni,Urban,,,,,,,,
62450,MOKI02304,MOKI02304224,,5,389,13,tap_in_home,19912,Mtopanga,Mombasa,Kisauni,Urban,,,,,,,,
62451,MOKI02305,MOKI02305224,,1,44,1,shared_taps,16923,Mwakirunge,Mombasa,Kisauni,Urban,,,,,,,,
62452,MOKI02306,MOKI02306224,,3,450,31,tap_in_home,53736,Shanzu,Mombasa,Kisauni,Rural,,,,,,,,
62453,MOLI02307,MOLI02307224,,3,384,31,tap_in_home,0,Bofu,Mombasa,Likoni,Urban,,,,,,,,
62454,MOLI02308,MOLI02308224,,3,29,47,shared_taps,0,Likoni,Mombasa,Likoni,Urban,,,,,,,,
62455,MOLI02309,MOLI02309224,,4,9,45,tap_in_home,11409,Mtongwe,Mombasa,Likoni,Rural,,,,,,,,
62456,MOLI02310,MOLI02310224,,1,102,13,tap_in_home,29911,Shika Adabu,Mombasa,Likoni,Urban,,,,,,,,
62457,MOLI02311,MOLI02311224,,1,527,28,tap_in_home,17858,Timbwani,Mombasa,Likoni,Urban,,,,,,,,
62458,MOMV02312,MOMV02312224,,3,45,42,tap_in_home,0,Majengo,Mombasa,Mvita,Urban,,,,,,,,
62459,MOMV02313,MOMV02313224,,3,325,15,shared_taps,1454,Mji Wa Kale/Makadara,Mombasa,Mvita,Urban,,,,,,,,
62460,MOMV02314,MOMV02314224,,1,228,23,tap_in_home_broken,0,Shimanzi/Ganjoni,Mombasa,Mvita,Rural,,,,,,,,
62461,MOMV02315,MOMV02315224,,1,99,46,well,0,Tononoka,Mombasa,Mvita,Rural,,Clean,,,,,,
62462,MOMV02316,MOMV02316224,,2,465,1,river,0,Tudor,Mombasa,Mvita,Rural,,,,,,,,
62463,MONY02317,MONY02317224,,1,212,4,river,0,Frere Town,Mombasa,Nyali,Rural,,,,,,,,
62464,MONY02318,MONY02318224,,1,164,43,tap_in_home_broken,0,Kadzandani,Mombasa,Nyali,Urban,,,,,,,,
62465,MONY02319,MONY02319224,,2,202,19,well,0,Kongowea,Mombasa,Nyali,Rural,,Clean,,,,,,
62466,MONY02320,MONY02320224,,1,18,18,shared_taps,1362,Mkomani,Mombasa,Nyali,Rural,,,,,,,,
62467,MONY02321,MONY02321224,,1,328,16,tap_in_home_broken,0,Ziwa La Ng'Ombe,Mombasa,Nyali,Urban,,,,,,,,
62468,MUGA02322,MUGA02322224,,3,78,24,well,27065,Gatanga,Murang'a,Gatanga,Rural,,Contaminated:Biological,,,,,,
62469,MUGA02323,MUGA02323224,,5,405,21,tap_in_home,26692,Ithanga,Murang'a,Gatanga,Rural,,,,,,,,
62470,MUGA02324,MUGA02324224,,1,222,42,shared_taps,41240,Kakuzi/Mitubiri,Murang'a,Gatanga,Urban,,,,,,,,
62471,MUGA02325,MUGA02325224,,2,55,34,shared_taps,48340,Kariara,Murang'a,Gatanga,Rural,,,,,,,,
62472,MUGA02326,MUGA02326224,,1,218,13,shared_taps,34167,Kihumbu-Ini,Murang'a,Gatanga,Urban,,,,,,,,
62473,MUGA02327,MUGA02327224,,3,114,10,well,39015,Mugumo-Ini,Murang'a,Gatanga,Rural,,Contaminated: Chemical,,,,,,
62474,MUKA02328,MUKA02328224,,3,451,17,shared_taps,38215,Gaichanjiru,Murang'a,Kandara,Rural,,,,,,,,
62475,MUKA02329,MUKA02329224,,5,498,20,river,32305,Ithiru,Murang'a,Kandara,Rural,,,,,,,,
62476,MUKA02330,MUKA02330224,,2,29,20,shared_taps,34854,Kagundu-Ini,Murang'a,Kandara,Urban,,,,,,,,
62477,MUKA02331,MUKA02331224,,3,138,20,tap_in_home,28496,Muruka,Murang'a,Kandara,Urban,,,,,,,,
62478,MUKA02332,MUKA02332224,,5,35,1,tap_in_home_broken,23179,Ng'Araria,Murang'a,Kandara,Rural,,,,,,,,
62479,MUKA02333,MUKA02333224,,1,276,41,well,38815,Ruchu,Murang'a,Kandara,Rural,,Clean,,,,,,
62480,MUKA02334,MUKA02334224,,1,302,18,shared_taps,26607,Kanyenya-Ini,Murang'a,Kangema,Urban,,,,,,,,
62481,MUKA02335,MUKA02335224,,1,70,19,river,39735,Muguru,Murang'a,Kangema,Rural,,,,,,,,
62482,MUKA02336,MUKA02336224,,5,316,40,shared_taps,23042,Rwathia,Murang'a,Kangema,Urban,,,,,,,,
62483,MUKI02337,MUKI02337224,,2,12,4,river,23226,Kahumbu,Murang'a,Kigumo,Rural,,,,,,,,
62484,MUKI02338,MUKI02338224,,4,166,33,river,35760,Kangari,Murang'a,Kigumo,Urban,,,,,,,,
62485,MUKI02339,MUKI02339224,,2,93,41,tap_in_home,28666,Kigumo,Murang'a,Kigumo,Urban,,,,,,,,
62486,MUKI02340,MUKI02340224,,3,253,31,shared_taps,32262,Kinyona,Murang'a,Kigumo,Rural,,,,,,,,
62487,MUKI02341,MUKI02341224,,4,76,37,well,31057,Muthithi,Murang'a,Kigumo,Rural,,Contaminated: Chemical,,,,,,
62488,MUKI02342,MUKI02342224,,3,214,25,shared_taps,45847,Gaturi,Murang'a,Kiharu,Urban,,,,,,,,
62489,MUKI02343,MUKI02343224,,2,10,28,shared_taps,49019,Mbiri,Murang'a,Kiharu,Urban,,,,,,,,
62490,MUKI02344,MUKI02344224,,4,456,46,well,35068,Mugoiri,Murang'a,Kiharu,Rural,,Clean,,,,,,
62491,MUKI02345,MUKI02345224,,5,424,8,river,32891,Murarandia,Murang'a,Kiharu,Rural,,,,,,,,
62492,MUKI02346,MUKI02346224,,4,150,12,tap_in_home,28492,Township,Murang'a,Kiharu,Urban,,,,,,,,
62493,MUKI02347,MUKI02347224,,3,410,42,shared_taps,32363,Wangu,Murang'a,Kiharu,Urban,,,,,,,,
62494,MUMA02348,MUMA02348224,,3,12,9,river,33615,Ichagaki,Murang'a,Maragwa,Urban,,,,,,,,
62495,MUMA02349,MUMA02349224,,4,13,17,shared_taps,23694,Kamahuha,Murang'a,Maragwa,Rural,,,,,,,,
62496,MUMA02350,MUMA02350224,,5,400,8,tap_in_home_broken,27725,Kambiti,Murang'a,Maragwa,Urban,,,,,,,,
62497,MUMA02351,MUMA02351224,,1,514,2,river,49701,Kimorori/Wempa,Murang'a,Maragwa,Rural,,,,,,,,
62498,MUMA02352,MUMA02352224,,5,30,35,shared_taps,37734,Makuyu,Murang'a,Maragwa,Urban,,,,,,,,
62499,MUMA02353,MUMA02353224,,1,90,39,river,30329,Nginda,Murang'a,Maragwa,Rural,,,,,,,,
62500,MUMA02354,MUMA02354224,,3,360,40,tap_in_home,38107,Gitugi,Murang'a,Mathioya,Urban,,,,,,,,
62501,MUMA02355,MUMA02355224,,3,353,31,tap_in_home,24787,Kamacharia,Murang'a,Mathioya,Urban,,,,,,,,
62502,MUMA02356,MUMA02356224,,2,190,29,well,39282,Kiru,Murang'a,Mathioya,Rural,,Contaminated:Biological,,,,,,
62503,NADA02357,NADA02357224,,5,221,39,shared_taps,0,Gatina,Nairobi,Dagoretti North,Rural,,,,,,,,
62504,NADA02358,NADA02358224,,5,192,28,shared_taps,0,Kileleshwa,Nairobi,Dagoretti North,Rural,,,,,,,,
62505,NADA02359,NADA02359224,,2,192,34,river,0,Kilimani,Nairobi,Dagoretti North,Rural,,,,,,,,
62506,NADA02360,NADA02360224,,1,205,48,shared_taps,0,Kabiro,Nairobi,Dagoretti South,Urban,,,,,,,,
62507,NADA02361,NADA02361224,,2,357,2,tap_in_home_broken,0,Kawangware,Nairobi,Dagoretti South,Urban,,,,,,,,
62508,NADA02362,NADA02362224,,2,235,14,shared_taps,3652,Mutu-Ini,Nairobi,Dagoretti South,Urban,,,,,,,,
62509,NADA02363,NADA02363224,,3,488,20,tap_in_home,1133,Ngando,Nairobi,Dagoretti South,Urban,,,,,,,,
62510,NADA02364,NADA02364224,,3,44,9,shared_taps,0,Riruta,Nairobi,Dagoretti South,Urban,,,,,,,,
62511,NADA02365,NADA02365224,,5,317,29,river,0,Uthiru/Ruthimitu,Nairobi,Dagoretti South,Rural,,,,,functional,,,
62512,NADA02366,NADA02366224,,4,503,19,river,0,Waithaka,Nairobi,Dagoretti South,Rural,,,,,,,,
62513,NAEM02367,NAEM02367224,,5,358,23,river,0,Kayole Central,Nairobi,Embakasi Central,Rural,,,,,,,,
62514,NAEM02368,NAEM02368224,,1,63,10,river,0,Kayole North,Nairobi,Embakasi Central,Rural,,,,,,,,
62515,NAEM02369,NAEM02369224,,1,345,34,river,0,Kayole South,Nairobi,Embakasi Central,Rural,,,,,,,,
62516,NAEM02370,NAEM02370224,,2,26,27,shared_taps,0,Komarock,Nairobi,Embakasi Central,Rural,,,,,,,,
62517,NAEM02371,NAEM02371224,,4,519,16,shared_taps,0,Matopeni/Spring Valley,Nairobi,Embakasi Central,Rural,,,,,,,,
62518,NAEM02372,NAEM02372224,,3,402,33,well,48079,Embakasi,Nairobi,Embakasi East,Rural,,Contaminated: Chemical,,,,,,
62519,NAEM02373,NAEM02373224,,1,160,29,tap_in_home_broken,0,Lower Savannah,Nairobi,Embakasi East,Urban,,,,,,,,
62520,NAEM02374,NAEM02374224,,1,102,35,river,53822,Mihango,Nairobi,Embakasi East,Rural,,,,,,,,
62521,NAEM02375,NAEM02375224,,2,350,35,shared_taps,0,Upper Savannah,Nairobi,Embakasi East,Rural,,,,,,,,
62522,NAEM02376,NAEM02376224,,4,190,0,well,0,Utawala,Nairobi,Embakasi East,Rural,,Contaminated:Biological,,,,,,
62523,NAEM02377,NAEM02377224,,1,474,34,tap_in_home,0,Dandora Area I,Nairobi,Embakasi North,Urban,,,,,,,,
62524,NAEM02378,NAEM02378224,,5,387,10,river,0,Dandora Area Ii,Nairobi,Embakasi North,Rural,,,,,,,,
62525,NAEM02379,NAEM02379224,,4,273,13,river,0,Dandora Area Iii,Nairobi,Embakasi North,Rural,,,,,,,,
62526,NAEM02380,NAEM02380224,,2,339,40,tap_in_home_broken,0,Dandora Area Iv,Nairobi,Embakasi North,Urban,,,,,,,,
62527,NAEM02381,NAEM02381224,,5,133,36,tap_in_home_broken,0,Kariobangi North,Nairobi,Embakasi North,Urban,,,,,,,,
62528,NAEM02382,NAEM02382224,,3,257,11,river,8313,Imara Daima,Nairobi,Embakasi South,Rural,,,,,,,,
62529,NAEM02383,NAEM02383224,,4,237,21,shared_taps,0,Kwa Njenga,Nairobi,Embakasi South,Urban,,,,,,,,
62530,NAEM02384,NAEM02384224,,5,311,9,tap_in_home_broken,0,Kwa Reuben,Nairobi,Embakasi South,Urban,,,,,,,,
62531,NAEM02385,NAEM02385224,,4,428,0,tap_in_home_broken,0,Kware,Nairobi,Embakasi South,Rural,,,,,,,,
62532,NAEM02386,NAEM02386224,,2,151,40,tap_in_home_broken,0,Pipeline,Nairobi,Embakasi South,Urban,,,,,,,,
62533,NAEM02387,NAEM02387224,,2,73,38,shared_taps,0,Kariobangi South,Nairobi,Embakasi West,Rural,,,,,,,,
62534,NAEM02388,NAEM02388224,,4,22,25,river,0,Mowlem,Nairobi,Embakasi West,Rural,,,,,,,,
62535,NAEM02389,NAEM02389224,,3,83,9,river,0,Umoja I,Nairobi,Embakasi West,Rural,,,,,,,,
62536,NAEM02390,NAEM02390224,,1,194,34,river,0,Umoja Ii,Nairobi,Embakasi West,Rural,,,,,,,,
62537,NAKA02391,NAKA02391224,,2,402,5,tap_in_home_broken,0,Airbase,Nairobi,Kamukunji,Rural,,,,,,,,
62538,NAKA02392,NAKA02392224,,2,308,23,shared_taps,0,California,Nairobi,Kamukunji,Urban,,,,,,,,
62539,NAKA02393,NAKA02393224,,5,170,16,tap_in_home_broken,0,Eastleigh North,Nairobi,Kamukunji,Urban,,,,,,,,
62540,NAKA02394,NAKA02394224,,5,32,38,shared_taps,0,Eastleigh South,Nairobi,Kamukunji,Urban,,,,,,,,
62541,NAKA02395,NAKA02395224,,2,20,3,tap_in_home_broken,0,Pumwani,Nairobi,Kamukunji,Rural,,,,,,,,
62542,NAKA02396,NAKA02396224,,2,464,30,river,0,Clay City,Nairobi,Kasarani,Rural,,,,,,,,
62543,NAKA02397,NAKA02397224,,1,88,37,well,0,Kasarani,Nairobi,Kasarani,Rural,,Contaminated: Chemical,,,,,,
62544,NAKA02398,NAKA02398224,,5,305,23,river,20030,Mwiki,Nairobi,Kasarani,Rural,,,,,,,,
62545,NAKA02399,NAKA02399224,,1,35,45,river,0,Njiru,Nairobi,Kasarani,Rural,,,,,,,,
62546,NAKA02400,NAKA02400224,,3,520,20,river,80336,Ruai,Nairobi,Kasarani,Rural,,,,,,,,
62547,NAKI02401,NAKI02401224,,2,491,47,tap_in_home,0,Laini Saba,Nairobi,Kibra,Urban,,,,,,,,
62548,NAKI02402,NAKI02402224,,4,179,32,tap_in_home_broken,0,Lindi,Nairobi,Kibra,Urban,,,,,,,,
62549,NAKI02403,NAKI02403224,,1,67,11,tap_in_home,0,Makina,Nairobi,Kibra,Urban,,,,,,,,
62550,NAKI02404,NAKI02404224,,4,31,32,shared_taps,0,Nyayo Highrise,Nairobi,Kibra,Rural,,,,,,,,
62551,NAKI02405,NAKI02405224,,2,278,34,shared_taps,0,Sarangombe,Nairobi,Kibra,Urban,,,,,,,,
62552,NAKI02406,NAKI02406224,,3,285,15,tap_in_home,0,Woodley/Kenyatta Golf Course,Nairobi,Kibra,Urban,,,,,,,,
62553,NALA02407,NALA02407224,,4,104,17,shared_taps,47909,Karen,Nairobi,Langata,Urban,,,,,,,,
62554,NALA02408,NALA02408224,,4,493,10,shared_taps,18846,Mugumu-Ini,Nairobi,Langata,Urban,,,,,,,,
62555,NALA02409,NALA02409224,,2,143,3,river,5330,Nairobi West,Nairobi,Langata,Rural,,,,,,,,
62556,NALA02410,NALA02410224,,3,227,6,river,353,South C,Nairobi,Langata,Rural,,,,,,,,
62557,NAMA02411,NAMA02411224,,3,126,17,shared_taps,0,Harambee,Nairobi,Makadara,Urban,,,,,,,,
62558,NAMA02412,NAMA02412224,,3,312,19,shared_taps,0,Makongeni,Nairobi,Makadara,Urban,,,,,,,,
62559,NAMA02413,NAMA02413224,,4,4,16,tap_in_home_broken,0,Maringo/Hamza,Nairobi,Makadara,Rural,,,,,,,,
62560,NAMA02414,NAMA02414224,,5,266,34,shared_taps,0,Viwandani,Nairobi,Makadara,Urban,,,,,,,,
62561,NAMA02415,NAMA02415224,,3,20,21,shared_taps,0,Hospital,Nairobi,Mathare,Rural,,,,,,,,
62562,NAMA02416,NAMA02416224,,3,189,48,river,0,Huruma,Nairobi,Mathare,Rural,,,,,,,,
62563,NAMA02417,NAMA02417224,,1,468,20,tap_in_home,0,Kiamaiko,Nairobi,Mathare,Urban,,,,,,,,
62564,NAMA02418,NAMA02418224,,2,326,30,tap_in_home,0,Mabatini,Nairobi,Mathare,Urban,,,,,,,,
62565,NAMA02419,NAMA02419224,,4,502,45,shared_taps,0,Mlango Kubwa,Nairobi,Mathare,Urban,,,,,,,,
62566,NARO02420,NARO02420224,,1,492,2,shared_taps,0,Githurai,Nairobi,Roysambu,Urban,,,,,,,,
62567,NARO02421,NARO02421224,,4,344,28,shared_taps,14505,Kahawa West,Nairobi,Roysambu,Urban,,,,,,,,
62568,NARO02422,NARO02422224,,4,200,10,shared_taps,0,Kahawa,Nairobi,Roysambu,Rural,,,,,,,,
62569,NARO02423,NARO02423224,,2,59,23,tap_in_home,19786,Roysambu,Nairobi,Roysambu,Urban,,,,,,,,
62570,NARO02424,NARO02424224,,1,298,16,well,8914,Zimmerman,Nairobi,Roysambu,Rural,,Contaminated: Chemical,,,,,,
62571,NARU02425,NARU02425224,,1,380,31,shared_taps,0,Baba Dogo,Nairobi,Ruaraka,Rural,,,,,,,,
62572,NARU02426,NARU02426224,,2,450,38,river,0,Korogocho,Nairobi,Ruaraka,Rural,,,,,,,,
62573,NARU02427,NARU02427224,,4,120,18,well,0,Lucky Summer,Nairobi,Ruaraka,Rural,,Contaminated: Chemical,,,,,,
62574,NARU02428,NARU02428224,,4,456,5,shared_taps,0,Mathare North,Nairobi,Ruaraka,Urban,,,,,,,,
62575,NARU02429,NARU02429224,,3,460,30,river,0,Utalii,Nairobi,Ruaraka,Urban,,,,,,,,
62576,NAST02430,NAST02430224,,1,286,45,shared_taps,0,Landimawe,Nairobi,Starehe,Urban,,,,,,,,
62577,NAST02431,NAST02431224,,4,240,34,river,0,Nairobi Central,Nairobi,Starehe,Rural,,,,,,,,
62578,NAST02432,NAST02432224,,1,202,35,river,0,Nairobi South,Nairobi,Starehe,Rural,,,,,,,,
62579,NAST02433,NAST02433224,,4,497,39,tap_in_home,0,Ngara,Nairobi,Starehe,Rural,,,,,,,,
62580,NAST02434,NAST02434224,,3,407,18,river,0,Pangani,Nairobi,Starehe,Rural,,,,,,,,
62581,NAST02435,NAST02435224,,3,479,26,river,0,Ziwani/Kariokor,Nairobi,Starehe,Rural,,,,,,,,
62582,NAWE02436,NAWE02436224,,4,525,44,river,0,Kangemi,Nairobi,Westlands,Rural,,,,,,,,
62583,NAWE02437,NAWE02437224,,1,247,44,shared_taps,36248,Karura,Nairobi,Westlands,Urban,,,,,functional,,,
62584,NAWE02438,NAWE02438224,,1,230,22,shared_taps,6639,Kitisuru,Nairobi,Westlands,Rural,,,,,,,,
62585,NAWE02439,NAWE02439224,,5,64,3,shared_taps,0,Mountain View,Nairobi,Westlands,Urban,,,,,,,,
62586,NAWE02440,NAWE02440224,,2,192,6,shared_taps,4177,Parklands/Highridge,Nairobi,Westlands,Urban,,,,,,,,
62587,NABA02441,NABA02441224,,5,244,37,river,35226,Bahati,Nakuru,Bahati,Rural,,,,,,,,
62588,NABA02442,NABA02442224,,5,249,14,shared_taps,35663,Dundori,Nakuru,Bahati,Urban,,,,,,,,
62589,NABA02443,NABA02443224,,4,370,10,shared_taps,35676,Kabatini,Nakuru,Bahati,Urban,,,,,,,,
62590,NABA02444,NABA02444224,,1,534,42,river,58919,Kiamaina,Nakuru,Bahati,Rural,,,,,functional,,,
62591,NABA02445,NABA02445224,,2,6,24,tap_in_home,34948,Lanet/Umoja,Nakuru,Bahati,Urban,,,,,,,,
62592,NAGI02446,NAGI02446224,,4,155,40,shared_taps,18701,Elementaita,Nakuru,Gilgil,Rural,,,,,,,,
62593,NAGI02447,NAGI02447224,,4,120,38,well,75033,Gilgil,Nakuru,Gilgil,Rural,,Contaminated: Chemical,,,,,,
62594,NAGI02448,NAGI02448224,,5,463,32,shared_taps,27691,Malewa West,Nakuru,Gilgil,Urban,,,,,,,,
62595,NAGI02449,NAGI02449224,,2,366,45,shared_taps,87239,Mbaruk/Eburu,Nakuru,Gilgil,Rural,,,,,,,,
62596,NAGI02450,NAGI02450224,,5,380,4,well,32761,Murindati,Nakuru,Gilgil,Urban,,Clean,,,,,,
62597,NAKU02451,NAKU02451224,,5,408,4,shared_taps,47496,Kamara,Nakuru,Kuresoi North,Rural,,,,,,,,
62598,NAKU02452,NAKU02452224,,4,22,17,shared_taps,65890,Kiptororo,Nakuru,Kuresoi North,Urban,,,,,,,,
62599,NAKU02453,NAKU02453224,,1,222,21,tap_in_home_broken,55942,Nyota,Nakuru,Kuresoi North,Urban,,,,,,,,
62600,NAKU02454,NAKU02454224,,5,91,7,shared_taps,26016,Sirikwa,Nakuru,Kuresoi North,Rural,,,,,,,,
62601,NAKU02455,NAKU02455224,,5,207,20,shared_taps,30589,Amalo,Nakuru,Kuresoi South,Rural,,,,,,,,
62602,NAKU02456,NAKU02456224,,1,4,15,shared_taps,43866,Keringet,Nakuru,Kuresoi South,Rural,,,,,,,,
62603,NAKU02457,NAKU02457224,,3,162,20,shared_taps,30882,Kiptagich,Nakuru,Kuresoi South,Urban,,,,,,,,
62604,NAKU02458,NAKU02458224,,5,190,41,tap_in_home,60321,Tinet,Nakuru,Kuresoi South,Urban,,,,,,,,
62605,NAMO02459,NAMO02459224,,4,467,48,tap_in_home_broken,74474,Elburgon,Nakuru,Molo,Urban,,,,,,,,
62606,NAMO02460,NAMO02460224,,4,489,37,river,12283,Mariashoni,Nakuru,Molo,Rural,,,,,,,,
62607,NAMO02461,NAMO02461224,,2,74,41,tap_in_home,29023,Molo,Nakuru,Molo,Urban,,,,,,,,
62608,NAMO02462,NAMO02462224,,4,340,32,tap_in_home,45356,Turi,Nakuru,Molo,Urban,,,,,,,,
62609,NANA02463,NANA02463224,,5,199,19,shared_taps,16937,Biashara,Nakuru,Naivasha,Urban,,,,,,,,
62610,NANA02464,NANA02464224,,1,458,33,shared_taps,92564,Hells Gate,Nakuru,Naivasha,Urban,,,,,,,,
62611,NANA02465,NANA02465224,,2,117,10,well,5810,Lake View,Nakuru,Naivasha,Rural,,Contaminated:Biological,,,,,,
62612,NANA02466,NANA02466224,,3,161,33,shared_taps,39415,Mai Mahiu,Nakuru,Naivasha,Rural,,,,,,,,
62613,NANA02467,NANA02467224,,1,303,39,well,39907,Maiella,Nakuru,Naivasha,Rural,,Contaminated: Chemical,,,,,,
62614,NANA02468,NANA02468224,,2,281,30,tap_in_home,51060,Naivasha East,Nakuru,Naivasha,Urban,,,,,,,,
62615,NANA02469,NANA02469224,,1,60,29,shared_taps,49948,Olkaria,Nakuru,Naivasha,Urban,,,,,,,,
62616,NANA02470,NANA02470224,,5,354,45,well,37074,Viwandani,Nakuru,Naivasha,Rural,,Contaminated: Chemical,,,,,,
62617,NANA02471,NANA02471224,,3,202,36,shared_taps,4078,Biashara,Nakuru,Nakuru Town East,Rural,,,,,,,,
62618,NANA02472,NANA02472224,,5,87,28,well,11,Flamingo,Nakuru,Nakuru Town East,Rural,,Contaminated: Chemical,,,,,,
62619,NANA02473,NANA02473224,,4,311,41,shared_taps,29,Kivumbini,Nakuru,Nakuru Town East,Rural,,,,,,,,
62620,NANA02474,NANA02474224,,3,377,15,shared_taps,8203,London,Nakuru,Nakuru Town East,Rural,,,,,,,,
62621,NANA02475,NANA02475224,,4,64,17,river,5370,Menengai,Nakuru,Nakuru Town East,Rural,,,,,,,,
62622,NANA02476,NANA02476224,,4,438,23,tap_in_home,29884,Nakuru East,Nakuru,Nakuru Town East,Urban,,,,,,,,
62623,NANA02477,NANA02477224,,2,389,45,tap_in_home,7010,Barut,Nakuru,Nakuru Town West,Rural,,,,,,,,
62624,NANA02478,NANA02478224,,3,242,30,river,15011,Kapkures,Nakuru,Nakuru Town West,Urban,,,,,,,,
62625,NANA02479,NANA02479224,,2,354,9,tap_in_home_broken,10533,Kaptembwo,Nakuru,Nakuru Town West,Urban,,,,,,,,
62626,NANA02480,NANA02480224,,3,218,38,river,163,Rhoda,Nakuru,Nakuru Town West,Rural,,,,,,,,
62627,NANA02481,NANA02481224,,2,252,1,river,10,Shaabab,Nakuru,Nakuru Town West,Rural,,,,,,,,
62628,NANJ02482,NANJ02482224,,1,254,43,tap_in_home,15345,Kihingo,Nakuru,Njoro,Urban,,,,,,,,
62629,NANJ02483,NANJ02483224,,1,160,40,well,26670,Lare,Nakuru,Njoro,Rural,,Contaminated: Chemical,,,,,,
62630,NANJ02484,NANJ02484224,,1,347,37,tap_in_home_broken,54888,Mau Narok,Nakuru,Njoro,Urban,,,,,,,,
62631,NANJ02485,NANJ02485224,,2,375,15,shared_taps,69399,Mauche,Nakuru,Njoro,Urban,,,,,,,,
62632,NANJ02486,NANJ02486224,,5,91,24,tap_in_home_broken,23068,Nessuit,Nakuru,Njoro,Urban,,,,,,,,
62633,NANJ02487,NANJ02487224,,5,132,20,well,70716,Njoro,Nakuru,Njoro,Rural,,Contaminated:Biological,,,,,,
62634,NARO02488,NARO02488224,,2,363,13,shared_taps,30969,Menengai West,Nakuru,Rongai,Urban,,,,,,,,
62635,NARO02489,NARO02489224,,4,275,44,river,58475,Mosop,Nakuru,Rongai,Rural,,,,,,,,
62636,NARO02490,NARO02490224,,1,315,0,well,45222,Soin,Nakuru,Rongai,Rural,,Clean,,,,,,
62637,NARO02491,NARO02491224,,3,521,43,tap_in_home,33042,Solai,Nakuru,Rongai,Rural,,,,,functional,,,
62638,NARO02492,NARO02492224,,3,241,44,well,48446,Visoi,Nakuru,Rongai,Rural,,Clean,,,,,,
62639,NASU02493,NASU02493224,,5,105,47,river,43665,Kabazi,Nakuru,Subukia,Rural,,,,,,,,
62640,NASU02494,NASU02494224,,2,112,44,well,41787,Subukia,Nakuru,Subukia,Rural,,Clean,,,,,,
62641,NASU02495,NASU02495224,,4,204,37,river,26043,Waseges,Nakuru,Subukia,Rural,,,,,,,,
62642,NAAL02496,NAAL02496224,,1,427,28,shared_taps,35625,Kabwareng,Nandi,Aldai,Urban,,,,,functional,,,
62643,NAAL02497,NAAL02497224,,3,357,16,river,28677,Kaptumo-Kaboi,Nandi,Aldai,Rural,,,,,,,,
62644,NAAL02498,NAAL02498224,,2,282,19,well,46711,Kemeloi-Maraba,Nandi,Aldai,Rural,,Contaminated: Chemical,,,functional,,,
62645,NAAL02499,NAAL02499224,,4,197,11,shared_taps,32819,Kobujoi,Nandi,Aldai,Urban,,,,,,,,
62646,NAAL02500,NAAL02500224,,3,333,29,well,29515,Koyo-Ndurio,Nandi,Aldai,Rural,,Clean,,,,,,
62647,NAAL02501,NAAL02501224,,5,144,19,shared_taps,29520,Terik,Nandi,Aldai,Rural,,,,,partially_functional,,,
62648,NACH02502,NACH02502224,,5,438,42,tap_in_home_broken,24349,Chemundu/Kapng'Etuny,Nandi,Chesumei,Urban,,,,,,,,
62649,NACH02503,NACH02503224,,3,456,35,well,49918,Kaptel/Kamoiywo,Nandi,Chesumei,Rural,,Clean,,,,,,
62650,NACH02504,NACH02504224,,4,37,36,tap_in_home,34908,Kiptuya,Nandi,Chesumei,Urban,,,,,,,,
62651,NACH02505,NACH02505224,,5,397,5,tap_in_home_broken,38629,Kosirai,Nandi,Chesumei,Urban,,,,,,,,
62652,NACH02506,NACH02506224,,3,173,11,tap_in_home,30355,Lelmokwo/Ngechek,Nandi,Chesumei,Urban,,,,,,,,
62653,NAEM02507,NAEM02507224,,2,200,42,river,25495,Chepkumia,Nandi,Emgwen,Rural,,,,,functional,,,
62654,NAEM02508,NAEM02508224,,5,108,34,river,31816,Kapkangani,Nandi,Emgwen,Rural,,,,,unknown,,,
62655,NAEM02509,NAEM02509224,,4,50,44,shared_taps,57785,Kapsabet,Nandi,Emgwen,Urban,,,,,,,,
62656,NAEM02510,NAEM02510224,,4,465,5,river,59860,Kilibwoni,Nandi,Emgwen,Rural,,,,,,,,
62657,NAMO02511,NAMO02511224,,1,81,1,river,24151,Chepterwai,Nandi,Mosop,Rural,,,,,functional,,,
62658,NAMO02512,NAMO02512224,,3,226,30,tap_in_home_broken,23944,Kabisaga,Nandi,Mosop,Urban,,,,,,,,
62659,NAMO02513,NAMO02513224,,3,375,23,shared_taps,26557,Kabiyet,Nandi,Mosop,Rural,,,,,,,,
62660,NAMO02514,NAMO02514224,,2,287,16,tap_in_home,27765,Kipkaren,Nandi,Mosop,Urban,,,,,,,,
62661,NAMO02515,NAMO02515224,,5,172,29,well,26550,Kurgung/Surungai,Nandi,Mosop,Rural,,Contaminated:Biological,,,,,,
62662,NAMO02516,NAMO02516224,,5,225,13,shared_taps,26113,Ndalat,Nandi,Mosop,Urban,,,,,,,,
62663,NAMO02517,NAMO02517224,,2,304,29,tap_in_home,27218,Sangalo/Kebulonik,Nandi,Mosop,Rural,,,,,functional,,,
62664,NANA02518,NANA02518224,,3,155,2,tap_in_home_broken,42295,Chepkunyuk,Nandi,Nandi Hills,Rural,,,,,,,,
62665,NANA02519,NANA02519224,,5,462,28,tap_in_home,23123,Kapchorua,Nandi,Nandi Hills,Rural,,,,,,,,
62666,NANA02520,NANA02520224,,4,25,41,well,43001,Nandi Hills,Nandi,Nandi Hills,Rural,,Contaminated: Chemical,,,,,,
62667,NANA02521,NANA02521224,,3,73,13,shared_taps,25942,Ol'Lessos,Nandi,Nandi Hills,Urban,,,,,,,,
62668,NATI02522,NATI02522224,,5,347,7,shared_taps,17361,Chemelil/Chemase,Nandi,Tinderet,Urban,,,,,,,,
62669,NATI02523,NATI02523224,,5,28,6,tap_in_home,27957,Kapsimotwo,Nandi,Tinderet,Urban,,,,,,,,
62670,NATI02524,NATI02524224,,3,497,9,shared_taps,55537,Songhor/Soba,Nandi,Tinderet,Urban,,,,,,,,
62671,NATI02525,NATI02525224,,4,25,29,shared_taps,32229,Tindiret,Nandi,Tinderet,Rural,,,,,,,,
62672,NAEM02526,NAEM02526224,,2,141,4,tap_in_home,11153,Ilkerin,Narok,Emurua Dikirr,Urban,,,,,,,,
62673,NAEM02527,NAEM02527224,,1,2,6,tap_in_home,38119,Kapsasian,Narok,Emurua Dikirr,Urban,,,,,unknown,,,
62674,NAEM02528,NAEM02528224,,3,297,17,shared_taps,41836,Mogondo,Narok,Emurua Dikirr,Rural,,,,,unknown,,,
62675,NAEM02529,NAEM02529224,,4,216,18,well,41329,Ololmasani,Narok,Emurua Dikirr,Rural,,Clean,,,,,,
62676,NAKI02530,NAKI02530224,,4,344,37,shared_taps,30964,Angata Barikoi,Narok,Kilgoris,Urban,,,,,,,,
62677,NAKI02531,NAKI02531224,,4,215,34,well,49579,Keyian,Narok,Kilgoris,Rural,,Contaminated:Biological,,,partially_functional,,,
62678,NAKI02532,NAKI02532224,,3,477,38,shared_taps,65150,Kilgoris Central,Narok,Kilgoris,Rural,,,,,functional,,,
62679,NYOL02533,NYOL02533224,,3,16,23,shared_taps,34635,Charagita,Nyandarua,Ol Jorok,Urban,,,,,,,,
62680,NAKI02534,NAKI02534224,,2,497,39,shared_taps,60453,Kimintet,Narok,Kilgoris,Rural,,,,,functional,,,
62681,NAKI02535,NAKI02535224,,4,367,19,shared_taps,38883,Lolgorian,Narok,Kilgoris,Urban,,,,,functional,,,
62682,NAKI02536,NAKI02536224,,5,176,33,well,49417,Shankoe,Narok,Kilgoris,Rural,,Contaminated: Chemical,,,non_functional,,,
62683,NANA02537,NANA02537224,,3,232,24,river,33095,Keekonyokie,Narok,Narok East,Rural,,,,,,,,
62684,NANA02538,NANA02538224,,4,80,26,river,46501,Mosiro,Narok,Narok East,Rural,,,,,,,,
62685,NANA02539,NANA02539224,,5,450,38,river,29492,Suswa,Narok,Narok East,Rural,,,,,,,,
62686,NANA02540,NANA02540224,,2,471,2,river,54891,Melili,Narok,Narok North,Rural,,,,,,,,
62687,NANA02541,NANA02541224,,5,178,7,shared_taps,59802,Narok Town,Narok,Narok North,Rural,,,,,,,,
62688,NANA02542,NANA02542224,,3,96,5,shared_taps,36481,Nkareta,Narok,Narok North,Rural,,,,,,,,
62689,NANA02543,NANA02543224,,2,204,41,well,52532,Olokurto,Narok,Narok North,Rural,,Contaminated:Biological,,,,,,
62690,NANA02544,NANA02544224,,4,49,34,tap_in_home,46643,Olorropil,Narok,Narok North,Urban,,,,,,,,
62691,NANA02545,NANA02545224,,1,337,26,tap_in_home,38022,Olpusimoru,Narok,Narok North,Urban,,,,,,,,
62692,NANA02546,NANA02546224,,2,26,16,well,31552,Ildamat,Narok,Narok South,Rural,,Contaminated:Biological,,,,,,
62693,NANA02547,NANA02547224,,2,357,16,tap_in_home_broken,36464,Loita,Narok,Narok South,Urban,,,,,,,,
62694,NANA02548,NANA02548224,,5,270,47,shared_taps,64012,Majimoto/Naroosura,Narok,Narok South,Rural,,,,,functional,,,
62695,NANA02549,NANA02549224,,3,125,38,tap_in_home,53093,Melelo,Narok,Narok South,Urban,,,,,,,,
62696,NANA02550,NANA02550224,,4,493,26,shared_taps,49538,Ololulung'A,Narok,Narok South,Urban,,,,,,,,
62697,NANA02551,NANA02551224,,2,194,17,river,16302,Sagamian,Narok,Narok South,Rural,,,,,,,,
62698,NANA02552,NANA02552224,,4,334,15,tap_in_home_broken,48168,Sogoo,Narok,Narok South,Urban,,,,,,,,
62699,NANA02553,NANA02553224,,5,331,3,well,72595,Ilmotiok,Narok,Narok West,Rural,,Contaminated:Biological,,,,,,
62700,NANA02554,NANA02554224,,1,43,10,river,59356,Mara,Narok,Narok West,Rural,,,,,,,,
62701,NANA02555,NANA02555224,,5,113,31,well,34046,Naikarra,Narok,Narok West,Rural,,Contaminated:Biological,,,partially_functional,,,
62702,NANA02556,NANA02556224,,5,451,13,shared_taps,51858,Siana,Narok,Narok West,Urban,,,,,partially_functional,,,
62703,NYBO02557,NYBO02557224,,5,107,32,well,29200,Esise,Nyamira,Borabu,Rural,,Clean,,,partially_functional,,,
62704,NYBO02558,NYBO02558224,,5,243,19,river,45340,Kiabonyoru,Nyamira,Borabu,Urban,,,,,functional,,,
62705,NYBO02559,NYBO02559224,,2,340,7,tap_in_home_broken,23161,Mekenene,Nyamira,Borabu,Urban,,,,,functional,,,
62706,NYBO02560,NYBO02560224,,3,450,23,well,32856,Nyansiongo,Nyamira,Borabu,Rural,,Contaminated:Biological,,,partially_functional,,,
62707,NYKI02561,NYKI02561224,,2,454,44,shared_taps,33520,Gachuba,Nyamira,Kitutu Masaba,Urban,,,,,partially_functional,,,
62708,NYKI02562,NYKI02562224,,4,225,3,shared_taps,42449,Gesima,Nyamira,Kitutu Masaba,Urban,,,,,partially_functional,,,
62709,NYKI02563,NYKI02563224,,4,362,45,tap_in_home,40379,Kemera,Nyamira,Kitutu Masaba,Urban,,,,,partially_functional,,,
62710,NYKI02564,NYKI02564224,,5,167,43,river,27196,Magombo,Nyamira,Kitutu Masaba,Rural,,,,,partially_functional,,,
62711,NYKI02565,NYKI02565224,,4,381,24,tap_in_home,35227,Manga,Nyamira,Kitutu Masaba,Urban,,,,,partially_functional,,,
62712,NYKI02566,NYKI02566224,,5,7,22,tap_in_home,46673,Rigoma,Nyamira,Kitutu Masaba,Urban,,,,,partially_functional,,,
62713,NYNO02567,NYNO02567224,,5,150,42,river,33494,Bokeira,Nyamira,North Mugirango,Rural,,,,,partially_functional,,,
62714,NYNO02568,NYNO02568224,,5,73,9,river,19465,Bomwagamo,Nyamira,North Mugirango,Rural,,,,,functional,,,
62715,NYNO02569,NYNO02569224,,2,453,6,shared_taps,8482,Ekerenyo,Nyamira,North Mugirango,Urban,,,,,partially_functional,,,
62716,NYNO02570,NYNO02570224,,5,533,23,river,53657,Itibo,Nyamira,North Mugirango,Rural,,,,,partially_functional,,,
62717,NYNO02571,NYNO02571224,,4,75,40,shared_taps,21454,Magwagwa,Nyamira,North Mugirango,Urban,,,,,partially_functional,,,
62718,NYWE02572,NYWE02572224,,1,442,28,tap_in_home_broken,46213,Bogichora,Nyamira,West Mugirango,Urban,,,,,partially_functional,,,
62719,NYWE02573,NYWE02573224,,2,219,41,river,32155,Bonyamatuta,Nyamira,West Mugirango,Rural,,,,,functional,,,
62720,NYWE02574,NYWE02574224,,2,213,46,shared_taps,41347,Bosamaro,Nyamira,West Mugirango,Urban,,,,,functional,,,
62721,NYWE02575,NYWE02575224,,1,221,14,tap_in_home_broken,35816,Nyamaiya,Nyamira,West Mugirango,Urban,,,,,functional,,,
62722,NYWE02576,NYWE02576224,,3,301,4,tap_in_home,18833,Township,Nyamira,West Mugirango,Urban,,,,,functional,,,
62723,NYKI02577,NYKI02577224,,5,253,27,tap_in_home_broken,26063,Engineer,Nyandarua,Kinangop,Urban,,,,,,,,
62724,NYKI02578,NYKI02578224,,3,335,14,tap_in_home_broken,32528,Gathara,Nyandarua,Kinangop,Urban,,,,,,,,
62725,NYKI02579,NYKI02579224,,3,165,31,well,30306,Githabai,Nyandarua,Kinangop,Rural,,Contaminated:Biological,,,,,,
62726,NYKI02580,NYKI02580224,,2,287,26,shared_taps,31831,Magumu,Nyandarua,Kinangop,Urban,,,,,,,,
62727,NYKI02581,NYKI02581224,,5,30,38,shared_taps,31890,Murungaru,Nyandarua,Kinangop,Urban,,,,,,,,
62728,NYKI02582,NYKI02582224,,3,181,47,well,21484,Njabini\Kiburu,Nyandarua,Kinangop,Urban,,Clean,,,,,,
62729,NYKI02583,NYKI02583224,,4,475,4,well,23594,North Kinangop,Nyandarua,Kinangop,Rural,,Contaminated:Biological,,,,,,
62730,NYKI02584,NYKI02584224,,4,347,42,shared_taps,28356,Nyakio,Nyandarua,Kinangop,Urban,,,,,,,,
62731,NYKI02585,NYKI02585224,,2,16,18,tap_in_home_broken,23080,Geta,Nyandarua,Kipipiri,Urban,,,,,,,,
62732,NYKI02586,NYKI02586224,,1,164,32,tap_in_home,20486,Githioro,Nyandarua,Kipipiri,Urban,,,,,,,,
62733,NYKI02587,NYKI02587224,,2,503,13,river,29207,Kipipiri,Nyandarua,Kipipiri,Urban,,,,,,,,
62734,NYKI02588,NYKI02588224,,3,34,47,tap_in_home,32002,Wanjohi,Nyandarua,Kipipiri,Urban,,,,,,,,
62735,NYND02589,NYND02589224,,4,313,45,well,32410,Central,Nyandarua,Ndaragwa,Rural,,Contaminated: Chemical,,,,,,
62736,NYND02590,NYND02590224,,3,335,29,shared_taps,24649,Kiriita,Nyandarua,Ndaragwa,Urban,,,,,,,,
62737,NYND02591,NYND02591224,,5,447,12,well,22731,Leshau/Pondo,Nyandarua,Ndaragwa,Rural,,Contaminated:Biological,,,,,,
62738,NYND02592,NYND02592224,,5,533,3,shared_taps,26182,Shamata,Nyandarua,Ndaragwa,Rural,,,,,,,,
62739,NYOL02593,NYOL02593224,,3,20,46,tap_in_home,25287,Gathanji,Nyandarua,Ol Jorok,Urban,,,,,,,,
62740,NYOL02594,NYOL02594224,,2,380,32,well,28326,Gatimu,Nyandarua,Ol Jorok,Rural,,Contaminated:Biological,,,,,,
62741,NYOL02595,NYOL02595224,,5,390,0,tap_in_home,36383,Weru,Nyandarua,Ol Jorok,Urban,,,,,,,,
62742,NYOL02596,NYOL02596224,,3,179,39,shared_taps,23379,Kaimbaga,Nyandarua,Ol Kalou,Rural,,,,,,,,
62743,NYOL02597,NYOL02597224,,1,112,9,well,35071,Kanjuiri Range,Nyandarua,Ol Kalou,Rural,,Contaminated:Biological,,,,,,
62744,NYOL02598,NYOL02598224,,2,378,22,shared_taps,30328,Karau,Nyandarua,Ol Kalou,Rural,,,,,,,,
62745,NYOL02599,NYOL02599224,,3,34,28,shared_taps,26624,Mirangine,Nyandarua,Ol Kalou,Urban,,,,,functional,,,
62746,NYOL02600,NYOL02600224,,2,365,40,well,30287,Rurii,Nyandarua,Ol Kalou,Rural,,Contaminated: Chemical,,,,,,
62747,NYKI02601,NYKI02601224,,3,440,26,tap_in_home_broken,41450,Gakawa,Nyeri,Kieni,Urban,,,,,,,,
62748,NYKI02602,NYKI02602224,,4,2,29,tap_in_home_broken,21430,Gatarakwa,Nyeri,Kieni,Rural,,,,,,,,
62749,NYKI02603,NYKI02603224,,5,237,14,tap_in_home,31108,Kabaru,Nyeri,Kieni,Urban,,,,,,,,
62750,NYKI02604,NYKI02604224,,1,345,25,river,28869,Mugunda,Nyeri,Kieni,Urban,,,,,,,,
62751,NYKI02605,NYKI02605224,,3,281,11,river,21496,Mweiga,Nyeri,Kieni,Rural,,,,,,,,
62752,NYKI02606,NYKI02606224,,4,401,16,tap_in_home,27081,Mwiyogo/Endarasha,Nyeri,Kieni,Rural,,,,,,,,
62753,NYKI02607,NYKI02607224,,5,364,3,river,34119,Naromoru Kiamathaga,Nyeri,Kieni,Rural,,,,,,,,
62754,NYKI02608,NYKI02608224,,2,459,7,tap_in_home_broken,27189,Thegu River,Nyeri,Kieni,Urban,,,,,,,,
62755,NYMA02609,NYMA02609224,,3,279,35,tap_in_home,33875,Iriaini,Nyeri,Mathira,Urban,,,,,,,,
62756,NYMA02610,NYMA02610224,,2,397,0,shared_taps,27035,Karatina Town,Nyeri,Mathira,Rural,,,,,,,,
62757,NYMA02611,NYMA02611224,,2,99,37,river,32621,Kirimukuyu,Nyeri,Mathira,Rural,,,,,,,,
62758,NYMA02612,NYMA02612224,,5,294,37,shared_taps,33394,Konyu,Nyeri,Mathira,Urban,,,,,,,,
62759,NYMA02613,NYMA02613224,,2,401,3,shared_taps,22871,Magutu,Nyeri,Mathira,Rural,,,,,,,,
62760,NYMA02614,NYMA02614224,,5,304,1,river,23769,Ruguru,Nyeri,Mathira,Rural,,,,,,,,
62761,NYMU02615,NYMU02615224,,2,197,48,tap_in_home_broken,21961,Gikondi,Nyeri,Mukurweini,Rural,,,,,,,,
62762,NYMU02616,NYMU02616224,,2,144,3,river,31208,Mukurwe-Ini Central,Nyeri,Mukurweini,Urban,,,,,,,,
62763,NYMU02617,NYMU02617224,,5,149,31,shared_taps,19654,Mukurwe-Ini West,Nyeri,Mukurweini,Urban,,,,,,,,
62764,NYMU02618,NYMU02618224,,2,485,40,river,24942,Rugi,Nyeri,Mukurweini,Rural,,,,,,,,
62765,NYNY02619,NYNY02619224,,5,111,18,shared_taps,16813,Gatitu/Muruguru,Nyeri,Nyeri Town,Urban,,,,,,,,
62766,NYNY02620,NYNY02620224,,4,345,34,tap_in_home,17512,Kamakwa/Mukaro,Nyeri,Nyeri Town,Urban,,,,,,,,
62767,NYNY02621,NYNY02621224,,4,398,0,river,32379,Kiganjo/Mathari,Nyeri,Nyeri Town,Urban,,,,,,,,
62768,NYNY02622,NYNY02622224,,5,240,34,well,10684,Ruring'U,Nyeri,Nyeri Town,Rural,,Contaminated:Biological,,,,,,
62769,NYNY02623,NYNY02623224,,4,80,22,shared_taps,1667,Rware,Nyeri,Nyeri Town,Rural,,,,,,,,
62770,NYOT02624,NYOT02624224,,4,345,14,tap_in_home_broken,25475,Chinga,Nyeri,Othaya,Urban,,,,,,,,
62771,NYOT02625,NYOT02625224,,1,150,15,river,28524,Iria-Ini,Nyeri,Othaya,Rural,,,,,,,,
62772,NYOT02626,NYOT02626224,,1,45,16,tap_in_home_broken,21667,Karima,Nyeri,Othaya,Urban,,,,,,,,
62773,NYOT02627,NYOT02627224,,1,455,39,shared_taps,25779,Mahiga,Nyeri,Othaya,Rural,,,,,,,,
62774,NYTE02628,NYTE02628224,,1,221,33,shared_taps,30488,Aguthi-Gaaki,Nyeri,Tetu,Rural,,,,,,,,
62775,NYTE02629,NYTE02629224,,4,285,15,well,23399,Dedan Kimanthi,Nyeri,Tetu,Rural,,Clean,,,,,,
62776,NYTE02630,NYTE02630224,,1,230,29,river,34115,Wamagana,Nyeri,Tetu,Rural,,,,,,,,
62777,SASA02631,SASA02631224,,3,29,21,tap_in_home_broken,22242,Wamba East,Samburu,Samburu East,Urban,,,,,partially_functional,,,
62778,SASA02632,SASA02632224,,1,295,43,river,18192,Wamba North,Samburu,Samburu East,Rural,,,,,partially_functional,,,
62779,SASA02633,SASA02633224,,2,483,5,tap_in_home,20238,Wamba West,Samburu,Samburu East,Urban,,,,,partially_functional,,,
62780,SASA02634,SASA02634224,,2,173,3,river,25119,Waso,Samburu,Samburu East,Rural,,,,,partially_functional,,,
62781,SASA02635,SASA02635224,,5,472,46,tap_in_home,16529,Angata Nanyokie,Samburu,Samburu North,Urban,,,,,partially_functional,,,
62782,SASA02636,SASA02636224,,4,329,9,tap_in_home_broken,18230,Baawa,Samburu,Samburu North,Urban,,,,,partially_functional,,,
62783,TAVO02637,TAVO02637224,,2,441,2,tap_in_home,17411,Kasigau,Taita Taveta,Voi,Urban,,,,,,,,
62784,SASA02638,SASA02638224,,3,295,23,tap_in_home,18170,El-Barta,Samburu,Samburu North,Urban,,,,,partially_functional,,,
62785,SASA02639,SASA02639224,,1,277,18,tap_in_home_broken,13561,Nachola,Samburu,Samburu North,Urban,,,,,partially_functional,,,
62786,SASA02640,SASA02640224,,2,411,3,shared_taps,17843,Ndoto,Samburu,Samburu North,Urban,,,,,partially_functional,,,
62787,SASA02641,SASA02641224,,5,219,3,well,21797,Nyiro,Samburu,Samburu North,Rural,,Contaminated:Biological,,,partially_functional,,,
62788,SASA02642,SASA02642224,,4,73,32,tap_in_home_broken,34257,Lodokejek,Samburu,Samburu West,Urban,,,,,partially_functional,,,
62789,SASA02643,SASA02643224,,3,43,29,shared_taps,13118,Loosuk,Samburu,Samburu West,Rural,,,,,partially_functional,,,
62790,SASA02644,SASA02644224,,3,0,20,tap_in_home_broken,66362,Maralal,Samburu,Samburu West,Rural,,,,,partially_functional,,,
62791,SASA02645,SASA02645224,,3,217,46,well,23441,Poro,Samburu,Samburu West,Rural,,Contaminated: Chemical,,,partially_functional,,,
62792,SASA02646,SASA02646224,,5,167,22,shared_taps,19126,Suguta Marmar,Samburu,Samburu West,Urban,,,,,partially_functional,,,
62793,SIAL02647,SIAL02647224,,5,488,30,well,41293,Central Alego,Siaya,Alego Usonga,Rural,,Clean,,,partially_functional,,,
62794,SIAL02648,SIAL02648224,,4,233,36,tap_in_home,30518,North Alego,Siaya,Alego Usonga,Urban,,,,,partially_functional,,,
62795,SIAL02649,SIAL02649224,,1,316,47,river,37886,Siaya Township,Siaya,Alego Usonga,Rural,,,,,partially_functional,,,
62796,SIAL02650,SIAL02650224,,4,244,17,river,83461,South East Alego,Siaya,Alego Usonga,Rural,,,,,partially_functional,,,
62797,SIAL02651,SIAL02651224,,2,514,13,shared_taps,21040,Usonga,Siaya,Alego Usonga,Urban,,,,,partially_functional,,,
62798,SIAL02652,SIAL02652224,,4,213,24,tap_in_home,43418,West Alego,Siaya,Alego Usonga,Rural,,,,,partially_functional,,,
62799,TAVO02653,TAVO02653224,,2,312,20,shared_taps,12589,Marungu,Taita Taveta,Voi,Urban,,,,,,,,
62800,SIBO02654,SIBO02654224,,3,345,32,shared_taps,28150,Central Sakwa,Siaya,Bondo,Urban,,,,,partially_functional,,,
62801,SIBO02655,SIBO02655224,,5,11,25,shared_taps,46873,North Sakwa,Siaya,Bondo,Rural,,,,,partially_functional,,,
62802,SIBO02656,SIBO02656224,,1,460,14,well,36088,South Sakwa,Siaya,Bondo,Rural,,Clean,,,partially_functional,,,
62803,SIBO02657,SIBO02657224,,2,386,12,river,34901,West Sakwa,Siaya,Bondo,Rural,,,,,partially_functional,,,
62804,SIBO02658,SIBO02658224,,4,436,45,well,42284,West Yimbo,Siaya,Bondo,Rural,,Contaminated: Chemical,,,functional,,,
62805,SIBO02659,SIBO02659224,,1,222,20,tap_in_home_broken,37429,Yimbo East,Siaya,Bondo,Urban,,,,,partially_functional,,,
62806,SIGE02660,SIGE02660224,,2,229,13,well,30676,Central Gem,Siaya,Gem,Rural,,Contaminated:Biological,,,partially_functional,,,
62807,SIGE02661,SIGE02661224,,3,505,15,shared_taps,31418,East Gem,Siaya,Gem,Rural,,,,,partially_functional,,,
62808,SIGE02662,SIGE02662224,,2,523,9,well,44087,North Gem,Siaya,Gem,Rural,,Contaminated: Chemical,,,partially_functional,,,
62809,SIGE02663,SIGE02663224,,3,151,1,tap_in_home_broken,37262,South Gem,Siaya,Gem,Urban,,,,,partially_functional,,,
62810,SIGE02664,SIGE02664224,,4,328,1,shared_taps,30661,West Gem,Siaya,Gem,Rural,,,,,partially_functional,,,
62811,SIGE02665,SIGE02665224,,3,244,34,well,30789,Yala Township,Siaya,Gem,Rural,,Contaminated: Chemical,,,partially_functional,,,
62812,SIRA02666,SIRA02666224,,2,324,35,shared_taps,42782,East Asembo,Siaya,Rarieda,Urban,,,,,partially_functional,,,
62813,SIRA02667,SIRA02667224,,2,213,13,river,28249,North Uyoma,Siaya,Rarieda,Urban,,,,,partially_functional,,,
62814,SIRA02668,SIRA02668224,,5,298,18,river,25053,South Uyoma,Siaya,Rarieda,Rural,,,,,partially_functional,,,
62815,SIRA02669,SIRA02669224,,2,89,36,shared_taps,43350,West Asembo,Siaya,Rarieda,Rural,,,,,partially_functional,,,
62816,SIRA02670,SIRA02670224,,2,161,30,tap_in_home,35872,West Uyoma,Siaya,Rarieda,Urban,,,,,partially_functional,,,
62817,SIUG02671,SIUG02671224,,4,42,40,shared_taps,41029,East Ugenya,Siaya,Ugenya,Urban,,,,,partially_functional,,,
62818,SIUG02672,SIUG02672224,,5,87,26,shared_taps,38544,North Ugenya,Siaya,Ugenya,Urban,,,,,partially_functional,,,
62819,SIUG02673,SIUG02673224,,5,163,7,river,27845,Ukwala,Siaya,Ugenya,Urban,,,,,partially_functional,,,
62820,SIUG02674,SIUG02674224,,5,450,20,shared_taps,37880,West Ugenya,Siaya,Ugenya,Urban,,,,,partially_functional,,,
62821,SIUG02675,SIUG02675224,,3,15,22,well,32851,Sidindi,Siaya,Ugunja,Rural,,Contaminated: Chemical,,,partially_functional,,,
62822,SIUG02676,SIUG02676224,,2,532,6,shared_taps,38006,Sigomere,Siaya,Ugunja,Urban,,,,,partially_functional,,,
62823,SIUG02677,SIUG02677224,,5,69,18,shared_taps,52095,Ugunja,Siaya,Ugunja,Urban,,,,,partially_functional,,,
62824,TAMW02678,TAMW02678224,,2,117,29,well,22197,Bura,Taita Taveta,Mwatate,Rural,,Clean,,,,,,
62825,TAMW02679,TAMW02679224,,1,416,36,shared_taps,21787,Chawia,Taita Taveta,Mwatate,Urban,,,,,,,,
62826,TAMW02680,TAMW02680224,,4,114,3,shared_taps,14555,Mwatate,Taita Taveta,Mwatate,Urban,,,,,,,,
62827,TAMW02681,TAMW02681224,,1,36,47,well,15345,Rong'E,Taita Taveta,Mwatate,Rural,,Contaminated: Chemical,,,,,,
62828,TAMW02682,TAMW02682224,,4,182,20,river,16658,Wusi/Kishamba,Taita Taveta,Mwatate,Rural,,,,,,,,
62829,TATA02683,TATA02683224,,4,282,46,river,8446,Bomani,Taita Taveta,Taveta,Rural,,,,,,,,
62830,TATA02684,TATA02684224,,4,405,45,river,28000,Chala,Taita Taveta,Taveta,Rural,,,,,functional,,,
62831,TATA02685,TATA02685224,,4,176,5,river,13500,Mahoo,Taita Taveta,Taveta,Rural,,,,,,,,
62832,TATA02686,TATA02686224,,3,167,33,shared_taps,13746,Mata,Taita Taveta,Taveta,Urban,,,,,,,,
62833,TATA02687,TATA02687224,,5,166,43,tap_in_home,36729,Mboghoni,Taita Taveta,Taveta,Urban,,,,,,,,
62834,TAVO02688,TAVO02688224,,1,123,30,tap_in_home,30877,Kaloleni,Taita Taveta,Voi,Urban,,,,,,,,
62835,TAVO02689,TAVO02689224,,4,387,22,tap_in_home,37142,Mbololo,Taita Taveta,Voi,Rural,,,,,,,,
62836,TAVO02690,TAVO02690224,,5,53,26,river,13778,Ngolia,Taita Taveta,Voi,Rural,,,,,functional,,,
62837,TAVO02691,TAVO02691224,,1,178,7,river,19033,Sagalla,Taita Taveta,Voi,Rural,,,,,,,,
62838,TAWU02692,TAWU02692224,,3,255,43,tap_in_home,15775,Mwanda/Mgange,Taita Taveta,Wundanyi,Urban,,,,,,,,
62839,TAWU02693,TAWU02693224,,1,212,31,shared_taps,10453,Werugha,Taita Taveta,Wundanyi,Urban,,,,,,,,
62840,TAWU02694,TAWU02694224,,1,489,16,shared_taps,18256,Wumingu/Kishushe,Taita Taveta,Wundanyi,Rural,,,,,,,,
62841,TAWU02695,TAWU02695224,,4,314,43,tap_in_home_broken,23005,Wundanyi/Mbale,Taita Taveta,Wundanyi,Urban,,,,,,,,
62842,TABU02696,TABU02696224,,4,380,7,tap_in_home,23385,Bangale,Tana River,Bura,Urban,,,,,functional,,,
62843,TABU02697,TABU02697224,,3,537,34,tap_in_home_broken,24915,Chewele,Tana River,Bura,Rural,,,,,partially_functional,,,
62844,TABU02698,TABU02698224,,3,162,14,well,16564,Hirimani,Tana River,Bura,Rural,,Clean,,,functional,,,
62845,TABU02699,TABU02699224,,4,295,43,well,66199,Madogo,Tana River,Bura,Rural,,Clean,,,non_functional,,,
62846,TABU02700,TABU02700224,,2,71,18,tap_in_home_broken,15540,Sala,Tana River,Bura,Urban,,,,,functional,,,
62847,TAGA02701,TAGA02701224,,1,147,48,tap_in_home,41961,Chewani,Tana River,Galole,Urban,,,,,,,,
62848,TAGA02702,TAGA02702224,,2,484,26,tap_in_home_broken,25148,Kinakomba,Tana River,Galole,Rural,,,,,,,,
62849,TAGA02703,TAGA02703224,,2,341,18,shared_taps,14560,Mikinduni,Tana River,Galole,Rural,,,,,,,,
62850,TAGA02704,TAGA02704224,,2,169,37,shared_taps,31573,Wayu,Tana River,Galole,Urban,,,,,,,,
62851,TAGA02705,TAGA02705224,,1,472,20,river,17905,Garsen Central,Tana River,Garsen,Rural,,,,,,,,
62852,TAGA02706,TAGA02706224,,1,1,25,tap_in_home,23577,Garsen North,Tana River,Garsen,Urban,,,,,functional,,,
62853,TAGA02707,TAGA02707224,,5,161,19,river,20336,Garsen South,Tana River,Garsen,Rural,,,,,,,,
62854,TAGA02708,TAGA02708224,,1,144,28,shared_taps,13717,Garsen West,Tana River,Garsen,Urban,,,,,non_functional,,,
62855,TAGA02709,TAGA02709224,,5,283,14,shared_taps,23979,Kipini East,Tana River,Garsen,Urban,,,,,,,,
62856,TAGA02710,TAGA02710224,,2,524,15,tap_in_home,23347,Kipini West,Tana River,Garsen,Urban,,,,,,,,
62857,THCH02711,THCH02711224,,1,496,9,shared_taps,35674,Igambang'Ombe,Tharaka-Nithi,Chuka/Igambang'Ombe,Rural,,,,,,,,
62858,THCH02712,THCH02712224,,3,371,45,well,27489,Karingani,Tharaka-Nithi,Chuka/Igambang'Ombe,Rural,,Contaminated:Biological,,,,,,
62859,THCH02713,THCH02713224,,4,474,26,tap_in_home_broken,42487,Magumoni,Tharaka-Nithi,Chuka/Igambang'Ombe,Urban,,,,,,,,
62860,THCH02714,THCH02714224,,5,71,8,well,19882,Mariani,Tharaka-Nithi,Chuka/Igambang'Ombe,Rural,,Clean,,,,,,
62861,THIG02715,THIG02715224,,1,68,3,tap_in_home_broken,29483,Akachiu,Tharaka-Nithi,Igembe South,Rural,,,,,,,,
62862,THMA02716,THMA02716224,,4,47,37,river,38811,Chogoria,Tharaka-Nithi,Maara,Rural,,,,,,,,
62863,THMA02717,THMA02717224,,3,60,2,shared_taps,19818,Ganga,Tharaka-Nithi,Maara,Urban,,,,,,,,
62864,THMA02718,THMA02718224,,2,523,10,river,17755,Mitheru,Tharaka-Nithi,Maara,Rural,,,,,,,,
62865,THMA02719,THMA02719224,,1,430,24,shared_taps,33846,Mwimbi,Tharaka-Nithi,Maara,Urban,,,,,,,,
62866,THTH02720,THTH02720224,,4,160,46,shared_taps,37101,Chiakariga,Tharaka-Nithi,Tharaka,Urban,,,,,,,,
62867,THTH02721,THTH02721224,,2,10,22,well,29768,Gatunga,Tharaka-Nithi,Tharaka,Rural,,Contaminated:Biological,,,,,,
62868,THTH02722,THTH02722224,,2,426,1,river,35338,Mukothima,Tharaka-Nithi,Tharaka,Urban,,,,,,,,
62869,THTH02723,THTH02723224,,3,39,32,river,17375,Nkondi,Tharaka-Nithi,Tharaka,Rural,,,,,,,,
62870,TRCH02724,TRCH02724224,,5,243,28,river,38521,Chepsiro/Kiptoror,Trans Nzoia,Cherangany,Rural,,,,,functional,,,
62871,TRCH02725,TRCH02725224,,2,126,10,tap_in_home,53269,Cherangany/Suwerwa,Trans Nzoia,Cherangany,Urban,,,,,functional,,,
62872,TRCH02726,TRCH02726224,,4,451,34,tap_in_home_broken,31832,Kaplamai,Trans Nzoia,Cherangany,Urban,,,,,functional,,,
62873,TRCH02727,TRCH02727224,,5,39,38,shared_taps,23390,Makutano,Trans Nzoia,Cherangany,Rural,,,,,functional,,,
62874,TRCH02728,TRCH02728224,,5,197,46,well,44744,Motosiet,Trans Nzoia,Cherangany,Rural,,Contaminated: Chemical,,,functional,,,
62875,TRCH02729,TRCH02729224,,2,397,22,shared_taps,32968,Sinyerere,Trans Nzoia,Cherangany,Rural,,,,,functional,,,
62876,WEKA02730,WEKA02730224,,5,335,14,river,24345,Endugh,West Pokot,Kapenguria,Rural,,,,,,,,
62877,TRCH02731,TRCH02731224,,4,361,29,river,34456,Sitatunga,Trans Nzoia,Cherangany,Rural,,,,,partially_functional,,,
62878,TREN02732,TREN02732224,,1,301,26,shared_taps,47978,Chepchoina,Trans Nzoia,Endebess,Urban,,,,,,,,
62879,TREN02733,TREN02733224,,1,509,32,shared_taps,31074,Endebess,Trans Nzoia,Endebess,Urban,,,,,,,,
62880,TREN02734,TREN02734224,,2,133,34,river,43998,Matumbei,Trans Nzoia,Endebess,Rural,,,,,,,,
62881,TRKI02735,TRKI02735224,,4,36,23,shared_taps,19145,Hospital,Trans Nzoia,Kiminini,Urban,,,,,functional,,,
62882,TRKI02736,TRKI02736224,,2,86,6,shared_taps,43578,Kiminini,Trans Nzoia,Kiminini,Urban,,,,,functional,,,
62883,TRKI02737,TRKI02737224,,5,17,17,tap_in_home,46694,Nabiswa,Trans Nzoia,Kiminini,Urban,,,,,functional,,,
62884,TRKI02738,TRKI02738224,,3,526,24,river,41225,Sikhendu,Trans Nzoia,Kiminini,Urban,,,,,functional,,,
62885,TRKI02739,TRKI02739224,,5,72,17,tap_in_home,30311,Sirende,Trans Nzoia,Kiminini,Urban,,,,,functional,,,
62886,TRKI02740,TRKI02740224,,3,286,38,shared_taps,65747,Waitaluk,Trans Nzoia,Kiminini,Urban,,,,,functional,,,
62887,TRKW02741,TRKW02741224,,3,439,34,well,17037,Bidii,Trans Nzoia,Kwanza,Rural,,Contaminated: Chemical,,,,,,
62888,TRKW02742,TRKW02742224,,2,382,22,river,74255,Kapomboi,Trans Nzoia,Kwanza,Urban,,,,,functional,,,
62889,TRKW02743,TRKW02743224,,4,169,17,shared_taps,47528,Kwanza,Trans Nzoia,Kwanza,Urban,,,,,functional,,,
62890,TRSA02744,TRSA02744224,,2,238,10,shared_taps,57090,Kinyoro,Trans Nzoia,Saboti,Rural,,,,,,,,
62891,TRSA02745,TRSA02745224,,4,65,16,shared_taps,20238,Machewa,Trans Nzoia,Saboti,Rural,,,,,,,,
62892,TRSA02746,TRSA02746224,,1,158,22,river,21854,Matisi,Trans Nzoia,Saboti,Rural,,,,,,,,
62893,TRSA02747,TRSA02747224,,1,43,8,tap_in_home,44236,Saboti,Trans Nzoia,Saboti,Urban,,,,,,,,
62894,TRSA02748,TRSA02748224,,1,231,40,tap_in_home_broken,399,Tuwani,Trans Nzoia,Saboti,Urban,,,,,,,,
62895,TUTU02749,TUTU02749224,,5,491,23,tap_in_home_broken,20055,Kalobeyei,Turkana,Turkana West,Rural,,,,,,,,
62896,TRUN02750,TRUN02750224,,2,456,47,river,74867,unknown 4,Trans Nzoia,unknown 4,Rural,,,,,,,,
62897,TULO02751,TULO02751224,,2,66,18,shared_taps,28858,Kotaruk/Lobei,Turkana,Loima,Urban,,,,,,,,
62898,TULO02752,TULO02752224,,5,212,20,tap_in_home_broken,24442,Loima,Turkana,Loima,Urban,,,,,,,,
62899,TULO02753,TULO02753224,,5,538,7,shared_taps,18141,Lokiriama/Lorengippi,Turkana,Loima,Urban,,,,,,,,
62900,TULO02754,TULO02754224,,3,363,25,shared_taps,57669,Turkwel,Turkana,Loima,Urban,,,,,,,,
62901,TUTU02755,TUTU02755224,,5,32,13,tap_in_home,30359,Kalokol,Turkana,Turkana Central,Urban,,,,,,,,
62902,TUTU02756,TUTU02756224,,4,357,47,tap_in_home,51423,Kanamkemer,Turkana,Turkana Central,Rural,,,,,,,,
62903,TUTU02757,TUTU02757224,,5,17,28,shared_taps,33157,Kang'Atotha,Turkana,Turkana Central,Urban,,,,,,,,
62904,TUTU02758,TUTU02758224,,5,129,17,well,51537,Kerio Delta,Turkana,Turkana Central,Rural,,Clean,,,,,,
62905,TUTU02759,TUTU02759224,,2,68,39,shared_taps,33663,Lodwar Township,Turkana,Turkana Central,Rural,,,,,,,,
62906,TUTU02760,TUTU02760224,,5,283,39,river,52499,Kapedo/Napeitom,Turkana,Turkana East,Rural,,,,,partially_functional,,,
62907,TUTU02761,TUTU02761224,,4,528,7,shared_taps,35738,Katilia,Turkana,Turkana East,Rural,,,,,,,,
62908,TUTU02762,TUTU02762224,,5,238,31,shared_taps,24760,Kaaleng/Kaikor,Turkana,Turkana North,Rural,,,,,,,,
62909,TUTU02763,TUTU02763224,,4,462,15,tap_in_home_broken,17457,Kaeris,Turkana,Turkana North,Urban,,,,,,,,
62910,TUTU02764,TUTU02764224,,3,448,19,shared_taps,139,Kibish,Turkana,Turkana North,Rural,,,,,,,,
62911,TUTU02765,TUTU02765224,,5,139,42,tap_in_home,45367,Lake Zone,Turkana,Turkana North,Urban,,,,,,,,
62912,TUTU02766,TUTU02766224,,4,340,48,tap_in_home,18004,Nakalale,Turkana,Turkana North,Urban,,,,,,,,
62913,TUTU02767,TUTU02767224,,1,272,14,well,32031,Kalapata,Turkana,Turkana South,Rural,,Contaminated:Biological,,,,,,
62914,TUTU02768,TUTU02768224,,1,272,35,tap_in_home,18230,Kaputir,Turkana,Turkana South,Urban,,,,,,,,
62915,TUTU02769,TUTU02769224,,5,379,20,river,53488,Katilu,Turkana,Turkana South,Rural,,,,,,,,
62916,TUTU02770,TUTU02770224,,2,266,34,shared_taps,13663,Lobokat,Turkana,Turkana South,Urban,,,,,,,,
62917,TUTU02771,TUTU02771224,,1,417,31,shared_taps,53959,Lokichar,Turkana,Turkana South,Rural,,,,,,,,
62918,TUTU02772,TUTU02772224,,1,142,45,tap_in_home_broken,41359,Kakuma,Turkana,Turkana West,Urban,,,,,partially_functional,,,
62919,TUTU02773,TUTU02773224,,4,192,14,river,72004,Letea,Turkana,Turkana West,Rural,,,,,partially_functional,,,
62920,TUTU02774,TUTU02774224,,3,417,16,tap_in_home,55968,Lokichoggio,Turkana,Turkana West,Urban,,,,,,,,
62921,TUTU02775,TUTU02775224,,2,47,28,well,13519,Lopur,Turkana,Turkana West,Rural,,Contaminated:Biological,,,functional,,,
62922,TUTU02776,TUTU02776224,,5,350,27,tap_in_home_broken,18107,Nanaam,Turkana,Turkana West,Urban,,,,,,,,
62923,TUTU02777,TUTU02777224,,5,385,12,tap_in_home_broken,32367,Songot,Turkana,Turkana West,Urban,,,,,,,,
62924,TUUN02778,TUUN02778224,,1,472,7,tap_in_home_broken,69880,unknown 2,Turkana,unknown 2,Urban,,,,,,,,
62925,UAAI02779,UAAI02779224,,2,20,38,river,52350,Ainabkoi/Olare,Uasin Gishu,Ainabkoi,Rural,,,,,functional,,,
62926,UAAI02780,UAAI02780224,,5,299,9,tap_in_home,24010,Kapsoya,Uasin Gishu,Ainabkoi,Urban,,,,,functional,,,
62927,UAAI02781,UAAI02781224,,4,41,18,river,66874,Kaptagat,Uasin Gishu,Ainabkoi,Rural,,,,,,,,
62928,UAKA02782,UAKA02782224,,1,494,19,shared_taps,36783,Kipkenyo,Uasin Gishu,Kapseret,Rural,,,,,,,,
62929,UAKA02783,UAKA02783224,,1,75,33,river,21690,Langas,Uasin Gishu,Kapseret,Rural,,,,,,,,
62930,UAKA02784,UAKA02784224,,4,368,12,tap_in_home,18156,Megun,Uasin Gishu,Kapseret,Urban,,,,,,,,
62931,UAKA02785,UAKA02785224,,4,137,4,tap_in_home,40750,Ngeria,Uasin Gishu,Kapseret,Rural,,,,,,,,
62932,UAKA02786,UAKA02786224,,1,311,34,tap_in_home_broken,29375,Simat/Kapseret,Uasin Gishu,Kapseret,Urban,,,,,,,,
62933,UAKE02787,UAKE02787224,,2,298,1,shared_taps,36467,Cheptiret/Kipchamo,Uasin Gishu,Kesses,Rural,,,,,,,,
62934,UAKE02788,UAKE02788224,,3,360,47,shared_taps,46189,Racecourse,Uasin Gishu,Kesses,Urban,,,,,,,,
62935,UAKE02789,UAKE02789224,,2,280,25,shared_taps,71607,Tarakwa,Uasin Gishu,Kesses,Urban,,,,,functional,,,
62936,UAKE02790,UAKE02790224,,4,433,35,well,52333,Tulwet/Chuiyat,Uasin Gishu,Kesses,Urban,,Clean,,,,,,
62937,UAMO02791,UAMO02791224,,1,359,20,well,41266,Karuna/Meibeki,Uasin Gishu,Moiben,Urban,,Clean,,,functional,,,
62938,UAMO02792,UAMO02792224,,3,383,10,river,22555,Kimumu,Uasin Gishu,Moiben,Rural,,,,,functional,,,
62939,UAMO02793,UAMO02793224,,1,439,48,river,39347,Moiben,Uasin Gishu,Moiben,Rural,,,,,functional,,,
62940,UAMO02794,UAMO02794224,,2,416,34,shared_taps,21473,Sergoit,Uasin Gishu,Moiben,Urban,,,,,,,,
62941,UAMO02795,UAMO02795224,,5,106,19,well,41173,Tembelio,Uasin Gishu,Moiben,Urban,,Contaminated: Chemical,,,,,,
62942,UASO02796,UASO02796224,,4,293,10,tap_in_home,30144,Kapkures,Uasin Gishu,Soy,Urban,,,,,functional,,,
62943,UASO02797,UASO02797224,,1,277,17,shared_taps,29711,Kipsomba,Uasin Gishu,Soy,Urban,,,,,functional,,,
62944,UASO02798,UASO02798224,,4,190,42,tap_in_home,41861,Kuinet/Kapsuswa,Uasin Gishu,Soy,Urban,,,,,functional,,,
62945,UASO02799,UASO02799224,,4,396,36,tap_in_home,37024,Moi'S Bridge,Uasin Gishu,Soy,Urban,,,,,functional,,,
62946,UASO02800,UASO02800224,,5,395,42,well,35167,Segero/Barsombe,Uasin Gishu,Soy,Rural,,Contaminated:Biological,,,functional,,,
62947,UASO02801,UASO02801224,,4,520,10,tap_in_home,34529,Soy,Uasin Gishu,Soy,Urban,,,,,functional,,,
62948,UASO02802,UASO02802224,,5,336,31,tap_in_home,47569,Ziwa,Uasin Gishu,Soy,Urban,,,,,functional,,,
62949,UATU02803,UATU02803224,,1,406,39,well,315,Huruma,Uasin Gishu,Turbo,Urban,,Contaminated:Biological,,,,,,
62950,UATU02804,UATU02804224,,4,54,37,tap_in_home,43148,Kamagut,Uasin Gishu,Turbo,Urban,,,,,functional,,,
62951,UATU02805,UATU02805224,,3,179,48,river,15180,Kapsaos,Uasin Gishu,Turbo,Rural,,,,,functional,,,
62952,UATU02806,UATU02806224,,5,123,42,tap_in_home_broken,42207,Kiplombe,Uasin Gishu,Turbo,Urban,,,,,functional,,,
62953,UATU02807,UATU02807224,,2,357,37,river,46988,Ngenyilel,Uasin Gishu,Turbo,Rural,,,,,partially_functional,,,
62954,UATU02808,UATU02808224,,3,217,34,well,42581,Tapsagoi,Uasin Gishu,Turbo,Rural,,Clean,,,partially_functional,,,
62955,VIEM02809,VIEM02809224,,5,453,2,tap_in_home_broken,32037,Central Bunyore,Vihiga,Emuhaya,Urban,,,,,functional,,,
62956,VIEM02810,VIEM02810224,,2,322,9,shared_taps,34986,North East Bunyore,Vihiga,Emuhaya,Urban,,,,,partially_functional,,,
62957,VIEM02811,VIEM02811224,,4,207,8,well,37826,West Bunyore,Vihiga,Emuhaya,Rural,,Contaminated:Biological,,,partially_functional,,,
62958,VIHA02812,VIHA02812224,,3,83,2,tap_in_home_broken,28212,Banja,Vihiga,Hamisi,Rural,,,,,functional,,,
62959,VIHA02813,VIHA02813224,,2,422,34,shared_taps,25949,Gisambai,Vihiga,Hamisi,Rural,,,,,partially_functional,,,
62960,VIHA02814,VIHA02814224,,3,98,7,river,21217,Jepkoyai,Vihiga,Hamisi,Rural,,,,,functional,,,
62961,VIHA02815,VIHA02815224,,1,467,41,shared_taps,18712,Muhudu,Vihiga,Hamisi,Rural,,,,,functional,,,
62962,VIHA02816,VIHA02816224,,2,274,11,tap_in_home,30993,Shamakhokho,Vihiga,Hamisi,Urban,,,,,functional,,,
62963,VIHA02817,VIHA02817224,,5,100,27,tap_in_home,20770,Shiru,Vihiga,Hamisi,Rural,,,,,partially_functional,,,
62964,VIHA02818,VIHA02818224,,4,236,15,tap_in_home,21225,Tambua,Vihiga,Hamisi,Urban,,,,,functional,,,
62965,VILU02819,VILU02819224,,2,261,10,shared_taps,26036,Emabungo,Vihiga,Luanda,Urban,,,,,functional,,,
62966,VILU02820,VILU02820224,,5,250,3,well,23096,Luanda South,Vihiga,Luanda,Rural,,Contaminated:Biological,,,functional,,,
62967,VILU02821,VILU02821224,,4,538,5,shared_taps,15702,Luanda Township,Vihiga,Luanda,Urban,,,,,,,,
62968,VILU02822,VILU02822224,,2,135,32,shared_taps,25084,Mwibona,Vihiga,Luanda,Rural,,,,,functional,,,
62969,VILU02823,VILU02823224,,4,143,44,river,29217,Wemilabi,Vihiga,Luanda,Rural,,,,,functional,,,
62970,VISA02824,VISA02824224,,3,281,0,river,24185,Busali,Vihiga,Sabatia,Urban,,,,,partially_functional,,,
62971,VISA02825,VISA02825224,,4,113,0,well,20789,Chavakali,Vihiga,Sabatia,Rural,,Contaminated: Chemical,,,partially_functional,,,
62972,WAWA02826,WAWA02826224,,4,419,29,river,20921,Bute,Wajir,Wajir North,Rural,,,,,functional,,,
62973,VISA02827,VISA02827224,,2,386,5,shared_taps,27922,Lyaduywa/Izava,Vihiga,Sabatia,Rural,,,,,functional,,,
62974,VISA02828,VISA02828224,,2,478,20,shared_taps,20894,North Maragoli,Vihiga,Sabatia,Urban,,,,,partially_functional,,,
62975,VISA02829,VISA02829224,,5,420,8,river,23490,West Sabatia,Vihiga,Sabatia,Rural,,,,,partially_functional,,,
62976,VISA02830,VISA02830224,,2,533,13,tap_in_home_broken,26932,Wodanga,Vihiga,Sabatia,Urban,,,,,partially_functional,,,
62977,VIVI02831,VIVI02831224,,5,68,26,river,26927,Central Maragoli,Vihiga,Vihiga,Rural,,,,,partially_functional,,,
62978,VIVI02832,VIVI02832224,,3,280,43,well,35619,Lugaga-Wamuluma,Vihiga,Vihiga,Rural,,Contaminated: Chemical,,,functional,,,
62979,VIVI02833,VIVI02833224,,4,365,43,shared_taps,23098,Mungoma,Vihiga,Vihiga,Rural,,,,,functional,,,
62980,VIVI02834,VIVI02834224,,5,187,42,well,23594,South Maragoli,Vihiga,Vihiga,Rural,,Contaminated: Chemical,,,functional,,,
62981,WAEL02835,WAEL02835224,,2,188,2,shared_taps,39570,Della,Wajir,Eldas,Urban,,,,,,,,
62982,WAEL02836,WAEL02836224,,5,230,20,well,30096,Eldas,Wajir,Eldas,Rural,,Clean,,,,,,
62983,WAEL02837,WAEL02837224,,2,231,29,well,30294,Elnur/Tula Tula,Wajir,Eldas,Rural,,Contaminated:Biological,,,,,,
62984,WAEL02838,WAEL02838224,,3,477,39,river,28721,Lakoley South/Basir,Wajir,Eldas,Rural,,,,,,,,
62985,WATA02839,WATA02839224,,5,16,8,river,19382,Elben,Wajir,Tarbaj,Rural,,,,,,,,
62986,WATA02840,WATA02840224,,1,88,47,shared_taps,6521,Sarman,Wajir,Tarbaj,Rural,,,,,,,,
62987,WATA02841,WATA02841224,,4,391,25,well,13973,Tarbaj,Wajir,Tarbaj,Rural,,Clean,,,,,,
62988,WATA02842,WATA02842224,,5,342,33,river,10556,Wargadud,Wajir,Tarbaj,Rural,,,,,,,,
62989,WAWA02843,WAWA02843224,,5,380,1,well,12649,Barwago,Wajir,Wajir East,Rural,,Clean,,,,,,
62990,WAWA02844,WAWA02844224,,4,122,15,shared_taps,35004,Khorof/Harar,Wajir,Wajir East,Rural,,,,,,,,
62991,WAWA02845,WAWA02845224,,5,208,18,well,17623,Township,Wajir,Wajir East,Rural,,Contaminated: Chemical,,,,,,
62992,WAWA02846,WAWA02846224,,4,38,19,tap_in_home,25849,Wagberi,Wajir,Wajir East,Urban,,,,,,,,
62993,WAWA02847,WAWA02847224,,2,4,22,well,11028,Batalu,Wajir,Wajir North,Rural,,Clean,,,,,,
62994,WAWA02848,WAWA02848224,,3,323,36,well,18886,Danaba,Wajir,Wajir North,Rural,,Clean,,,,,,
62995,WAWA02849,WAWA02849224,,4,378,36,tap_in_home_broken,4470,Godoma,Wajir,Wajir North,Urban,,,,,,,,
62996,WAWA02850,WAWA02850224,,3,207,35,river,20227,Gurar,Wajir,Wajir North,Rural,,,,,functional,,,
62997,WAWA02851,WAWA02851224,,2,195,5,tap_in_home,36532,Korondile,Wajir,Wajir North,Urban,,,,,,,,
62998,WAWA02852,WAWA02852224,,5,170,17,well,21119,Malkagufu,Wajir,Wajir North,Rural,,Contaminated: Chemical,,,functional,,,
62999,WAWA02853,WAWA02853224,,3,407,21,tap_in_home_broken,73211,Benane,Wajir,Wajir South,Rural,,,,,,,,
63000,WAWA02854,WAWA02854224,,1,526,48,tap_in_home_broken,23797,Burder,Wajir,Wajir South,Urban,,,,,,,,
63001,WAWA02855,WAWA02855224,,2,51,23,shared_taps,21493,Dadaja Bulla,Wajir,Wajir South,Urban,,,,,,,,
63002,WAWA02856,WAWA02856224,,4,381,41,shared_taps,31524,Diif,Wajir,Wajir South,Rural,,,,,,,,
63003,WAWA02857,WAWA02857224,,5,266,14,well,86121,Habasswein,Wajir,Wajir South,Rural,,Clean,,,functional,,,
63004,WAWA02858,WAWA02858224,,3,82,41,river,46914,Ibrahim Ure,Wajir,Wajir South,Rural,,,,,,,,
63005,WAWA02859,WAWA02859224,,5,416,15,tap_in_home,57517,Lagboghol South,Wajir,Wajir South,Urban,,,,,functional,,,
63006,WAWA02860,WAWA02860224,,3,436,44,river,43851,Adamasajide,Wajir,Wajir West,Rural,,,,,,,,
63007,WAWA02861,WAWA02861224,,4,367,14,shared_taps,20151,Arbajahan,Wajir,Wajir West,Urban,,,,,functional,,,
63008,WAWA02862,WAWA02862224,,3,26,20,tap_in_home,31649,Ganyure/Wagalla,Wajir,Wajir West,Rural,,,,,functional,,,
63009,WAWA02863,WAWA02863224,,2,365,16,tap_in_home_broken,20848,Hadado/Athibohol,Wajir,Wajir West,Urban,,,,,functional,,,
63010,WEKA02864,WEKA02864224,,2,339,0,tap_in_home_broken,38262,Alale,West Pokot,Kacheliba,Urban,,,,,,,,
63011,WEKA02865,WEKA02865224,,5,450,23,shared_taps,23419,Kapchok,West Pokot,Kacheliba,Urban,,,,,,,,
63012,WEKA02866,WEKA02866224,,2,510,21,tap_in_home_broken,14254,Kasei,West Pokot,Kacheliba,Urban,,,,,,,,
63013,WEKA02867,WEKA02867224,,4,480,47,tap_in_home,31017,Kiwawa,West Pokot,Kacheliba,Urban,,,,,,,,
63014,WEKA02868,WEKA02868224,,4,72,12,well,20656,Kodich,West Pokot,Kacheliba,Rural,,Contaminated:Biological,,,,,,
63015,WEKA02869,WEKA02869224,,3,300,9,tap_in_home_broken,22332,Suam,West Pokot,Kacheliba,Urban,,,,,,,,
63016,WEKA02870,WEKA02870224,,2,431,35,river,42080,Kapenguria,West Pokot,Kapenguria,Rural,,,,,,,,
63017,WEKA02871,WEKA02871224,,1,517,47,shared_taps,30366,Lokori/Kochodin,West Pokot,Kapenguria,Rural,,,,,,,,
63018,WEKA02872,WEKA02872224,,1,203,36,tap_in_home_broken,52142,Mnagei,West Pokot,Kapenguria,Urban,,,,,,,,
63019,WEKA02873,WEKA02873224,,5,358,15,tap_in_home,23609,Siyoi,West Pokot,Kapenguria,Urban,,,,,,,,
63020,WEKA02874,WEKA02874224,,3,110,25,well,19108,Sook,West Pokot,Kapenguria,Rural,,Contaminated:Biological,,,,,,
63021,WEPO02875,WEPO02875224,,2,153,43,shared_taps,45249,Batei,West Pokot,Pokot South,Urban,,,,,,,,
63022,WEPO02876,WEPO02876224,,2,43,5,well,66236,Chepareria,West Pokot,Pokot South,Rural,,Contaminated:Biological,,,unknown,,,
63023,WEPO02877,WEPO02877224,,4,533,21,tap_in_home,81593,Lelan,West Pokot,Pokot South,Urban,,,,,,,,
63024,WEPO02878,WEPO02878224,,5,398,9,river,50057,Tapach,West Pokot,Pokot South,Rural,,,,,unknown,,,
63025,WESI02879,WESI02879224,,3,61,44,tap_in_home,39752,Lomut,West Pokot,Sigor,Urban,,,,,,,,
63026,WESI02880,WESI02880224,,1,68,30,river,22363,Masool,West Pokot,Sigor,Rural,,,,,,,,
63027,WESI02881,WESI02881224,,3,218,10,well,27853,Sekerr,West Pokot,Sigor,Rural,,Contaminated: Chemical,,,functional,,,
63028,WESI02882,WESI02882224,,2,397,22,shared_taps,48489,Weiwei,West Pokot,Sigor,Urban,,,,,,,,
63029,WEUN02883,WEUN02883224,,4,389,4,shared_taps,11487,unknown 3,West Pokot,unknown 3,Rural,,,,,,,,
63030,BABA02884,BABA02884224,,4,323,42,well,32521,Mochongoi,Baringo,Baringo South,Rural,,Contaminated:Biological,,,,,,
63031,BA8002885,BA8002885224,,5,290,48,shared_taps,28336,Lembus,Baringo,805,Urban,,,,,,,,
63032,BABA02886,BABA02886224,,5,449,32,shared_taps,26203,Ewalel/Chapchap,Baringo,Baringo Central,Urban,,,,,,,,
63033,BABA02887,BABA02887224,,3,508,16,tap_in_home_broken,19057,Kabarnet,Baringo,Baringo Central,Urban,,,,,,,,
63034,BABA02888,BABA02888224,,3,327,41,tap_in_home_broken,30762,Kapropita,Baringo,Baringo Central,Urban,,,,,,,,
63035,BABA02889,BABA02889224,,1,265,12,shared_taps,16740,Sacho,Baringo,Baringo Central,Urban,,,,,,,,
63036,BABA02890,BABA02890224,,3,197,2,river,9702,Tenges,Baringo,Baringo Central,Rural,,,,,,,,
63037,BABA02891,BABA02891224,,3,53,48,shared_taps,13226,Bartabwa,Baringo,Baringo North,Urban,,,,,unknown,,,
63038,BABA02892,BABA02892224,,5,350,7,river,29730,Barwessa,Baringo,Baringo North,Rural,,,,,,,,
63039,BABA02893,BABA02893224,,3,279,13,shared_taps,24101,Kabartonjo,Baringo,Baringo North,Rural,,,,,,,,
63040,BABA02894,BABA02894224,,3,345,20,tap_in_home,26661,Saimo/Kipsaraman,Baringo,Baringo North,Urban,,,,,,,,
63041,BABA02895,BABA02895224,,2,429,4,tap_in_home,16825,Saimo/Soi,Baringo,Baringo North,Rural,,,,,,,,
63042,BABA02896,BABA02896224,,4,362,36,well,28969,Ilchamus,Baringo,Baringo South,Rural,,Contaminated:Biological,,,non_functional,,,
63043,BABA02897,BABA02897224,,5,472,35,shared_taps,38938,Marigat,Baringo,Baringo South,Urban,,,,,,,,
63044,BABA02898,BABA02898224,,5,263,41,tap_in_home,15730,Mukutani,Baringo,Baringo South,Urban,,,,,non_functional,,,
63045,BAEL02899,BAEL02899224,,5,415,5,river,18131,Koibatek,Baringo,Eldama Ravine,Rural,,,,,,,,
63046,BAEL02900,BAEL02900224,,3,463,12,shared_taps,42906,Lembus Kwen,Baringo,Eldama Ravine,Rural,,,,,,,,
63047,BAEL02901,BAEL02901224,,3,532,20,well,25893,Lembus/Perkerra,Baringo,Eldama Ravine,Urban,,Contaminated: Chemical,,,,,,
63048,BAEL02902,BAEL02902224,,5,289,38,river,25615,Mumberes/Maji Mazuri,Baringo,Eldama Ravine,Rural,,,,,,,,
63049,BAEL02903,BAEL02903224,,2,204,36,river,19884,Ravine,Baringo,Eldama Ravine,Rural,,,,,,,,
63050,BAMO02904,BAMO02904224,,4,95,27,tap_in_home,25746,Emining,Baringo,Mogotio,Urban,,,,,,,,
63051,BAMO02905,BAMO02905224,,3,122,37,well,27601,Kisanana,Baringo,Mogotio,Rural,,Clean,,,,,,
63052,BAMO02906,BAMO02906224,,2,307,29,river,19698,Mogotio,Baringo,Mogotio,Rural,,,,,,,,
63053,BATI02907,BATI02907224,,4,102,1,tap_in_home_broken,24005,Churo/Amaya,Baringo,Tiaty,Urban,,,,,partially_functional,,,
63054,BATI02908,BATI02908224,,4,239,35,tap_in_home_broken,36317,Kolowa,Baringo,Tiaty,Rural,,,,,partially_functional,,,
63055,BATI02909,BATI02909224,,1,430,44,tap_in_home,15847,Loiyamorock,Baringo,Tiaty,Urban,,,,,partially_functional,,,
63056,BATI02910,BATI02910224,,3,297,22,shared_taps,22121,Ribkwo,Baringo,Tiaty,Urban,,,,,partially_functional,,,
63057,BATI02911,BATI02911224,,2,412,20,shared_taps,21373,Silale,Baringo,Tiaty,Urban,,,,,partially_functional,,,
63058,BATI02912,BATI02912224,,2,367,25,well,18344,Tangulbei/Korossi,Baringo,Tiaty,Rural,,Clean,,,partially_functional,,,
63059,BATI02913,BATI02913224,,1,451,40,tap_in_home,31578,Tirioko,Baringo,Tiaty,Urban,,,,,partially_functional,,,
63060,BOBO02914,BOBO02914224,,5,238,2,shared_taps,50036,Chesoen,Bomet,Bomet Central,Urban,,,,,,,,
63061,BOBO02915,BOBO02915224,,5,251,39,shared_taps,24011,Mutarakwa,Bomet,Bomet Central,Urban,,,,,,,,
63062,BOBO02916,BOBO02916224,,3,492,23,river,35958,Ndaraweta,Bomet,Bomet Central,Rural,,,,,,,,
63063,BOBO02917,BOBO02917224,,3,339,24,shared_taps,31913,Silibwet Township,Bomet,Bomet Central,Rural,,,,,,,,
63064,BOBO02918,BOBO02918224,,2,120,46,well,25996,Singorwet,Bomet,Bomet Central,Urban,,Clean,,,,,,
63065,BOBO02919,BOBO02919224,,2,470,15,tap_in_home,26341,Chemaner,Bomet,Bomet East,Urban,,,,,,,,
63066,BOBO02920,BOBO02920224,,5,288,3,shared_taps,30669,Kembu,Bomet,Bomet East,Urban,,,,,,,,
63067,BOBO02921,BOBO02921224,,4,295,3,shared_taps,31243,Kipreres,Bomet,Bomet East,Urban,,,,,,,,
63068,BOBO02922,BOBO02922224,,2,61,7,shared_taps,37053,Longisa,Bomet,Bomet East,Urban,,,,,,,,
63069,BOBO02923,BOBO02923224,,4,284,21,well,52005,Merigi,Bomet,Bomet East,Rural,,Clean,,,,,,
63070,BOCH02924,BOCH02924224,,4,128,24,tap_in_home,43702,Chebunyo,Bomet,Chepalungu,Rural,,,,,,,,
63071,BOCH02925,BOCH02925224,,4,360,1,tap_in_home,39473,Kong'Asis,Bomet,Chepalungu,Urban,,,,,,,,
63072,BOCH02926,BOCH02926224,,4,377,44,river,49911,Nyangores,Bomet,Chepalungu,Rural,,,,,,,,
63073,BOCH02927,BOCH02927224,,1,478,15,well,46008,Sigor,Bomet,Chepalungu,Rural,,Contaminated: Chemical,,,,,,
63074,BOCH02928,BOCH02928224,,3,106,21,shared_taps,44643,Siongiroi,Bomet,Chepalungu,Rural,,,,,,,,
63075,BOKO02929,BOKO02929224,,2,456,38,well,36157,Boito,Bomet,Konoin,Rural,,Contaminated: Chemical,,,,,,
63076,BOKO02930,BOKO02930224,,3,280,1,well,28247,Chepchabas,Bomet,Konoin,Rural,,Contaminated:Biological,,,,,,
63077,BOKO02931,BOKO02931224,,4,55,40,well,44372,Embomos,Bomet,Konoin,Rural,,Contaminated: Chemical,,,,,,
63078,BOKO02932,BOKO02932224,,3,310,32,shared_taps,25307,Kimulot,Bomet,Konoin,Urban,,,,,,,,
63079,BOKO02933,BOKO02933224,,1,348,34,well,33691,Mogogosiek,Bomet,Konoin,Urban,,Clean,,,,,,
63080,BOSO02934,BOSO02934224,,3,18,47,tap_in_home_broken,52010,Chemagel,Bomet,Sotik,Urban,,,,,,,,
63081,BOSO02935,BOSO02935224,,5,364,38,tap_in_home,54083,Kapletundo,Bomet,Sotik,Urban,,,,,,,,
63082,BOSO02936,BOSO02936224,,5,487,39,tap_in_home,48141,Kipsonoi,Bomet,Sotik,Urban,,,,,,,,
63083,BOSO02937,BOSO02937224,,4,34,12,tap_in_home_broken,51223,Ndanai/Abosi,Bomet,Sotik,Urban,,,,,functional,,,
63084,BOSO02938,BOSO02938224,,2,167,2,shared_taps,36239,Rongena/Manaret,Bomet,Sotik,Urban,,,,,functional,,,
63085,BUBU02939,BUBU02939224,,5,531,10,well,43775,Bumula,Bungoma,Bumula,Rural,,Clean,,,functional,,,
63086,BUBU02940,BUBU02940224,,3,115,1,shared_taps,28030,Kabula,Bungoma,Bumula,Rural,,,,,functional,,,
63087,BUBU02941,BUBU02941224,,4,458,19,tap_in_home_broken,19261,Khasoko,Bungoma,Bumula,Rural,,,,,functional,,,
63088,BUBU02942,BUBU02942224,,2,259,0,river,49450,Kimaeti,Bungoma,Bumula,Rural,,,,,functional,,,
63089,BUBU02943,BUBU02943224,,4,84,23,river,42491,Siboti,Bungoma,Bumula,Rural,,,,,functional,,,
63090,BUBU02944,BUBU02944224,,1,112,1,shared_taps,30998,South Bukusu,Bungoma,Bumula,Rural,,,,,functional,,,
63091,BUBU02945,BUBU02945224,,5,32,31,river,29301,West Bukusu,Bungoma,Bumula,Rural,,,,,functional,,,
63092,BUKA02946,BUKA02946224,,5,513,43,tap_in_home,47769,Bwake/Luuya,Bungoma,Kabuchai,Rural,,,,,functional,,,
63093,BUKA02947,BUKA02947224,,1,363,24,river,51911,Kabuchai/Chwele,Bungoma,Kabuchai,Rural,,,,,functional,,,
63094,BUKA02948,BUKA02948224,,1,28,16,well,55756,Mukuyuni,Bungoma,Kabuchai,Rural,,Clean,,,functional,,,
63095,BUKA02949,BUKA02949224,,4,41,17,shared_taps,47199,West Nalondo,Bungoma,Kabuchai,Urban,,,,,functional,,,
63096,BUKA02950,BUKA02950224,,1,520,5,shared_taps,38799,Bukembe East,Bungoma,Kanduyi,Urban,,,,,functional,,,
63097,BUKA02951,BUKA02951224,,3,473,8,shared_taps,27288,Bukembe West,Bungoma,Kanduyi,Rural,,,,,functional,,,
63098,BUKA02952,BUKA02952224,,3,384,6,tap_in_home,44772,East Sang'Alo,Bungoma,Kanduyi,Urban,,,,,functional,,,
63099,BUKA02953,BUKA02953224,,2,40,48,tap_in_home_broken,7209,Khalaba,Bungoma,Kanduyi,Urban,,,,,functional,,,
63100,BUKA02954,BUKA02954224,,1,363,21,well,50152,Marakaru/Tuuti,Bungoma,Kanduyi,Rural,,Contaminated: Chemical,,,functional,,,
63101,BUKA02955,BUKA02955224,,4,297,35,well,48253,Musikoma,Bungoma,Kanduyi,Urban,,Contaminated:Biological,,,functional,,,
63102,BUKA02956,BUKA02956224,,3,200,2,shared_taps,5319,Township,Bungoma,Kanduyi,Urban,,,,,functional,,,
63103,BUKA02957,BUKA02957224,,1,446,24,river,47544,West Sang'Alo,Bungoma,Kanduyi,Rural,,,,,functional,,,
63104,BUKI02958,BUKI02958224,,4,291,20,tap_in_home_broken,50330,Kamukuywa,Bungoma,Kimilili,Rural,,,,,functional,,,
63105,BUKI02959,BUKI02959224,,1,259,7,shared_taps,40195,Kibingei,Bungoma,Kimilili,Rural,,,,,functional,,,
63106,BUKI02960,BUKI02960224,,2,451,9,tap_in_home,35249,Kimilili,Bungoma,Kimilili,Urban,,,,,functional,,,
63107,BUKI02961,BUKI02961224,,4,223,29,well,31802,Maeni,Bungoma,Kimilili,Rural,,Contaminated: Chemical,,,functional,,,
63108,BULI02962,BULI02962224,,3,195,20,tap_in_home,34173,Kongoni,Bungoma,Likuyani,Urban,,,,,partially_functional,,,
63109,BULI02963,BULI02963224,,5,432,25,well,38371,Likuyani,Bungoma,Likuyani,Rural,,Clean,,,partially_functional,,,
63110,BULI02964,BULI02964224,,2,73,26,well,43050,Nzoia,Bungoma,Likuyani,Rural,,Contaminated: Chemical,,,functional,,,
63111,BULI02965,BULI02965224,,2,61,44,well,29736,Sango,Bungoma,Likuyani,Rural,,Contaminated:Biological,,,partially_functional,,,
63112,BULI02966,BULI02966224,,3,383,27,shared_taps,27318,Sinoko,Bungoma,Likuyani,Rural,,,,,partially_functional,,,
63113,BULU02967,BULU02967224,,5,374,29,well,27428,Chekalini,Bungoma,Lugari,Rural,,Contaminated: Chemical,,,partially_functional,,,
63114,BULU02968,BULU02968224,,4,289,20,well,40046,Lugari,Bungoma,Lugari,Rural,,Contaminated: Chemical,,,partially_functional,,,
63115,BULU02969,BULU02969224,,4,355,16,shared_taps,37671,Lumakanda,Bungoma,Lugari,Urban,,,,,partially_functional,,,
63116,BULU02970,BULU02970224,,5,492,13,well,32792,Mautuma,Bungoma,Lugari,Rural,,Contaminated: Chemical,,,partially_functional,,,
63117,BUMT02971,BUMT02971224,,2,109,35,shared_taps,39423,Cheptais,Bungoma,Mt. Elgon,Rural,,,,,,,,
63118,BUMT02972,BUMT02972224,,1,346,7,shared_taps,36833,Chepyuk,Bungoma,Mt. Elgon,Rural,,,,,,,,
63119,ELMA02973,ELMA02973224,,3,243,45,shared_taps,46504,Sambirir,Elgeyo-Marakwet,Marakwet East,Rural,,,,,,,,
63120,BUMT02974,BUMT02974224,,4,360,18,well,35843,Chesikaki,Bungoma,Mt. Elgon,Rural,,Clean,,,functional,,,
63121,BUMT02975,BUMT02975224,,3,114,42,well,40084,Elgon,Bungoma,Mt. Elgon,Rural,,Clean,,,,,,
63122,BUMT02976,BUMT02976224,,3,496,24,shared_taps,37774,Kapkateny,Bungoma,Mt. Elgon,Rural,,,,,,,,
63123,BUMT02977,BUMT02977224,,1,483,16,shared_taps,40997,Kaptama,Bungoma,Mt. Elgon,Rural,,,,,,,,
63124,BUSI02978,BUSI02978224,,4,103,35,shared_taps,53524,Lwandanyi,Bungoma,Sirisia,Urban,,,,,functional,,,
63125,BUSI02979,BUSI02979224,,4,342,11,river,45444,Malakisi/South Kulisiru,Bungoma,Sirisia,Rural,,,,,functional,,,
63126,BUSI02980,BUSI02980224,,2,323,27,river,37353,Namwela,Bungoma,Sirisia,Rural,,,,,partially_functional,,,
63127,BUTO02981,BUTO02981224,,3,163,41,shared_taps,42523,Mbakalo,Bungoma,Tongaren,Rural,,,,,functional,,,
63128,BUTO02982,BUTO02982224,,1,378,29,tap_in_home_broken,44730,Milima,Bungoma,Tongaren,Urban,,,,,functional,,,
63129,BUTO02983,BUTO02983224,,1,150,29,tap_in_home_broken,49979,Naitiri/Kabuyefwe,Bungoma,Tongaren,Urban,,,,,partially_functional,,,
63130,BUTO02984,BUTO02984224,,4,527,40,well,30431,Ndalu/ Tabani,Bungoma,Tongaren,Rural,,Contaminated:Biological,,,functional,,,
63131,BUTO02985,BUTO02985224,,5,206,36,river,38255,Soysambu/ Mitua,Bungoma,Tongaren,Rural,,,,,partially_functional,,,
63132,BUTO02986,BUTO02986224,,1,392,7,tap_in_home,44142,Tongaren,Bungoma,Tongaren,Urban,,,,,functional,,,
63133,BUWE02987,BUWE02987224,,5,47,37,river,48752,Bokoli,Bungoma,Webute West,Rural,,,,,functional,,,
63134,BUWE02988,BUWE02988224,,4,320,28,tap_in_home,30909,Matulo,Bungoma,Webute West,Urban,,,,,functional,,,
63135,BUWE02989,BUWE02989224,,3,101,6,river,50570,Misikhu,Bungoma,Webute West,Rural,,,,,functional,,,
63136,BUWE02990,BUWE02990224,,4,271,41,shared_taps,42859,Sitikho,Bungoma,Webute West,Urban,,,,,functional,,,
63137,BUWE02991,BUWE02991224,,2,30,0,river,41383,Maraka,Bungoma,Webuye East,Rural,,,,,functional,,,
63138,BUWE02992,BUWE02992224,,2,377,31,tap_in_home_broken,41192,Mihuu,Bungoma,Webuye East,Urban,,,,,functional,,,
63139,BUWE02993,BUWE02993224,,4,290,36,river,45838,Ndivisi,Bungoma,Webuye East,Rural,,,,,partially_functional,,,
63140,BUBU02994,BUBU02994224,,3,450,20,well,16290,Bunyala Central,Busia,Budalangi,Rural,,Contaminated:Biological,,,partially_functional,,,
63141,BUBU02995,BUBU02995224,,5,129,35,tap_in_home,30358,Bunyala North,Busia,Budalangi,Urban,,,,,partially_functional,,,
63142,BUBU02996,BUBU02996224,,5,321,47,shared_taps,19739,Bunyala South,Busia,Budalangi,Rural,,,,,partially_functional,,,
63143,BUBU02997,BUBU02997224,,5,257,37,river,29928,Bunyala West,Busia,Budalangi,Rural,,,,,partially_functional,,,
63144,BUBU02998,BUBU02998224,,1,460,36,shared_taps,16542,Elugulu,Busia,Butula,Rural,,,,,partially_functional,,,
63145,BUBU02999,BUBU02999224,,3,96,5,shared_taps,19991,Kingandole,Busia,Butula,Urban,,,,,partially_functional,,,
63146,BUBU03000,BUBU03000224,,2,301,38,river,28505,Marachi Central,Busia,Butula,Rural,,,,,partially_functional,,,
63147,BUBU03001,BUBU03001224,,5,390,39,river,32494,Marachi East,Busia,Butula,Rural,,,,,partially_functional,,,
63148,BUBU03002,BUBU03002224,,3,406,47,well,30313,Marachi North,Busia,Butula,Rural,,Contaminated: Chemical,,,partially_functional,,,
63149,BUBU03003,BUBU03003224,,2,371,31,tap_in_home,27099,Marachi West,Busia,Butula,Urban,,,,,partially_functional,,,
63150,BUFU03004,BUFU03004224,,3,104,18,shared_taps,31810,Ageng'A Nanguba,Busia,Funyula,Urban,,,,,partially_functional,,,
63151,BUFU03005,BUFU03005224,,5,201,34,tap_in_home,25049,Bwiri,Busia,Funyula,Urban,,,,,partially_functional,,,
63152,BUFU03006,BUFU03006224,,5,263,34,tap_in_home_broken,30319,Namboboto Nambuku,Busia,Funyula,Urban,,,,,partially_functional,,,
63153,BUFU03007,BUFU03007224,,3,85,3,river,30452,Nangina,Busia,Funyula,Rural,,,,,partially_functional,,,
63154,BUMA03008,BUMA03008224,,2,465,8,well,56014,Bukhayo West,Busia,Matayos,Urban,,Contaminated: Chemical,,,partially_functional,,,
63155,BUMA03009,BUMA03009224,,4,494,28,river,7843,Burumba,Busia,Matayos,Rural,,,,,functional,,,
63156,BUMA03010,BUMA03010224,,2,184,41,well,17133,Busibwabo,Busia,Matayos,Rural,,Clean,,,partially_functional,,,
63157,BUMA03011,BUMA03011224,,1,415,7,shared_taps,43692,Matayos South,Busia,Matayos,Urban,,,,,partially_functional,,,
63158,BUMA03012,BUMA03012224,,5,92,0,tap_in_home,9535,Mayenje,Busia,Matayos,Urban,,,,,partially_functional,,,
63159,BUNA03013,BUNA03013224,,4,340,32,shared_taps,24408,Bukhayo Central,Busia,Nambale,Rural,,,,,partially_functional,,,
63160,BUNA03014,BUNA03014224,,2,48,29,river,29795,Bukhayo East,Busia,Nambale,Rural,,,,,partially_functional,,,
63161,BUNA03015,BUNA03015224,,3,436,32,tap_in_home,29481,Bukhayo North/Waltsi,Busia,Nambale,Urban,,,,,partially_functional,,,
63162,BUNA03016,BUNA03016224,,5,29,44,shared_taps,41987,Nambale Township,Busia,Nambale,Urban,,,,,partially_functional,,,
63163,BUTE03017,BUTE03017224,,1,454,8,tap_in_home,20245,Ang'Urai East,Busia,Teso North,Urban,,,,,partially_functional,,,
63164,BUTE03018,BUTE03018224,,4,513,33,tap_in_home_broken,29775,Ang'Urai North,Busia,Teso North,Urban,,,,,partially_functional,,,
63165,BUTE03019,BUTE03019224,,4,169,34,tap_in_home,28154,Ang'Urai South,Busia,Teso North,Urban,,,,,partially_functional,,,
63166,BUTE03020,BUTE03020224,,3,196,1,well,31023,Malaba Central,Busia,Teso North,Rural,,Contaminated:Biological,,,partially_functional,,,
63167,BUTE03021,BUTE03021224,,5,185,40,river,15835,Malaba North,Busia,Teso North,Rural,,,,,partially_functional,,,
63168,ELMA03022,ELMA03022224,,1,77,5,shared_taps,11612,Arror,Elgeyo-Marakwet,Marakwet West,Rural,,,,,,,,
63169,BUTE03023,BUTE03023224,,1,72,20,shared_taps,23335,Malaba South,Busia,Teso North,Rural,,,,,partially_functional,,,
63170,BUTE03024,BUTE03024224,,4,116,11,well,28818,Amukura Central,Busia,Teso South,Rural,,Contaminated: Chemical,,,partially_functional,,,
63171,BUTE03025,BUTE03025224,,3,419,32,well,34423,Amukura East,Busia,Teso South,Urban,,Contaminated:Biological,,,partially_functional,,,
63172,BUTE03026,BUTE03026224,,5,239,48,well,22210,Amukura West,Busia,Teso South,Rural,,Clean,,,partially_functional,,,
63173,BUTE03027,BUTE03027224,,5,13,39,river,21211,Ang'Orom,Busia,Teso South,Rural,,,,,partially_functional,,,
63174,BUTE03028,BUTE03028224,,3,333,21,river,25221,Chakol North,Busia,Teso South,Urban,,,,,partially_functional,,,
63175,BUTE03029,BUTE03029224,,5,317,4,well,43024,Chakol South,Busia,Teso South,Rural,,Clean,,,partially_functional,,,
63176,ELKE03030,ELKE03030224,,5,207,29,tap_in_home,15024,Emsoo,Elgeyo-Marakwet,Keiyo North,Urban,,,,,,,,
63177,ELKE03031,ELKE03031224,,4,251,11,well,40520,Kamariny,Elgeyo-Marakwet,Keiyo North,Urban,,Contaminated:Biological,,,,,,
63178,ELKE03032,ELKE03032224,,1,471,4,shared_taps,30026,Kapchemutwa,Elgeyo-Marakwet,Keiyo North,Urban,,,,,,,,
63179,ELKE03033,ELKE03033224,,1,497,5,well,25344,Tambach,Elgeyo-Marakwet,Keiyo North,Rural,,Clean,,,,,,
63180,ELKE03034,ELKE03034224,,3,261,35,tap_in_home,29493,Chepkorio,Elgeyo-Marakwet,Keiyo South,Rural,,,,,,,,
63181,ELKE03035,ELKE03035224,,1,94,2,river,21332,Kabiemit,Elgeyo-Marakwet,Keiyo South,Urban,,,,,,,,
63182,ELKE03036,ELKE03036224,,5,163,0,river,21875,Kaptarakwa,Elgeyo-Marakwet,Keiyo South,Rural,,,,,,,,
63183,ELKE03037,ELKE03037224,,4,385,32,tap_in_home,13887,Metkei,Elgeyo-Marakwet,Keiyo South,Urban,,,,,,,,
63184,ELKE03038,ELKE03038224,,5,11,10,river,18287,Soy North,Elgeyo-Marakwet,Keiyo South,Rural,,,,,,,,
63185,ELKE03039,ELKE03039224,,1,241,15,river,26504,Soy South,Elgeyo-Marakwet,Keiyo South,Rural,,,,,,,,
63186,ELMA03040,ELMA03040224,,5,211,7,shared_taps,26734,Endo,Elgeyo-Marakwet,Marakwet East,Urban,,,,,,,,
63187,ELMA03041,ELMA03041224,,2,223,20,shared_taps,18652,Kapyego,Elgeyo-Marakwet,Marakwet East,Urban,,,,,,,,
63188,ELMA03042,ELMA03042224,,3,519,22,shared_taps,25550,Cherang'Any/Chebororwa,Elgeyo-Marakwet,Marakwet West,Rural,,,,,functional,,,
63189,ELMA03043,ELMA03043224,,1,171,48,shared_taps,36804,Kapsowar,Elgeyo-Marakwet,Marakwet West,Urban,,,,,,,,
63190,ELMA03044,ELMA03044224,,4,499,27,river,30155,Moiben/Kuserwo,Elgeyo-Marakwet,Marakwet West,Rural,,,,,,,,
63191,ELMA03045,ELMA03045224,,3,126,38,tap_in_home_broken,27171,Sengwer,Elgeyo-Marakwet,Marakwet West,Rural,,,,,functional,,,
63192,EMMA03046,EMMA03046224,,4,62,18,tap_in_home,30551,Gaturi North,Embu,Manyatta,Urban,,,,,functional,,,
63193,EMMA03047,EMMA03047224,,5,2,0,tap_in_home_broken,22118,Gaturi South,Embu,Manyatta,Urban,,,,,partially_functional,,,
63194,EMMA03048,EMMA03048224,,2,44,15,well,15961,Kirimari,Embu,Manyatta,Rural,,Contaminated:Biological,,,partially_functional,,,
63195,EMMA03049,EMMA03049224,,4,370,40,well,22763,Kithimu,Embu,Manyatta,Urban,,Contaminated: Chemical,,,partially_functional,,,
63196,EMMA03050,EMMA03050224,,5,314,0,tap_in_home,32746,Mbeti North,Embu,Manyatta,Urban,,,,,partially_functional,,,
63197,EMMA03051,EMMA03051224,,3,95,48,river,55849,Nginda,Embu,Manyatta,Rural,,,,,functional,,,
63198,EMMA03052,EMMA03052224,,5,273,0,tap_in_home_broken,33244,Ruguru/Ngandori,Embu,Manyatta,Urban,,,,,functional,,,
63199,EMMB03053,EMMB03053224,,1,403,17,well,62283,Evurore,Embu,Mbeere North,Rural,,Clean,,,,,,
63200,EMMB03054,EMMB03054224,,1,175,10,tap_in_home,23551,Muminji,Embu,Mbeere North,Urban,,,,,,,,
63201,EMMB03055,EMMB03055224,,3,111,21,river,36308,Nthawa,Embu,Mbeere North,Rural,,,,,,,,
63202,EMMB03056,EMMB03056224,,4,459,11,tap_in_home,21646,Kiambere,Embu,Mbeere South,Rural,,,,,partially_functional,,,
63203,EMMB03057,EMMB03057224,,2,307,31,tap_in_home,30097,Makima,Embu,Mbeere South,Urban,,,,,partially_functional,,,
63204,EMMB03058,EMMB03058224,,2,387,3,shared_taps,47689,Mavuria,Embu,Mbeere South,Urban,,,,,partially_functional,,,
63205,EMMB03059,EMMB03059224,,4,65,18,tap_in_home,42611,Mbeti South,Embu,Mbeere South,Urban,,,,,partially_functional,,,
63206,EMMB03060,EMMB03060224,,5,152,4,river,44446,Mwea,Embu,Mbeere South,Rural,,,,,partially_functional,,,
63207,EMRU03061,EMRU03061224,,2,372,20,shared_taps,30425,Central Ward,Embu,Runyenjes,Rural,,,,,functional,,,
63208,EMRU03062,EMRU03062224,,3,494,48,well,29185,Kagaari North,Embu,Runyenjes,Rural,,Clean,,,functional,,,
63209,EMRU03063,EMRU03063224,,5,150,2,shared_taps,25543,Kagaari South,Embu,Runyenjes,Rural,,,,,partially_functional,,,
63210,EMRU03064,EMRU03064224,,2,131,47,well,26525,Kyeni North,Embu,Runyenjes,Rural,,Contaminated: Chemical,,,partially_functional,,,
63211,EMRU03065,EMRU03065224,,5,155,22,river,33082,Kyeni South,Embu,Runyenjes,Rural,,,,,partially_functional,,,
63212,GABA03066,GABA03066224,,3,532,48,shared_taps,5753,Balambala,Garissa,Balambala,Urban,,,,,,,,
63213,GABA03067,GABA03067224,,3,367,38,shared_taps,8320,Danyere,Garissa,Balambala,Urban,,,,,,,,
63214,GABA03068,GABA03068224,,1,462,37,tap_in_home,3112,Jara Jara,Garissa,Balambala,Urban,,,,,,,,
63215,GABA03069,GABA03069224,,4,14,5,shared_taps,1403,Saka,Garissa,Balambala,Urban,,,,,,,,
63216,GABA03070,GABA03070224,,2,31,5,tap_in_home_broken,3527,Sankuri,Garissa,Balambala,Urban,,,,,,,,
63217,GADA03071,GADA03071224,,3,111,7,well,21274,Abakaile,Garissa,Daadab,Urban,,Contaminated: Chemical,,,,,,
63218,GADA03072,GADA03072224,,3,298,32,well,36852,Dadaab,Garissa,Daadab,Rural,,Clean,,,functional,,,
63219,GADA03073,GADA03073224,,1,235,45,well,14988,Damajale,Garissa,Daadab,Rural,,Clean,,,,,,
63220,GADA03074,GADA03074224,,3,160,9,well,16000,Dertu,Garissa,Daadab,Rural,,Clean,,,,,,
63221,GADA03075,GADA03075224,,5,307,19,well,68839,Labasigale,Garissa,Daadab,Urban,,Contaminated: Chemical,,,functional,,,
63222,GADA03076,GADA03076224,,1,373,44,river,17907,Liboi,Garissa,Daadab,Rural,,,,,,,,
63223,GAFA03077,GAFA03077224,,2,372,48,river,71784,Bura,Garissa,Fafi,Rural,,,,,,,,
63224,GAFA03078,GAFA03078224,,5,46,32,well,21418,Dekaharia,Garissa,Fafi,Rural,,Contaminated:Biological,,,,,,
63225,GAFA03079,GAFA03079224,,1,241,29,river,4713,Fafi,Garissa,Fafi,Rural,,,,,,,,
63226,GAFA03080,GAFA03080224,,2,382,30,shared_taps,74405,Jarajila,Garissa,Fafi,Rural,,,,,functional,,,
63227,GAFA03081,GAFA03081224,,5,248,18,tap_in_home_broken,11870,Nanighi,Garissa,Fafi,Rural,,,,,functional,,,
63228,GAGA03082,GAGA03082224,,5,134,5,shared_taps,16614,Galbet,Garissa,Garissa Township,Urban,,,,,,,,
63229,GAGA03083,GAGA03083224,,1,360,8,well,23162,Iftin,Garissa,Garissa Township,Rural,,Contaminated:Biological,,,,,,
63230,GAGA03084,GAGA03084224,,2,276,40,shared_taps,0,Township,Garissa,Garissa Township,Urban,,,,,,,,
63231,GAGA03085,GAGA03085224,,2,178,26,well,8879,Waberi,Garissa,Garissa Township,Rural,,Clean,,,,,,
63232,GAIJ03086,GAIJ03086224,,5,81,21,tap_in_home,54385,Hulugho,Garissa,Ijara,Urban,,,,,,,,
63233,GAIJ03087,GAIJ03087224,,1,336,19,tap_in_home_broken,54152,Ijara,Garissa,Ijara,Urban,,,,,,,,
63234,GAIJ03088,GAIJ03088224,,4,124,35,shared_taps,139826,Masalani,Garissa,Ijara,Rural,,,,,,,,
63235,GAIJ03089,GAIJ03089224,,2,196,41,tap_in_home,16748,Sangailu,Garissa,Ijara,Urban,,,,,,,,
63236,GALA03090,GALA03090224,,3,14,9,well,34,Baraki,Garissa,Lagdera,Rural,,Clean,,,,,,
63237,GALA03091,GALA03091224,,2,154,0,shared_taps,11263,Benane,Garissa,Lagdera,Urban,,,,,,,,
63238,GALA03092,GALA03092224,,2,268,39,tap_in_home_broken,10775,Goreale,Garissa,Lagdera,Urban,,,,,,,,
63239,GALA03093,GALA03093224,,4,337,18,shared_taps,16669,Maalimin,Garissa,Lagdera,Rural,,,,,,,,
63240,GALA03094,GALA03094224,,2,87,18,river,4069,Modogashe,Garissa,Lagdera,Rural,,,,,,,,
63241,GALA03095,GALA03095224,,1,519,13,tap_in_home,5966,Sabena,Garissa,Lagdera,Urban,,,,,,,,
63242,HOHO03096,HOHO03096224,,4,40,2,shared_taps,32742,Homa Bay Arujo,Homa Bay,Homa Bay Town,Rural,,,,,functional,,,
63243,HOHO03097,HOHO03097224,,1,443,44,well,43551,Homa Bay Central,Homa Bay,Homa Bay Town,Rural,,Contaminated:Biological,,,functional,,,
63244,HOHO03098,HOHO03098224,,5,68,32,river,37865,Homa Bay East,Homa Bay,Homa Bay Town,Rural,,,,,partially_functional,,,
63245,HOHO03099,HOHO03099224,,5,472,46,shared_taps,19995,Homa Bay West,Homa Bay,Homa Bay Town,Urban,,,,,functional,,,
63246,KEBU03100,KEBU03100224,,4,359,9,tap_in_home,29074,Kapkatet,Kericho,Bureti,Urban,,,,,,,,
63247,HOKA03101,HOKA03101224,,2,500,27,tap_in_home,41191,Kabondo East,Homa Bay,Kabondo Kasipul,Urban,,,,,functional,,,
63248,HOKA03102,HOKA03102224,,2,455,33,shared_taps,37058,Kabondo West,Homa Bay,Kabondo Kasipul,Urban,,,,,partially_functional,,,
63249,HOKA03103,HOKA03103224,,2,525,25,shared_taps,21031,Kojwach,Homa Bay,Kabondo Kasipul,Rural,,,,,functional,,,
63250,HOKA03104,HOKA03104224,,2,208,5,well,35083,Kokwanyo/Kakelo,Homa Bay,Kabondo Kasipul,Rural,,Contaminated:Biological,,,functional,,,
63251,HOKA03105,HOKA03105224,,2,428,13,well,24631,Central,Homa Bay,Karachuonyo,Rural,,Clean,,,,,,
63252,HOKA03106,HOKA03106224,,4,516,6,well,23322,Kanyaluo,Homa Bay,Karachuonyo,Rural,,Contaminated: Chemical,,,,,,
63253,HOKA03107,HOKA03107224,,3,229,32,well,7709,Kendu Bay Town,Homa Bay,Karachuonyo,Rural,,Contaminated:Biological,,,,,,
63254,HOKA03108,HOKA03108224,,3,258,12,tap_in_home_broken,20178,Kibiri,Homa Bay,Karachuonyo,Rural,,,,,,,,
63255,HOKA03109,HOKA03109224,,2,195,25,well,16303,North Karachuonyo,Homa Bay,Karachuonyo,Rural,,Contaminated:Biological,,,functional,,,
63256,HOKA03110,HOKA03110224,,3,14,45,tap_in_home_broken,39210,Wangchieng,Homa Bay,Karachuonyo,Urban,,,,,,,,
63257,HOKA03111,HOKA03111224,,1,158,46,shared_taps,35850,West Karachuonyo,Homa Bay,Karachuonyo,Urban,,,,,,,,
63258,HOKA03112,HOKA03112224,,2,142,12,river,31762,Central Kasipul,Homa Bay,Kasipul,Rural,,,,,functional,,,
63259,HOKA03113,HOKA03113224,,4,190,30,well,18671,East Kamagak,Homa Bay,Kasipul,Rural,,Contaminated:Biological,,,functional,,,
63260,HOKA03114,HOKA03114224,,1,151,14,tap_in_home,36153,South Kasipul,Homa Bay,Kasipul,Urban,,,,,functional,,,
63261,HOKA03115,HOKA03115224,,1,357,26,shared_taps,24472,West Kamagak,Homa Bay,Kasipul,Rural,,,,,functional,,,
63262,HOKA03116,HOKA03116224,,5,264,41,shared_taps,33085,West Kasipul,Homa Bay,Kasipul,Urban,,,,,functional,,,
63263,HOMB03117,HOMB03117224,,4,472,8,tap_in_home,21576,Gembe,Homa Bay,Mbita,Urban,,,,,partially_functional,,,
63264,KEBU03118,KEBU03118224,,4,129,4,well,28008,Kisiara,Kericho,Bureti,Urban,,Contaminated:Biological,,,,,,
63265,HOMB03119,HOMB03119224,,5,192,45,shared_taps,24118,Kasgunga,Homa Bay,Mbita,Urban,,,,,partially_functional,,,
63266,HOMB03120,HOMB03120224,,4,180,1,tap_in_home_broken,30576,Lambwe,Homa Bay,Mbita,Urban,,,,,partially_functional,,,
63267,HOMB03121,HOMB03121224,,5,353,28,tap_in_home,32731,Mfangano Island,Homa Bay,Mbita,Urban,,,,,partially_functional,,,
63268,HOMB03122,HOMB03122224,,5,175,21,shared_taps,29456,Rusinga Island,Homa Bay,Mbita,Urban,,,,,partially_functional,,,
63269,HOND03123,HOND03123224,,3,530,3,well,61163,Kabuoch North,Homa Bay,Ndhiwa,Rural,,Contaminated: Chemical,,,partially_functional,,,
63270,HOND03124,HOND03124224,,4,416,1,tap_in_home,21221,Kabuoch South/Pala,Homa Bay,Ndhiwa,Rural,,,,,partially_functional,,,
63271,HOND03125,HOND03125224,,1,395,40,shared_taps,24510,Kanyadoto,Homa Bay,Ndhiwa,Urban,,,,,partially_functional,,,
63272,HOND03126,HOND03126224,,4,131,26,tap_in_home_broken,32070,Kanyamwa Kologi,Homa Bay,Ndhiwa,Urban,,,,,partially_functional,,,
63273,HOND03127,HOND03127224,,4,229,34,shared_taps,47239,Kanyamwa Kosewe,Homa Bay,Ndhiwa,Urban,,,,,partially_functional,,,
63274,HOND03128,HOND03128224,,2,50,0,well,8985,Kanyikela,Homa Bay,Ndhiwa,Rural,,Contaminated: Chemical,,,partially_functional,,,
63275,HOND03129,HOND03129224,,4,518,11,well,45663,Kwabwai,Homa Bay,Ndhiwa,Rural,,Contaminated: Chemical,,,partially_functional,,,
63276,HORA03130,HORA03130224,,4,242,7,tap_in_home,28646,East Gem,Homa Bay,Rangwe,Rural,,,,,partially_functional,,,
63277,HORA03131,HORA03131224,,2,214,1,shared_taps,38416,Kagan,Homa Bay,Rangwe,Urban,,,,,partially_functional,,,
63278,HORA03132,HORA03132224,,3,23,25,well,32432,Kochia,Homa Bay,Rangwe,Rural,,Clean,,,functional,,,
63279,HORA03133,HORA03133224,,3,376,40,tap_in_home,26420,West Gem,Homa Bay,Rangwe,Urban,,,,,functional,,,
63280,HOSU03134,HOSU03134224,,3,235,37,river,30960,Gwassi North,Homa Bay,Suba,Rural,,,,,partially_functional,,,
63281,HOSU03135,HOSU03135224,,3,228,34,river,45559,Gwassi South,Homa Bay,Suba,Rural,,,,,partially_functional,,,
63282,HOSU03136,HOSU03136224,,1,236,18,shared_taps,41994,Kaksingri West,Homa Bay,Suba,Urban,,,,,partially_functional,,,
63283,HOSU03137,HOSU03137224,,2,119,47,tap_in_home_broken,17316,Ruma-Kaksingri,Homa Bay,Suba,Urban,,,,,partially_functional,,,
63284,HOUN03138,HOUN03138224,,2,356,47,shared_taps,27541,unknown 6,Homa Bay,unknown 6,Rural,,,,,,,,
63285,ISIS03139,ISIS03139224,,3,460,14,river,37532,Bulla Pesa,Isiolo,Isiolo North,Rural,,,,,,,,
63286,ISIS03140,ISIS03140224,,3,192,0,river,24899,Burat,Isiolo,Isiolo North,Rural,,,,,functional,,,
63287,ISIS03141,ISIS03141224,,3,162,11,tap_in_home_broken,13325,Chari,Isiolo,Isiolo North,Urban,,,,,,,,
63288,ISIS03142,ISIS03142224,,5,13,31,shared_taps,45150,Cherab,Isiolo,Isiolo North,Rural,,,,,partially_functional,,,
63289,ISIS03143,ISIS03143224,,3,151,26,tap_in_home,11648,Ngare Mara,Isiolo,Isiolo North,Urban,,,,,functional,,,
63290,ISIS03144,ISIS03144224,,1,22,28,river,26817,Oldo/Nyiro,Isiolo,Isiolo North,Rural,,,,,non_functional,,,
63291,ISIS03145,ISIS03145224,,1,507,16,well,40973,Wabera,Isiolo,Isiolo North,Rural,,Contaminated: Chemical,,,,,,
63292,ISIS03146,ISIS03146224,,5,222,34,shared_taps,43991,Garbatulla,Isiolo,Isiolo South,Rural,,,,,,,,
63293,ISIS03147,ISIS03147224,,4,403,12,shared_taps,42598,Kinna,Isiolo,Isiolo South,Urban,,,,,,,,
63294,ISIS03148,ISIS03148224,,5,437,2,river,37685,Sericho,Isiolo,Isiolo South,Rural,,,,,,,,
63295,KAKA03149,KAKA03149224,,1,475,17,shared_taps,52933,Dalalekutuk,Kajiado,Kajiado Central,Urban,,,,,partially_functional,,,
63296,KAKA03150,KAKA03150224,,3,99,48,river,15248,Ildamat,Kajiado,Kajiado Central,Rural,,,,,partially_functional,,,
63297,KAKA03151,KAKA03151224,,5,113,13,tap_in_home_broken,51915,Matapato North,Kajiado,Kajiado Central,Urban,,,,,partially_functional,,,
63298,KAKA03152,KAKA03152224,,1,209,31,tap_in_home_broken,65155,Matapato South,Kajiado,Kajiado Central,Urban,,,,,partially_functional,,,
63299,KEBU03153,KEBU03153224,,4,326,25,well,39683,Litein,Kericho,Bureti,Rural,,Clean,,,,,,
63300,KAKA03154,KAKA03154224,,5,187,7,shared_taps,8904,Purko,Kajiado,Kajiado Central,Urban,,,,,functional,,,
63301,KAKA03155,KAKA03155224,,1,331,10,tap_in_home_broken,29892,Imaroro,Kajiado,Kajiado East,Urban,,,,,functional,,,
63302,KAKA03156,KAKA03156224,,2,80,19,well,107067,Kaputiei North,Kajiado,Kajiado East,Rural,,Contaminated: Chemical,,,functional,,,
63303,KAKA03157,KAKA03157224,,3,410,31,tap_in_home,38251,Kenyawa-Poka,Kajiado,Kajiado East,Urban,,,,,functional,,,
63304,KAKA03158,KAKA03158224,,5,244,8,well,13724,Kitengela,Kajiado,Kajiado East,Urban,,Contaminated:Biological,,,,,,
63305,KAKA03159,KAKA03159224,,3,320,26,shared_taps,74930,Oloosirkon/Sholinke,Kajiado,Kajiado East,Rural,,,,,functional,,,
63306,KAKA03160,KAKA03160224,,1,447,8,shared_taps,7378,Ngong,Kajiado,Kajiado North,Urban,,,,,functional,,,
63307,KAKA03161,KAKA03161224,,5,358,28,river,5362,Nkaimurunya,Kajiado,Kajiado North,Rural,,,,,,,,
63308,KAKA03162,KAKA03162224,,5,267,8,river,78798,Olkeri,Kajiado,Kajiado North,Urban,,,,,functional,,,
63309,KAKA03163,KAKA03163224,,4,204,36,well,18531,Oloolua,Kajiado,Kajiado North,Rural,,Contaminated:Biological,,,functional,,,
63310,KAKA03164,KAKA03164224,,2,309,37,tap_in_home_broken,1976,Ongata Rongai,Kajiado,Kajiado North,Urban,,,,,,,,
63311,KAKA03165,KAKA03165224,,1,79,30,shared_taps,35034,Entonet/Lenkisim,Kajiado,Kajiado South,Urban,,,,,functional,,,
63312,KAKA03166,KAKA03166224,,1,80,25,tap_in_home_broken,35295,Kimana,Kajiado,Kajiado South,Urban,,,,,functional,,,
63313,KAKA03167,KAKA03167224,,3,503,20,shared_taps,51394,Kuku,Kajiado,Kajiado South,Rural,,,,,functional,,,
63314,KAKA03168,KAKA03168224,,3,506,22,shared_taps,28074,Mbirikani/Eselenkei,Kajiado,Kajiado South,Rural,,,,,functional,,,
63315,KAKA03169,KAKA03169224,,4,495,14,shared_taps,72365,Rombo,Kajiado,Kajiado South,Urban,,,,,partially_functional,,,
63316,KAKH03170,KAKH03170224,,5,159,27,tap_in_home,24508,Kisa West,Kakamega,Khwisero,Urban,,,,,partially_functional,,,
63317,KAKA03171,KAKA03171224,,3,40,25,river,59216,Ewuaso Oonkidong'I,Kajiado,Kajiado West,Rural,,,,,functional,,,
63318,KAKA03172,KAKA03172224,,3,399,28,river,32368,Iloodokilani,Kajiado,Kajiado West,Rural,,,,,partially_functional,,,
63319,KAKA03173,KAKA03173224,,5,26,5,shared_taps,77231,Keekonyokie,Kajiado,Kajiado West,Urban,,,,,partially_functional,,,
63320,KAKA03174,KAKA03174224,,2,500,29,river,38946,Magadi,Kajiado,Kajiado West,Rural,,,,,partially_functional,,,
63321,KAKA03175,KAKA03175224,,1,529,42,shared_taps,4075,Mosiro,Kajiado,Kajiado West,Urban,,,,,,,,
63322,KABU03176,KABU03176224,,4,451,44,river,55839,Marama Central,Kakamega,Butere,Rural,,,,,partially_functional,,,
63323,KABU03177,KABU03177224,,2,265,10,tap_in_home,25841,Marama North,Kakamega,Butere,Urban,,,,,partially_functional,,,
63324,KABU03178,KABU03178224,,2,90,35,tap_in_home_broken,25657,Marama South,Kakamega,Butere,Urban,,,,,partially_functional,,,
63325,KABU03179,KABU03179224,,5,229,11,well,36189,Marama West,Kakamega,Butere,Rural,,Contaminated: Chemical,,,partially_functional,,,
63326,KABU03180,KABU03180224,,2,64,35,shared_taps,28912,Marenyo - Shianda,Kakamega,Butere,Urban,,,,,partially_functional,,,
63327,KAIK03181,KAIK03181224,,5,207,0,tap_in_home,37243,Idakho Central,Kakamega,Ikolomani,Urban,,,,,partially_functional,,,
63328,KAIK03182,KAIK03182224,,2,361,6,shared_taps,34127,Idakho East,Kakamega,Ikolomani,Urban,,,,,partially_functional,,,
63329,KAIK03183,KAIK03183224,,4,64,39,shared_taps,30124,Idakho North,Kakamega,Ikolomani,Rural,,,,,partially_functional,,,
63330,KAIK03184,KAIK03184224,,4,95,40,tap_in_home,22965,Idakho South,Kakamega,Ikolomani,Urban,,,,,partially_functional,,,
63331,KAKH03185,KAKH03185224,,2,101,39,tap_in_home,50804,Kisa Central,Kakamega,Khwisero,Urban,,,,,partially_functional,,,
63332,KAKH03186,KAKH03186224,,4,315,25,tap_in_home,24936,Kisa East,Kakamega,Khwisero,Urban,,,,,partially_functional,,,
63333,KAKH03187,KAKH03187224,,4,244,16,tap_in_home,22719,Kisa North,Kakamega,Khwisero,Urban,,,,,partially_functional,,,
63334,KALU03188,KALU03188224,,3,49,27,well,38964,Chevaywa,Kakamega,Lugari,Rural,,Clean,,,partially_functional,,,
63335,KALU03189,KALU03189224,,2,175,28,shared_taps,32301,Lwandeti,Kakamega,Lugari,Urban,,,,,functional,,,
63336,KALU03190,KALU03190224,,4,250,46,well,39639,Butsotso Central,Kakamega,Lurambi,Rural,,Contaminated: Chemical,,,partially_functional,,,
63337,KALU03191,KALU03191224,,1,465,16,shared_taps,28808,Butsotso East,Kakamega,Lurambi,Urban,,,,,partially_functional,,,
63338,KALU03192,KALU03192224,,4,347,43,tap_in_home,24708,Butsotso South,Kakamega,Lurambi,Urban,,,,,partially_functional,,,
63339,KALU03193,KALU03193224,,3,202,43,well,14757,Mahiakalo,Kakamega,Lurambi,Rural,,Contaminated:Biological,,,partially_functional,,,
63340,KALU03194,KALU03194224,,4,250,14,shared_taps,40244,Sheywe,Kakamega,Lurambi,Urban,,,,,partially_functional,,,
63341,KALU03195,KALU03195224,,3,220,43,river,19136,Shirere,Kakamega,Lurambi,Rural,,,,,partially_functional,,,
63342,KAMA03196,KAMA03196224,,4,361,44,tap_in_home,44250,Butali/Chegulo,Kakamega,Malava,Urban,,,,,partially_functional,,,
63343,KAMA03197,KAMA03197224,,1,109,41,shared_taps,33159,Chemuche,Kakamega,Malava,Rural,,,,,functional,,,
63344,KAMA03198,KAMA03198224,,2,35,19,tap_in_home_broken,29097,East Kabras,Kakamega,Malava,Urban,,,,,functional,,,
63345,KAMA03199,KAMA03199224,,2,334,48,tap_in_home,40163,Manda-Shivanga,Kakamega,Malava,Urban,,,,,partially_functional,,,
63346,KAMA03200,KAMA03200224,,2,530,45,tap_in_home,37098,Shirugu-Mugai,Kakamega,Malava,Urban,,,,,partially_functional,,,
63347,KAMA03201,KAMA03201224,,1,372,29,well,47198,South Kabras,Kakamega,Malava,Urban,,Contaminated:Biological,,,partially_functional,,,
63348,KAMA03202,KAMA03202224,,4,177,28,shared_taps,33430,West Kabras,Kakamega,Malava,Rural,,,,,functional,,,
63349,KAMA03203,KAMA03203224,,2,3,40,river,27151,Khalaba,Kakamega,Matungu,Rural,,,,,functional,,,
63350,KAMA03204,KAMA03204224,,1,531,15,tap_in_home,37020,Kholera,Kakamega,Matungu,Urban,,,,,partially_functional,,,
63351,KAMA03205,KAMA03205224,,3,66,47,well,49578,Koyonzo,Kakamega,Matungu,Rural,,Contaminated: Chemical,,,partially_functional,,,
63352,KAMA03206,KAMA03206224,,3,451,31,well,38643,Mayoni,Kakamega,Matungu,Rural,,Clean,,,partially_functional,,,
63353,KAMA03207,KAMA03207224,,2,262,20,well,38878,Namamali,Kakamega,Matungu,Rural,,Clean,,,partially_functional,,,
63354,KAMU03208,KAMU03208224,,1,433,10,tap_in_home,43907,East Wanga,Kakamega,Mumias East,Urban,,,,,partially_functional,,,
63355,KAMU03209,KAMU03209224,,5,162,24,river,53237,Lusheya/Lubinu,Kakamega,Mumias East,Rural,,,,,partially_functional,,,
63356,KAMU03210,KAMU03210224,,1,232,1,tap_in_home_broken,39297,Malaha/Isongo/Makunga,Kakamega,Mumias East,Rural,,,,,partially_functional,,,
63357,KAMU03211,KAMU03211224,,3,353,13,river,31565,Etenje,Kakamega,Mumias West,Rural,,,,,partially_functional,,,
63358,KAMU03212,KAMU03212224,,4,393,42,tap_in_home,40579,Mumias Central,Kakamega,Mumias West,Urban,,,,,partially_functional,,,
63359,KAMU03213,KAMU03213224,,4,22,36,river,11652,Mumias North,Kakamega,Mumias West,Rural,,,,,partially_functional,,,
63360,KAMU03214,KAMU03214224,,3,156,16,river,34945,Musanda,Kakamega,Mumias West,Rural,,,,,functional,,,
63361,KANA03215,KANA03215224,,2,260,16,river,35850,Bunyala Central,Kakamega,Navakholo,Rural,,,,,partially_functional,,,
63362,KANA03216,KANA03216224,,3,452,29,tap_in_home,28291,Bunyala East,Kakamega,Navakholo,Urban,,,,,partially_functional,,,
63363,KANA03217,KANA03217224,,5,518,17,river,46709,Bunyala West,Kakamega,Navakholo,Rural,,,,,partially_functional,,,
63364,KANA03218,KANA03218224,,5,440,5,shared_taps,28854,Ingostse-Mathia,Kakamega,Navakholo,Rural,,,,,partially_functional,,,
63365,KEBU03219,KEBU03219224,,4,437,8,tap_in_home_broken,26405,Cheplanget,Kericho,Bureti,Urban,,,,,,,,
63366,KANA03220,KANA03220224,,1,253,35,river,33749,Shinoyi-Shikomari-Esumeyia,Kakamega,Navakholo,Rural,,,,,partially_functional,,,
63367,KASH03221,KASH03221224,,2,221,15,shared_taps,37438,Isukha Central,Kakamega,Shinyalu,Urban,,,,,partially_functional,,,
63368,KASH03222,KASH03222224,,2,39,42,tap_in_home,19964,Isukha East,Kakamega,Shinyalu,Urban,,,,,functional,,,
63369,KASH03223,KASH03223224,,4,92,15,well,29213,Isukha North,Kakamega,Shinyalu,Rural,,Contaminated: Chemical,,,functional,,,
63370,KASH03224,KASH03224224,,1,478,28,tap_in_home,39596,Isukha South,Kakamega,Shinyalu,Urban,,,,,functional,,,
63371,KASH03225,KASH03225224,,4,498,44,well,22017,Isukha West,Kakamega,Shinyalu,Rural,,Contaminated: Chemical,,,functional,,,
63372,KASH03226,KASH03226224,,2,5,28,shared_taps,28073,Murhanda,Kakamega,Shinyalu,Rural,,,,,partially_functional,,,
63373,KEAI03227,KEAI03227224,,3,124,1,shared_taps,26252,Ainamoi,Kericho,Ainamoi,Urban,,,,,functional,,,
63374,KEAI03228,KEAI03228224,,5,74,9,well,20260,Kapkugerwet,Kericho,Ainamoi,Rural,,Clean,,,,,,
63375,KEAI03229,KEAI03229224,,4,485,19,tap_in_home,28599,Kapsaos,Kericho,Ainamoi,Urban,,,,,,,,
63376,KEAI03230,KEAI03230224,,1,156,21,tap_in_home,33091,Kapsoit,Kericho,Ainamoi,Urban,,,,,,,,
63377,KEAI03231,KEAI03231224,,1,306,16,shared_taps,60696,Kipchebor,Kericho,Ainamoi,Urban,,,,,,,,
63378,KEAI03232,KEAI03232224,,5,329,10,river,18001,Kipchimchim,Kericho,Ainamoi,Rural,,,,,,,,
63379,KEBE03233,KEBE03233224,,2,191,42,tap_in_home_broken,32115,Chaik,Kericho,Belgut,Urban,,,,,,,,
63380,KEBE03234,KEBE03234224,,4,42,20,shared_taps,30422,Cheptororiet/Seretut,Kericho,Belgut,Urban,,,,,,,,
63381,KEBE03235,KEBE03235224,,3,249,12,river,54072,Kabianga,Kericho,Belgut,Rural,,,,,,,,
63382,KEBE03236,KEBE03236224,,4,83,26,tap_in_home_broken,27130,Kapsuser,Kericho,Belgut,Urban,,,,,,,,
63383,KEBE03237,KEBE03237224,,4,437,35,shared_taps,42935,Waldai,Kericho,Belgut,Urban,,,,,,,,
63384,KEBU03238,KEBU03238224,,2,138,37,river,30133,Cheboin,Kericho,Bureti,Rural,,,,,,,,
63385,KEBU03239,KEBU03239224,,2,455,35,shared_taps,31586,Chemosot,Kericho,Bureti,Urban,,,,,,,,
63386,KEBU03240,KEBU03240224,,3,386,14,river,30409,Tebesonik,Kericho,Bureti,Rural,,,,,,,,
63387,KEKI03241,KEKI03241224,,1,74,7,river,52557,Chepseon,Kericho,Kipkelion East,Rural,,,,,,,,
63388,KEKI03242,KEKI03242224,,4,287,10,well,53929,Kedowa/Kimugul,Kericho,Kipkelion East,Rural,,Contaminated: Chemical,,,,,,
63389,KEKI03243,KEKI03243224,,5,50,33,tap_in_home_broken,35324,Londiani,Kericho,Kipkelion East,Urban,,,,,,,,
63390,KEKI03244,KEKI03244224,,2,118,41,river,25032,Tendeno/Sorget,Kericho,Kipkelion East,Urban,,,,,,,,
63391,KEKI03245,KEKI03245224,,1,407,13,shared_taps,42096,Chilchila,Kericho,Kipkelion West,Rural,,,,,,,,
63392,KEKI03246,KEKI03246224,,1,448,34,shared_taps,26509,Kamasian,Kericho,Kipkelion West,Rural,,,,,,,,
63393,KEKI03247,KEKI03247224,,5,364,13,well,35877,Kipkelion,Kericho,Kipkelion West,Rural,,Contaminated: Chemical,,,,,,
63394,KEKI03248,KEKI03248224,,4,219,10,shared_taps,24061,Kunyak,Kericho,Kipkelion West,Urban,,,,,,,,
63395,KESI03249,KESI03249224,,5,440,20,tap_in_home,34223,Kaplelartet,Kericho,Sigowet/Soin,Urban,,,,,,,,
63396,KESI03250,KESI03250224,,4,17,19,shared_taps,50981,Sigowet,Kericho,Sigowet/Soin,Urban,,,,,,,,
63397,KESI03251,KESI03251224,,4,20,23,tap_in_home,31646,Soin,Kericho,Sigowet/Soin,Urban,,,,,partially_functional,,,
63398,KESI03252,KESI03252224,,5,236,22,tap_in_home_broken,23414,Soliat,Kericho,Sigowet/Soin,Urban,,,,,,,,
63399,KIGA03253,KIGA03253224,,1,400,26,tap_in_home,26347,Chania,Kiambu,Gatundu North,Urban,,,,,,,,
63400,KIGA03254,KIGA03254224,,2,63,13,shared_taps,30521,Githobokoni,Kiambu,Gatundu North,Rural,,,,,functional,,,
63401,KIGA03255,KIGA03255224,,4,536,36,well,29112,Gituamba,Kiambu,Gatundu North,Rural,,Clean,,,,,,
63402,KIGA03256,KIGA03256224,,4,247,6,tap_in_home,42430,Mang'U,Kiambu,Gatundu North,Urban,,,,,,,,
63403,KIGA03257,KIGA03257224,,2,534,22,shared_taps,23834,Kiamwangi,Kiambu,Gatundu South,Urban,,,,,functional,,,
63404,KIGA03258,KIGA03258224,,5,4,32,well,29303,Kiganjo,Kiambu,Gatundu South,Rural,,Contaminated:Biological,,,partially_functional,,,
63405,KIGA03259,KIGA03259224,,3,54,40,tap_in_home,21188,Ndarugu,Kiambu,Gatundu South,Urban,,,,,functional,,,
63406,KIGA03260,KIGA03260224,,3,123,29,shared_taps,51458,Ngenda,Kiambu,Gatundu South,Urban,,,,,partially_functional,,,
63407,KIGI03261,KIGI03261224,,4,497,23,shared_taps,34893,Githiga,Kiambu,Githunguri,Rural,,,,,functional,,,
63408,KIGI03262,KIGI03262224,,1,27,27,tap_in_home,42109,Githunguri,Kiambu,Githunguri,Urban,,,,,functional,,,
63409,KIGI03263,KIGI03263224,,2,87,42,shared_taps,43022,Ikinu,Kiambu,Githunguri,Urban,,,,,partially_functional,,,
63410,KIGI03264,KIGI03264224,,1,418,28,tap_in_home_broken,37370,Komothai,Kiambu,Githunguri,Urban,,,,,functional,,,
63411,KIGI03265,KIGI03265224,,4,283,44,river,32725,Ngewa,Kiambu,Githunguri,Rural,,,,,,,,
63412,KIJU03266,KIJU03266224,,2,354,19,river,84659,Juja,Kiambu,Juja,Rural,,,,,functional,,,
63413,KIJU03267,KIJU03267224,,1,113,10,river,140254,Kalimoni,Kiambu,Juja,Rural,,,,,partially_functional,,,
63414,KIJU03268,KIJU03268224,,1,104,17,well,108274,Murera,Kiambu,Juja,Rural,,Contaminated:Biological,,,partially_functional,,,
63415,KIJU03269,KIJU03269224,,1,284,5,tap_in_home,9794,Theta,Kiambu,Juja,Urban,,,,,,,,
63416,KIJU03270,KIJU03270224,,4,507,41,shared_taps,14411,Witeithie,Kiambu,Juja,Rural,,,,,partially_functional,,,
63417,KIKA03271,KIKA03271224,,3,515,21,river,2186,Gitaru,Kiambu,Kabete,Rural,,,,,functional,,,
63418,KIKA03272,KIKA03272224,,4,389,3,river,13867,Kabete,Kiambu,Kabete,Rural,,,,,functional,,,
63419,KIKA03273,KIKA03273224,,5,227,41,river,33053,Muguga,Kiambu,Kabete,Rural,,,,,functional,,,
63420,KIKA03274,KIKA03274224,,5,141,21,tap_in_home,23406,Nyadhuna,Kiambu,Kabete,Rural,,,,,functional,,,
63421,KIKA03275,KIKA03275224,,5,380,19,tap_in_home,0,Uthiru,Kiambu,Kabete,Urban,,,,,,,,
63422,KIKI03276,KIKI03276224,,3,481,36,tap_in_home,23072,Cianda,Kiambu,Kiambaa,Urban,,,,,partially_functional,,,
63423,KIKI03277,KIKI03277224,,4,344,1,shared_taps,11859,Karuri,Kiambu,Kiambaa,Rural,,,,,functional,,,
63424,KIKA03278,KIKA03278224,,1,59,6,river,29492,Mwanamwinga,Kilifi,Kaloleni,Rural,,,,,,,,
63425,KIKI03279,KIKI03279224,,5,219,24,tap_in_home_broken,612,Kihara,Kiambu,Kiambaa,Rural,,,,,partially_functional,,,
63426,KIKI03280,KIKI03280224,,4,369,4,tap_in_home,8613,Muchatha,Kiambu,Kiambaa,Urban,,,,,functional,,,
63427,KIKI03281,KIKI03281224,,1,51,10,tap_in_home,15179,Ndenderu,Kiambu,Kiambaa,Urban,,,,,functional,,,
63428,KIKI03282,KIKI03282224,,5,43,29,shared_taps,21895,Ndumberi,Kiambu,Kiambu,Urban,,,,,functional,,,
63429,KIKI03283,KIKI03283224,,4,453,23,shared_taps,7017,Riabai,Kiambu,Kiambu,Urban,,,,,,,,
63430,KIKI03284,KIKI03284224,,4,333,34,river,35618,Ting'Ang'A,Kiambu,Kiambu,Rural,,,,,functional,,,
63431,KIKI03285,KIKI03285224,,2,51,39,shared_taps,26792,Township,Kiambu,Kiambu,Urban,,,,,functional,,,
63432,KIKI03286,KIKI03286224,,4,303,34,shared_taps,39102,Karai,Kiambu,Kikuyu,Rural,,,,,functional,,,
63433,KIKI03287,KIKI03287224,,2,351,41,tap_in_home,28957,Kikuyu,Kiambu,Kikuyu,Urban,,,,,functional,,,
63434,KIKI03288,KIKI03288224,,4,344,17,shared_taps,0,Kinoo,Kiambu,Kikuyu,Urban,,,,,functional,,,
63435,KIKI03289,KIKI03289224,,1,357,1,well,34359,Nachu,Kiambu,Kikuyu,Rural,,Contaminated: Chemical,,,partially_functional,,,
63436,KIKI03290,KIKI03290224,,5,212,35,tap_in_home_broken,46327,Sigona,Kiambu,Kikuyu,Urban,,,,,functional,,,
63437,KILA03291,KILA03291224,,4,297,40,shared_taps,23579,Kamburu,Kiambu,Lari,Rural,,,,,,,,
63438,KILA03292,KILA03292224,,4,289,43,tap_in_home,29976,Kijabe,Kiambu,Lari,Urban,,,,,partially_functional,,,
63439,KILA03293,KILA03293224,,5,347,29,river,37185,Kinale,Kiambu,Lari,Urban,,,,,partially_functional,,,
63440,KILA03294,KILA03294224,,2,381,32,tap_in_home_broken,35077,Lari/Kirenga,Kiambu,Lari,Urban,,,,,partially_functional,,,
63441,KILA03295,KILA03295224,,1,220,37,river,28697,Nyanduma,Kiambu,Lari,Rural,,,,,,,,
63442,KILI03296,KILI03296224,,4,272,32,tap_in_home,31310,Bibirioni,Kiambu,Limuru,Urban,,,,,functional,,,
63443,KILI03297,KILI03297224,,3,310,46,shared_taps,36251,Limuru Central,Kiambu,Limuru,Urban,,,,,functional,,,
63444,KILI03298,KILI03298224,,5,481,41,tap_in_home,35771,Limuru East,Kiambu,Limuru,Rural,,,,,functional,,,
63445,KILI03299,KILI03299224,,1,477,20,shared_taps,35799,Ndeiya,Kiambu,Limuru,Rural,,,,,partially_functional,,,
63446,KILI03300,KILI03300224,,4,451,5,river,38033,Ngecha Tigoni,Kiambu,Limuru,Rural,,,,,partially_functional,,,
63447,KIRU03301,KIRU03301224,,4,42,37,well,2688,Biashara,Kiambu,Ruiru,Rural,,Contaminated:Biological,,,,,,
63448,KIRU03302,KIRU03302224,,2,200,17,well,39809,Gitothua,Kiambu,Ruiru,Rural,,Contaminated: Chemical,,,functional,,,
63449,KIRU03303,KIRU03303224,,5,112,27,tap_in_home,61101,Kiuu,Kiambu,Ruiru,Urban,,,,,partially_functional,,,
63450,KITH03304,KITH03304224,,5,317,26,river,30017,Gatuanyaga,Kiambu,Thika Town,Rural,,,,,partially_functional,,,
63451,KITH03305,KITH03305224,,2,147,28,tap_in_home,43051,Hospital,Kiambu,Thika Town,Urban,,,,,non_functional,,,
63452,KITH03306,KITH03306224,,1,300,9,well,31204,Kamenu,Kiambu,Thika Town,Rural,,Contaminated:Biological,,,functional,,,
63453,KITH03307,KITH03307224,,1,77,10,shared_taps,25723,Ngoliba,Kiambu,Thika Town,Rural,,,,,functional,,,
63454,KITH03308,KITH03308224,,3,282,5,tap_in_home,16458,Township,Kiambu,Thika Town,Rural,,,,,,,,
63455,KIGA03309,KIGA03309224,,4,77,2,shared_taps,49603,Bamba,Kilifi,Ganze,Urban,,,,,unknown,,,
63456,KIGA03310,KIGA03310224,,2,134,23,well,39311,Ganze,Kilifi,Ganze,Rural,,Contaminated: Chemical,,,,,,
63457,KIGA03311,KIGA03311224,,1,96,38,river,29349,Jaribuni,Kilifi,Ganze,Rural,,,,,,,,
63458,KIGA03312,KIGA03312224,,1,379,24,river,56942,Sokoke,Kilifi,Ganze,Rural,,,,,,,,
63459,KIKA03313,KIKA03313224,,4,77,32,river,75036,Kaloleni,Kilifi,Kaloleni,Urban,,,,,,,,
63460,KIKA03314,KIKA03314224,,2,343,23,shared_taps,50939,Kayafungo,Kilifi,Kaloleni,Urban,,,,,,,,
63461,KIKA03315,KIKA03315224,,3,529,36,river,61131,Mariakani,Kilifi,Kaloleni,Rural,,,,,,,,
63462,KIKI03316,KIKI03316224,,4,505,18,shared_taps,68596,Dabaso,Kilifi,Kilifi North,Rural,,,,,,,,
63463,KIKI03317,KIKI03317224,,2,317,16,shared_taps,43572,Kibarani,Kilifi,Kilifi North,Urban,,,,,,,,
63464,KIKI03318,KIKI03318224,,4,235,23,shared_taps,54107,Matsangoni,Kilifi,Kilifi North,Urban,,,,,,,,
63465,KIKI03319,KIKI03319224,,2,172,2,tap_in_home_broken,49474,Mnarani,Kilifi,Kilifi North,Urban,,,,,,,,
63466,KIKI03320,KIKI03320224,,4,397,17,river,4274,Sokoni,Kilifi,Kilifi North,Urban,,,,,,,,
63467,KIKI03321,KIKI03321224,,4,426,5,well,48853,Tezo,Kilifi,Kilifi North,Rural,,Contaminated:Biological,,,,,,
63468,KIKI03322,KIKI03322224,,4,439,38,tap_in_home,24369,Watamu,Kilifi,Kilifi North,Urban,,,,,,,,
63469,KIKI03323,KIKI03323224,,5,63,8,tap_in_home,41998,Chasimba,Kilifi,Kilifi South,Urban,,,,,,,,
63470,KIKI03324,KIKI03324224,,1,333,37,well,47618,Junju,Kilifi,Kilifi South,Rural,,Clean,,,,,,
63471,KIKI03325,KIKI03325224,,2,261,21,river,58582,Mtepeni,Kilifi,Kilifi South,Rural,,,,,functional,,,
63472,KIKI03326,KIKI03326224,,1,252,25,well,35876,Mwarakaya,Kilifi,Kilifi South,Rural,,Contaminated: Chemical,,,,,,
63473,KIKI03327,KIKI03327224,,3,468,2,river,31686,Shimo La Tewa,Kilifi,Kilifi South,Rural,,,,,functional,,,
63474,KIMA03328,KIMA03328224,,5,520,48,tap_in_home,59050,Adu,Kilifi,Magarini,Urban,,,,,,,,
63475,KIMA03329,KIMA03329224,,4,225,5,tap_in_home,40035,Garashi,Kilifi,Magarini,Urban,,,,,,,,
63476,KIMA03330,KIMA03330224,,5,291,16,tap_in_home_broken,45999,Gongoni,Kilifi,Magarini,Urban,,,,,,,,
63477,KIMA03331,KIMA03331224,,1,311,9,tap_in_home_broken,12500,Magarini,Kilifi,Magarini,Urban,,,,,,,,
63478,KIMA03332,KIMA03332224,,4,304,37,tap_in_home,65126,Marafa,Kilifi,Magarini,Rural,,,,,,,,
63479,KIMA03333,KIMA03333224,,4,206,12,shared_taps,72824,Ganda,Kilifi,Malindi,Urban,,,,,,,,
63480,KIMA03334,KIMA03334224,,3,27,34,tap_in_home,27251,Jilore,Kilifi,Malindi,Urban,,,,,,,,
63481,KIMA03335,KIMA03335224,,4,78,44,tap_in_home_broken,22806,Kakuyuni,Kilifi,Malindi,Urban,,,,,,,,
63482,KIMA03336,KIMA03336224,,5,500,31,tap_in_home_broken,43961,Malindi Town,Kilifi,Malindi,Urban,,,,,,,,
63483,KIMA03337,KIMA03337224,,2,335,10,river,23299,Sabaki,Kilifi,Malindi,Rural,,,,,,,,
63484,KIMA03338,KIMA03338224,,4,193,32,tap_in_home,17542,Shella,Kilifi,Malindi,Rural,,,,,,,,
63485,KIRA03339,KIRA03339224,,4,54,6,tap_in_home,23681,Kambe/Ribe,Kilifi,Rabai,Urban,,,,,,,,
63486,KIRA03340,KIRA03340224,,2,359,14,well,21706,Mwawesa,Kilifi,Rabai,Rural,,Contaminated: Chemical,,,,,,
63487,KIRA03341,KIRA03341224,,3,57,47,river,57556,Rabai/Kisurutini,Kilifi,Rabai,Rural,,,,,,,,
63488,KIRA03342,KIRA03342224,,1,422,13,tap_in_home,30953,Ruruma,Kilifi,Rabai,Urban,,,,,,,,
63489,KIGI03343,KIGI03343224,,3,386,17,tap_in_home_broken,24795,Baragwi,Kirinyaga,Gichugu,Urban,,,,,,,,
63490,KIGI03344,KIGI03344224,,5,168,7,shared_taps,44612,Kabare,Kirinyaga,Gichugu,Urban,,,,,,,,
63491,KIGI03345,KIGI03345224,,5,133,22,shared_taps,56621,Karumandi,Kirinyaga,Gichugu,Urban,,,,,,,,
63492,KIGI03346,KIGI03346224,,2,118,20,well,20813,Ngariama,Kirinyaga,Gichugu,Rural,,Clean,,,,,,
63493,KIGI03347,KIGI03347224,,1,404,7,tap_in_home,28447,Njukiini,Kirinyaga,Gichugu,Urban,,,,,,,,
63494,KIKI03348,KIKI03348224,,5,145,20,shared_taps,35202,Inoi,Kirinyaga,Kirinyaga Central,Rural,,,,,,,,
63495,KIKI03349,KIKI03349224,,1,364,24,tap_in_home_broken,34633,Kanyekini,Kirinyaga,Kirinyaga Central,Rural,,,,,,,,
63496,KIKI03350,KIKI03350224,,4,332,26,shared_taps,35925,Kerugoya,Kirinyaga,Kirinyaga Central,Urban,,,,,,,,
63497,KIKI03351,KIKI03351224,,3,29,27,shared_taps,27424,Mutira,Kirinyaga,Kirinyaga Central,Rural,,,,,,,,
63498,KIMW03352,KIMW03352224,,5,58,16,well,25246,Gathigiriri,Kirinyaga,Mwea,Rural,,Contaminated:Biological,,,,,,
63499,KIMW03353,KIMW03353224,,3,504,22,shared_taps,33872,Kangai,Kirinyaga,Mwea,Urban,,,,,,,,
63500,KIMW03354,KIMW03354224,,3,170,42,well,38507,Murinduko,Kirinyaga,Mwea,Rural,,Contaminated:Biological,,,,,,
63501,KIMW03355,KIMW03355224,,5,276,41,tap_in_home,37684,Mutithi,Kirinyaga,Mwea,Urban,,,,,,,,
63502,KIMW03356,KIMW03356224,,1,200,37,shared_taps,36556,Nyangati,Kirinyaga,Mwea,Urban,,,,,,,,
63503,KIMW03357,KIMW03357224,,2,348,25,shared_taps,51024,Tebere,Kirinyaga,Mwea,Urban,,,,,,,,
63504,KIMW03358,KIMW03358224,,3,220,42,shared_taps,31151,Thiba,Kirinyaga,Mwea,Urban,,,,,,,,
63505,KIMW03359,KIMW03359224,,1,339,12,shared_taps,17177,Wamumu,Kirinyaga,Mwea,Urban,,,,,,,,
63506,KIND03360,KIND03360224,,5,64,9,shared_taps,37285,Kariti,Kirinyaga,Ndia,Urban,,,,,,,,
63507,KIND03361,KIND03361224,,5,439,4,tap_in_home_broken,50629,Kiine,Kirinyaga,Ndia,Urban,,,,,,,,
63508,KIND03362,KIND03362224,,5,529,45,tap_in_home_broken,40526,Mukure,Kirinyaga,Ndia,Rural,,,,,,,,
63509,KIBO03363,KIBO03363224,,5,479,21,tap_in_home,38224,Basi Bogetaorio,Kisii,Bobasi,Urban,,,,,functional,,,
63510,KIBO03364,KIBO03364224,,3,26,18,well,25764,Basi Central,Kisii,Bobasi,Rural,,Clean,,,,,,
63511,KIBO03365,KIBO03365224,,5,71,18,shared_taps,26250,Bobasi Boitangare,Kisii,Bobasi,Urban,,,,,,,,
63512,KIBO03366,KIBO03366224,,2,91,13,well,28758,Bobasi Chache,Kisii,Bobasi,Rural,,Contaminated: Chemical,,,,,,
63513,KIBO03367,KIBO03367224,,1,431,18,well,21475,Masige East,Kisii,Bobasi,Rural,,Contaminated: Chemical,,,,,,
63514,KIBO03368,KIBO03368224,,1,159,9,well,22381,Masige West,Kisii,Bobasi,Urban,,Contaminated: Chemical,,,,,,
63515,KIBO03369,KIBO03369224,,3,285,33,river,36192,Nyacheki,Kisii,Bobasi,Rural,,,,,functional,,,
63516,KIBO03370,KIBO03370224,,1,319,19,shared_taps,22879,Sameta/Mokwerero,Kisii,Bobasi,Rural,,,,,,,,
63517,KIBO03371,KIBO03371224,,2,398,3,well,44167,Bokimonge,Kisii,Bomachoge Borabu,Rural,,Contaminated:Biological,,,,,,
63518,KIBO03372,KIBO03372224,,4,532,22,shared_taps,27111,Bombaba Borabu,Kisii,Bomachoge Borabu,Rural,,,,,,,,
63519,KIBO03373,KIBO03373224,,3,294,32,river,16600,Boochi Borabu,Kisii,Bomachoge Borabu,Urban,,,,,,,,
63520,KIBO03374,KIBO03374224,,4,247,44,well,32069,Magenche,Kisii,Bomachoge Borabu,Urban,,Contaminated: Chemical,,,,,,
63521,KIBO03375,KIBO03375224,,2,17,45,well,41038,Boochi/Tendere,Kisii,Bomachoge Chache,Rural,,Contaminated:Biological,,,,,,
63522,KIBO03376,KIBO03376224,,2,60,1,tap_in_home_broken,43670,Bosoti/Sengera,Kisii,Bomachoge Chache,Urban,,,,,,,,
63523,KIBO03377,KIBO03377224,,4,419,10,river,27894,Majoge Basi,Kisii,Bomachoge Chache,Rural,,,,,functional,,,
63524,KIBO03378,KIBO03378224,,1,133,25,well,26096,Bogiakumu,Kisii,Bonchari,Rural,,Contaminated: Chemical,,,,,,
63525,KIBO03379,KIBO03379224,,1,424,12,river,26642,Bomariba,Kisii,Bonchari,Rural,,,,,,,,
63526,KIBO03380,KIBO03380224,,2,373,37,shared_taps,44213,Bomorenda,Kisii,Bonchari,Urban,,,,,,,,
63527,KIBO03381,KIBO03381224,,4,499,22,river,42431,Riana,Kisii,Bonchari,Rural,,,,,,,,
63528,KIKI03382,KIKI03382224,,5,240,45,well,21939,Kegogi,Kisii,Kitutu Chache North,Rural,,Contaminated:Biological,,,functional,,,
63529,KIMW03383,KIMW03383224,,3,386,8,well,22748,Ngomeni,Kitui,Mwingi North,Rural,,Contaminated:Biological,,,,,,
63530,KIKI03384,KIKI03384224,,1,138,21,well,36234,Marani,Kisii,Kitutu Chache North,Rural,,Clean,,,functional,,,
63531,KIKI03385,KIKI03385224,,2,423,3,well,33799,Monyerero,Kisii,Kitutu Chache North,Rural,,Contaminated: Chemical,,,,,,
63532,KIKI03386,KIKI03386224,,4,352,9,well,32084,Sensi,Kisii,Kitutu Chache North,Rural,,Clean,,,functional,,,
63533,KIKI03387,KIKI03387224,,4,224,44,river,18545,Bogeka,Kisii,Kitutu Chache South,Urban,,,,,,,,
63534,KIKI03388,KIKI03388224,,2,71,36,river,28504,Bogusero,Kisii,Kitutu Chache South,Rural,,,,,functional,,,
63535,KIKI03389,KIKI03389224,,3,163,25,tap_in_home,13244,Kitutu Central,Kisii,Kitutu Chache South,Urban,,,,,,,,
63536,KIKI03390,KIKI03390224,,4,411,45,shared_taps,31721,Nyakoe,Kisii,Kitutu Chache South,Rural,,,,,,,,
63537,KIKI03391,KIKI03391224,,1,185,1,shared_taps,26629,Nyatieko,Kisii,Kitutu Chache South,Rural,,,,,functional,,,
63538,KINY03392,KINY03392224,,1,212,36,well,26280,Birongo,Kisii,Nyaribari Chache,Rural,,Clean,,,functional,,,
63539,KINY03393,KINY03393224,,2,92,25,tap_in_home,29995,Bobaracho,Kisii,Nyaribari Chache,Urban,,,,,partially_functional,,,
63540,KINY03394,KINY03394224,,5,101,40,river,27611,Ibeno,Kisii,Nyaribari Chache,Rural,,,,,,,,
63541,KINY03395,KINY03395224,,4,81,18,river,23510,Keumbu,Kisii,Nyaribari Chache,Rural,,,,,functional,,,
63542,KINY03396,KINY03396224,,1,138,15,tap_in_home,20600,Kiogoro,Kisii,Nyaribari Chache,Urban,,,,,,,,
63543,KINY03397,KINY03397224,,3,81,1,tap_in_home,9417,Kisii Central,Kisii,Nyaribari Chache,Urban,,,,,,,,
63544,KINY03398,KINY03398224,,5,39,35,tap_in_home_broken,26894,Gesusu,Kisii,Nyaribari Masaba,Urban,,,,,,,,
63545,KINY03399,KINY03399224,,3,128,11,well,32158,Ichuni,Kisii,Nyaribari Masaba,Urban,,Contaminated: Chemical,,,partially_functional,,,
63546,KINY03400,KINY03400224,,1,322,41,well,23922,Kiamokama,Kisii,Nyaribari Masaba,Rural,,Clean,,,,,,
63547,KINY03401,KINY03401224,,2,414,26,shared_taps,33083,Masimba,Kisii,Nyaribari Masaba,Rural,,,,,,,,
63548,KINY03402,KINY03402224,,1,259,13,shared_taps,19687,Nyamasibi,Kisii,Nyaribari Masaba,Urban,,,,,,,,
63549,KISO03403,KISO03403224,,3,41,23,tap_in_home,32173,Bogetenga,Kisii,South Mugirango,Urban,,,,,functional,,,
63550,KISO03404,KISO03404224,,4,489,8,river,24141,Boikang'A,Kisii,South Mugirango,Rural,,,,,,,,
63551,KISO03405,KISO03405224,,5,269,21,shared_taps,46014,Borabu / Chitago,Kisii,South Mugirango,Urban,,,,,,,,
63552,KISO03406,KISO03406224,,5,378,1,river,18500,Getenga,Kisii,South Mugirango,Rural,,,,,,,,
63553,KISO03407,KISO03407224,,3,340,33,river,34205,Moticho,Kisii,South Mugirango,Rural,,,,,functional,,,
63554,KISO03408,KISO03408224,,3,440,6,shared_taps,36121,Tabaka,Kisii,South Mugirango,Rural,,,,,functional,,,
63555,KIKI03409,KIKI03409224,,2,2,43,tap_in_home,0,Kondele,Kisumu,Kisumu Central,Urban,,,,,partially_functional,,,
63556,KIKI03410,KIKI03410224,,4,290,47,shared_taps,3765,Market Milimani,Kisumu,Kisumu Central,Rural,,,,,functional,,,
63557,KIKI03411,KIKI03411224,,2,334,1,tap_in_home,0,Migosi,Kisumu,Kisumu Central,Urban,,,,,,,,
63558,KIKI03412,KIKI03412224,,2,148,43,river,0,Nyalenda 'A',Kisumu,Kisumu Central,Rural,,,,,partially_functional,,,
63559,KIKI03413,KIKI03413224,,3,482,6,shared_taps,14448,Nyalenda B,Kisumu,Kisumu Central,Urban,,,,,partially_functional,,,
63560,KIKI03414,KIKI03414224,,3,109,19,shared_taps,19106,Railways,Kisumu,Kisumu Central,Urban,,,,,partially_functional,,,
63561,KIKI03415,KIKI03415224,,4,358,14,well,0,Shaurimoyo Kaloleni,Kisumu,Kisumu Central,Rural,,Contaminated:Biological,,,functional,,,
63562,KIKI03416,KIKI03416224,,5,204,16,well,44928,Kajulu,Kisumu,Kisumu East,Rural,,Clean,,,partially_functional,,,
63563,KIKI03417,KIKI03417224,,1,89,25,well,27864,Kolwa Central,Kisumu,Kisumu East,Rural,,Clean,,,partially_functional,,,
63564,KIKI03418,KIKI03418224,,2,388,31,well,35123,Kolwa East,Kisumu,Kisumu East,Rural,,Contaminated: Chemical,,,partially_functional,,,
63565,KIKI03419,KIKI03419224,,1,81,12,river,0,Manyatta 'B',Kisumu,Kisumu East,Urban,,,,,partially_functional,,,
63566,KIKI03420,KIKI03420224,,3,460,47,shared_taps,49342,Central Kisumu,Kisumu,Kisumu West,Urban,,,,,partially_functional,,,
63567,KIKI03421,KIKI03421224,,5,502,0,tap_in_home,32725,Kisumu North,Kisumu,Kisumu West,Urban,,,,,partially_functional,,,
63568,KIKI03422,KIKI03422224,,2,501,18,river,38191,North West Kisumu,Kisumu,Kisumu West,Rural,,,,,partially_functional,,,
63569,KIKI03423,KIKI03423224,,1,454,0,river,37647,South West Kisumu,Kisumu,Kisumu West,Urban,,,,,partially_functional,,,
63570,KIKI03424,KIKI03424224,,2,306,9,shared_taps,40503,West Kisumu,Kisumu,Kisumu West,Urban,,,,,partially_functional,,,
63571,KIMU03425,KIMU03425224,,5,33,17,shared_taps,32713,Chemelil,Kisumu,Muhoroni,Rural,,,,,functional,,,
63572,KIMU03426,KIMU03426224,,5,159,37,well,45326,Masogo/Nyang'Oma,Kisumu,Muhoroni,Rural,,Contaminated:Biological,,,partially_functional,,,
63573,KIMU03427,KIMU03427224,,2,450,11,shared_taps,14557,Miwani,Kisumu,Muhoroni,Rural,,,,,partially_functional,,,
63574,KIMU03428,KIMU03428224,,2,366,24,tap_in_home,38272,Muhoroni/Koru,Kisumu,Muhoroni,Urban,,,,,partially_functional,,,
63575,KIMU03429,KIMU03429224,,3,48,30,well,34466,Ombeyi,Kisumu,Muhoroni,Rural,,Clean,,,partially_functional,,,
63576,KINY03430,KINY03430224,,4,199,21,river,29637,Central Nyakach,Kisumu,Nyakach,Urban,,,,,partially_functional,,,
63577,KINY03431,KINY03431224,,4,275,44,shared_taps,38693,North Nyakach,Kisumu,Nyakach,Rural,,,,,partially_functional,,,
63578,KINY03432,KINY03432224,,3,369,47,shared_taps,37682,South East Nyakach,Kisumu,Nyakach,Urban,,,,,partially_functional,,,
63579,KINY03433,KINY03433224,,1,476,11,shared_taps,20841,South West Nyakach,Kisumu,Nyakach,Rural,,,,,partially_functional,,,
63580,KINY03434,KINY03434224,,3,315,21,well,34468,West Nyakach,Kisumu,Nyakach,Rural,,Clean,,,partially_functional,,,
63581,KINY03435,KINY03435224,,4,96,20,shared_taps,57096,Ahero,Kisumu,Nyando,Rural,,,,,partially_functional,,,
63582,KIMW03436,KIMW03436224,,5,256,5,river,18242,Tharaka,Kitui,Mwingi North,Urban,,,,,,,,
63583,KINY03437,KINY03437224,,2,418,9,shared_taps,25931,Awasi/Onjiko,Kisumu,Nyando,Urban,,,,,partially_functional,,,
63584,KINY03438,KINY03438224,,2,35,32,tap_in_home_broken,22799,East Kano/Wawidhi,Kisumu,Nyando,Urban,,,,,partially_functional,,,
63585,KINY03439,KINY03439224,,1,130,26,tap_in_home,32509,Kabonyo/Kanyagwal,Kisumu,Nyando,Urban,,,,,partially_functional,,,
63586,KINY03440,KINY03440224,,1,162,11,river,45491,Kobura,Kisumu,Nyando,Rural,,,,,partially_functional,,,
63587,KISE03441,KISE03441224,,4,34,2,river,29226,Central Seme,Kisumu,Seme,Rural,,,,,partially_functional,,,
63588,KISE03442,KISE03442224,,2,4,26,shared_taps,34603,East Seme,Kisumu,Seme,Urban,,,,,partially_functional,,,
63589,KISE03443,KISE03443224,,4,133,0,well,35745,North Seme,Kisumu,Seme,Rural,,Contaminated:Biological,,,partially_functional,,,
63590,KISE03444,KISE03444224,,1,412,37,river,41653,West Seme,Kisumu,Seme,Urban,,,,,partially_functional,,,
63591,KIKI03445,KIKI03445224,,2,243,26,shared_taps,40607,Kyangwithya East,Kitui,Kitui Central,Rural,,,,,,,,
63592,KIKI03446,KIKI03446224,,5,374,38,well,35216,Kyangwithya West,Kitui,Kitui Central,Rural,,Contaminated:Biological,,,,,,
63593,KIKI03447,KIKI03447224,,1,10,43,well,28677,Miambani,Kitui,Kitui Central,Rural,,Clean,,,,,,
63594,KIKI03448,KIKI03448224,,3,441,19,river,27126,Township,Kitui,Kitui Central,Rural,,,,,,,,
63595,KIKI03449,KIKI03449224,,3,447,24,shared_taps,20089,Chuluni,Kitui,Kitui East,Rural,,,,,,,,
63596,KIKI03450,KIKI03450224,,4,284,5,well,15893,Endau/Malalani,Kitui,Kitui East,Urban,,Clean,,,,,,
63597,KIKI03451,KIKI03451224,,3,213,3,shared_taps,24041,Mutito/Kaliku,Kitui,Kitui East,Rural,,,,,,,,
63598,KIKI03452,KIKI03452224,,5,2,47,shared_taps,28172,Nzambani,Kitui,Kitui East,Rural,,,,,,,,
63599,KIKI03453,KIKI03453224,,5,366,10,shared_taps,29370,Voo/Kyamatu,Kitui,Kitui East,Urban,,,,,,,,
63600,KIKI03454,KIKI03454224,,1,278,23,well,26734,Zombe/Mwitika,Kitui,Kitui East,Rural,,Clean,,,,,,
63601,KIKI03455,KIKI03455224,,4,256,34,shared_taps,29741,Kanyangi,Kitui,Kitui Rural,Urban,,,,,,,,
63602,KIKI03456,KIKI03456224,,3,102,3,river,30541,Kisasi,Kitui,Kitui Rural,Rural,,,,,,,,
63603,KIKI03457,KIKI03457224,,3,319,32,tap_in_home_broken,43011,Kwavonza/Yatta,Kitui,Kitui Rural,Rural,,,,,,,,
63604,KIKI03458,KIKI03458224,,3,110,2,tap_in_home_broken,26182,Mbitini,Kitui,Kitui Rural,Urban,,,,,,,,
63605,KIKI03459,KIKI03459224,,3,524,4,shared_taps,38074,Mulango,Kitui,Kitui Rural,Urban,,,,,,,,
63606,KIKI03460,KIKI03460224,,4,245,0,shared_taps,40598,Athi,Kitui,Kitui South,Urban,,,,,functional,,,
63607,KIKI03461,KIKI03461224,,4,21,12,tap_in_home,54733,Ikanga/Kyatune,Kitui,Kitui South,Urban,,,,,unknown,,,
63608,KIKI03462,KIKI03462224,,5,534,14,shared_taps,33969,Ikutha,Kitui,Kitui South,Rural,,,,,functional,,,
63609,KIKI03463,KIKI03463224,,2,68,21,river,21332,Kanziko,Kitui,Kitui South,Rural,,,,,unknown,,,
63610,KIKI03464,KIKI03464224,,2,84,18,tap_in_home,31362,Mutha,Kitui,Kitui South,Urban,,,,,functional,,,
63611,KIKI03465,KIKI03465224,,3,425,4,river,28468,Mutomo,Kitui,Kitui South,Rural,,,,,unknown,,,
63612,KIKI03466,KIKI03466224,,1,476,1,tap_in_home_broken,30541,Kauwi,Kitui,Kitui West,Urban,,,,,,,,
63613,KIKI03467,KIKI03467224,,5,80,41,well,22046,Kwa Mutonga/Kithumula,Kitui,Kitui West,Rural,,Contaminated: Chemical,,,,,,
63614,KIKI03468,KIKI03468224,,5,507,16,shared_taps,28900,Matinyani,Kitui,Kitui West,Urban,,,,,,,,
63615,KIKI03469,KIKI03469224,,1,222,9,tap_in_home,44423,Mutonguni,Kitui,Kitui West,Rural,,,,,,,,
63616,KIMW03470,KIMW03470224,,4,81,16,river,23353,Central,Kitui,Mwingi Central,Rural,,,,,,,,
63617,KIMW03471,KIMW03471224,,1,383,7,tap_in_home,29891,Kiomo/Kyethani,Kitui,Mwingi Central,Urban,,,,,,,,
63618,KIMW03472,KIMW03472224,,1,302,35,tap_in_home,30609,Kivou,Kitui,Mwingi Central,Urban,,,,,,,,
63619,KIMW03473,KIMW03473224,,4,223,46,well,24753,Mui,Kitui,Mwingi Central,Rural,,Contaminated: Chemical,,,,,,
63620,KIMW03474,KIMW03474224,,5,15,46,shared_taps,36476,Nguni,Kitui,Mwingi Central,Urban,,,,,,,,
63621,KIMW03475,KIMW03475224,,1,461,30,well,34661,Nuu,Kitui,Mwingi Central,Rural,,Contaminated:Biological,,,,,,
63622,KIMW03476,KIMW03476224,,4,70,37,well,25448,Waita,Kitui,Mwingi Central,Urban,,Contaminated:Biological,,,,,,
63623,KIMW03477,KIMW03477224,,2,437,36,tap_in_home,52142,Kyuso,Kitui,Mwingi North,Urban,,,,,,,,
63624,KIMW03478,KIMW03478224,,4,445,25,shared_taps,43000,Mumoni,Kitui,Mwingi North,Urban,,,,,,,,
63625,KIMW03479,KIMW03479224,,4,271,23,shared_taps,46147,Tseikuru,Kitui,Mwingi North,Urban,,,,,partially_functional,,,
63626,KIMW03480,KIMW03480224,,1,185,29,shared_taps,35619,Kyome/Thaana,Kitui,Mwingi West,Urban,,,,,,,,
63627,KIMW03481,KIMW03481224,,2,372,48,river,32159,Migwani,Kitui,Mwingi West,Rural,,,,,,,,
63628,KIMW03482,KIMW03482224,,4,118,2,river,34514,Nguutani,Kitui,Mwingi West,Rural,,,,,,,,
63629,KWKI03483,KWKI03483224,,2,388,11,shared_taps,51579,Chengoni/Samburu,Kwale,Kinango,Urban,,,,,,,,
63630,KWKI03484,KWKI03484224,,1,413,37,shared_taps,108214,Kinango,Kwale,Kinango,Urban,,,,,,,,
63631,KWKI03485,KWKI03485224,,1,521,18,river,52469,Mackinnon Road,Kwale,Kinango,Rural,,,,,,,,
63632,KWKI03486,KWKI03486224,,2,252,6,tap_in_home_broken,53714,Mwavumbo,Kwale,Kinango,Urban,,,,,,,,
63633,KWKI03487,KWKI03487224,,1,291,34,river,54349,Ndavaya,Kwale,Kinango,Rural,,,,,,,,
63634,KWKI03488,KWKI03488224,,1,126,46,well,31279,Puma,Kwale,Kinango,Rural,,Contaminated: Chemical,,,,,,
63635,KWLU03489,KWLU03489224,,4,402,18,tap_in_home,58001,Dzombo,Kwale,Lungalunga,Urban,,,,,,,,
63636,KWLU03490,KWLU03490224,,2,133,9,river,46193,Mwereni,Kwale,Lungalunga,Urban,,,,,,,,
63637,KWLU03491,KWLU03491224,,1,10,13,tap_in_home_broken,68463,Pongwe/Kikoneni,Kwale,Lungalunga,Urban,,,,,,,,
63638,KWLU03492,KWLU03492224,,5,497,43,tap_in_home,52642,Vanga,Kwale,Lungalunga,Urban,,,,,,,,
63639,KWMA03493,KWMA03493224,,3,470,28,shared_taps,31096,Kubo South,Kwale,Matuga,Rural,,,,,,,,
63640,KWMA03494,KWMA03494224,,5,38,33,river,44859,Mkongani,Kwale,Matuga,Rural,,,,,,,,
63641,KWMA03495,KWMA03495224,,2,33,35,shared_taps,34523,Tiwi,Kwale,Matuga,Urban,,,,,,,,
63642,KWMA03496,KWMA03496224,,3,258,46,well,61367,Tsimba Golini,Kwale,Matuga,Rural,,Contaminated: Chemical,,,,,,
63643,KWMA03497,KWMA03497224,,3,298,46,tap_in_home,33120,Waa,Kwale,Matuga,Urban,,,,,,,,
63644,KWMS03498,KWMS03498224,,3,197,1,tap_in_home,28182,Gombato Bongwe,Kwale,Msambweni,Urban,,,,,,,,
63645,KWMS03499,KWMS03499224,,5,461,38,shared_taps,33768,Kinondo,Kwale,Msambweni,Urban,,,,,,,,
63646,KWMS03500,KWMS03500224,,4,291,14,river,58224,Ramisi,Kwale,Msambweni,Rural,,,,,,,,
63647,KWMS03501,KWMS03501224,,2,211,10,river,31507,Ukunda,Kwale,Msambweni,Rural,,,,,,,,
63648,LALA03502,LALA03502224,,2,522,34,tap_in_home,38785,Nanyuki,Laikipia,Laikipia East,Urban,,,,,,,,
63649,LALA03503,LALA03503224,,2,90,36,river,39291,Ngobit,Laikipia,Laikipia East,Rural,,,,,,,,
63650,LALA03504,LALA03504224,,2,452,31,river,27651,Thingithu,Laikipia,Laikipia East,Rural,,,,,,,,
63651,LALA03505,LALA03505224,,4,284,17,tap_in_home,50523,Tigithi,Laikipia,Laikipia East,Urban,,,,,,,,
63652,LALA03506,LALA03506224,,1,122,43,well,28571,Mugogodo East,Laikipia,Laikipia North,Rural,,Contaminated: Chemical,,,,,,
63653,LALA03507,LALA03507224,,1,413,6,shared_taps,14149,Mugogodo West,Laikipia,Laikipia North,Urban,,,,,,,,
63654,LALA03508,LALA03508224,,1,259,14,shared_taps,19630,Segera,Laikipia,Laikipia North,Rural,,,,,,,,
63655,LALA03509,LALA03509224,,1,188,42,tap_in_home_broken,33420,Sosian,Laikipia,Laikipia North,Rural,,,,,functional,,,
63656,LALA03510,LALA03510224,,3,242,28,river,23871,Umande,Laikipia,Laikipia North,Rural,,,,,,,,
63657,LALA03511,LALA03511224,,3,191,35,shared_taps,36649,Githiga,Laikipia,Laikipia West,Rural,,,,,,,,
63658,LALA03512,LALA03512224,,5,350,26,shared_taps,71433,Igwamiti,Laikipia,Laikipia West,Rural,,,,,,,,
63659,LALA03513,LALA03513224,,5,112,48,river,62691,Marmanet,Laikipia,Laikipia West,Rural,,,,,,,,
63660,LALA03514,LALA03514224,,1,112,19,tap_in_home,31730,Ol-Moran,Laikipia,Laikipia West,Urban,,,,,partially_functional,,,
63661,LALA03515,LALA03515224,,4,440,6,tap_in_home_broken,30861,Rumuruti Township,Laikipia,Laikipia West,Urban,,,,,,,,
63662,LALA03516,LALA03516224,,1,424,5,well,38262,Salama,Laikipia,Laikipia West,Rural,,Contaminated: Chemical,,,,,,
63663,LALA03517,LALA03517224,,2,431,44,shared_taps,2451,Basuba,Lamu,Lamu East,Rural,,,,,,,,
63664,LALA03518,LALA03518224,,3,521,34,river,3023,Faza,Lamu,Lamu East,Rural,,,,,,,,
63665,LALA03519,LALA03519224,,3,337,26,river,4353,Kiunga,Lamu,Lamu East,Rural,,,,,,,,
63666,LALA03520,LALA03520224,,3,332,38,shared_taps,26568,Bahari,Lamu,Lamu West,Urban,,,,,,,,
63667,LALA03521,LALA03521224,,4,412,7,river,18401,Hindi,Lamu,Lamu West,Urban,,,,,,,,
63668,LALA03522,LALA03522224,,5,219,25,shared_taps,17971,Hongwe,Lamu,Lamu West,Urban,,,,,,,,
63669,LALA03523,LALA03523224,,4,195,42,shared_taps,34156,Mkomani,Lamu,Lamu West,Rural,,,,,,,,
63670,LALA03524,LALA03524224,,5,130,38,river,18726,Mkunumbi,Lamu,Lamu West,Rural,,,,,,,,
63671,LALA03525,LALA03525224,,1,119,40,tap_in_home_broken,17801,Shella,Lamu,Lamu West,Urban,,,,,,,,
63672,LALA03526,LALA03526224,,2,263,18,tap_in_home,21611,Witu,Lamu,Lamu West,Urban,,,,,,,,
63673,MAKA03527,MAKA03527224,,1,30,0,river,30010,Kangundo Central,Machakos,Kangundo,Rural,,,,,,,,
63674,MAKA03528,MAKA03528224,,5,469,31,tap_in_home_broken,23616,Kangundo East,Machakos,Kangundo,Urban,,,,,,,,
63675,MAKA03529,MAKA03529224,,1,416,31,shared_taps,24250,Kangundo North,Machakos,Kangundo,Urban,,,,,,,,
63676,MAKA03530,MAKA03530224,,1,135,22,river,27876,Kangundo West,Machakos,Kangundo,Rural,,,,,,,,
63677,MAKA03531,MAKA03531224,,2,449,11,tap_in_home,23403,Kathiani Central,Machakos,Kathiani,Urban,,,,,,,,
63678,MAKA03532,MAKA03532224,,1,196,33,tap_in_home,24899,Lower Kaewa/Kaani,Machakos,Kathiani,Rural,,,,,,,,
63679,MAKA03533,MAKA03533224,,1,271,24,tap_in_home_broken,41101,Mitaboni,Machakos,Kathiani,Urban,,,,,,,,
63680,MAKA03534,MAKA03534224,,4,76,3,tap_in_home,32966,Upper Kaewa/Iveti,Machakos,Kathiani,Rural,,,,,,,,
63681,MAMA03535,MAMA03535224,,2,1,19,shared_taps,38515,Kalama,Machakos,Machakos Town,Urban,,,,,,,,
63682,MAMA03536,MAMA03536224,,4,353,41,shared_taps,23798,Kola,Machakos,Machakos Town,Rural,,,,,functional,,,
63683,MAMA03537,MAMA03537224,,3,330,18,river,20209,Machakos Central,Machakos,Machakos Town,Rural,,,,,,,,
63684,MAMA03538,MAMA03538224,,5,320,23,tap_in_home,34341,Mua,Machakos,Machakos Town,Rural,,,,,,,,
63685,MAMA03539,MAMA03539224,,2,454,37,tap_in_home,27964,Mumbuni North,Machakos,Machakos Town,Urban,,,,,,,,
63686,MAMA03540,MAMA03540224,,1,110,41,tap_in_home,35567,Mutituni,Machakos,Machakos Town,Urban,,,,,,,,
63687,MAMA03541,MAMA03541224,,5,114,43,tap_in_home,21706,Muvuti/Kiima-Kimwe,Machakos,Machakos Town,Urban,,,,,,,,
63688,MAMA03542,MAMA03542224,,2,26,20,well,23176,Ekalakala,Machakos,Masinga,Rural,,Contaminated: Chemical,,,,,,
63689,MAMA03543,MAMA03543224,,5,361,2,shared_taps,44913,Kivaa,Machakos,Masinga,Urban,,,,,,,,
63690,MAMA03544,MAMA03544224,,4,45,42,tap_in_home,44791,Masinga Central,Machakos,Masinga,Urban,,,,,,,,
63691,MAMA03545,MAMA03545224,,5,452,40,tap_in_home,17224,Muthesya,Machakos,Masinga,Urban,,,,,,,,
63692,MAMA03546,MAMA03546224,,2,34,20,shared_taps,33153,Ndithini,Machakos,Masinga,Urban,,,,,,,,
63693,MAMA03547,MAMA03547224,,5,139,30,shared_taps,25095,Kyeleni,Machakos,Matungulu,Urban,,,,,,,,
63694,MABA03548,MABA03548224,,5,249,40,river,17577,Guba,Mandera,Banissa,Rural,,,,,,,,
63695,MAMA03549,MAMA03549224,,3,195,29,shared_taps,33960,Matungulu East,Machakos,Matungulu,Urban,,,,,functional,,,
63696,MAMA03550,MAMA03550224,,3,66,48,tap_in_home,36945,Matungulu North,Machakos,Matungulu,Urban,,,,,non_functional,,,
63697,MAMA03551,MAMA03551224,,5,128,23,tap_in_home_broken,49374,Matungulu West,Machakos,Matungulu,Urban,,,,,,,,
63698,MAMA03552,MAMA03552224,,4,259,14,river,41821,Tala,Machakos,Matungulu,Urban,,,,,functional,,,
63699,MAMA03553,MAMA03553224,,2,381,23,shared_taps,61229,Athi River,Machakos,Mavoko,Rural,,,,,partially_functional,,,
63700,MAMA03554,MAMA03554224,,3,433,32,well,50540,Kinanie,Machakos,Mavoko,Rural,,Clean,,,,,,
63701,MAMA03555,MAMA03555224,,1,171,9,tap_in_home_broken,111505,Muthwani,Machakos,Mavoko,Rural,,,,,,,,
63702,MAMA03556,MAMA03556224,,3,239,15,tap_in_home_broken,86490,Syokimau/Mulolongo,Machakos,Mavoko,Urban,,,,,,,,
63703,MAMW03557,MAMW03557224,,1,505,6,shared_taps,22973,Kibauni,Machakos,Mwala,Urban,,,,,partially_functional,,,
63704,MAMW03558,MAMW03558224,,5,431,15,well,39817,Makutano/ Mwala,Machakos,Mwala,Rural,,Contaminated: Chemical,,,,,,
63705,MAMW03559,MAMW03559224,,4,394,41,river,39593,Masii,Machakos,Mwala,Rural,,,,,,,,
63706,MAMW03560,MAMW03560224,,1,344,15,well,40378,Mbiuni,Machakos,Mwala,Urban,,Clean,,,,,,
63707,MAMW03561,MAMW03561224,,4,384,27,well,28455,Muthetheni,Machakos,Mwala,Urban,,Clean,,,,,,
63708,MAMW03562,MAMW03562224,,2,359,10,well,31888,Wamunyu,Machakos,Mwala,Rural,,Clean,,,,,,
63709,MAYA03563,MAYA03563224,,4,455,15,tap_in_home,45300,Ikombe,Machakos,Yatta,Rural,,,,,,,,
63710,MAYA03564,MAYA03564224,,3,235,35,tap_in_home,28858,Katangi,Machakos,Yatta,Urban,,,,,,,,
63711,MAYA03565,MAYA03565224,,2,447,45,tap_in_home,42438,Kithimani,Machakos,Yatta,Urban,,,,,,,,
63712,MAYA03566,MAYA03566224,,1,452,41,shared_taps,36592,Matuu,Machakos,Yatta,Urban,,,,,,,,
63713,MAYA03567,MAYA03567224,,4,358,2,tap_in_home,41795,Ndalani,Machakos,Yatta,Urban,,,,,,,,
63714,MAUN03568,MAUN03568224,,5,26,36,tap_in_home_broken,1367,unknown 7,Machakos,unknown 7,Urban,,,,,partially_functional,,,
63715,MAKA03569,MAKA03569224,,5,203,21,well,32977,Ilima,Makueni,Kaiti,Rural,,Clean,,,partially_functional,,,
63716,MAKA03570,MAKA03570224,,3,330,19,tap_in_home,28323,Kee,Makueni,Kaiti,Urban,,,,,partially_functional,,,
63717,MAKA03571,MAKA03571224,,1,442,8,shared_taps,34823,Kilungu,Makueni,Kaiti,Rural,,,,,partially_functional,,,
63718,MAKA03572,MAKA03572224,,3,230,22,shared_taps,48492,Ukia,Makueni,Kaiti,Rural,,,,,partially_functional,,,
63719,MAKI03573,MAKI03573224,,4,436,18,shared_taps,39537,Ivingoni/Nzambani,Makueni,Kibwezi East,Rural,,,,,partially_functional,,,
63720,MAKI03574,MAKI03574224,,1,283,38,shared_taps,37716,Masongaleni,Makueni,Kibwezi East,Urban,,,,,partially_functional,,,
63721,MAKI03575,MAKI03575224,,3,195,36,tap_in_home,43241,Mtito Andei,Makueni,Kibwezi East,Urban,,,,,partially_functional,,,
63722,MAKI03576,MAKI03576224,,1,358,29,shared_taps,41324,Thange,Makueni,Kibwezi East,Urban,,,,,partially_functional,,,
63723,MAKI03577,MAKI03577224,,2,57,22,well,34908,Emali/Mulala,Makueni,Kibwezi West,Rural,,Clean,,,partially_functional,,,
63724,MAKI03578,MAKI03578224,,4,247,34,shared_taps,25709,Kikumbulyu North,Makueni,Kibwezi West,Rural,,,,,partially_functional,,,
63725,MAKI03579,MAKI03579224,,3,403,32,river,32413,Kikumbulyu South,Makueni,Kibwezi West,Rural,,,,,partially_functional,,,
63726,MAKI03580,MAKI03580224,,2,176,40,tap_in_home,54704,Makindu,Makueni,Kibwezi West,Urban,,,,,partially_functional,,,
63727,MAKI03581,MAKI03581224,,4,501,8,tap_in_home,27953,Nguu/Masumba,Makueni,Kibwezi West,Urban,,,,,partially_functional,,,
63728,MAKI03582,MAKI03582224,,2,163,40,river,40751,Nguumo,Makueni,Kibwezi West,Rural,,,,,partially_functional,,,
63729,MAKI03583,MAKI03583224,,1,330,14,shared_taps,51931,Kasikeu,Makueni,Kilome,Rural,,,,,partially_functional,,,
63730,MAKI03584,MAKI03584224,,4,113,27,river,40784,Kiima Kiu/Kalanzoni,Makueni,Kilome,Rural,,,,,partially_functional,,,
63731,MABA03585,MABA03585224,,1,472,25,tap_in_home,40358,Kiliwehiri,Mandera,Banissa,Urban,,,,,,,,
63732,MAKI03586,MAKI03586224,,4,266,46,tap_in_home,33834,Mukaa,Makueni,Kilome,Urban,,,,,partially_functional,,,
63733,MAMA03587,MAMA03587224,,1,140,12,tap_in_home_broken,36562,Kathonzweni,Makueni,Makueni,Rural,,,,,partially_functional,,,
63734,MAMA03588,MAMA03588224,,3,387,29,tap_in_home,25102,Kitise/Kithuki,Makueni,Makueni,Urban,,,,,partially_functional,,,
63735,MAMA03589,MAMA03589224,,3,496,1,well,26694,Mavindini,Makueni,Makueni,Urban,,Contaminated: Chemical,,,partially_functional,,,
63736,MAMA03590,MAMA03590224,,3,208,24,river,30839,Mbitini,Makueni,Makueni,Urban,,,,,partially_functional,,,
63737,MAMA03591,MAMA03591224,,4,388,39,tap_in_home_broken,32979,Muvau/Kikuumini,Makueni,Makueni,Rural,,,,,partially_functional,,,
63738,MAMA03592,MAMA03592224,,5,366,39,well,45010,Nzaui/Kilili/Kalamba,Makueni,Makueni,Rural,,Contaminated:Biological,,,partially_functional,,,
63739,MAMA03593,MAMA03593224,,1,485,6,tap_in_home,30061,Wote,Makueni,Makueni,Urban,,,,,partially_functional,,,
63740,MAMB03594,MAMB03594224,,2,190,35,well,33759,Kalawa,Makueni,Mbooni,Rural,,Contaminated: Chemical,,,partially_functional,,,
63741,MAMB03595,MAMB03595224,,4,309,25,river,47752,Kiteta/Kisau,Makueni,Mbooni,Rural,,,,,partially_functional,,,
63742,MAMB03596,MAMB03596224,,5,264,0,shared_taps,35880,Kithungo/Kitundu,Makueni,Mbooni,Rural,,,,,partially_functional,,,
63743,MAMB03597,MAMB03597224,,3,355,45,tap_in_home,35861,Mbooni,Makueni,Mbooni,Urban,,,,,partially_functional,,,
63744,MAMB03598,MAMB03598224,,5,324,27,shared_taps,43790,Tulimani,Makueni,Mbooni,Urban,,,,,partially_functional,,,
63745,MAMB03599,MAMB03599224,,4,447,26,tap_in_home,32122,Waia-Kako,Makueni,Mbooni,Rural,,,,,partially_functional,,,
63746,MABA03600,MABA03600224,,4,499,29,tap_in_home_broken,49829,Banissa,Mandera,Banissa,Urban,,,,,functional,,,
63747,MABA03601,MABA03601224,,3,337,25,shared_taps,29140,Derkhale,Mandera,Banissa,Urban,,,,,,,,
63748,MABA03602,MABA03602224,,3,293,25,well,29451,Malkamari,Mandera,Banissa,Rural,,Contaminated: Chemical,,,functional,,,
63749,MALA03603,MALA03603224,,2,456,35,shared_taps,6787,Alango Gof,Mandera,Lafey,Urban,,,,,,,,
63750,MALA03604,MALA03604224,,5,132,24,tap_in_home_broken,39778,Lafey,Mandera,Lafey,Urban,,,,,,,,
63751,MALA03605,MALA03605224,,5,376,32,shared_taps,40573,Libehia,Mandera,Lafey,Rural,,,,,,,,
63752,MALA03606,MALA03606224,,5,426,23,well,19616,Waranqara,Mandera,Lafey,Rural,,Clean,,,,,,
63753,MAMA03607,MAMA03607224,,4,156,2,well,35191,Arabia,Mandera,Mandera East,Rural,,Clean,,,,,,
63754,MAMA03608,MAMA03608224,,4,22,31,shared_taps,18981,Bulla Mpya,Mandera,Mandera East,Urban,,,,,,,,
63755,MAMA03609,MAMA03609224,,5,486,19,shared_taps,15276,Fino,Mandera,Mandera East,Rural,,,,,,,,
63756,MAMA03610,MAMA03610224,,5,245,44,shared_taps,8849,Khalalio,Mandera,Mandera East,Urban,,,,,,,,
63757,MAMA03611,MAMA03611224,,2,451,44,well,2496,Neboi,Mandera,Mandera East,Rural,,Clean,,,,,,
63758,MAMA03612,MAMA03612224,,5,179,37,shared_taps,5277,Township,Mandera,Mandera East,Urban,,,,,,,,
63759,MAMA03613,MAMA03613224,,3,287,24,tap_in_home_broken,40090,Ashabito,Mandera,Mandera North,Urban,,,,,,,,
63760,MAMA03614,MAMA03614224,,2,401,30,tap_in_home,23483,Guticha,Mandera,Mandera North,Urban,,,,,,,,
63761,MAMA03615,MAMA03615224,,3,182,3,tap_in_home_broken,18268,Morothile,Mandera,Mandera North,Urban,,,,,,,,
63762,MAMA03616,MAMA03616224,,3,313,38,river,49773,Rhamu,Mandera,Mandera North,Rural,,,,,,,,
63763,MAMA03617,MAMA03617224,,4,217,0,shared_taps,43757,Rhamu-Dimtu,Mandera,Mandera North,Urban,,,,,,,,
63764,MAMA03618,MAMA03618224,,4,527,16,well,0,Elwak South,Mandera,Mandera South,Rural,,Contaminated:Biological,,,,,,
63765,MAMA03619,MAMA03619224,,4,365,23,shared_taps,93245,Kutulo,Mandera,Mandera South,Rural,,,,,,,,
63766,MAMA03620,MAMA03620224,,1,287,20,tap_in_home,41895,Shimbir Fatuma,Mandera,Mandera South,Urban,,,,,,,,
63767,MAMA03621,MAMA03621224,,1,473,37,well,16049,Wargadud,Mandera,Mandera South,Rural,,Contaminated: Chemical,,,,,,
63768,MAMA03622,MAMA03622224,,3,336,15,shared_taps,19279,Dandu,Mandera,Mandera West,Urban,,,,,,,,
63769,MAMA03623,MAMA03623224,,5,445,21,shared_taps,23946,Gither,Mandera,Mandera West,Rural,,,,,functional,,,
63770,MAMA03624,MAMA03624224,,1,495,27,tap_in_home,201,Lagsure,Mandera,Mandera West,Urban,,,,,,,,
63771,MAMA03625,MAMA03625224,,1,201,20,tap_in_home,49677,Takaba,Mandera,Mandera West,Urban,,,,,functional,,,
63772,MAMA03626,MAMA03626224,,2,400,2,well,25707,Takaba South,Mandera,Mandera West,Rural,,Contaminated:Biological,,,,,,
63773,MAUN03627,MAUN03627224,,3,524,38,river,29633,unknown 1,Mandera,unknown 1,Urban,,,,,,,,
63774,MALA03628,MALA03628224,,5,250,31,shared_taps,16730,Kargi/South Horr,Marsabit,Laisamis,Urban,,,,,functional,,,
63775,MALA03629,MALA03629224,,1,409,41,tap_in_home_broken,39947,Korr/Ngurunit,Marsabit,Laisamis,Rural,,,,,functional,,,
63776,MALA03630,MALA03630224,,3,446,44,shared_taps,25788,Laisamis,Marsabit,Laisamis,Rural,,,,,functional,,,
63777,MALA03631,MALA03631224,,5,269,16,shared_taps,14324,Logo Logo,Marsabit,Laisamis,Rural,,,,,functional,,,
63778,MALA03632,MALA03632224,,2,53,22,shared_taps,27983,Loiyangalani,Marsabit,Laisamis,Rural,,,,,functional,,,
63779,MAMO03633,MAMO03633224,,4,60,45,well,21442,Butiye,Marsabit,Moyale,Rural,,Clean,,,functional,,,
63780,MAMO03634,MAMO03634224,,2,108,34,well,36815,Golbo,Marsabit,Moyale,Urban,,Clean,,,partially_functional,,,
63781,MAMO03635,MAMO03635224,,3,239,5,shared_taps,24164,Heillu/Manyatta,Marsabit,Moyale,Urban,,,,,,,,
63782,MAMO03636,MAMO03636224,,1,411,34,well,9037,Moyale Township,Marsabit,Moyale,Rural,,Clean,,,functional,,,
63783,MAMO03637,MAMO03637224,,3,512,1,well,7516,Obbu,Marsabit,Moyale,Rural,,Contaminated: Chemical,,,partially_functional,,,
63784,MAMO03638,MAMO03638224,,5,375,15,well,21267,Sololo,Marsabit,Moyale,Rural,,Contaminated:Biological,,,,,,
63785,MAMO03639,MAMO03639224,,1,180,17,river,21753,Uran,Marsabit,Moyale,Rural,,,,,functional,,,
63786,MANO03640,MANO03640224,,2,491,48,well,32835,Dukana,Marsabit,North Horr,Rural,,Contaminated: Chemical,,,functional,,,
63787,MANO03641,MANO03641224,,2,490,19,well,17528,Illeret,Marsabit,North Horr,Rural,,Contaminated:Biological,,,,,,
63788,MANO03642,MANO03642224,,3,42,23,well,50086,Maikona,Marsabit,North Horr,Rural,,Clean,,,partially_functional,,,
63789,MANO03643,MANO03643224,,5,504,22,well,27149,North Horr,Marsabit,North Horr,Rural,,Clean,,,functional,,,
63790,METI03644,METI03644224,,2,490,22,shared_taps,28735,Nkomo,Meru,Tigania West,Rural,,,,,,,,
63791,MANO03645,MANO03645224,,1,127,21,shared_taps,11808,Turbi,Marsabit,North Horr,Urban,,,,,functional,,,
63792,MASA03646,MASA03646224,,3,305,42,shared_taps,17488,Karare,Marsabit,Saku,Urban,,,,,,,,
63793,MASA03647,MASA03647224,,5,228,16,tap_in_home_broken,39255,Marsabit Central,Marsabit,Saku,Urban,,,,,functional,,,
63794,MASA03648,MASA03648224,,5,302,4,river,35501,Sagante/Jaldesa,Marsabit,Saku,Rural,,,,,,,,
63795,MEBU03649,MEBU03649224,,2,136,16,shared_taps,30303,Kibirichia,Meru,Buuri,Urban,,,,,,,,
63796,MEBU03650,MEBU03650224,,3,408,5,tap_in_home_broken,30416,Kiirua/Naari,Meru,Buuri,Rural,,,,,,,,
63797,MEBU03651,MEBU03651224,,2,360,48,river,43718,Kisima,Meru,Buuri,Rural,,,,,,,,
63798,MEBU03652,MEBU03652224,,4,530,20,tap_in_home_broken,25755,Ruiri/Rwarera,Meru,Buuri,Rural,,,,,,,,
63799,MEBU03653,MEBU03653224,,5,120,40,river,51198,Timau,Meru,Buuri,Rural,,,,,,,,
63800,MECE03654,MECE03654224,,3,196,25,tap_in_home,69712,Abothuguchi Central,Meru,Central Imenti,Urban,,,,,,,,
63801,MECE03655,MECE03655224,,4,157,33,shared_taps,32514,Abothuguchi West,Meru,Central Imenti,Urban,,,,,,,,
63802,MECE03656,MECE03656224,,4,463,3,tap_in_home_broken,43364,Mwanganthia,Meru,Central Imenti,Urban,,,,,,,,
63803,MEIG03657,MEIG03657224,,2,2,26,well,38104,Akirang'Ondu,Meru,Igembe Central,Urban,,Contaminated:Biological,,,,,,
63804,MEIG03658,MEIG03658224,,1,110,33,shared_taps,48425,Athiru Ruujine,Meru,Igembe Central,Rural,,,,,,,,
63805,MEIG03659,MEIG03659224,,2,203,13,tap_in_home_broken,64939,Igembe East,Meru,Igembe Central,Urban,,,,,,,,
63806,MEIG03660,MEIG03660224,,4,185,40,shared_taps,36026,Kangeta,Meru,Igembe Central,Urban,,,,,,,,
63807,MEIG03661,MEIG03661224,,2,126,13,tap_in_home,47201,Njia,Meru,Igembe Central,Urban,,,,,,,,
63808,MEIG03662,MEIG03662224,,2,515,42,shared_taps,47777,Amwathi,Meru,Igembe North,Urban,,,,,,,,
63809,MEIG03663,MEIG03663224,,2,464,36,tap_in_home,31209,Antuambui,Meru,Igembe North,Urban,,,,,,,,
63810,MEIG03664,MEIG03664224,,5,213,21,shared_taps,43614,Antubetwe Kiongo,Meru,Igembe North,Urban,,,,,,,,
63811,MEIG03665,MEIG03665224,,5,59,41,tap_in_home,52909,Naathu,Meru,Igembe North,Urban,,,,,,,,
63812,MEIG03666,MEIG03666224,,1,51,27,shared_taps,25389,Ntunene,Meru,Igembe North,Urban,,,,,,,,
63813,MEIG03667,MEIG03667224,,3,305,43,tap_in_home,35973,Akachiu,Meru,Igembe South,Urban,,,,,,,,
63814,MOKI03668,MOKI03668224,,4,429,27,river,0,Magogoni,Mombasa,Kisauni,Rural,,,,,,,,
63815,MEIG03669,MEIG03669224,,4,399,34,tap_in_home,26640,Athiru Gaiti,Meru,Igembe South,Urban,,,,,,,,
63816,MEIG03670,MEIG03670224,,1,464,24,shared_taps,33411,Kanuni,Meru,Igembe South,Urban,,,,,,,,
63817,MEIG03671,MEIG03671224,,4,222,9,tap_in_home_broken,35153,Kiegoi/Antubochiu,Meru,Igembe South,Urban,,,,,,,,
63818,MEIG03672,MEIG03672224,,2,345,30,well,48411,Maua,Meru,Igembe South,Rural,,Clean,,,,,,
63819,MENO03673,MENO03673224,,5,234,28,well,9029,Municipality,Meru,North Imenti,Urban,,Contaminated: Chemical,,,,,,
63820,MENO03674,MENO03674224,,5,292,5,shared_taps,12870,Ntima East,Meru,North Imenti,Rural,,,,,,,,
63821,MENO03675,MENO03675224,,4,223,31,well,17392,Ntima West,Meru,North Imenti,Rural,,Contaminated: Chemical,,,,,,
63822,MENO03676,MENO03676224,,4,175,0,shared_taps,28660,Nyaki East,Meru,North Imenti,Urban,,,,,,,,
63823,MENO03677,MENO03677224,,2,116,22,tap_in_home,47057,Nyaki West,Meru,North Imenti,Urban,,,,,,,,
63824,MESO03678,MESO03678224,,1,8,23,river,44304,Abogeta East,Meru,South Imenti,Rural,,,,,,,,
63825,MESO03679,MESO03679224,,1,529,34,river,40898,Abogeta West,Meru,South Imenti,Rural,,,,,,,,
63826,MESO03680,MESO03680224,,3,387,13,tap_in_home_broken,37904,Igoji East,Meru,South Imenti,Urban,,,,,,,,
63827,MESO03681,MESO03681224,,3,510,43,shared_taps,27045,Igoji West,Meru,South Imenti,Rural,,,,,,,,
63828,MESO03682,MESO03682224,,1,0,31,shared_taps,27334,Mitunguu,Meru,South Imenti,Urban,,,,,,,,
63829,MESO03683,MESO03683224,,4,539,41,tap_in_home,57638,Nkuene,Meru,South Imenti,Rural,,,,,,,,
63830,METI03684,METI03684224,,2,306,17,river,29665,Karama,Meru,Tigania East,Rural,,,,,,,,
63831,METI03685,METI03685224,,1,452,41,tap_in_home_broken,28391,Kiguchwa,Meru,Tigania East,Urban,,,,,,,,
63832,METI03686,METI03686224,,4,158,22,shared_taps,38742,Mikinduri,Meru,Tigania East,Urban,,,,,,,,
63833,METI03687,METI03687224,,4,346,27,well,53828,Muthara,Meru,Tigania East,Urban,,Clean,,,,,,
63834,METI03688,METI03688224,,1,450,3,shared_taps,55278,Thangatha,Meru,Tigania East,Urban,,,,,,,,
63835,METI03689,METI03689224,,4,485,38,shared_taps,38999,Akithii,Meru,Tigania West,Urban,,,,,,,,
63836,METI03690,METI03690224,,5,114,21,river,14741,Athwana,Meru,Tigania West,Rural,,,,,,,,
63837,METI03691,METI03691224,,3,313,43,tap_in_home_broken,45608,Kianjai,Meru,Tigania West,Rural,,,,,,,,
63838,METI03692,METI03692224,,1,216,1,well,20933,Mbeu,Meru,Tigania West,Rural,,Contaminated: Chemical,,,,,,
63839,MEUN03693,MEUN03693224,,5,401,20,river,16701,unknown 5,Meru,unknown 5,Urban,,,,,,,,
63840,MIAW03694,MIAW03694224,,1,472,23,well,30835,Central Sakwa,Migori,Awendo,Rural,,Clean,,,partially_functional,,,
63841,MIAW03695,MIAW03695224,,3,170,20,shared_taps,25990,North Sakwa,Migori,Awendo,Urban,,,,,functional,,,
63842,MIAW03696,MIAW03696224,,2,236,3,shared_taps,42725,South Sakwa,Migori,Awendo,Rural,,,,,partially_functional,,,
63843,MIAW03697,MIAW03697224,,3,136,13,well,29872,West Sakwa,Migori,Awendo,Rural,,Contaminated:Biological,,,partially_functional,,,
63844,MIKU03698,MIKU03698224,,2,129,2,tap_in_home,31262,Gokeharaka/Getambwega,Migori,Kuria East,Rural,,,,,partially_functional,,,
63845,MIKU03699,MIKU03699224,,3,324,13,river,16533,Ntimaru East,Migori,Kuria East,Rural,,,,,functional,,,
63846,MIKU03700,MIKU03700224,,2,274,37,shared_taps,30835,Ntimaru West,Migori,Kuria East,Urban,,,,,partially_functional,,,
63847,MIKU03701,MIKU03701224,,1,440,10,shared_taps,30145,Nyabasi East,Migori,Kuria East,Urban,,,,,partially_functional,,,
63848,MIKU03702,MIKU03702224,,1,493,35,tap_in_home,38839,Nyabasi West,Migori,Kuria East,Urban,,,,,partially_functional,,,
63849,MIKU03703,MIKU03703224,,5,211,42,river,25111,Bukira Centrl/Ikerege,Migori,Kuria West,Rural,,,,,functional,,,
63850,MIKU03704,MIKU03704224,,5,100,5,well,25569,Bukira East,Migori,Kuria West,Rural,,Contaminated: Chemical,,,functional,,,
63851,MIKU03705,MIKU03705224,,2,436,39,shared_taps,16586,Isibania,Migori,Kuria West,Rural,,,,,partially_functional,,,
63852,MIKU03706,MIKU03706224,,3,162,45,tap_in_home_broken,23386,Makerero,Migori,Kuria West,Urban,,,,,functional,,,
63853,MIKU03707,MIKU03707224,,4,268,15,tap_in_home,32287,Masaba,Migori,Kuria West,Urban,,,,,partially_functional,,,
63854,MIKU03708,MIKU03708224,,4,470,25,shared_taps,34924,Nyamosense/Komosoko,Migori,Kuria West,Urban,,,,,partially_functional,,,
63855,MIKU03709,MIKU03709224,,5,63,25,tap_in_home_broken,29787,Tagare,Migori,Kuria West,Rural,,,,,partially_functional,,,
63856,MINY03710,MINY03710224,,3,293,8,tap_in_home_broken,29735,Got Kachola,Migori,Nyatike,Rural,,,,,non_functional,,,
63857,MINY03711,MINY03711224,,2,231,21,shared_taps,30781,Kachien'G,Migori,Nyatike,Rural,,,,,partially_functional,,,
63858,MINY03712,MINY03712224,,1,212,35,shared_taps,13723,Kaler,Migori,Nyatike,Urban,,,,,non_functional,,,
63859,MINY03713,MINY03713224,,1,127,6,well,21415,Kanyasa,Migori,Nyatike,Rural,,Contaminated:Biological,,,partially_functional,,,
63860,MINY03714,MINY03714224,,2,512,11,shared_taps,30204,Macalder/Kanyarwanda,Migori,Nyatike,Rural,,,,,functional,,,
63861,MINY03715,MINY03715224,,5,138,21,tap_in_home_broken,32290,Muhuru,Migori,Nyatike,Urban,,,,,non_functional,,,
63862,MINY03716,MINY03716224,,5,436,43,river,40382,North Kadem,Migori,Nyatike,Rural,,,,,partially_functional,,,
63863,MIRO03717,MIRO03717224,,5,209,35,tap_in_home,39925,Central Kamagambo,Migori,Rongo,Urban,,,,,partially_functional,,,
63864,MIRO03718,MIRO03718224,,1,463,1,shared_taps,37497,East Kamagambo,Migori,Rongo,Urban,,,,,partially_functional,,,
63865,MIRO03719,MIRO03719224,,1,132,3,river,25919,North Kamagambo,Migori,Rongo,Rural,,,,,partially_functional,,,
63866,MIRO03720,MIRO03720224,,3,531,21,river,42922,South Kamagambo,Migori,Rongo,Rural,,,,,partially_functional,,,
63867,MISU03721,MISU03721224,,1,178,15,tap_in_home,26585,God Jope,Migori,Suna East,Rural,,,,,partially_functional,,,
63868,MISU03722,MISU03722224,,5,219,7,tap_in_home,49935,Kakrao,Migori,Suna East,Urban,,,,,partially_functional,,,
63869,MISU03723,MISU03723224,,1,471,13,shared_taps,23573,Kwa,Migori,Suna East,Rural,,,,,partially_functional,,,
63870,MISU03724,MISU03724224,,3,35,45,river,26425,Suna Central,Migori,Suna East,Rural,,,,,partially_functional,,,
63871,MISU03725,MISU03725224,,1,104,31,well,36431,Ragana-Oruba,Migori,Suna West,Rural,,Contaminated:Biological,,,partially_functional,,,
63872,MISU03726,MISU03726224,,1,523,3,tap_in_home,36155,Wasimbete,Migori,Suna West,Urban,,,,,partially_functional,,,
63873,MISU03727,MISU03727224,,1,215,23,shared_taps,28012,Wasweta Ii,Migori,Suna West,Rural,,,,,partially_functional,,,
63874,MISU03728,MISU03728224,,5,439,38,river,37349,Wiga,Migori,Suna West,Rural,,,,,partially_functional,,,
63875,MIUR03729,MIUR03729224,,5,514,47,tap_in_home_broken,25575,Central Kanyamkago,Migori,Uriri,Urban,,,,,functional,,,
63876,MIUR03730,MIUR03730224,,2,259,27,tap_in_home,18087,East Kanyamkago,Migori,Uriri,Rural,,,,,partially_functional,,,
63877,MIUR03731,MIUR03731224,,4,120,44,tap_in_home,42405,North Kanyamkago,Migori,Uriri,Urban,,,,,partially_functional,,,
63878,MIUR03732,MIUR03732224,,2,431,15,shared_taps,37189,South Kanyamkago,Migori,Uriri,Urban,,,,,partially_functional,,,
63879,MIUR03733,MIUR03733224,,2,220,22,shared_taps,37030,West Kanyamkago,Migori,Uriri,Rural,,,,,partially_functional,,,
63880,MOCH03734,MOCH03734224,,3,212,28,tap_in_home_broken,7377,Airport,Mombasa,Changamwe,Urban,,,,,,,,
63881,MOCH03735,MOCH03735224,,2,114,27,river,0,Chaani,Mombasa,Changamwe,Rural,,,,,,,,
63882,MOCH03736,MOCH03736224,,5,470,42,river,0,Changamwe,Mombasa,Changamwe,Rural,,,,,,,,
63883,MOCH03737,MOCH03737224,,3,474,31,tap_in_home,0,Kipevu,Mombasa,Changamwe,Urban,,,,,,,,
63884,MOCH03738,MOCH03738224,,1,156,7,river,109,Port Reitz,Mombasa,Changamwe,Rural,,,,,,,,
63885,MOJO03739,MOJO03739224,,1,432,34,well,8601,Jomvu Kuu,Mombasa,Jomvu,Rural,,Contaminated: Chemical,,,,,,
63886,MOJO03740,MOJO03740224,,4,304,20,shared_taps,2969,Mikindani,Mombasa,Jomvu,Urban,,,,,,,,
63887,MOJO03741,MOJO03741224,,2,224,33,river,4250,Miritini,Mombasa,Jomvu,Rural,,,,,,,,
63888,MOKI03742,MOKI03742224,,4,204,2,well,45354,Bamburi,Mombasa,Kisauni,Rural,,Contaminated: Chemical,,,,,,
63889,MOKI03743,MOKI03743224,,1,162,3,tap_in_home,23595,Junda,Mombasa,Kisauni,Rural,,,,,,,,
63890,MOKI03744,MOKI03744224,,4,516,30,shared_taps,19912,Mtopanga,Mombasa,Kisauni,Urban,,,,,,,,
63891,MOKI03745,MOKI03745224,,5,118,39,shared_taps,16923,Mwakirunge,Mombasa,Kisauni,Urban,,,,,,,,
63892,MOKI03746,MOKI03746224,,4,388,33,shared_taps,53736,Shanzu,Mombasa,Kisauni,Rural,,,,,,,,
63893,MOLI03747,MOLI03747224,,3,397,21,river,0,Bofu,Mombasa,Likoni,Rural,,,,,,,,
63894,MOLI03748,MOLI03748224,,1,223,33,river,0,Likoni,Mombasa,Likoni,Urban,,,,,,,,
63895,MOLI03749,MOLI03749224,,5,308,10,tap_in_home_broken,11409,Mtongwe,Mombasa,Likoni,Urban,,,,,,,,
63896,MOLI03750,MOLI03750224,,3,247,23,river,29911,Shika Adabu,Mombasa,Likoni,Rural,,,,,,,,
63897,MOLI03751,MOLI03751224,,1,140,6,river,17858,Timbwani,Mombasa,Likoni,Rural,,,,,,,,
63898,MOMV03752,MOMV03752224,,2,516,18,river,0,Majengo,Mombasa,Mvita,Rural,,,,,,,,
63899,MOMV03753,MOMV03753224,,5,187,31,tap_in_home,1454,Mji Wa Kale/Makadara,Mombasa,Mvita,Urban,,,,,,,,
63900,MOMV03754,MOMV03754224,,3,174,4,tap_in_home_broken,0,Shimanzi/Ganjoni,Mombasa,Mvita,Urban,,,,,,,,
63901,MOMV03755,MOMV03755224,,2,479,35,tap_in_home,0,Tononoka,Mombasa,Mvita,Urban,,,,,,,,
63902,MOMV03756,MOMV03756224,,5,451,41,tap_in_home,0,Tudor,Mombasa,Mvita,Urban,,,,,,,,
63903,MONY03757,MONY03757224,,4,396,33,river,0,Frere Town,Mombasa,Nyali,Rural,,,,,,,,
63904,MONY03758,MONY03758224,,2,97,12,shared_taps,0,Kadzandani,Mombasa,Nyali,Urban,,,,,,,,
63905,MONY03759,MONY03759224,,5,440,24,river,0,Kongowea,Mombasa,Nyali,Rural,,,,,,,,
63906,MONY03760,MONY03760224,,3,36,45,river,1362,Mkomani,Mombasa,Nyali,Urban,,,,,,,,
63907,MONY03761,MONY03761224,,4,452,5,tap_in_home,0,Ziwa La Ng'Ombe,Mombasa,Nyali,Urban,,,,,,,,
63908,MUGA03762,MUGA03762224,,4,15,7,tap_in_home,27065,Gatanga,Murang'a,Gatanga,Urban,,,,,,,,
63909,MUGA03763,MUGA03763224,,4,249,2,shared_taps,26692,Ithanga,Murang'a,Gatanga,Urban,,,,,,,,
63910,MUGA03764,MUGA03764224,,1,12,11,river,41240,Kakuzi/Mitubiri,Murang'a,Gatanga,Rural,,,,,,,,
63911,MUGA03765,MUGA03765224,,3,346,8,shared_taps,48340,Kariara,Murang'a,Gatanga,Rural,,,,,,,,
63912,MUGA03766,MUGA03766224,,3,282,12,well,34167,Kihumbu-Ini,Murang'a,Gatanga,Rural,,Contaminated:Biological,,,,,,
63913,MUGA03767,MUGA03767224,,4,163,41,well,39015,Mugumo-Ini,Murang'a,Gatanga,Rural,,Clean,,,,,,
63914,MUKA03768,MUKA03768224,,5,282,16,river,38215,Gaichanjiru,Murang'a,Kandara,Rural,,,,,,,,
63915,MUKA03769,MUKA03769224,,5,119,43,tap_in_home,32305,Ithiru,Murang'a,Kandara,Urban,,,,,,,,
63916,MUKA03770,MUKA03770224,,1,145,13,tap_in_home,34854,Kagundu-Ini,Murang'a,Kandara,Urban,,,,,,,,
63917,MUKA03771,MUKA03771224,,5,237,16,shared_taps,28496,Muruka,Murang'a,Kandara,Urban,,,,,,,,
63918,MUKA03772,MUKA03772224,,1,75,24,tap_in_home_broken,23179,Ng'Araria,Murang'a,Kandara,Urban,,,,,,,,
63919,MUKA03773,MUKA03773224,,3,270,44,river,38815,Ruchu,Murang'a,Kandara,Rural,,,,,,,,
63920,MUKA03774,MUKA03774224,,4,493,28,shared_taps,26607,Kanyenya-Ini,Murang'a,Kangema,Urban,,,,,,,,
63921,MUKA03775,MUKA03775224,,4,502,36,river,39735,Muguru,Murang'a,Kangema,Rural,,,,,,,,
63922,MUKA03776,MUKA03776224,,5,413,11,shared_taps,23042,Rwathia,Murang'a,Kangema,Urban,,,,,,,,
63923,MUKI03777,MUKI03777224,,2,216,11,shared_taps,23226,Kahumbu,Murang'a,Kigumo,Rural,,,,,,,,
63924,MUKI03778,MUKI03778224,,2,276,32,river,35760,Kangari,Murang'a,Kigumo,Rural,,,,,,,,
63925,MUKI03779,MUKI03779224,,2,344,47,tap_in_home,28666,Kigumo,Murang'a,Kigumo,Urban,,,,,,,,
63926,MUKI03780,MUKI03780224,,1,275,12,well,32262,Kinyona,Murang'a,Kigumo,Rural,,Contaminated: Chemical,,,,,,
63927,MUKI03781,MUKI03781224,,1,526,6,river,31057,Muthithi,Murang'a,Kigumo,Urban,,,,,,,,
63928,MUKI03782,MUKI03782224,,2,439,0,shared_taps,45847,Gaturi,Murang'a,Kiharu,Rural,,,,,,,,
63929,MUKI03783,MUKI03783224,,3,115,30,shared_taps,49019,Mbiri,Murang'a,Kiharu,Rural,,,,,,,,
63930,MUKI03784,MUKI03784224,,4,262,32,well,35068,Mugoiri,Murang'a,Kiharu,Rural,,Contaminated:Biological,,,,,,
63931,MUKI03785,MUKI03785224,,3,175,23,shared_taps,32891,Murarandia,Murang'a,Kiharu,Urban,,,,,,,,
63932,MUKI03786,MUKI03786224,,5,524,15,tap_in_home,28492,Township,Murang'a,Kiharu,Rural,,,,,,,,
63933,MUKI03787,MUKI03787224,,4,428,13,river,32363,Wangu,Murang'a,Kiharu,Rural,,,,,,,,
63934,MUMA03788,MUMA03788224,,1,62,36,shared_taps,33615,Ichagaki,Murang'a,Maragwa,Urban,,,,,,,,
63935,MUMA03789,MUMA03789224,,5,428,34,shared_taps,23694,Kamahuha,Murang'a,Maragwa,Urban,,,,,,,,
63936,MUMA03790,MUMA03790224,,5,218,38,shared_taps,27725,Kambiti,Murang'a,Maragwa,Urban,,,,,,,,
63937,MUMA03791,MUMA03791224,,5,172,32,river,49701,Kimorori/Wempa,Murang'a,Maragwa,Rural,,,,,,,,
63938,MUMA03792,MUMA03792224,,3,372,45,well,37734,Makuyu,Murang'a,Maragwa,Urban,,Clean,,,,,,
63939,MUMA03793,MUMA03793224,,3,531,47,shared_taps,30329,Nginda,Murang'a,Maragwa,Urban,,,,,,,,
63940,MUMA03794,MUMA03794224,,2,258,42,shared_taps,38107,Gitugi,Murang'a,Mathioya,Rural,,,,,,,,
63941,MUMA03795,MUMA03795224,,3,271,11,tap_in_home_broken,24787,Kamacharia,Murang'a,Mathioya,Urban,,,,,,,,
63942,MUMA03796,MUMA03796224,,4,220,40,tap_in_home_broken,39282,Kiru,Murang'a,Mathioya,Urban,,,,,,,,
63943,NADA03797,NADA03797224,,4,339,46,river,0,Gatina,Nairobi,Dagoretti North,Rural,,,,,,,,
63944,NADA03798,NADA03798224,,3,393,15,well,0,Kileleshwa,Nairobi,Dagoretti North,Rural,,Contaminated: Chemical,,,,,,
63945,NADA03799,NADA03799224,,4,200,35,shared_taps,0,Kilimani,Nairobi,Dagoretti North,Urban,,,,,,,,
63946,NADA03800,NADA03800224,,2,339,5,shared_taps,0,Kabiro,Nairobi,Dagoretti South,Rural,,,,,,,,
63947,NADA03801,NADA03801224,,5,483,2,tap_in_home,0,Kawangware,Nairobi,Dagoretti South,Rural,,,,,,,,
63948,NADA03802,NADA03802224,,5,368,33,tap_in_home_broken,3652,Mutu-Ini,Nairobi,Dagoretti South,Urban,,,,,,,,
63949,NADA03803,NADA03803224,,4,343,0,well,1133,Ngando,Nairobi,Dagoretti South,Rural,,Clean,,,,,,
63950,NADA03804,NADA03804224,,4,319,8,well,0,Riruta,Nairobi,Dagoretti South,Rural,,Contaminated:Biological,,,,,,
63951,NADA03805,NADA03805224,,5,89,18,tap_in_home,0,Uthiru/Ruthimitu,Nairobi,Dagoretti South,Urban,,,,,functional,,,
63952,NADA03806,NADA03806224,,1,530,22,river,0,Waithaka,Nairobi,Dagoretti South,Rural,,,,,,,,
63953,NAEM03807,NAEM03807224,,2,459,48,river,0,Kayole Central,Nairobi,Embakasi Central,Rural,,,,,,,,
63954,NAEM03808,NAEM03808224,,5,155,24,well,0,Kayole North,Nairobi,Embakasi Central,Rural,,Contaminated: Chemical,,,,,,
63955,NAEM03809,NAEM03809224,,1,93,37,tap_in_home,0,Kayole South,Nairobi,Embakasi Central,Urban,,,,,,,,
63956,NAEM03810,NAEM03810224,,2,401,19,well,0,Komarock,Nairobi,Embakasi Central,Urban,,Clean,,,,,,
63957,NAEM03811,NAEM03811224,,1,165,27,tap_in_home,0,Matopeni/Spring Valley,Nairobi,Embakasi Central,Rural,,,,,,,,
63958,NAEM03812,NAEM03812224,,1,86,17,river,48079,Embakasi,Nairobi,Embakasi East,Rural,,,,,,,,
63959,NAEM03813,NAEM03813224,,1,93,40,well,0,Lower Savannah,Nairobi,Embakasi East,Rural,,Contaminated:Biological,,,,,,
63960,NAEM03814,NAEM03814224,,3,379,26,river,53822,Mihango,Nairobi,Embakasi East,Urban,,,,,,,,
63961,NAEM03815,NAEM03815224,,2,232,11,river,0,Upper Savannah,Nairobi,Embakasi East,Rural,,,,,,,,
63962,NAEM03816,NAEM03816224,,5,47,26,tap_in_home,0,Utawala,Nairobi,Embakasi East,Rural,,,,,,,,
63963,NAEM03817,NAEM03817224,,5,426,23,river,0,Dandora Area I,Nairobi,Embakasi North,Rural,,,,,,,,
63964,NAEM03818,NAEM03818224,,4,373,48,well,0,Dandora Area Ii,Nairobi,Embakasi North,Rural,,Contaminated:Biological,,,,,,
63965,NAEM03819,NAEM03819224,,5,38,13,shared_taps,0,Dandora Area Iii,Nairobi,Embakasi North,Rural,,,,,,,,
63966,NAEM03820,NAEM03820224,,2,254,10,tap_in_home,0,Dandora Area Iv,Nairobi,Embakasi North,Urban,,,,,,,,
63967,NAEM03821,NAEM03821224,,5,300,4,shared_taps,0,Kariobangi North,Nairobi,Embakasi North,Urban,,,,,,,,
63968,NAEM03822,NAEM03822224,,4,307,14,tap_in_home,8313,Imara Daima,Nairobi,Embakasi South,Urban,,,,,,,,
63969,NAEM03823,NAEM03823224,,5,482,47,shared_taps,0,Kwa Njenga,Nairobi,Embakasi South,Rural,,,,,,,,
63970,NAEM03824,NAEM03824224,,1,404,32,well,0,Kwa Reuben,Nairobi,Embakasi South,Rural,,Clean,,,,,,
63971,NAEM03825,NAEM03825224,,4,530,1,tap_in_home,0,Kware,Nairobi,Embakasi South,Urban,,,,,,,,
63972,NAEM03826,NAEM03826224,,5,245,27,tap_in_home,0,Pipeline,Nairobi,Embakasi South,Urban,,,,,,,,
63973,NAEM03827,NAEM03827224,,1,110,8,river,0,Kariobangi South,Nairobi,Embakasi West,Rural,,,,,,,,
63974,NAEM03828,NAEM03828224,,3,328,5,shared_taps,0,Mowlem,Nairobi,Embakasi West,Urban,,,,,,,,
63975,NAEM03829,NAEM03829224,,1,153,1,tap_in_home_broken,0,Umoja I,Nairobi,Embakasi West,Urban,,,,,,,,
63976,NAEM03830,NAEM03830224,,5,222,41,well,0,Umoja Ii,Nairobi,Embakasi West,Rural,,Clean,,,,,,
63977,NAKA03831,NAKA03831224,,1,454,15,river,0,Airbase,Nairobi,Kamukunji,Rural,,,,,,,,
63978,NAKA03832,NAKA03832224,,5,188,15,tap_in_home_broken,0,California,Nairobi,Kamukunji,Urban,,,,,,,,
63979,NAKA03833,NAKA03833224,,3,343,46,shared_taps,0,Eastleigh North,Nairobi,Kamukunji,Rural,,,,,,,,
63980,NAKA03834,NAKA03834224,,3,284,44,shared_taps,0,Eastleigh South,Nairobi,Kamukunji,Rural,,,,,,,,
63981,NAKA03835,NAKA03835224,,4,158,3,shared_taps,0,Pumwani,Nairobi,Kamukunji,Urban,,,,,,,,
63982,NAKA03836,NAKA03836224,,4,102,31,river,0,Clay City,Nairobi,Kasarani,Rural,,,,,,,,
63983,NAKA03837,NAKA03837224,,5,538,29,river,0,Kasarani,Nairobi,Kasarani,Rural,,,,,,,,
63984,NAKA03838,NAKA03838224,,1,525,10,shared_taps,20030,Mwiki,Nairobi,Kasarani,Rural,,,,,,,,
63985,NAKA03839,NAKA03839224,,5,178,9,shared_taps,0,Njiru,Nairobi,Kasarani,Urban,,,,,,,,
63986,NAKA03840,NAKA03840224,,2,25,1,river,80336,Ruai,Nairobi,Kasarani,Urban,,,,,,,,
63987,NAKI03841,NAKI03841224,,1,123,31,river,0,Laini Saba,Nairobi,Kibra,Urban,,,,,,,,
63988,NAKI03842,NAKI03842224,,4,441,45,river,0,Lindi,Nairobi,Kibra,Rural,,,,,,,,
63989,NAKI03843,NAKI03843224,,4,137,41,tap_in_home,0,Makina,Nairobi,Kibra,Urban,,,,,,,,
63990,NAKI03844,NAKI03844224,,5,295,47,well,0,Nyayo Highrise,Nairobi,Kibra,Rural,,Contaminated: Chemical,,,,,,
63991,NAKI03845,NAKI03845224,,2,416,37,shared_taps,0,Sarangombe,Nairobi,Kibra,Urban,,,,,,,,
63992,NAKI03846,NAKI03846224,,4,144,12,tap_in_home_broken,0,Woodley/Kenyatta Golf Course,Nairobi,Kibra,Urban,,,,,,,,
63993,NALA03847,NALA03847224,,3,216,41,well,47909,Karen,Nairobi,Langata,Rural,,Contaminated: Chemical,,,,,,
63994,NALA03848,NALA03848224,,1,454,12,shared_taps,18846,Mugumu-Ini,Nairobi,Langata,Urban,,,,,,,,
63995,NALA03849,NALA03849224,,4,312,5,well,5330,Nairobi West,Nairobi,Langata,Rural,,Clean,,,,,,
63996,NALA03850,NALA03850224,,1,228,47,shared_taps,353,South C,Nairobi,Langata,Urban,,,,,,,,
63997,NAMA03851,NAMA03851224,,4,151,14,well,0,Harambee,Nairobi,Makadara,Rural,,Contaminated:Biological,,,,,,
63998,NAMA03852,NAMA03852224,,2,63,29,river,0,Makongeni,Nairobi,Makadara,Rural,,,,,,,,
63999,NAMA03853,NAMA03853224,,5,310,3,river,0,Maringo/Hamza,Nairobi,Makadara,Rural,,,,,,,,
64000,NAMA03854,NAMA03854224,,3,27,46,tap_in_home_broken,0,Viwandani,Nairobi,Makadara,Urban,,,,,,,,
64001,NAMA03855,NAMA03855224,,3,379,23,shared_taps,0,Hospital,Nairobi,Mathare,Rural,,,,,,,,
64002,NAMA03856,NAMA03856224,,1,75,44,shared_taps,0,Huruma,Nairobi,Mathare,Rural,,,,,,,,
64003,NAMA03857,NAMA03857224,,1,228,18,tap_in_home_broken,0,Kiamaiko,Nairobi,Mathare,Urban,,,,,,,,
64004,NAMA03858,NAMA03858224,,1,344,46,well,0,Mabatini,Nairobi,Mathare,Urban,,Clean,,,,,,
64005,NAMA03859,NAMA03859224,,2,211,38,well,0,Mlango Kubwa,Nairobi,Mathare,Rural,,Contaminated: Chemical,,,,,,
64006,NARO03860,NARO03860224,,1,155,47,river,0,Githurai,Nairobi,Roysambu,Rural,,,,,,,,
64007,NARO03861,NARO03861224,,4,404,18,shared_taps,0,Kahawa,Nairobi,Roysambu,Urban,,,,,,,,
64008,NARO03862,NARO03862224,,3,344,11,shared_taps,14505,Kahawa West,Nairobi,Roysambu,Rural,,,,,,,,
64009,NARO03863,NARO03863224,,4,132,5,shared_taps,19786,Roysambu,Nairobi,Roysambu,Rural,,,,,,,,
64010,NARO03864,NARO03864224,,3,367,23,well,8914,Zimmerman,Nairobi,Roysambu,Rural,,Contaminated: Chemical,,,,,,
64011,NARU03865,NARU03865224,,1,213,28,well,0,Baba Dogo,Nairobi,Ruaraka,Rural,,Contaminated: Chemical,,,,,,
64012,NARU03866,NARU03866224,,5,444,15,shared_taps,0,Korogocho,Nairobi,Ruaraka,Urban,,,,,,,,
64013,NARU03867,NARU03867224,,5,183,46,tap_in_home,0,Lucky Summer,Nairobi,Ruaraka,Rural,,,,,,,,
64014,NARU03868,NARU03868224,,4,241,47,shared_taps,0,Mathare North,Nairobi,Ruaraka,Urban,,,,,,,,
64015,NARU03869,NARU03869224,,4,458,21,tap_in_home_broken,0,Utalii,Nairobi,Ruaraka,Urban,,,,,,,,
64016,NAST03870,NAST03870224,,3,404,23,shared_taps,0,Landimawe,Nairobi,Starehe,Rural,,,,,,,,
64017,NAST03871,NAST03871224,,3,330,31,river,0,Nairobi Central,Nairobi,Starehe,Rural,,,,,,,,
64018,NAST03872,NAST03872224,,1,364,25,tap_in_home_broken,0,Nairobi South,Nairobi,Starehe,Urban,,,,,,,,
64019,NAST03873,NAST03873224,,2,337,16,tap_in_home_broken,0,Ngara,Nairobi,Starehe,Urban,,,,,,,,
64020,NAST03874,NAST03874224,,1,13,48,river,0,Pangani,Nairobi,Starehe,Rural,,,,,,,,
64021,NAST03875,NAST03875224,,1,307,11,river,0,Ziwani/Kariokor,Nairobi,Starehe,Urban,,,,,,,,
64022,NAWE03876,NAWE03876224,,5,32,43,shared_taps,0,Kangemi,Nairobi,Westlands,Urban,,,,,,,,
64023,NAWE03877,NAWE03877224,,4,139,0,well,36248,Karura,Nairobi,Westlands,Rural,,Contaminated:Biological,,,functional,,,
64024,NAWE03878,NAWE03878224,,1,89,7,tap_in_home_broken,6639,Kitisuru,Nairobi,Westlands,Urban,,,,,,,,
64025,NAWE03879,NAWE03879224,,4,287,33,shared_taps,0,Mountain View,Nairobi,Westlands,Urban,,,,,,,,
64026,NAWE03880,NAWE03880224,,1,210,30,tap_in_home,4177,Parklands/Highridge,Nairobi,Westlands,Urban,,,,,,,,
64027,NABA03881,NABA03881224,,4,381,29,river,35226,Bahati,Nakuru,Bahati,Urban,,,,,,,,
64028,NABA03882,NABA03882224,,4,16,35,river,35663,Dundori,Nakuru,Bahati,Urban,,,,,,,,
64029,NABA03883,NABA03883224,,1,270,3,tap_in_home_broken,35676,Kabatini,Nakuru,Bahati,Urban,,,,,,,,
64030,NABA03884,NABA03884224,,1,117,19,tap_in_home,58919,Kiamaina,Nakuru,Bahati,Urban,,,,,functional,,,
64031,NABA03885,NABA03885224,,4,527,18,tap_in_home,34948,Lanet/Umoja,Nakuru,Bahati,Urban,,,,,,,,
64032,NAGI03886,NAGI03886224,,3,260,23,tap_in_home,18701,Elementaita,Nakuru,Gilgil,Rural,,,,,,,,
64033,NAGI03887,NAGI03887224,,4,479,5,tap_in_home_broken,75033,Gilgil,Nakuru,Gilgil,Urban,,,,,,,,
64034,NAGI03888,NAGI03888224,,3,278,6,river,27691,Malewa West,Nakuru,Gilgil,Rural,,,,,,,,
64035,NAGI03889,NAGI03889224,,4,418,9,river,87239,Mbaruk/Eburu,Nakuru,Gilgil,Rural,,,,,,,,
64036,NAGI03890,NAGI03890224,,4,368,40,shared_taps,32761,Murindati,Nakuru,Gilgil,Rural,,,,,,,,
64037,NAKU03891,NAKU03891224,,2,510,27,tap_in_home_broken,47496,Kamara,Nakuru,Kuresoi North,Rural,,,,,,,,
64038,NAKU03892,NAKU03892224,,4,465,44,tap_in_home,65890,Kiptororo,Nakuru,Kuresoi North,Rural,,,,,,,,
64039,NAKU03893,NAKU03893224,,5,238,48,tap_in_home,55942,Nyota,Nakuru,Kuresoi North,Rural,,,,,,,,
64040,NAKU03894,NAKU03894224,,4,149,30,shared_taps,26016,Sirikwa,Nakuru,Kuresoi North,Rural,,,,,,,,
64041,NAKU03895,NAKU03895224,,1,181,3,shared_taps,30589,Amalo,Nakuru,Kuresoi South,Urban,,,,,,,,
64042,NAKU03896,NAKU03896224,,3,119,45,shared_taps,43866,Keringet,Nakuru,Kuresoi South,Rural,,,,,,,,
64043,NAKU03897,NAKU03897224,,3,374,36,tap_in_home_broken,30882,Kiptagich,Nakuru,Kuresoi South,Urban,,,,,,,,
64044,NAKU03898,NAKU03898224,,4,471,46,river,60321,Tinet,Nakuru,Kuresoi South,Rural,,,,,,,,
64045,NAMO03899,NAMO03899224,,5,403,45,river,74474,Elburgon,Nakuru,Molo,Rural,,,,,,,,
64046,NAMO03900,NAMO03900224,,3,282,2,river,12283,Mariashoni,Nakuru,Molo,Rural,,,,,,,,
64047,NAMO03901,NAMO03901224,,3,127,9,river,29023,Molo,Nakuru,Molo,Rural,,,,,,,,
64048,NAMO03902,NAMO03902224,,4,98,16,shared_taps,45356,Turi,Nakuru,Molo,Rural,,,,,,,,
64049,NANA03903,NANA03903224,,1,412,31,tap_in_home_broken,16937,Biashara,Nakuru,Naivasha,Urban,,,,,,,,
64050,NANA03904,NANA03904224,,1,131,13,river,92564,Hells Gate,Nakuru,Naivasha,Rural,,,,,,,,
64051,NANA03905,NANA03905224,,4,498,18,shared_taps,5810,Lake View,Nakuru,Naivasha,Rural,,,,,,,,
64052,NANA03906,NANA03906224,,2,412,26,well,39415,Mai Mahiu,Nakuru,Naivasha,Rural,,Clean,,,,,,
64053,NANA03907,NANA03907224,,4,307,2,shared_taps,39907,Maiella,Nakuru,Naivasha,Urban,,,,,,,,
64054,NANA03908,NANA03908224,,2,95,25,river,51060,Naivasha East,Nakuru,Naivasha,Rural,,,,,,,,
64055,NANA03909,NANA03909224,,5,101,3,shared_taps,49948,Olkaria,Nakuru,Naivasha,Urban,,,,,,,,
64056,NANA03910,NANA03910224,,5,524,14,tap_in_home,37074,Viwandani,Nakuru,Naivasha,Urban,,,,,,,,
64057,NANA03911,NANA03911224,,5,395,31,shared_taps,4078,Biashara,Nakuru,Nakuru Town East,Urban,,,,,,,,
64058,NANA03912,NANA03912224,,3,357,25,shared_taps,11,Flamingo,Nakuru,Nakuru Town East,Urban,,,,,,,,
64059,NANA03913,NANA03913224,,5,536,17,river,29,Kivumbini,Nakuru,Nakuru Town East,Rural,,,,,,,,
64060,NANA03914,NANA03914224,,2,312,18,shared_taps,8203,London,Nakuru,Nakuru Town East,Urban,,,,,,,,
64061,NANA03915,NANA03915224,,1,74,37,river,5370,Menengai,Nakuru,Nakuru Town East,Rural,,,,,,,,
64062,NANA03916,NANA03916224,,5,195,42,tap_in_home_broken,29884,Nakuru East,Nakuru,Nakuru Town East,Rural,,,,,,,,
64063,NAAL03917,NAAL03917224,,3,43,7,tap_in_home,29515,Koyo-Ndurio,Nandi,Aldai,Urban,,,,,,,,
64064,NANA03918,NANA03918224,,4,99,11,river,7010,Barut,Nakuru,Nakuru Town West,Rural,,,,,,,,
64065,NANA03919,NANA03919224,,4,49,5,shared_taps,15011,Kapkures,Nakuru,Nakuru Town West,Urban,,,,,,,,
64066,NANA03920,NANA03920224,,2,115,30,well,10533,Kaptembwo,Nakuru,Nakuru Town West,Rural,,Contaminated: Chemical,,,,,,
64067,NANA03921,NANA03921224,,5,528,6,well,163,Rhoda,Nakuru,Nakuru Town West,Rural,,Contaminated: Chemical,,,,,,
64068,NANA03922,NANA03922224,,3,342,20,well,10,Shaabab,Nakuru,Nakuru Town West,Rural,,Contaminated:Biological,,,,,,
64069,NANJ03923,NANJ03923224,,4,137,13,tap_in_home,15345,Kihingo,Nakuru,Njoro,Urban,,,,,,,,
64070,NANJ03924,NANJ03924224,,5,406,32,river,26670,Lare,Nakuru,Njoro,Rural,,,,,,,,
64071,NANJ03925,NANJ03925224,,2,288,13,shared_taps,54888,Mau Narok,Nakuru,Njoro,Rural,,,,,,,,
64072,NANJ03926,NANJ03926224,,4,242,12,tap_in_home,69399,Mauche,Nakuru,Njoro,Urban,,,,,,,,
64073,NANJ03927,NANJ03927224,,1,239,39,river,23068,Nessuit,Nakuru,Njoro,Rural,,,,,,,,
64074,NANJ03928,NANJ03928224,,5,117,14,shared_taps,70716,Njoro,Nakuru,Njoro,Urban,,,,,,,,
64075,NARO03929,NARO03929224,,1,248,7,river,30969,Menengai West,Nakuru,Rongai,Rural,,,,,,,,
64076,NARO03930,NARO03930224,,5,214,13,tap_in_home,58475,Mosop,Nakuru,Rongai,Urban,,,,,,,,
64077,NARO03931,NARO03931224,,1,331,20,river,45222,Soin,Nakuru,Rongai,Urban,,,,,,,,
64078,NARO03932,NARO03932224,,2,26,5,river,33042,Solai,Nakuru,Rongai,Rural,,,,,functional,,,
64079,NARO03933,NARO03933224,,5,200,29,river,48446,Visoi,Nakuru,Rongai,Rural,,,,,,,,
64080,NASU03934,NASU03934224,,3,378,30,river,43665,Kabazi,Nakuru,Subukia,Rural,,,,,,,,
64081,NASU03935,NASU03935224,,2,149,23,tap_in_home,41787,Subukia,Nakuru,Subukia,Urban,,,,,,,,
64082,NASU03936,NASU03936224,,1,277,8,shared_taps,26043,Waseges,Nakuru,Subukia,Urban,,,,,,,,
64083,NAAL03937,NAAL03937224,,5,246,11,shared_taps,35625,Kabwareng,Nandi,Aldai,Rural,,,,,functional,,,
64084,NAAL03938,NAAL03938224,,1,117,33,well,28677,Kaptumo-Kaboi,Nandi,Aldai,Rural,,Contaminated: Chemical,,,,,,
64085,NAAL03939,NAAL03939224,,3,470,40,well,46711,Kemeloi-Maraba,Nandi,Aldai,Rural,,Contaminated: Chemical,,,functional,,,
64086,NAAL03940,NAAL03940224,,2,241,28,river,32819,Kobujoi,Nandi,Aldai,Rural,,,,,,,,
64087,NAAL03941,NAAL03941224,,5,41,28,tap_in_home,29520,Terik,Nandi,Aldai,Urban,,,,,partially_functional,,,
64088,NACH03942,NACH03942224,,1,77,9,well,24349,Chemundu/Kapng'Etuny,Nandi,Chesumei,Urban,,Contaminated:Biological,,,,,,
64089,NACH03943,NACH03943224,,1,527,42,shared_taps,49918,Kaptel/Kamoiywo,Nandi,Chesumei,Rural,,,,,,,,
64090,NACH03944,NACH03944224,,3,525,16,shared_taps,34908,Kiptuya,Nandi,Chesumei,Rural,,,,,,,,
64091,NACH03945,NACH03945224,,1,123,6,tap_in_home_broken,38629,Kosirai,Nandi,Chesumei,Urban,,,,,,,,
64092,NACH03946,NACH03946224,,4,522,39,shared_taps,30355,Lelmokwo/Ngechek,Nandi,Chesumei,Rural,,,,,,,,
64093,NAEM03947,NAEM03947224,,5,81,17,tap_in_home,25495,Chepkumia,Nandi,Emgwen,Urban,,,,,functional,,,
64094,NAEM03948,NAEM03948224,,1,505,8,tap_in_home,31816,Kapkangani,Nandi,Emgwen,Urban,,,,,unknown,,,
64095,NAEM03949,NAEM03949224,,1,418,18,tap_in_home,57785,Kapsabet,Nandi,Emgwen,Urban,,,,,,,,
64096,NAEM03950,NAEM03950224,,1,99,31,river,59860,Kilibwoni,Nandi,Emgwen,Rural,,,,,,,,
64097,NAMO03951,NAMO03951224,,2,139,47,shared_taps,24151,Chepterwai,Nandi,Mosop,Rural,,,,,functional,,,
64098,NAMO03952,NAMO03952224,,3,30,6,well,23944,Kabisaga,Nandi,Mosop,Rural,,Contaminated:Biological,,,,,,
64099,NAMO03953,NAMO03953224,,5,489,29,well,26557,Kabiyet,Nandi,Mosop,Rural,,Contaminated: Chemical,,,,,,
64100,NAMO03954,NAMO03954224,,1,58,26,shared_taps,27765,Kipkaren,Nandi,Mosop,Urban,,,,,,,,
64101,NAMO03955,NAMO03955224,,1,521,48,tap_in_home,26550,Kurgung/Surungai,Nandi,Mosop,Urban,,,,,,,,
64102,NAMO03956,NAMO03956224,,5,460,9,river,26113,Ndalat,Nandi,Mosop,Rural,,,,,,,,
64103,NAMO03957,NAMO03957224,,3,236,9,shared_taps,27218,Sangalo/Kebulonik,Nandi,Mosop,Urban,,,,,functional,,,
64104,NANA03958,NANA03958224,,3,422,18,shared_taps,42295,Chepkunyuk,Nandi,Nandi Hills,Urban,,,,,,,,
64105,NANA03959,NANA03959224,,2,15,19,river,23123,Kapchorua,Nandi,Nandi Hills,Rural,,,,,,,,
64106,NANA03960,NANA03960224,,4,260,6,tap_in_home,43001,Nandi Hills,Nandi,Nandi Hills,Urban,,,,,,,,
64107,NANA03961,NANA03961224,,1,11,28,well,25942,Ol'Lessos,Nandi,Nandi Hills,Rural,,Contaminated: Chemical,,,,,,
64108,NATI03962,NATI03962224,,5,127,12,well,17361,Chemelil/Chemase,Nandi,Tinderet,Rural,,Contaminated: Chemical,,,,,,
64109,NATI03963,NATI03963224,,3,5,5,shared_taps,27957,Kapsimotwo,Nandi,Tinderet,Urban,,,,,,,,
64110,NATI03964,NATI03964224,,3,256,29,shared_taps,55537,Songhor/Soba,Nandi,Tinderet,Urban,,,,,,,,
64111,NATI03965,NATI03965224,,4,136,38,shared_taps,32229,Tindiret,Nandi,Tinderet,Urban,,,,,,,,
64112,NAEM03966,NAEM03966224,,5,470,21,river,11153,Ilkerin,Narok,Emurua Dikirr,Rural,,,,,,,,
64113,NAEM03967,NAEM03967224,,4,372,34,tap_in_home,38119,Kapsasian,Narok,Emurua Dikirr,Urban,,,,,unknown,,,
64114,NAEM03968,NAEM03968224,,4,266,29,river,41836,Mogondo,Narok,Emurua Dikirr,Rural,,,,,unknown,,,
64115,NAEM03969,NAEM03969224,,1,245,22,river,41329,Ololmasani,Narok,Emurua Dikirr,Rural,,,,,,,,
64116,NAKI03970,NAKI03970224,,4,447,46,tap_in_home,30964,Angata Barikoi,Narok,Kilgoris,Urban,,,,,,,,
64117,NAKI03971,NAKI03971224,,4,527,6,shared_taps,49579,Keyian,Narok,Kilgoris,Rural,,,,,partially_functional,,,
64118,NAKI03972,NAKI03972224,,3,438,38,river,65150,Kilgoris Central,Narok,Kilgoris,Rural,,,,,functional,,,
64119,NAKI03973,NAKI03973224,,1,205,5,well,60453,Kimintet,Narok,Kilgoris,Rural,,Contaminated: Chemical,,,functional,,,
64120,NAKI03974,NAKI03974224,,4,358,28,tap_in_home,38883,Lolgorian,Narok,Kilgoris,Rural,,,,,functional,,,
64121,NAKI03975,NAKI03975224,,5,163,8,river,49417,Shankoe,Narok,Kilgoris,Rural,,,,,non_functional,,,
64122,NANA03976,NANA03976224,,5,406,0,river,33095,Keekonyokie,Narok,Narok East,Rural,,,,,,,,
64123,NANA03977,NANA03977224,,4,472,1,shared_taps,46501,Mosiro,Narok,Narok East,Urban,,,,,,,,
64124,NANA03978,NANA03978224,,1,415,19,river,29492,Suswa,Narok,Narok East,Rural,,,,,,,,
64125,NANA03979,NANA03979224,,1,392,1,well,54891,Melili,Narok,Narok North,Rural,,Contaminated:Biological,,,,,,
64126,NANA03980,NANA03980224,,1,56,24,river,59802,Narok Town,Narok,Narok North,Rural,,,,,,,,
64127,NANA03981,NANA03981224,,3,371,28,shared_taps,36481,Nkareta,Narok,Narok North,Urban,,,,,,,,
64128,NANA03982,NANA03982224,,3,269,24,shared_taps,52532,Olokurto,Narok,Narok North,Rural,,,,,,,,
64129,NANA03983,NANA03983224,,3,386,22,tap_in_home_broken,46643,Olorropil,Narok,Narok North,Urban,,,,,,,,
64130,NANA03984,NANA03984224,,4,129,16,shared_taps,38022,Olpusimoru,Narok,Narok North,Rural,,,,,,,,
64131,NANA03985,NANA03985224,,4,120,1,well,31552,Ildamat,Narok,Narok South,Rural,,Contaminated: Chemical,,,,,,
64132,NANA03986,NANA03986224,,5,275,28,tap_in_home_broken,36464,Loita,Narok,Narok South,Urban,,,,,,,,
64133,NANA03987,NANA03987224,,3,394,11,shared_taps,64012,Majimoto/Naroosura,Narok,Narok South,Urban,,,,,functional,,,
64134,NANA03988,NANA03988224,,4,356,6,tap_in_home,53093,Melelo,Narok,Narok South,Urban,,,,,,,,
64135,NANA03989,NANA03989224,,4,246,37,tap_in_home,49538,Ololulung'A,Narok,Narok South,Urban,,,,,,,,
64136,NANA03990,NANA03990224,,2,94,20,river,16302,Sagamian,Narok,Narok South,Rural,,,,,,,,
64137,NANA03991,NANA03991224,,3,261,26,river,48168,Sogoo,Narok,Narok South,Rural,,,,,,,,
64138,NANA03992,NANA03992224,,5,499,19,tap_in_home,72595,Ilmotiok,Narok,Narok West,Urban,,,,,,,,
64139,NANA03993,NANA03993224,,2,197,0,shared_taps,59356,Mara,Narok,Narok West,Rural,,,,,,,,
64140,NANA03994,NANA03994224,,2,220,30,tap_in_home_broken,34046,Naikarra,Narok,Narok West,Urban,,,,,partially_functional,,,
64141,NANA03995,NANA03995224,,1,273,9,tap_in_home,51858,Siana,Narok,Narok West,Urban,,,,,partially_functional,,,
64142,NYBO03996,NYBO03996224,,2,295,31,tap_in_home,29200,Esise,Nyamira,Borabu,Rural,,,,,partially_functional,,,
64143,NYBO03997,NYBO03997224,,5,112,23,well,45340,Kiabonyoru,Nyamira,Borabu,Rural,,Contaminated: Chemical,,,functional,,,
64144,NYBO03998,NYBO03998224,,2,364,7,tap_in_home_broken,23161,Mekenene,Nyamira,Borabu,Rural,,,,,functional,,,
64145,NYBO03999,NYBO03999224,,3,248,34,tap_in_home,32856,Nyansiongo,Nyamira,Borabu,Urban,,,,,partially_functional,,,
64146,NYKI04000,NYKI04000224,,2,421,48,shared_taps,33520,Gachuba,Nyamira,Kitutu Masaba,Rural,,,,,partially_functional,,,
64147,NYKI04001,NYKI04001224,,1,218,28,tap_in_home,42449,Gesima,Nyamira,Kitutu Masaba,Urban,,,,,partially_functional,,,
64148,NYKI04002,NYKI04002224,,5,221,10,shared_taps,40379,Kemera,Nyamira,Kitutu Masaba,Urban,,,,,partially_functional,,,
64149,NYKI04003,NYKI04003224,,2,191,45,tap_in_home,27196,Magombo,Nyamira,Kitutu Masaba,Urban,,,,,partially_functional,,,
64150,NYKI04004,NYKI04004224,,3,352,26,river,35227,Manga,Nyamira,Kitutu Masaba,Rural,,,,,partially_functional,,,
64151,NYKI04005,NYKI04005224,,1,176,15,tap_in_home_broken,46673,Rigoma,Nyamira,Kitutu Masaba,Urban,,,,,partially_functional,,,
64152,NYNO04006,NYNO04006224,,1,209,25,tap_in_home,33494,Bokeira,Nyamira,North Mugirango,Urban,,,,,partially_functional,,,
64153,NYNO04007,NYNO04007224,,4,216,2,well,19465,Bomwagamo,Nyamira,North Mugirango,Rural,,Contaminated:Biological,,,functional,,,
64154,NYNO04008,NYNO04008224,,4,321,16,tap_in_home_broken,8482,Ekerenyo,Nyamira,North Mugirango,Urban,,,,,partially_functional,,,
64155,NYNO04009,NYNO04009224,,4,413,18,shared_taps,53657,Itibo,Nyamira,North Mugirango,Urban,,,,,partially_functional,,,
64156,NYNO04010,NYNO04010224,,4,311,10,tap_in_home_broken,21454,Magwagwa,Nyamira,North Mugirango,Urban,,,,,partially_functional,,,
64157,NYWE04011,NYWE04011224,,3,393,9,river,46213,Bogichora,Nyamira,West Mugirango,Urban,,,,,partially_functional,,,
64158,NYWE04012,NYWE04012224,,5,211,15,shared_taps,32155,Bonyamatuta,Nyamira,West Mugirango,Rural,,,,,functional,,,
64159,NYWE04013,NYWE04013224,,1,256,14,shared_taps,41347,Bosamaro,Nyamira,West Mugirango,Rural,,,,,functional,,,
64160,NYWE04014,NYWE04014224,,2,229,45,tap_in_home,35816,Nyamaiya,Nyamira,West Mugirango,Urban,,,,,functional,,,
64161,NYWE04015,NYWE04015224,,3,134,27,tap_in_home_broken,18833,Township,Nyamira,West Mugirango,Urban,,,,,functional,,,
64162,NYKI04016,NYKI04016224,,5,533,47,tap_in_home,26063,Engineer,Nyandarua,Kinangop,Urban,,,,,,,,
64163,NYKI04017,NYKI04017224,,2,215,13,tap_in_home_broken,32528,Gathara,Nyandarua,Kinangop,Urban,,,,,,,,
64164,NYKI04018,NYKI04018224,,1,40,23,tap_in_home_broken,30306,Githabai,Nyandarua,Kinangop,Urban,,,,,,,,
64165,NYKI04019,NYKI04019224,,2,369,36,well,31831,Magumu,Nyandarua,Kinangop,Rural,,Contaminated:Biological,,,,,,
64166,NYKI04020,NYKI04020224,,1,355,10,tap_in_home_broken,31890,Murungaru,Nyandarua,Kinangop,Rural,,,,,,,,
64167,NYKI04021,NYKI04021224,,3,262,38,well,21484,Njabini\Kiburu,Nyandarua,Kinangop,Rural,,Contaminated: Chemical,,,,,,
64168,NYKI04022,NYKI04022224,,2,232,46,tap_in_home,23594,North Kinangop,Nyandarua,Kinangop,Urban,,,,,,,,
64169,NYKI04023,NYKI04023224,,4,257,39,tap_in_home,28356,Nyakio,Nyandarua,Kinangop,Urban,,,,,,,,
64170,NYKI04024,NYKI04024224,,2,33,20,tap_in_home,23080,Geta,Nyandarua,Kipipiri,Urban,,,,,,,,
64171,NYKI04025,NYKI04025224,,2,456,6,well,20486,Githioro,Nyandarua,Kipipiri,Rural,,Clean,,,,,,
64172,NYKI04026,NYKI04026224,,3,431,12,tap_in_home_broken,29207,Kipipiri,Nyandarua,Kipipiri,Urban,,,,,,,,
64173,NYKI04027,NYKI04027224,,2,408,47,tap_in_home,32002,Wanjohi,Nyandarua,Kipipiri,Urban,,,,,,,,
64174,NYND04028,NYND04028224,,2,99,45,shared_taps,32410,Central,Nyandarua,Ndaragwa,Urban,,,,,,,,
64175,NYND04029,NYND04029224,,1,34,46,river,24649,Kiriita,Nyandarua,Ndaragwa,Urban,,,,,,,,
64176,NYND04030,NYND04030224,,5,28,28,shared_taps,22731,Leshau/Pondo,Nyandarua,Ndaragwa,Rural,,,,,,,,
64177,NYND04031,NYND04031224,,3,348,36,river,26182,Shamata,Nyandarua,Ndaragwa,Urban,,,,,,,,
64178,NYOL04032,NYOL04032224,,4,61,13,well,34635,Charagita,Nyandarua,Ol Jorok,Rural,,Contaminated:Biological,,,,,,
64179,NYOL04033,NYOL04033224,,2,222,1,river,25287,Gathanji,Nyandarua,Ol Jorok,Rural,,,,,,,,
64180,NYOL04034,NYOL04034224,,1,412,28,shared_taps,28326,Gatimu,Nyandarua,Ol Jorok,Urban,,,,,,,,
64181,NYOL04035,NYOL04035224,,2,215,41,tap_in_home_broken,36383,Weru,Nyandarua,Ol Jorok,Urban,,,,,,,,
64182,NYOL04036,NYOL04036224,,1,479,7,shared_taps,23379,Kaimbaga,Nyandarua,Ol Kalou,Urban,,,,,,,,
64183,NYOL04037,NYOL04037224,,4,91,25,shared_taps,35071,Kanjuiri Range,Nyandarua,Ol Kalou,Urban,,,,,,,,
64184,NYOL04038,NYOL04038224,,2,230,25,well,30328,Karau,Nyandarua,Ol Kalou,Rural,,Contaminated:Biological,,,,,,
64185,NYOL04039,NYOL04039224,,3,12,9,river,26624,Mirangine,Nyandarua,Ol Kalou,Rural,,,,,functional,,,
64186,NYOL04040,NYOL04040224,,4,126,47,well,30287,Rurii,Nyandarua,Ol Kalou,Rural,,Contaminated: Chemical,,,,,,
64187,NYKI04041,NYKI04041224,,2,474,18,shared_taps,41450,Gakawa,Nyeri,Kieni,Urban,,,,,,,,
64188,NYKI04042,NYKI04042224,,1,201,18,river,21430,Gatarakwa,Nyeri,Kieni,Rural,,,,,,,,
64189,NYKI04043,NYKI04043224,,1,260,18,river,31108,Kabaru,Nyeri,Kieni,Urban,,,,,,,,
64190,NYKI04044,NYKI04044224,,1,206,30,tap_in_home,28869,Mugunda,Nyeri,Kieni,Urban,,,,,,,,
64191,NYKI04045,NYKI04045224,,2,251,45,tap_in_home,21496,Mweiga,Nyeri,Kieni,Urban,,,,,,,,
64192,NYKI04046,NYKI04046224,,2,275,32,well,27081,Mwiyogo/Endarasha,Nyeri,Kieni,Urban,,Contaminated:Biological,,,,,,
64193,NYKI04047,NYKI04047224,,4,387,2,tap_in_home,34119,Naromoru Kiamathaga,Nyeri,Kieni,Rural,,,,,,,,
64194,NYKI04048,NYKI04048224,,2,208,37,shared_taps,27189,Thegu River,Nyeri,Kieni,Urban,,,,,,,,
64195,NYMA04049,NYMA04049224,,2,121,44,well,33875,Iriaini,Nyeri,Mathira,Rural,,Contaminated: Chemical,,,,,,
64196,NYMA04050,NYMA04050224,,4,11,40,well,27035,Karatina Town,Nyeri,Mathira,Rural,,Contaminated: Chemical,,,,,,
64197,NYMA04051,NYMA04051224,,4,62,40,well,32621,Kirimukuyu,Nyeri,Mathira,Rural,,Clean,,,,,,
64198,NYMA04052,NYMA04052224,,1,287,32,river,33394,Konyu,Nyeri,Mathira,Rural,,,,,,,,
64199,NYMA04053,NYMA04053224,,3,322,26,shared_taps,22871,Magutu,Nyeri,Mathira,Urban,,,,,,,,
64200,NYMA04054,NYMA04054224,,5,193,16,tap_in_home,23769,Ruguru,Nyeri,Mathira,Urban,,,,,,,,
64201,NYMU04055,NYMU04055224,,3,324,15,river,21961,Gikondi,Nyeri,Mukurweini,Rural,,,,,,,,
64202,NYMU04056,NYMU04056224,,1,78,46,shared_taps,31208,Mukurwe-Ini Central,Nyeri,Mukurweini,Urban,,,,,,,,
64203,NYMU04057,NYMU04057224,,4,378,16,tap_in_home,19654,Mukurwe-Ini West,Nyeri,Mukurweini,Rural,,,,,,,,
64204,NYMU04058,NYMU04058224,,5,336,19,shared_taps,24942,Rugi,Nyeri,Mukurweini,Rural,,,,,,,,
64205,NYNY04059,NYNY04059224,,5,13,40,well,16813,Gatitu/Muruguru,Nyeri,Nyeri Town,Rural,,Contaminated: Chemical,,,,,,
64206,NYNY04060,NYNY04060224,,2,85,13,river,17512,Kamakwa/Mukaro,Nyeri,Nyeri Town,Rural,,,,,,,,
64207,NYNY04061,NYNY04061224,,2,202,41,shared_taps,32379,Kiganjo/Mathari,Nyeri,Nyeri Town,Rural,,,,,,,,
64208,NYNY04062,NYNY04062224,,4,305,44,tap_in_home_broken,10684,Ruring'U,Nyeri,Nyeri Town,Urban,,,,,,,,
64209,NYNY04063,NYNY04063224,,1,315,11,tap_in_home,1667,Rware,Nyeri,Nyeri Town,Urban,,,,,,,,
64210,NYOT04064,NYOT04064224,,1,352,6,river,25475,Chinga,Nyeri,Othaya,Rural,,,,,,,,
64211,NYOT04065,NYOT04065224,,1,112,17,shared_taps,28524,Iria-Ini,Nyeri,Othaya,Urban,,,,,,,,
64212,NYOT04066,NYOT04066224,,3,410,30,river,21667,Karima,Nyeri,Othaya,Rural,,,,,,,,
64213,NYOT04067,NYOT04067224,,4,269,31,shared_taps,25779,Mahiga,Nyeri,Othaya,Urban,,,,,,,,
64214,NYTE04068,NYTE04068224,,4,444,29,well,30488,Aguthi-Gaaki,Nyeri,Tetu,Rural,,Contaminated:Biological,,,,,,
64215,NYTE04069,NYTE04069224,,1,185,13,river,23399,Dedan Kimanthi,Nyeri,Tetu,Rural,,,,,,,,
64216,NYTE04070,NYTE04070224,,5,25,22,tap_in_home_broken,34115,Wamagana,Nyeri,Tetu,Urban,,,,,,,,
64217,SASA04071,SASA04071224,,1,362,43,tap_in_home,22242,Wamba East,Samburu,Samburu East,Urban,,,,,partially_functional,,,
64218,SASA04072,SASA04072224,,1,25,15,well,18192,Wamba North,Samburu,Samburu East,Rural,,Contaminated: Chemical,,,partially_functional,,,
64219,SASA04073,SASA04073224,,5,377,19,tap_in_home,20238,Wamba West,Samburu,Samburu East,Urban,,,,,partially_functional,,,
64220,SASA04074,SASA04074224,,2,447,24,river,25119,Waso,Samburu,Samburu East,Rural,,,,,partially_functional,,,
64221,SASA04075,SASA04075224,,3,528,33,tap_in_home_broken,16529,Angata Nanyokie,Samburu,Samburu North,Urban,,,,,partially_functional,,,
64222,SASA04076,SASA04076224,,4,467,26,shared_taps,18230,Baawa,Samburu,Samburu North,Rural,,,,,partially_functional,,,
64223,SASA04077,SASA04077224,,5,475,26,well,18170,El-Barta,Samburu,Samburu North,Rural,,Contaminated: Chemical,,,partially_functional,,,
64224,SASA04078,SASA04078224,,1,84,28,tap_in_home_broken,13561,Nachola,Samburu,Samburu North,Urban,,,,,partially_functional,,,
64225,SASA04079,SASA04079224,,1,391,22,tap_in_home,17843,Ndoto,Samburu,Samburu North,Urban,,,,,partially_functional,,,
64226,SASA04080,SASA04080224,,3,17,35,well,21797,Nyiro,Samburu,Samburu North,Rural,,Clean,,,partially_functional,,,
64227,SASA04081,SASA04081224,,1,299,33,shared_taps,34257,Lodokejek,Samburu,Samburu West,Urban,,,,,partially_functional,,,
64228,SASA04082,SASA04082224,,4,127,5,shared_taps,13118,Loosuk,Samburu,Samburu West,Urban,,,,,partially_functional,,,
64229,SASA04083,SASA04083224,,5,194,38,tap_in_home,66362,Maralal,Samburu,Samburu West,Urban,,,,,partially_functional,,,
64230,SASA04084,SASA04084224,,3,26,5,shared_taps,23441,Poro,Samburu,Samburu West,Urban,,,,,partially_functional,,,
64231,SASA04085,SASA04085224,,5,204,17,river,19126,Suguta Marmar,Samburu,Samburu West,Rural,,,,,partially_functional,,,
64232,SIAL04086,SIAL04086224,,1,499,39,tap_in_home_broken,41293,Central Alego,Siaya,Alego Usonga,Urban,,,,,partially_functional,,,
64233,SIAL04087,SIAL04087224,,3,381,13,shared_taps,30518,North Alego,Siaya,Alego Usonga,Rural,,,,,partially_functional,,,
64234,SIAL04088,SIAL04088224,,4,272,9,well,37886,Siaya Township,Siaya,Alego Usonga,Rural,,Contaminated:Biological,,,partially_functional,,,
64235,SIAL04089,SIAL04089224,,5,234,43,shared_taps,83461,South East Alego,Siaya,Alego Usonga,Rural,,,,,partially_functional,,,
64236,SIAL04090,SIAL04090224,,2,458,0,shared_taps,21040,Usonga,Siaya,Alego Usonga,Urban,,,,,partially_functional,,,
64237,SIAL04091,SIAL04091224,,5,515,24,river,43418,West Alego,Siaya,Alego Usonga,Rural,,,,,partially_functional,,,
64238,SIBO04092,SIBO04092224,,1,25,16,tap_in_home,28150,Central Sakwa,Siaya,Bondo,Urban,,,,,partially_functional,,,
64239,SIBO04093,SIBO04093224,,3,353,31,shared_taps,46873,North Sakwa,Siaya,Bondo,Urban,,,,,partially_functional,,,
64240,SIBO04094,SIBO04094224,,4,405,42,tap_in_home_broken,36088,South Sakwa,Siaya,Bondo,Urban,,,,,partially_functional,,,
64241,SIBO04095,SIBO04095224,,3,92,22,tap_in_home_broken,34901,West Sakwa,Siaya,Bondo,Rural,,,,,partially_functional,,,
64242,SIBO04096,SIBO04096224,,5,469,17,tap_in_home,42284,West Yimbo,Siaya,Bondo,Urban,,,,,functional,,,
64243,SIBO04097,SIBO04097224,,2,351,12,river,37429,Yimbo East,Siaya,Bondo,Rural,,,,,partially_functional,,,
64244,SIGE04098,SIGE04098224,,2,408,18,shared_taps,30676,Central Gem,Siaya,Gem,Rural,,,,,partially_functional,,,
64245,SIGE04099,SIGE04099224,,4,23,48,tap_in_home_broken,31418,East Gem,Siaya,Gem,Urban,,,,,partially_functional,,,
64246,TAMW04100,TAMW04100224,,3,209,5,well,22197,Bura,Taita Taveta,Mwatate,Rural,,Clean,,,,,,
64247,SIGE04101,SIGE04101224,,3,453,30,river,44087,North Gem,Siaya,Gem,Rural,,,,,partially_functional,,,
64248,SIGE04102,SIGE04102224,,5,71,30,tap_in_home_broken,37262,South Gem,Siaya,Gem,Urban,,,,,partially_functional,,,
64249,SIGE04103,SIGE04103224,,5,14,46,well,30661,West Gem,Siaya,Gem,Rural,,Contaminated: Chemical,,,partially_functional,,,
64250,SIGE04104,SIGE04104224,,2,529,3,river,30789,Yala Township,Siaya,Gem,Rural,,,,,partially_functional,,,
64251,SIRA04105,SIRA04105224,,5,43,12,river,42782,East Asembo,Siaya,Rarieda,Rural,,,,,partially_functional,,,
64252,SIRA04106,SIRA04106224,,1,404,40,shared_taps,28249,North Uyoma,Siaya,Rarieda,Urban,,,,,partially_functional,,,
64253,SIRA04107,SIRA04107224,,2,69,3,river,25053,South Uyoma,Siaya,Rarieda,Rural,,,,,partially_functional,,,
64254,SIRA04108,SIRA04108224,,3,87,30,shared_taps,43350,West Asembo,Siaya,Rarieda,Urban,,,,,partially_functional,,,
64255,SIRA04109,SIRA04109224,,2,63,8,shared_taps,35872,West Uyoma,Siaya,Rarieda,Rural,,,,,partially_functional,,,
64256,SIUG04110,SIUG04110224,,2,399,15,well,41029,East Ugenya,Siaya,Ugenya,Rural,,Contaminated:Biological,,,partially_functional,,,
64257,SIUG04111,SIUG04111224,,3,364,35,shared_taps,38544,North Ugenya,Siaya,Ugenya,Urban,,,,,partially_functional,,,
64258,SIUG04112,SIUG04112224,,1,201,18,river,27845,Ukwala,Siaya,Ugenya,Rural,,,,,partially_functional,,,
64259,SIUG04113,SIUG04113224,,3,120,31,shared_taps,37880,West Ugenya,Siaya,Ugenya,Urban,,,,,partially_functional,,,
64260,SIUG04114,SIUG04114224,,2,529,43,well,32851,Sidindi,Siaya,Ugunja,Rural,,Contaminated:Biological,,,partially_functional,,,
64261,SIUG04115,SIUG04115224,,1,117,29,shared_taps,38006,Sigomere,Siaya,Ugunja,Urban,,,,,partially_functional,,,
64262,SIUG04116,SIUG04116224,,4,65,40,river,52095,Ugunja,Siaya,Ugunja,Urban,,,,,partially_functional,,,
64263,TAMW04117,TAMW04117224,,2,472,2,shared_taps,21787,Chawia,Taita Taveta,Mwatate,Rural,,,,,,,,
64264,TAMW04118,TAMW04118224,,1,231,26,river,14555,Mwatate,Taita Taveta,Mwatate,Rural,,,,,,,,
64265,TAMW04119,TAMW04119224,,5,175,24,shared_taps,15345,Rong'E,Taita Taveta,Mwatate,Rural,,,,,,,,
64266,TAMW04120,TAMW04120224,,5,324,45,shared_taps,16658,Wusi/Kishamba,Taita Taveta,Mwatate,Urban,,,,,,,,
64267,TATA04121,TATA04121224,,3,194,25,tap_in_home_broken,8446,Bomani,Taita Taveta,Taveta,Rural,,,,,,,,
64268,TATA04122,TATA04122224,,4,84,4,shared_taps,28000,Chala,Taita Taveta,Taveta,Rural,,,,,functional,,,
64269,TATA04123,TATA04123224,,2,389,23,shared_taps,13500,Mahoo,Taita Taveta,Taveta,Urban,,,,,,,,
64270,TATA04124,TATA04124224,,4,503,42,well,13746,Mata,Taita Taveta,Taveta,Rural,,Clean,,,,,,
64271,TATA04125,TATA04125224,,5,416,31,tap_in_home,36729,Mboghoni,Taita Taveta,Taveta,Urban,,,,,,,,
64272,TAVO04126,TAVO04126224,,2,394,2,shared_taps,30877,Kaloleni,Taita Taveta,Voi,Rural,,,,,,,,
64273,TAVO04127,TAVO04127224,,5,176,23,tap_in_home_broken,17411,Kasigau,Taita Taveta,Voi,Urban,,,,,,,,
64274,TAVO04128,TAVO04128224,,2,265,46,well,12589,Marungu,Taita Taveta,Voi,Urban,,Contaminated: Chemical,,,,,,
64275,TAVO04129,TAVO04129224,,3,290,23,tap_in_home,37142,Mbololo,Taita Taveta,Voi,Urban,,,,,,,,
64276,TAVO04130,TAVO04130224,,3,208,32,shared_taps,13778,Ngolia,Taita Taveta,Voi,Urban,,,,,functional,,,
64277,TAVO04131,TAVO04131224,,2,253,19,shared_taps,19033,Sagalla,Taita Taveta,Voi,Urban,,,,,,,,
64278,TAWU04132,TAWU04132224,,4,276,1,shared_taps,15775,Mwanda/Mgange,Taita Taveta,Wundanyi,Urban,,,,,,,,
64279,TAWU04133,TAWU04133224,,3,503,45,tap_in_home,10453,Werugha,Taita Taveta,Wundanyi,Urban,,,,,,,,
64280,TAWU04134,TAWU04134224,,3,258,33,tap_in_home_broken,18256,Wumingu/Kishushe,Taita Taveta,Wundanyi,Urban,,,,,,,,
64281,TAWU04135,TAWU04135224,,1,99,40,well,23005,Wundanyi/Mbale,Taita Taveta,Wundanyi,Urban,,Contaminated:Biological,,,,,,
64282,TABU04136,TABU04136224,,5,154,11,shared_taps,23385,Bangale,Tana River,Bura,Urban,,,,,functional,,,
64283,TABU04137,TABU04137224,,5,364,26,river,24915,Chewele,Tana River,Bura,Rural,,,,,partially_functional,,,
64284,TABU04138,TABU04138224,,2,458,25,shared_taps,16564,Hirimani,Tana River,Bura,Urban,,,,,functional,,,
64285,TABU04139,TABU04139224,,5,241,40,tap_in_home,66199,Madogo,Tana River,Bura,Urban,,,,,non_functional,,,
64286,TABU04140,TABU04140224,,5,252,4,tap_in_home,15540,Sala,Tana River,Bura,Urban,,,,,functional,,,
64287,TAGA04141,TAGA04141224,,4,368,8,shared_taps,41961,Chewani,Tana River,Galole,Urban,,,,,,,,
64288,TAGA04142,TAGA04142224,,4,135,19,well,25148,Kinakomba,Tana River,Galole,Rural,,Contaminated:Biological,,,,,,
64289,TAGA04143,TAGA04143224,,2,434,7,tap_in_home,14560,Mikinduni,Tana River,Galole,Urban,,,,,,,,
64290,TAGA04144,TAGA04144224,,5,303,13,well,31573,Wayu,Tana River,Galole,Rural,,Clean,,,,,,
64291,TAGA04145,TAGA04145224,,5,264,8,river,17905,Garsen Central,Tana River,Garsen,Rural,,,,,,,,
64292,TAGA04146,TAGA04146224,,2,192,24,tap_in_home,23577,Garsen North,Tana River,Garsen,Urban,,,,,functional,,,
64293,TAGA04147,TAGA04147224,,1,335,36,tap_in_home,20336,Garsen South,Tana River,Garsen,Rural,,,,,,,,
64294,TAGA04148,TAGA04148224,,4,181,28,shared_taps,13717,Garsen West,Tana River,Garsen,Urban,,,,,non_functional,,,
64295,TAGA04149,TAGA04149224,,3,435,41,shared_taps,23979,Kipini East,Tana River,Garsen,Rural,,,,,,,,
64296,TAGA04150,TAGA04150224,,5,338,40,shared_taps,23347,Kipini West,Tana River,Garsen,Urban,,,,,,,,
64297,THCH04151,THCH04151224,,3,501,21,well,35674,Igambang'Ombe,Tharaka-Nithi,Chuka/Igambang'Ombe,Rural,,Contaminated:Biological,,,,,,
64298,THCH04152,THCH04152224,,4,208,23,tap_in_home_broken,27489,Karingani,Tharaka-Nithi,Chuka/Igambang'Ombe,Urban,,,,,,,,
64299,THCH04153,THCH04153224,,5,471,0,river,42487,Magumoni,Tharaka-Nithi,Chuka/Igambang'Ombe,Rural,,,,,,,,
64300,THCH04154,THCH04154224,,3,178,45,river,19882,Mariani,Tharaka-Nithi,Chuka/Igambang'Ombe,Rural,,,,,,,,
64301,THIG04155,THIG04155224,,2,413,36,shared_taps,29483,Akachiu,Tharaka-Nithi,Igembe South,Urban,,,,,,,,
64302,THMA04156,THMA04156224,,4,120,26,well,38811,Chogoria,Tharaka-Nithi,Maara,Urban,,Contaminated: Chemical,,,,,,
64303,THMA04157,THMA04157224,,1,101,22,tap_in_home_broken,19818,Ganga,Tharaka-Nithi,Maara,Urban,,,,,,,,
64304,THMA04158,THMA04158224,,1,166,39,tap_in_home,17755,Mitheru,Tharaka-Nithi,Maara,Urban,,,,,,,,
64305,THMA04159,THMA04159224,,3,68,34,shared_taps,33846,Mwimbi,Tharaka-Nithi,Maara,Urban,,,,,,,,
64306,THTH04160,THTH04160224,,1,151,9,tap_in_home_broken,37101,Chiakariga,Tharaka-Nithi,Tharaka,Urban,,,,,,,,
64307,THTH04161,THTH04161224,,4,49,15,well,29768,Gatunga,Tharaka-Nithi,Tharaka,Rural,,Contaminated: Chemical,,,,,,
64308,THTH04162,THTH04162224,,3,343,44,tap_in_home_broken,35338,Mukothima,Tharaka-Nithi,Tharaka,Urban,,,,,,,,
64309,THTH04163,THTH04163224,,3,129,6,well,17375,Nkondi,Tharaka-Nithi,Tharaka,Rural,,Clean,,,,,,
64310,TRCH04164,TRCH04164224,,3,269,47,river,38521,Chepsiro/Kiptoror,Trans Nzoia,Cherangany,Rural,,,,,functional,,,
64311,TRCH04165,TRCH04165224,,4,349,1,shared_taps,53269,Cherangany/Suwerwa,Trans Nzoia,Cherangany,Urban,,,,,functional,,,
64312,TRCH04166,TRCH04166224,,2,489,28,tap_in_home_broken,31832,Kaplamai,Trans Nzoia,Cherangany,Urban,,,,,functional,,,
64313,TRCH04167,TRCH04167224,,3,529,32,shared_taps,23390,Makutano,Trans Nzoia,Cherangany,Rural,,,,,functional,,,
64314,TRCH04168,TRCH04168224,,5,384,33,tap_in_home,44744,Motosiet,Trans Nzoia,Cherangany,Urban,,,,,functional,,,
64315,TRCH04169,TRCH04169224,,4,190,0,shared_taps,32968,Sinyerere,Trans Nzoia,Cherangany,Rural,,,,,functional,,,
64316,TRCH04170,TRCH04170224,,5,58,2,tap_in_home_broken,34456,Sitatunga,Trans Nzoia,Cherangany,Urban,,,,,partially_functional,,,
64317,TREN04171,TREN04171224,,2,472,11,well,47978,Chepchoina,Trans Nzoia,Endebess,Rural,,Clean,,,,,,
64318,TREN04172,TREN04172224,,4,302,15,river,31074,Endebess,Trans Nzoia,Endebess,Rural,,,,,,,,
64319,TREN04173,TREN04173224,,2,230,45,shared_taps,43998,Matumbei,Trans Nzoia,Endebess,Urban,,,,,,,,
64320,TRKI04174,TRKI04174224,,3,156,37,tap_in_home,19145,Hospital,Trans Nzoia,Kiminini,Rural,,,,,functional,,,
64321,TRKI04175,TRKI04175224,,5,3,14,well,43578,Kiminini,Trans Nzoia,Kiminini,Urban,,Clean,,,functional,,,
64322,TRKI04176,TRKI04176224,,2,169,12,well,46694,Nabiswa,Trans Nzoia,Kiminini,Urban,,Contaminated:Biological,,,functional,,,
64323,TRKI04177,TRKI04177224,,3,231,48,tap_in_home,41225,Sikhendu,Trans Nzoia,Kiminini,Urban,,,,,functional,,,
64324,TRKI04178,TRKI04178224,,2,370,12,river,30311,Sirende,Trans Nzoia,Kiminini,Urban,,,,,functional,,,
64325,TRKI04179,TRKI04179224,,5,120,46,tap_in_home_broken,65747,Waitaluk,Trans Nzoia,Kiminini,Urban,,,,,functional,,,
64326,TRKW04180,TRKW04180224,,4,132,45,shared_taps,17037,Bidii,Trans Nzoia,Kwanza,Rural,,,,,,,,
64327,TRKW04181,TRKW04181224,,1,157,28,tap_in_home,74255,Kapomboi,Trans Nzoia,Kwanza,Urban,,,,,functional,,,
64328,TRKW04182,TRKW04182224,,2,47,4,well,47528,Kwanza,Trans Nzoia,Kwanza,Rural,,Contaminated:Biological,,,functional,,,
64329,TRSA04183,TRSA04183224,,5,43,38,tap_in_home_broken,57090,Kinyoro,Trans Nzoia,Saboti,Urban,,,,,,,,
64330,TRSA04184,TRSA04184224,,5,162,11,well,20238,Machewa,Trans Nzoia,Saboti,Rural,,Clean,,,,,,
64331,TRSA04185,TRSA04185224,,5,188,14,well,21854,Matisi,Trans Nzoia,Saboti,Rural,,Clean,,,,,,
64332,TRSA04186,TRSA04186224,,5,235,17,river,44236,Saboti,Trans Nzoia,Saboti,Rural,,,,,,,,
64333,TRSA04187,TRSA04187224,,3,533,27,shared_taps,399,Tuwani,Trans Nzoia,Saboti,Urban,,,,,,,,
64334,TRUN04188,TRUN04188224,,5,396,40,tap_in_home,74867,unknown 4,Trans Nzoia,unknown 4,Urban,,,,,,,,
64335,TULO04189,TULO04189224,,1,2,33,tap_in_home_broken,28858,Kotaruk/Lobei,Turkana,Loima,Urban,,,,,,,,
64336,TULO04190,TULO04190224,,1,335,20,shared_taps,24442,Loima,Turkana,Loima,Urban,,,,,,,,
64337,TULO04191,TULO04191224,,2,200,34,river,18141,Lokiriama/Lorengippi,Turkana,Loima,Rural,,,,,,,,
64338,TULO04192,TULO04192224,,4,262,11,river,57669,Turkwel,Turkana,Loima,Rural,,,,,,,,
64339,TUTU04193,TUTU04193224,,1,366,3,shared_taps,30359,Kalokol,Turkana,Turkana Central,Urban,,,,,,,,
64340,TUTU04194,TUTU04194224,,3,144,23,shared_taps,51423,Kanamkemer,Turkana,Turkana Central,Rural,,,,,,,,
64341,TUTU04195,TUTU04195224,,2,65,25,shared_taps,33157,Kang'Atotha,Turkana,Turkana Central,Urban,,,,,,,,
64342,TUTU04196,TUTU04196224,,3,374,29,tap_in_home,51537,Kerio Delta,Turkana,Turkana Central,Urban,,,,,,,,
64343,TUTU04197,TUTU04197224,,5,477,43,well,33663,Lodwar Township,Turkana,Turkana Central,Rural,,Contaminated:Biological,,,,,,
64344,TUTU04198,TUTU04198224,,1,203,42,shared_taps,52499,Kapedo/Napeitom,Turkana,Turkana East,Urban,,,,,partially_functional,,,
64345,TUTU04199,TUTU04199224,,2,232,6,tap_in_home,35738,Katilia,Turkana,Turkana East,Urban,,,,,,,,
64346,TUTU04200,TUTU04200224,,5,334,20,shared_taps,24760,Kaaleng/Kaikor,Turkana,Turkana North,Urban,,,,,,,,
64347,TUTU04201,TUTU04201224,,3,275,25,shared_taps,17457,Kaeris,Turkana,Turkana North,Urban,,,,,,,,
64348,TUTU04202,TUTU04202224,,2,157,32,tap_in_home,139,Kibish,Turkana,Turkana North,Urban,,,,,,,,
64349,TUTU04203,TUTU04203224,,2,516,34,well,45367,Lake Zone,Turkana,Turkana North,Rural,,Contaminated:Biological,,,,,,
64350,TUTU04204,TUTU04204224,,3,427,17,well,18004,Nakalale,Turkana,Turkana North,Rural,,Contaminated: Chemical,,,,,,
64351,TUTU04205,TUTU04205224,,4,446,1,tap_in_home,32031,Kalapata,Turkana,Turkana South,Rural,,,,,,,,
64352,TUTU04206,TUTU04206224,,5,238,37,shared_taps,18230,Kaputir,Turkana,Turkana South,Urban,,,,,,,,
64353,TUTU04207,TUTU04207224,,3,404,16,shared_taps,53488,Katilu,Turkana,Turkana South,Rural,,,,,,,,
64354,TUTU04208,TUTU04208224,,3,330,15,well,13663,Lobokat,Turkana,Turkana South,Rural,,Clean,,,,,,
64355,TUTU04209,TUTU04209224,,4,43,46,shared_taps,53959,Lokichar,Turkana,Turkana South,Urban,,,,,,,,
64356,TUTU04210,TUTU04210224,,5,3,2,well,41359,Kakuma,Turkana,Turkana West,Urban,,Clean,,,partially_functional,,,
64357,TUTU04211,TUTU04211224,,4,91,3,shared_taps,20055,Kalobeyei,Turkana,Turkana West,Rural,,,,,,,,
64358,TUTU04212,TUTU04212224,,1,64,16,shared_taps,72004,Letea,Turkana,Turkana West,Urban,,,,,partially_functional,,,
64359,TUTU04213,TUTU04213224,,4,352,30,shared_taps,55968,Lokichoggio,Turkana,Turkana West,Urban,,,,,,,,
64360,TUTU04214,TUTU04214224,,3,245,7,well,13519,Lopur,Turkana,Turkana West,Rural,,Contaminated:Biological,,,functional,,,
64361,TUTU04215,TUTU04215224,,3,229,1,tap_in_home_broken,18107,Nanaam,Turkana,Turkana West,Urban,,,,,,,,
64362,TUTU04216,TUTU04216224,,2,268,45,shared_taps,32367,Songot,Turkana,Turkana West,Urban,,,,,,,,
64363,TUUN04217,TUUN04217224,,3,326,44,river,69880,unknown 2,Turkana,unknown 2,Rural,,,,,,,,
64364,UAAI04218,UAAI04218224,,2,82,47,shared_taps,52350,Ainabkoi/Olare,Uasin Gishu,Ainabkoi,Urban,,,,,functional,,,
64365,UAAI04219,UAAI04219224,,4,484,4,tap_in_home,24010,Kapsoya,Uasin Gishu,Ainabkoi,Urban,,,,,functional,,,
64366,UAAI04220,UAAI04220224,,2,301,12,tap_in_home,66874,Kaptagat,Uasin Gishu,Ainabkoi,Urban,,,,,,,,
64367,UAKA04221,UAKA04221224,,1,109,44,tap_in_home,36783,Kipkenyo,Uasin Gishu,Kapseret,Rural,,,,,,,,
64368,UAKA04222,UAKA04222224,,1,529,19,tap_in_home,21690,Langas,Uasin Gishu,Kapseret,Urban,,,,,,,,
64369,UAKA04223,UAKA04223224,,1,362,39,shared_taps,18156,Megun,Uasin Gishu,Kapseret,Urban,,,,,,,,
64370,UAKA04224,UAKA04224224,,5,264,2,shared_taps,40750,Ngeria,Uasin Gishu,Kapseret,Urban,,,,,,,,
64371,UAKA04225,UAKA04225224,,3,233,0,shared_taps,29375,Simat/Kapseret,Uasin Gishu,Kapseret,Urban,,,,,,,,
64372,UAKE04226,UAKE04226224,,4,153,18,shared_taps,36467,Cheptiret/Kipchamo,Uasin Gishu,Kesses,Urban,,,,,,,,
64373,UAKE04227,UAKE04227224,,5,299,1,river,46189,Racecourse,Uasin Gishu,Kesses,Rural,,,,,,,,
64374,UAKE04228,UAKE04228224,,3,95,7,shared_taps,71607,Tarakwa,Uasin Gishu,Kesses,Urban,,,,,functional,,,
64375,UAKE04229,UAKE04229224,,2,507,36,shared_taps,52333,Tulwet/Chuiyat,Uasin Gishu,Kesses,Rural,,,,,,,,
64376,UAMO04230,UAMO04230224,,1,423,38,river,41266,Karuna/Meibeki,Uasin Gishu,Moiben,Rural,,,,,functional,,,
64377,UAMO04231,UAMO04231224,,4,49,33,river,22555,Kimumu,Uasin Gishu,Moiben,Rural,,,,,functional,,,
64378,UAMO04232,UAMO04232224,,2,370,14,well,39347,Moiben,Uasin Gishu,Moiben,Rural,,Clean,,,functional,,,
64379,UAMO04233,UAMO04233224,,1,439,18,tap_in_home,21473,Sergoit,Uasin Gishu,Moiben,Urban,,,,,,,,
64380,UAMO04234,UAMO04234224,,1,263,2,shared_taps,41173,Tembelio,Uasin Gishu,Moiben,Urban,,,,,,,,
64381,UASO04235,UASO04235224,,3,37,21,well,30144,Kapkures,Uasin Gishu,Soy,Rural,,Contaminated:Biological,,,functional,,,
64382,UASO04236,UASO04236224,,1,121,9,shared_taps,29711,Kipsomba,Uasin Gishu,Soy,Rural,,,,,functional,,,
64383,UASO04237,UASO04237224,,3,471,31,shared_taps,41861,Kuinet/Kapsuswa,Uasin Gishu,Soy,Urban,,,,,functional,,,
64384,UASO04238,UASO04238224,,1,283,47,shared_taps,37024,Moi'S Bridge,Uasin Gishu,Soy,Rural,,,,,functional,,,
64385,UASO04239,UASO04239224,,1,453,17,shared_taps,35167,Segero/Barsombe,Uasin Gishu,Soy,Urban,,,,,functional,,,
64386,UASO04240,UASO04240224,,2,362,32,well,34529,Soy,Uasin Gishu,Soy,Rural,,Clean,,,functional,,,
64387,UASO04241,UASO04241224,,1,164,14,well,47569,Ziwa,Uasin Gishu,Soy,Rural,,Contaminated: Chemical,,,functional,,,
64388,UATU04242,UATU04242224,,2,252,38,tap_in_home,315,Huruma,Uasin Gishu,Turbo,Urban,,,,,,,,
64389,UATU04243,UATU04243224,,1,319,4,shared_taps,43148,Kamagut,Uasin Gishu,Turbo,Rural,,,,,functional,,,
64390,UATU04244,UATU04244224,,5,260,6,tap_in_home,15180,Kapsaos,Uasin Gishu,Turbo,Urban,,,,,functional,,,
64391,UATU04245,UATU04245224,,4,462,31,tap_in_home,42207,Kiplombe,Uasin Gishu,Turbo,Urban,,,,,functional,,,
64392,UATU04246,UATU04246224,,2,312,44,tap_in_home,46988,Ngenyilel,Uasin Gishu,Turbo,Urban,,,,,partially_functional,,,
64393,UATU04247,UATU04247224,,3,76,3,shared_taps,42581,Tapsagoi,Uasin Gishu,Turbo,Rural,,,,,partially_functional,,,
64394,VIEM04248,VIEM04248224,,3,538,0,well,32037,Central Bunyore,Vihiga,Emuhaya,Urban,,Contaminated: Chemical,,,functional,,,
64395,VIEM04249,VIEM04249224,,3,70,15,shared_taps,34986,North East Bunyore,Vihiga,Emuhaya,Urban,,,,,partially_functional,,,
64396,VIEM04250,VIEM04250224,,2,217,31,shared_taps,37826,West Bunyore,Vihiga,Emuhaya,Urban,,,,,partially_functional,,,
64397,VIHA04251,VIHA04251224,,1,196,47,tap_in_home_broken,28212,Banja,Vihiga,Hamisi,Urban,,,,,functional,,,
64398,VIHA04252,VIHA04252224,,3,278,44,tap_in_home_broken,25949,Gisambai,Vihiga,Hamisi,Rural,,,,,partially_functional,,,
64399,VIHA04253,VIHA04253224,,4,184,18,shared_taps,21217,Jepkoyai,Vihiga,Hamisi,Urban,,,,,functional,,,
64400,VIHA04254,VIHA04254224,,3,76,7,shared_taps,18712,Muhudu,Vihiga,Hamisi,Urban,,,,,functional,,,
64401,VIHA04255,VIHA04255224,,2,59,47,tap_in_home,30993,Shamakhokho,Vihiga,Hamisi,Urban,,,,,functional,,,
64402,VIHA04256,VIHA04256224,,2,210,28,shared_taps,20770,Shiru,Vihiga,Hamisi,Rural,,,,,partially_functional,,,
64403,WAEL04257,WAEL04257224,,2,459,16,shared_taps,30294,Elnur/Tula Tula,Wajir,Eldas,Rural,,,,,,,,
64404,VIHA04258,VIHA04258224,,2,195,29,shared_taps,21225,Tambua,Vihiga,Hamisi,Rural,,,,,functional,,,
64405,VILU04259,VILU04259224,,4,473,42,well,26036,Emabungo,Vihiga,Luanda,Rural,,Contaminated:Biological,,,functional,,,
64406,VILU04260,VILU04260224,,4,302,47,shared_taps,23096,Luanda South,Vihiga,Luanda,Urban,,,,,functional,,,
64407,VILU04261,VILU04261224,,4,40,42,tap_in_home,15702,Luanda Township,Vihiga,Luanda,Rural,,,,,,,,
64408,VILU04262,VILU04262224,,1,17,3,tap_in_home,25084,Mwibona,Vihiga,Luanda,Urban,,,,,functional,,,
64409,VILU04263,VILU04263224,,2,199,47,well,29217,Wemilabi,Vihiga,Luanda,Rural,,Clean,,,functional,,,
64410,VISA04264,VISA04264224,,1,143,42,river,24185,Busali,Vihiga,Sabatia,Rural,,,,,partially_functional,,,
64411,VISA04265,VISA04265224,,4,291,46,tap_in_home_broken,20789,Chavakali,Vihiga,Sabatia,Urban,,,,,partially_functional,,,
64412,VISA04266,VISA04266224,,4,67,37,well,27922,Lyaduywa/Izava,Vihiga,Sabatia,Urban,,Clean,,,functional,,,
64413,VISA04267,VISA04267224,,3,536,45,river,20894,North Maragoli,Vihiga,Sabatia,Rural,,,,,partially_functional,,,
64414,VISA04268,VISA04268224,,2,451,29,tap_in_home_broken,23490,West Sabatia,Vihiga,Sabatia,Urban,,,,,partially_functional,,,
64415,VISA04269,VISA04269224,,1,223,42,well,26932,Wodanga,Vihiga,Sabatia,Urban,,Contaminated: Chemical,,,partially_functional,,,
64416,VIVI04270,VIVI04270224,,4,295,37,tap_in_home,26927,Central Maragoli,Vihiga,Vihiga,Urban,,,,,partially_functional,,,
64417,VIVI04271,VIVI04271224,,4,162,17,shared_taps,35619,Lugaga-Wamuluma,Vihiga,Vihiga,Rural,,,,,functional,,,
64418,VIVI04272,VIVI04272224,,2,334,38,river,23098,Mungoma,Vihiga,Vihiga,Rural,,,,,functional,,,
64419,VIVI04273,VIVI04273224,,1,129,33,shared_taps,23594,South Maragoli,Vihiga,Vihiga,Rural,,,,,functional,,,
64420,WAEL04274,WAEL04274224,,1,415,22,river,39570,Della,Wajir,Eldas,Urban,,,,,,,,
64421,WAEL04275,WAEL04275224,,2,233,46,tap_in_home_broken,30096,Eldas,Wajir,Eldas,Urban,,,,,,,,
64422,WAEL04276,WAEL04276224,,1,394,18,river,28721,Lakoley South/Basir,Wajir,Eldas,Rural,,,,,,,,
64423,WATA04277,WATA04277224,,1,535,20,shared_taps,19382,Elben,Wajir,Tarbaj,Rural,,,,,,,,
64424,WATA04278,WATA04278224,,4,225,3,shared_taps,6521,Sarman,Wajir,Tarbaj,Rural,,,,,,,,
64425,WATA04279,WATA04279224,,5,209,33,shared_taps,13973,Tarbaj,Wajir,Tarbaj,Urban,,,,,,,,
64426,WATA04280,WATA04280224,,1,502,44,shared_taps,10556,Wargadud,Wajir,Tarbaj,Urban,,,,,,,,
64427,WAWA04281,WAWA04281224,,3,396,2,river,12649,Barwago,Wajir,Wajir East,Rural,,,,,,,,
64428,WAWA04282,WAWA04282224,,1,231,28,shared_taps,35004,Khorof/Harar,Wajir,Wajir East,Urban,,,,,,,,
64429,WAWA04283,WAWA04283224,,2,301,47,shared_taps,17623,Township,Wajir,Wajir East,Urban,,,,,,,,
64430,WAWA04284,WAWA04284224,,2,28,8,well,25849,Wagberi,Wajir,Wajir East,Rural,,Clean,,,,,,
64431,WAWA04285,WAWA04285224,,3,185,44,shared_taps,11028,Batalu,Wajir,Wajir North,Rural,,,,,,,,
64432,WAWA04286,WAWA04286224,,1,429,29,river,20921,Bute,Wajir,Wajir North,Rural,,,,,functional,,,
64433,WAWA04287,WAWA04287224,,4,256,12,tap_in_home,18886,Danaba,Wajir,Wajir North,Urban,,,,,,,,
64434,WAWA04288,WAWA04288224,,1,519,7,shared_taps,4470,Godoma,Wajir,Wajir North,Urban,,,,,,,,
64435,WAWA04289,WAWA04289224,,4,63,42,tap_in_home,20227,Gurar,Wajir,Wajir North,Urban,,,,,functional,,,
64436,WAWA04290,WAWA04290224,,3,276,23,tap_in_home_broken,36532,Korondile,Wajir,Wajir North,Rural,,,,,,,,
64437,WAWA04291,WAWA04291224,,5,159,5,tap_in_home,21119,Malkagufu,Wajir,Wajir North,Rural,,,,,functional,,,
64438,WAWA04292,WAWA04292224,,2,58,33,tap_in_home_broken,73211,Benane,Wajir,Wajir South,Urban,,,,,,,,
64439,WAWA04293,WAWA04293224,,4,299,12,well,23797,Burder,Wajir,Wajir South,Rural,,Clean,,,,,,
64440,WAWA04294,WAWA04294224,,3,511,11,tap_in_home,21493,Dadaja Bulla,Wajir,Wajir South,Urban,,,,,,,,
64441,WAWA04295,WAWA04295224,,2,26,8,tap_in_home_broken,31524,Diif,Wajir,Wajir South,Urban,,,,,,,,
64442,WAWA04296,WAWA04296224,,3,455,46,shared_taps,86121,Habasswein,Wajir,Wajir South,Urban,,,,,functional,,,
64443,WAWA04297,WAWA04297224,,5,405,37,river,46914,Ibrahim Ure,Wajir,Wajir South,Rural,,,,,,,,
64444,WESI04298,WESI04298224,,4,357,10,shared_taps,22363,Masool,West Pokot,Sigor,Urban,,,,,,,,
64445,WAWA04299,WAWA04299224,,2,282,0,shared_taps,57517,Lagboghol South,Wajir,Wajir South,Rural,,,,,functional,,,
64446,WAWA04300,WAWA04300224,,5,96,31,shared_taps,43851,Adamasajide,Wajir,Wajir West,Rural,,,,,,,,
64447,WAWA04301,WAWA04301224,,3,217,32,tap_in_home_broken,20151,Arbajahan,Wajir,Wajir West,Urban,,,,,functional,,,
64448,WAWA04302,WAWA04302224,,5,372,29,tap_in_home,31649,Ganyure/Wagalla,Wajir,Wajir West,Urban,,,,,functional,,,
64449,WAWA04303,WAWA04303224,,3,434,7,shared_taps,20848,Hadado/Athibohol,Wajir,Wajir West,Urban,,,,,functional,,,
64450,WEKA04304,WEKA04304224,,3,386,43,shared_taps,38262,Alale,West Pokot,Kacheliba,Urban,,,,,,,,
64451,WEKA04305,WEKA04305224,,2,227,18,shared_taps,23419,Kapchok,West Pokot,Kacheliba,Rural,,,,,,,,
64452,WEKA04306,WEKA04306224,,3,97,21,tap_in_home_broken,14254,Kasei,West Pokot,Kacheliba,Rural,,,,,,,,
64453,WEKA04307,WEKA04307224,,4,167,1,well,31017,Kiwawa,West Pokot,Kacheliba,Rural,,Contaminated: Chemical,,,,,,
64454,WEKA04308,WEKA04308224,,3,3,36,tap_in_home_broken,20656,Kodich,West Pokot,Kacheliba,Urban,,,,,,,,
64455,WEKA04309,WEKA04309224,,4,292,42,shared_taps,22332,Suam,West Pokot,Kacheliba,Urban,,,,,,,,
64456,WEKA04310,WEKA04310224,,1,9,2,tap_in_home_broken,24345,Endugh,West Pokot,Kapenguria,Urban,,,,,,,,
64457,WEKA04311,WEKA04311224,,1,495,5,shared_taps,42080,Kapenguria,West Pokot,Kapenguria,Rural,,,,,,,,
64458,WEKA04312,WEKA04312224,,2,18,34,shared_taps,30366,Lokori/Kochodin,West Pokot,Kapenguria,Urban,,,,,,,,
64459,WEKA04313,WEKA04313224,,1,115,13,tap_in_home,52142,Mnagei,West Pokot,Kapenguria,Urban,,,,,,,,
64460,WEKA04314,WEKA04314224,,4,27,41,shared_taps,23609,Siyoi,West Pokot,Kapenguria,Rural,,,,,,,,
64461,WEKA04315,WEKA04315224,,3,122,45,tap_in_home_broken,19108,Sook,West Pokot,Kapenguria,Urban,,,,,,,,
64462,WEPO04316,WEPO04316224,,4,397,47,shared_taps,45249,Batei,West Pokot,Pokot South,Urban,,,,,,,,
64463,WEPO04317,WEPO04317224,,1,170,12,shared_taps,66236,Chepareria,West Pokot,Pokot South,Urban,,,,,unknown,,,
64464,WEPO04318,WEPO04318224,,3,533,11,shared_taps,81593,Lelan,West Pokot,Pokot South,Urban,,,,,,,,
64465,WEPO04319,WEPO04319224,,5,91,21,river,50057,Tapach,West Pokot,Pokot South,Rural,,,,,unknown,,,
64466,WESI04320,WESI04320224,,5,497,38,well,39752,Lomut,West Pokot,Sigor,Rural,,Clean,,,,,,
64467,WESI04321,WESI04321224,,5,13,43,well,27853,Sekerr,West Pokot,Sigor,Rural,,Contaminated:Biological,,,functional,,,
64468,WESI04322,WESI04322224,,1,422,34,shared_taps,48489,Weiwei,West Pokot,Sigor,Urban,,,,,,,,
64469,WEUN04323,WEUN04323224,,5,464,22,river,11487,unknown 3,West Pokot,unknown 3,Rural,,,,,,,,
64470,BA8004324,BA8004324224,,1,43,27,river,28336,,Baringo,805,Rural,,,,,,,,
64471,BABA04325,BABA04325224,,3,243,6,shared_taps,102464,,Baringo,Baringo Central,Urban,,,,,,,,
64472,BABA04326,BABA04326224,,4,157,7,well,110542,,Baringo,Baringo North,Rural,,Clean,,,unknown,,,
64473,BABA04327,BABA04327224,,1,245,28,shared_taps,116157,,Baringo,Baringo South,Urban,,,,,non_functional,,,
64474,BAEL04328,BAEL04328224,,2,156,4,river,132428,,Baringo,Eldama Ravine,Rural,,,,,,,,
64475,BAMO04329,BAMO04329224,,3,409,43,tap_in_home_broken,73045,,Baringo,Mogotio,Urban,,,,,,,,
64476,BATI04330,BATI04330224,,3,487,21,well,169586,,Baringo,Tiaty,Rural,,Contaminated: Chemical,,,partially_functional,,,
64477,BOBO04331,BOBO04331224,,2,427,7,shared_taps,167914,,Bomet,Bomet Central,Rural,,,,,,,,
64478,BOBO04332,BOBO04332224,,5,430,42,tap_in_home,177311,,Bomet,Bomet East,Rural,,,,,,,,
64479,BOCH04333,BOCH04333224,,3,240,0,tap_in_home,223738,,Bomet,Chepalungu,Urban,,,,,,,,
64480,BOKO04334,BOKO04334224,,2,522,4,river,167773,,Bomet,Konoin,Rural,,,,,,,,
64481,BOSO04335,BOSO04335224,,2,173,7,well,241697,,Bomet,Sotik,Rural,,Clean,,,functional,,,
64482,BUBU04336,BUBU04336224,,2,499,15,shared_taps,243307,,Bungoma,Bumula,Rural,,,,,functional,,,
64483,BUKA04337,BUKA04337224,,2,294,26,tap_in_home,202635,,Bungoma,Kabuchai,Rural,,,,,functional,,,
64484,BUKA04338,BUKA04338224,,1,428,45,well,269336,,Bungoma,Kanduyi,Rural,,Clean,,,functional,,,
64485,BUKI04339,BUKI04339224,,2,511,16,tap_in_home,157575,,Bungoma,Kimilili,Rural,,,,,functional,,,
64486,BULI04340,BULI04340224,,3,501,43,river,172649,,Bungoma,Likuyani,Rural,,,,,partially_functional,,,
64487,BULU04341,BULU04341224,,2,67,24,tap_in_home_broken,137937,,Bungoma,Lugari,Rural,,,,,partially_functional,,,
64488,BUMT04342,BUMT04342224,,2,17,29,river,230955,,Bungoma,Mt. Elgon,Rural,,,,,functional,,,
64489,BUSI04343,BUSI04343224,,5,526,37,tap_in_home_broken,136320,,Bungoma,Sirisia,Rural,,,,,partially_functional,,,
64490,BUTO04344,BUTO04344224,,2,144,16,shared_taps,250059,,Bungoma,Tongaren,Rural,,,,,partially_functional,,,
64491,BUWE04345,BUWE04345224,,3,154,19,tap_in_home_broken,173090,,Bungoma,Webute West,Rural,,,,,functional,,,
64492,BUWE04346,BUWE04346224,,3,506,36,well,128414,,Bungoma,Webuye East,Urban,,Contaminated: Chemical,,,partially_functional,,,
64493,BUBU04347,BUBU04347224,,2,138,16,tap_in_home,96315,,Busia,Budalangi,Urban,,,,,partially_functional,,,
64494,BUBU04348,BUBU04348224,,5,298,22,tap_in_home,154944,,Busia,Butula,Urban,,,,,partially_functional,,,
64495,BUFU04349,BUFU04349224,,1,437,25,shared_taps,117630,,Busia,Funyula,Rural,,,,,partially_functional,,,
64496,BUMA04350,BUMA04350224,,4,99,13,tap_in_home,134217,,Busia,Matayos,Urban,,,,,partially_functional,,,
64497,BUNA04351,BUNA04351224,,5,376,35,tap_in_home_broken,125671,,Busia,Nambale,Urban,,,,,partially_functional,,,
64498,BUTE04352,BUTE04352224,,3,422,13,river,148367,,Busia,Teso North,Rural,,,,,partially_functional,,,
64499,BUTE04353,BUTE04353224,,3,205,32,river,174907,,Busia,Teso South,Rural,,,,,partially_functional,,,
64500,ELKE04354,ELKE04354224,,5,413,11,tap_in_home,110913,,Elgeyo-Marakwet,Keiyo North,Urban,,,,,,,,
64501,ELKE04355,ELKE04355224,,5,369,16,river,131378,,Elgeyo-Marakwet,Keiyo South,Rural,,,,,,,,
64502,ELMA04356,ELMA04356224,,4,50,46,shared_taps,91890,,Elgeyo-Marakwet,Marakwet East,Urban,,,,,,,,
64503,ELMA04357,ELMA04357224,,1,527,41,tap_in_home_broken,131292,,Elgeyo-Marakwet,Marakwet West,Urban,,,,,functional,,,
64504,EMMA04358,EMMA04358224,,3,124,2,shared_taps,213232,,Embu,Manyatta,Rural,,,,,partially_functional,,,
64505,HOUN04359,HOUN04359224,,2,214,16,shared_taps,27541,,Homa Bay,unknown 6,Urban,,,,,,,,
64506,EMMB04360,EMMB04360224,,4,140,16,tap_in_home,122142,,Embu,Mbeere North,Urban,,,,,,,,
64507,EMMB04361,EMMB04361224,,3,151,17,tap_in_home,186490,,Embu,Mbeere South,Urban,,,,,partially_functional,,,
64508,EMRU04362,EMRU04362224,,1,485,30,shared_taps,144761,,Embu,Runyenjes,Urban,,,,,partially_functional,,,
64509,GABA04363,GABA04363224,,3,57,27,tap_in_home_broken,22116,,Garissa,Balambala,Urban,,,,,,,,
64510,GADA04364,GADA04364224,,4,476,34,well,175860,,Garissa,Daadab,Rural,,Clean,,,functional,,,
64511,GAFA04365,GAFA04365224,,4,482,17,shared_taps,184191,,Garissa,Fafi,Rural,,,,,functional,,,
64512,GAGA04366,GAGA04366224,,2,140,19,well,48655,,Garissa,Garissa Township,Rural,,Contaminated: Chemical,,,,,,
64513,GAIJ04367,GAIJ04367224,,3,208,45,shared_taps,265112,,Garissa,Ijara,Urban,,,,,,,,
64514,GALA04368,GALA04368224,,1,144,19,tap_in_home,48777,,Garissa,Lagdera,Urban,,,,,,,,
64515,HOHO04369,HOHO04369224,,5,75,24,river,134154,,Homa Bay,Homa Bay Town,Rural,,,,,partially_functional,,,
64516,HOKA04370,HOKA04370224,,1,396,13,well,134364,,Homa Bay,Kabondo Kasipul,Rural,,Contaminated:Biological,,,partially_functional,,,
64517,HOKA04371,HOKA04371224,,3,336,23,shared_taps,167203,,Homa Bay,Karachuonyo,Rural,,,,,functional,,,
64518,HOKA04372,HOKA04372224,,1,383,28,tap_in_home,144143,,Homa Bay,Kasipul,Urban,,,,,functional,,,
64519,HOMB04373,HOMB04373224,,3,181,44,tap_in_home,138457,,Homa Bay,Mbita,Urban,,,,,partially_functional,,,
64520,HOND04374,HOND04374224,,3,240,17,tap_in_home,240851,,Homa Bay,Ndhiwa,Urban,,,,,partially_functional,,,
64521,HORA04375,HORA04375224,,3,512,4,shared_taps,125913,,Homa Bay,Rangwe,Urban,,,,,partially_functional,,,
64522,HOSU04376,HOSU04376224,,4,339,38,well,135828,,Homa Bay,Suba,Rural,,Contaminated:Biological,,,partially_functional,,,
64523,ISIS04377,ISIS04377224,,4,275,37,shared_taps,200346,,Isiolo,Isiolo North,Urban,,,,,partially_functional,,,
64524,ISIS04378,ISIS04378224,,2,384,6,shared_taps,124274,,Isiolo,Isiolo South,Rural,,,,,,,,
64525,KAKA04379,KAKA04379224,,4,454,28,shared_taps,194155,,Kajiado,Kajiado Central,Urban,,,,,partially_functional,,,
64526,KAKA04380,KAKA04380224,,5,474,15,shared_taps,263865,,Kajiado,Kajiado East,Rural,,,,,functional,,,
64527,KAKA04381,KAKA04381224,,3,334,34,shared_taps,112046,,Kajiado,Kajiado North,Urban,,,,,functional,,,
64528,KAKA04382,KAKA04382224,,5,452,23,tap_in_home_broken,222163,,Kajiado,Kajiado South,Rural,,,,,partially_functional,,,
64529,KAKA04383,KAKA04383224,,3,463,16,shared_taps,211836,,Kajiado,Kajiado West,Urban,,,,,partially_functional,,,
64530,KABU04384,KABU04384224,,5,348,29,tap_in_home,172437,,Kakamega,Butere,Urban,,,,,partially_functional,,,
64531,KAIK04385,KAIK04385224,,2,71,34,tap_in_home_broken,124458,,Kakamega,Ikolomani,Urban,,,,,partially_functional,,,
64532,KAKH04386,KAKH04386224,,1,84,21,well,122967,,Kakamega,Khwisero,Rural,,Clean,,,partially_functional,,,
64533,KALU04387,KALU04387224,,1,452,5,river,71265,,Kakamega,Lugari,Rural,,,,,partially_functional,,,
64534,KALU04388,KALU04388224,,2,292,30,well,167293,,Kakamega,Lurambi,Rural,,Contaminated:Biological,,,partially_functional,,,
64535,KAMA04389,KAMA04389224,,1,395,19,well,264396,,Kakamega,Malava,Rural,,Contaminated:Biological,,,partially_functional,,,
64536,KAMA04390,KAMA04390224,,3,321,42,shared_taps,191269,,Kakamega,Matungu,Urban,,,,,partially_functional,,,
64537,KAMU04391,KAMU04391224,,4,15,5,well,136441,,Kakamega,Mumias East,Rural,,Contaminated:Biological,,,partially_functional,,,
64538,KAMU04392,KAMU04392224,,5,471,23,shared_taps,118740,,Kakamega,Mumias West,Urban,,,,,partially_functional,,,
64539,KANA04393,KANA04393224,,3,240,15,river,173453,,Kakamega,Navakholo,Rural,,,,,partially_functional,,,
64540,KASH04394,KASH04394224,,2,149,35,river,176301,,Kakamega,Shinyalu,Rural,,,,,partially_functional,,,
64541,KEAI04395,KEAI04395224,,4,528,28,river,186900,,Kericho,Ainamoi,Rural,,,,,functional,,,
64542,KEBE04396,KEBE04396224,,3,143,39,shared_taps,186673,,Kericho,Belgut,Rural,,,,,,,,
64543,KEBU04397,KEBU04397224,,3,435,22,shared_taps,215300,,Kericho,Bureti,Urban,,,,,,,,
64544,KEKI04398,KEKI04398224,,1,381,6,shared_taps,166842,,Kericho,Kipkelion East,Urban,,,,,,,,
64545,KEKI04399,KEKI04399224,,5,419,32,river,128542,,Kericho,Kipkelion West,Rural,,,,,,,,
64546,KESI04400,KESI04400224,,4,443,12,river,140264,,Kericho,Sigowet/Soin,Rural,,,,,partially_functional,,,
64547,KIGA04401,KIGA04401224,,1,131,47,shared_taps,128411,,Kiambu,Gatundu North,Urban,,,,,functional,,,
64548,KIGA04402,KIGA04402224,,1,397,4,shared_taps,125783,,Kiambu,Gatundu South,Rural,,,,,partially_functional,,,
64549,KIGI04403,KIGI04403224,,4,469,43,tap_in_home,190119,,Kiambu,Githunguri,Urban,,,,,partially_functional,,,
64550,KIJU04404,KIJU04404224,,1,536,11,tap_in_home,357393,,Kiambu,Juja,Urban,,,,,partially_functional,,,
64551,KIKA04405,KIKA04405224,,5,144,2,river,72512,,Kiambu,Kabete,Rural,,,,,functional,,,
64552,KIKI04406,KIKI04406224,,5,250,9,well,59334,,Kiambu,Kiambaa,Rural,,Clean,,,partially_functional,,,
64553,KIKI04407,KIKI04407224,,3,48,12,well,91323,,Kiambu,Kiambu,Rural,,Contaminated: Chemical,,,functional,,,
64554,KIKI04408,KIKI04408224,,2,313,11,well,148746,,Kiambu,Kikuyu,Rural,,Contaminated: Chemical,,,partially_functional,,,
64555,KILA04409,KILA04409224,,3,523,12,tap_in_home,154513,,Kiambu,Lari,Urban,,,,,partially_functional,,,
64556,KILI04410,KILI04410224,,5,87,2,well,177164,,Kiambu,Limuru,Urban,,Contaminated: Chemical,,,partially_functional,,,
64557,KIRU04411,KIRU04411224,,3,484,12,tap_in_home_broken,103598,,Kiambu,Ruiru,Urban,,,,,partially_functional,,,
64558,KITH04412,KITH04412224,,2,370,3,tap_in_home,146454,,Kiambu,Thika Town,Urban,,,,,partially_functional,,,
64559,KIGA04413,KIGA04413224,,2,387,38,tap_in_home_broken,175204,,Kilifi,Ganze,Urban,,,,,unknown,,,
64560,KIKA04414,KIKA04414224,,2,514,27,tap_in_home,216598,,Kilifi,Kaloleni,Urban,,,,,,,,
64561,KIKI04415,KIKI04415224,,3,244,8,shared_taps,293245,,Kilifi,Kilifi North,Urban,,,,,,,,
64562,KIKI04416,KIKI04416224,,5,63,22,tap_in_home_broken,215759,,Kilifi,Kilifi South,Urban,,,,,functional,,,
64563,KIMA04417,KIMA04417224,,5,39,32,tap_in_home_broken,222710,,Kilifi,Magarini,Urban,,,,,,,,
64564,KIMA04418,KIMA04418224,,2,441,42,tap_in_home_broken,207684,,Kilifi,Malindi,Urban,,,,,,,,
64565,KIRA04419,KIRA04419224,,3,237,18,well,133896,,Kilifi,Rabai,Rural,,Contaminated: Chemical,,,,,,
64566,KIGI04420,KIGI04420224,,1,140,27,tap_in_home_broken,175288,,Kirinyaga,Gichugu,Urban,,,,,,,,
64567,KIKI04421,KIKI04421224,,4,523,29,shared_taps,133183,,Kirinyaga,Kirinyaga Central,Rural,,,,,,,,
64568,KIMW04422,KIMW04422224,,5,448,7,river,271216,,Kirinyaga,Mwea,Rural,,,,,,,,
64569,KIND04423,KIND04423224,,5,220,30,river,128441,,Kirinyaga,Ndia,Rural,,,,,,,,
64570,KIBO04424,KIBO04424224,,4,486,10,river,221923,,Kisii,Bobasi,Rural,,,,,functional,,,
64571,KIBO04425,KIBO04425224,,1,401,20,tap_in_home_broken,119947,,Kisii,Bomachoge Borabu,Rural,,,,,,,,
64572,KIBO04426,KIBO04426224,,3,465,1,river,112601,,Kisii,Bomachoge Chache,Urban,,,,,functional,,,
64573,KIBO04427,KIBO04427224,,5,87,19,shared_taps,139382,,Kisii,Bonchari,Urban,,,,,,,,
64574,KIKI04428,KIKI04428224,,4,252,4,tap_in_home_broken,124057,,Kisii,Kitutu Chache North,Rural,,,,,functional,,,
64575,MECE04429,MECE04429224,,1,62,35,well,145590,,Meru,Central Imenti,Rural,,Contaminated:Biological,,,,,,
64576,KIKI04430,KIKI04430224,,2,52,8,shared_taps,118643,,Kisii,Kitutu Chache South,Urban,,,,,functional,,,
64577,KINY04431,KINY04431224,,1,232,37,tap_in_home,137412,,Kisii,Nyaribari Chache,Rural,,,,,partially_functional,,,
64578,KINY04432,KINY04432224,,4,126,32,shared_taps,135744,,Kisii,Nyaribari Masaba,Urban,,,,,partially_functional,,,
64579,KISO04433,KISO04433224,,2,225,34,well,191154,,Kisii,South Mugirango,Rural,,Clean,,,functional,,,
64580,KIKI04434,KIKI04434224,,2,118,0,river,37319,,Kisumu,Kisumu Central,Rural,,,,,partially_functional,,,
64581,KIKI04435,KIKI04435224,,2,124,25,tap_in_home,107915,,Kisumu,Kisumu East,Rural,,,,,partially_functional,,,
64582,KIKI04436,KIKI04436224,,5,148,16,well,198409,,Kisumu,Kisumu West,Rural,,Contaminated: Chemical,,,partially_functional,,,
64583,KIMU04437,KIMU04437224,,5,98,17,river,165333,,Kisumu,Muhoroni,Urban,,,,,partially_functional,,,
64584,KINY04438,KINY04438224,,2,476,44,river,161322,,Kisumu,Nyakach,Rural,,,,,partially_functional,,,
64585,KINY04439,KINY04439224,,1,248,5,shared_taps,183826,,Kisumu,Nyando,Urban,,,,,partially_functional,,,
64586,KISE04440,KISE04440224,,2,27,21,well,141227,,Kisumu,Seme,Rural,,Clean,,,partially_functional,,,
64587,KIKI04441,KIKI04441224,,1,353,17,river,131626,,Kitui,Kitui Central,Rural,,,,,,,,
64588,KIKI04442,KIKI04442224,,4,78,41,well,144299,,Kitui,Kitui East,Rural,,Contaminated:Biological,,,,,,
64589,KIKI04443,KIKI04443224,,3,524,0,shared_taps,167549,,Kitui,Kitui Rural,Urban,,,,,,,,
64590,KIKI04444,KIKI04444224,,2,47,28,tap_in_home,210462,,Kitui,Kitui South,Urban,,,,,functional,,,
64591,KIKI04445,KIKI04445224,,1,457,10,river,125910,,Kitui,Kitui West,Rural,,,,,,,,
64592,KIMW04446,KIMW04446224,,1,88,39,river,205191,,Kitui,Mwingi Central,Rural,,,,,,,,
64593,KIMW04447,KIMW04447224,,4,296,43,shared_taps,182278,,Kitui,Mwingi North,Urban,,,,,partially_functional,,,
64594,KIMW04448,KIMW04448224,,3,149,11,tap_in_home_broken,102291,,Kitui,Mwingi West,Urban,,,,,,,,
64595,KWKI04449,KWKI04449224,,3,49,33,well,351604,,Kwale,Kinango,Rural,,Contaminated:Biological,,,,,,
64596,KWLU04450,KWLU04450224,,1,328,27,river,225299,,Kwale,Lungalunga,Rural,,,,,,,,
64597,KWMA04451,KWMA04451224,,1,509,4,well,204966,,Kwale,Matuga,Rural,,Contaminated: Chemical,,,,,,
64598,KWMS04452,KWMS04452224,,4,186,10,river,151681,,Kwale,Msambweni,Rural,,,,,,,,
64599,LALA04453,LALA04453224,,2,154,19,river,156249,,Laikipia,Laikipia East,Rural,,,,,,,,
64600,LALA04454,LALA04454224,,4,358,36,shared_taps,119642,,Laikipia,Laikipia North,Urban,,,,,functional,,,
64601,LALA04455,LALA04455224,,5,371,31,tap_in_home_broken,271626,,Laikipia,Laikipia West,Urban,,,,,partially_functional,,,
64602,LALA04456,LALA04456224,,3,461,5,well,9827,,Lamu,Lamu East,Urban,,Clean,,,,,,
64603,LALA04457,LALA04457224,,3,352,9,shared_taps,155234,,Lamu,Lamu West,Rural,,,,,,,,
64604,MAKA04458,MAKA04458224,,5,307,32,river,105751,,Machakos,Kangundo,Rural,,,,,,,,
64605,MAKA04459,MAKA04459224,,4,334,36,shared_taps,122370,,Machakos,Kathiani,Urban,,,,,,,,
64606,MAMA04460,MAMA04460224,,1,52,3,tap_in_home_broken,202100,,Machakos,Machakos Town,Urban,,,,,functional,,,
64607,MAMA04461,MAMA04461224,,3,342,31,shared_taps,163258,,Machakos,Masinga,Rural,,,,,,,,
64608,MAMA04462,MAMA04462224,,1,42,14,well,187195,,Machakos,Matungulu,Rural,,Contaminated:Biological,,,partially_functional,,,
64609,MAMA04463,MAMA04463224,,3,47,48,tap_in_home_broken,309764,,Machakos,Mavoko,Urban,,,,,partially_functional,,,
64610,MAMW04464,MAMW04464224,,1,104,46,river,203103,,Machakos,Mwala,Rural,,,,,partially_functional,,,
64611,MAYA04465,MAYA04465224,,3,465,38,tap_in_home,194982,,Machakos,Yatta,Urban,,,,,,,,
64612,MAUN04466,MAUN04466224,,2,78,38,tap_in_home_broken,1367,,Machakos,unknown 7,Urban,,,,,partially_functional,,,
64613,MAKA04467,MAKA04467224,,5,70,46,well,144616,,Makueni,Kaiti,Rural,,Clean,,,partially_functional,,,
64614,MAKI04468,MAKI04468224,,4,109,9,well,161818,,Makueni,Kibwezi East,Rural,,Contaminated:Biological,,,partially_functional,,,
64615,MAKI04469,MAKI04469224,,3,315,11,tap_in_home_broken,216439,,Makueni,Kibwezi West,Urban,,,,,partially_functional,,,
64616,MAKI04470,MAKI04470224,,2,489,40,well,126549,,Makueni,Kilome,Rural,,Contaminated: Chemical,,,partially_functional,,,
64617,MAMA04471,MAMA04471224,,3,264,30,river,227248,,Makueni,Makueni,Urban,,,,,partially_functional,,,
64618,MAMB04472,MAMB04472224,,5,285,14,tap_in_home,229165,,Makueni,Mbooni,Urban,,,,,partially_functional,,,
64619,MABA04473,MABA04473224,,2,464,21,river,166354,,Mandera,Banissa,Rural,,,,,functional,,,
64620,MALA04474,MALA04474224,,2,216,1,well,106754,,Mandera,Lafey,Rural,,Contaminated:Biological,,,,,,
64621,MAMA04475,MAMA04475224,,5,192,32,tap_in_home_broken,86071,,Mandera,Mandera East,Urban,,,,,,,,
64622,MAMA04476,MAMA04476224,,2,497,25,shared_taps,175370,,Mandera,Mandera North,Urban,,,,,,,,
64623,MAMA04477,MAMA04477224,,3,102,27,shared_taps,151189,,Mandera,Mandera South,Rural,,,,,,,,
64624,MAMA04478,MAMA04478224,,3,336,46,tap_in_home_broken,118811,,Mandera,Mandera West,Urban,,,,,functional,,,
64625,MAUN04479,MAUN04479224,,5,247,23,river,29633,,Mandera,unknown 1,Rural,,,,,,,,
64626,MALA04480,MALA04480224,,2,374,22,well,124771,,Marsabit,Laisamis,Rural,,Contaminated: Chemical,,,functional,,,
64627,MAMO04481,MAMO04481224,,2,366,19,tap_in_home_broken,141995,,Marsabit,Moyale,Urban,,,,,partially_functional,,,
64628,MANO04482,MANO04482224,,1,469,33,river,139406,,Marsabit,North Horr,Rural,,,,,partially_functional,,,
64629,MASA04483,MASA04483224,,3,331,42,tap_in_home,92245,,Marsabit,Saku,Urban,,,,,functional,,,
64630,MEBU04484,MEBU04484224,,5,183,29,shared_taps,181391,,Meru,Buuri,Urban,,,,,,,,
64631,MEIG04485,MEIG04485224,,2,257,29,well,234695,,Meru,Igembe Central,Rural,,Clean,,,,,,
64632,MEIG04486,MEIG04486224,,4,506,43,shared_taps,200897,,Meru,Igembe North,Urban,,,,,,,,
64633,MEIG04487,MEIG04487224,,5,37,13,well,179588,,Meru,Igembe South,Rural,,Contaminated:Biological,,,,,,
64634,MENO04488,MENO04488224,,3,521,11,tap_in_home,115009,,Meru,North Imenti,Urban,,,,,,,,
64635,MESO04489,MESO04489224,,3,297,2,tap_in_home_broken,235123,,Meru,South Imenti,Urban,,,,,,,,
64636,METI04490,METI04490224,,5,277,6,shared_taps,205905,,Meru,Tigania East,Rural,,,,,,,,
64637,METI04491,METI04491224,,1,4,16,river,149015,,Meru,Tigania West,Rural,,,,,,,,
64638,MEUN04492,MEUN04492224,,2,430,35,shared_taps,16701,,Meru,unknown 5,Rural,,,,,,,,
64639,MIAW04493,MIAW04493224,,2,509,17,well,129423,,Migori,Awendo,Rural,,Clean,,,partially_functional,,,
64640,MIKU04494,MIKU04494224,,2,335,10,shared_taps,147613,,Migori,Kuria East,Urban,,,,,partially_functional,,,
64641,MIKU04495,MIKU04495224,,2,467,0,tap_in_home,187650,,Migori,Kuria West,Urban,,,,,partially_functional,,,
64642,MINY04496,MINY04496224,,3,60,35,shared_taps,198530,,Migori,Nyatike,Urban,,,,,partially_functional,,,
64643,MIRO04497,MIRO04497224,,1,124,29,shared_taps,146263,,Migori,Rongo,Urban,,,,,partially_functional,,,
64644,MISU04498,MISU04498224,,3,92,8,tap_in_home_broken,126518,,Migori,Suna East,Urban,,,,,partially_functional,,,
64645,MISU04499,MISU04499224,,3,282,1,river,137946,,Migori,Suna West,Rural,,,,,partially_functional,,,
64646,MIUR04500,MIUR04500224,,3,324,38,tap_in_home,160286,,Migori,Uriri,Rural,,,,,partially_functional,,,
64647,MOCH04501,MOCH04501224,,4,357,10,well,7486,,Mombasa,Changamwe,Rural,,Clean,,,,,,
64648,MOJO04502,MOJO04502224,,2,337,12,well,15819,,Mombasa,Jomvu,Rural,,Clean,,,,,,
64649,MOKI04503,MOKI04503224,,4,445,29,well,159521,,Mombasa,Kisauni,Rural,,Contaminated:Biological,,,,,,
64650,MOLI04504,MOLI04504224,,3,463,16,well,59179,,Mombasa,Likoni,Rural,,Clean,,,,,,
64651,MOMV04505,MOMV04505224,,4,36,10,shared_taps,1454,,Mombasa,Mvita,Rural,,,,,,,,
64652,MONY04506,MONY04506224,,1,163,42,well,1362,,Mombasa,Nyali,Rural,,Contaminated:Biological,,,,,,
64653,MUGA04507,MUGA04507224,,4,264,17,shared_taps,216519,,Murang'a,Gatanga,Urban,,,,,,,,
64654,MUKA04508,MUKA04508224,,2,248,29,tap_in_home_broken,195864,,Murang'a,Kandara,Urban,,,,,,,,
64655,MUKA04509,MUKA04509224,,3,435,26,tap_in_home,89385,,Murang'a,Kangema,Urban,,,,,,,,
64656,MUKI04510,MUKI04510224,,3,371,11,well,150972,,Murang'a,Kigumo,Rural,,Clean,,,,,,
64657,MUKI04511,MUKI04511224,,1,493,0,tap_in_home,223680,,Murang'a,Kiharu,Urban,,,,,,,,
64658,MUMA04512,MUMA04512224,,1,215,21,river,202798,,Murang'a,Maragwa,Rural,,,,,,,,
64659,MUMA04513,MUMA04513224,,2,181,14,tap_in_home_broken,102176,,Murang'a,Mathioya,Urban,,,,,,,,
64660,NADA04514,NADA04514224,,1,256,31,shared_taps,0,,Nairobi,Dagoretti North,Urban,,,,,,,,
64661,NADA04515,NADA04515224,,4,368,27,well,4785,,Nairobi,Dagoretti South,Rural,,Contaminated: Chemical,,,functional,,,
64662,NAEM04516,NAEM04516224,,4,182,1,tap_in_home_broken,0,,Nairobi,Embakasi Central,Urban,,,,,,,,
64663,NAEM04517,NAEM04517224,,1,123,23,tap_in_home,101902,,Nairobi,Embakasi East,Urban,,,,,,,,
64664,NAEM04518,NAEM04518224,,1,415,23,shared_taps,0,,Nairobi,Embakasi North,Rural,,,,,,,,
64665,NAEM04519,NAEM04519224,,2,379,37,shared_taps,8313,,Nairobi,Embakasi South,Urban,,,,,,,,
64666,NAEM04520,NAEM04520224,,5,309,41,tap_in_home,0,,Nairobi,Embakasi West,Urban,,,,,,,,
64667,NAKA04521,NAKA04521224,,3,111,48,river,0,,Nairobi,Kamukunji,Urban,,,,,,,,
64668,NAKA04522,NAKA04522224,,4,52,19,shared_taps,100367,,Nairobi,Kasarani,Rural,,,,,,,,
64669,NAKI04523,NAKI04523224,,1,6,7,shared_taps,0,,Nairobi,Kibra,Rural,,,,,,,,
64670,NALA04524,NALA04524224,,2,52,11,shared_taps,72437,,Nairobi,Langata,Rural,,,,,,,,
64671,NAMA04525,NAMA04525224,,3,287,9,river,0,,Nairobi,Makadara,Rural,,,,,,,,
64672,NAMA04526,NAMA04526224,,2,169,45,river,0,,Nairobi,Mathare,Rural,,,,,,,,
64673,NARO04527,NARO04527224,,3,287,37,river,43205,,Nairobi,Roysambu,Rural,,,,,,,,
64674,NARU04528,NARU04528224,,2,26,30,tap_in_home_broken,0,,Nairobi,Ruaraka,Rural,,,,,,,,
64675,NAWE04529,NAWE04529224,,5,234,40,well,47064,,Nairobi,Westlands,Urban,,Contaminated:Biological,,,functional,,,
64676,NABA04530,NABA04530224,,2,383,36,shared_taps,200432,,Nakuru,Bahati,Urban,,,,,functional,,,
64677,NAGI04531,NAGI04531224,,2,51,19,shared_taps,241425,,Nakuru,Gilgil,Rural,,,,,,,,
64678,NAKU04532,NAKU04532224,,3,167,22,shared_taps,195344,,Nakuru,Kuresoi North,Rural,,,,,,,,
64679,NAKU04533,NAKU04533224,,5,286,41,tap_in_home,165658,,Nakuru,Kuresoi South,Urban,,,,,,,,
64680,NAMO04534,NAMO04534224,,3,82,21,river,161136,,Nakuru,Molo,Rural,,,,,,,,
64681,NANA04535,NANA04535224,,4,123,18,river,332714,,Nakuru,Naivasha,Rural,,,,,,,,
64682,NANA04536,NANA04536224,,5,471,38,shared_taps,47575,,Nakuru,Nakuru Town East,Urban,,,,,,,,
64683,NANA04537,NANA04537224,,1,185,25,tap_in_home_broken,32727,,Nakuru,Nakuru Town West,Urban,,,,,,,,
64684,NANJ04538,NANJ04538224,,1,2,29,tap_in_home_broken,260086,,Nakuru,Njoro,Urban,,,,,,,,
64685,NARO04539,NARO04539224,,2,473,15,river,216153,,Nakuru,Rongai,Rural,,,,,functional,,,
64686,NASU04540,NASU04540224,,1,183,36,well,111495,,Nakuru,Subukia,Rural,,Contaminated: Chemical,,,,,,
64687,NAAL04541,NAAL04541224,,5,243,30,shared_taps,202867,,Nandi,Aldai,Urban,,,,,partially_functional,,,
64688,NACH04542,NACH04542224,,3,414,44,well,178157,,Nandi,Chesumei,Rural,,Clean,,,,,,
64689,NAEM04543,NAEM04543224,,1,488,12,tap_in_home_broken,174957,,Nandi,Emgwen,Urban,,,,,functional,,,
64690,NAMO04544,NAMO04544224,,3,51,4,shared_taps,182298,,Nandi,Mosop,Rural,,,,,functional,,,
64691,NANA04545,NANA04545224,,4,489,23,tap_in_home,134362,,Nandi,Nandi Hills,Urban,,,,,,,,
64692,NATI04546,NATI04546224,,2,244,17,well,133084,,Nandi,Tinderet,Urban,,Contaminated: Chemical,,,,,,
64693,NAEM04547,NAEM04547224,,5,26,12,river,132437,,Narok,Emurua Dikirr,Rural,,,,,unknown,,,
64694,NAKI04548,NAKI04548224,,4,505,20,well,294446,,Narok,Kilgoris,Rural,,Contaminated: Chemical,,,partially_functional,,,
64695,NANA04549,NANA04549224,,1,203,35,tap_in_home,109088,,Narok,Narok East,Urban,,,,,,,,
64696,NANA04550,NANA04550224,,1,341,24,river,288372,,Narok,Narok North,Rural,,,,,,,,
64697,NANA04551,NANA04551224,,1,340,10,well,299128,,Narok,Narok South,Rural,,Contaminated:Biological,,,functional,,,
64698,NANA04552,NANA04552224,,4,390,29,shared_taps,217855,,Narok,Narok West,Urban,,,,,partially_functional,,,
64699,NYBO04553,NYBO04553224,,1,378,1,well,130556,,Nyamira,Borabu,Rural,,Contaminated:Biological,,,partially_functional,,,
64700,NYKI04554,NYKI04554224,,2,448,18,tap_in_home_broken,225444,,Nyamira,Kitutu Masaba,Rural,,,,,partially_functional,,,
64701,NYNO04555,NYNO04555224,,1,412,0,shared_taps,136551,,Nyamira,North Mugirango,Rural,,,,,partially_functional,,,
64702,NYWE04556,NYWE04556224,,3,235,20,well,174364,,Nyamira,West Mugirango,Rural,,Contaminated:Biological,,,partially_functional,,,
64703,NYKI04557,NYKI04557224,,5,180,15,tap_in_home,226052,,Nyandarua,Kinangop,Urban,,,,,,,,
64704,NYKI04558,NYKI04558224,,2,212,2,river,104775,,Nyandarua,Kipipiri,Rural,,,,,,,,
64705,NYND04559,NYND04559224,,4,55,24,shared_taps,105972,,Nyandarua,Ndaragwa,Urban,,,,,,,,
64706,NYOL04560,NYOL04560224,,5,179,41,shared_taps,124632,,Nyandarua,Ol Jorok,Urban,,,,,,,,
64707,NYOL04561,NYOL04561224,,2,351,12,well,145689,,Nyandarua,Ol Kalou,Rural,,Clean,,,functional,,,
64708,NYKI04562,NYKI04562224,,5,313,7,shared_taps,232742,,Nyeri,Kieni,Rural,,,,,,,,
64709,NYMA04563,NYMA04563224,,4,417,18,tap_in_home_broken,173565,,Nyeri,Mathira,Urban,,,,,,,,
64710,NYMU04564,NYMU04564224,,4,237,2,river,97765,,Nyeri,Mukurweini,Rural,,,,,,,,
64711,NYNY04565,NYNY04565224,,4,451,27,shared_taps,79055,,Nyeri,Nyeri Town,Urban,,,,,,,,
64712,NYOT04566,NYOT04566224,,2,18,35,shared_taps,101446,,Nyeri,Othaya,Urban,,,,,,,,
64713,NYTE04567,NYTE04567224,,3,198,0,shared_taps,88002,,Nyeri,Tetu,Rural,,,,,,,,
64714,SASA04568,SASA04568224,,3,203,15,tap_in_home,85791,,Samburu,Samburu East,Urban,,,,,partially_functional,,,
64715,SASA04569,SASA04569224,,4,364,7,shared_taps,106130,,Samburu,Samburu North,Rural,,,,,partially_functional,,,
64716,SASA04570,SASA04570224,,1,131,41,shared_taps,156304,,Samburu,Samburu West,Urban,,,,,partially_functional,,,
64717,SIAL04571,SIAL04571224,,5,317,8,shared_taps,257615,,Siaya,Alego Usonga,Urban,,,,,partially_functional,,,
64718,SIBO04572,SIBO04572224,,2,300,10,tap_in_home,225726,,Siaya,Bondo,Urban,,,,,partially_functional,,,
64719,SIGE04573,SIGE04573224,,4,170,8,tap_in_home,204893,,Siaya,Gem,Urban,,,,,partially_functional,,,
64720,SIRA04574,SIRA04574224,,2,420,18,tap_in_home,175305,,Siaya,Rarieda,Urban,,,,,partially_functional,,,
64721,SIUG04575,SIUG04575224,,1,120,13,tap_in_home,145298,,Siaya,Ugenya,Urban,,,,,partially_functional,,,
64722,SIUG04576,SIUG04576224,,3,10,13,shared_taps,122953,,Siaya,Ugunja,Rural,,,,,partially_functional,,,
64723,TAMW04577,TAMW04577224,,1,339,11,well,90541,,Taita Taveta,Mwatate,Rural,,Clean,,,,,,
64724,TATA04578,TATA04578224,,3,444,32,river,100420,,Taita Taveta,Taveta,Rural,,,,,functional,,,
64725,TAVO04579,TAVO04579224,,1,498,42,shared_taps,130830,,Taita Taveta,Voi,Urban,,,,,functional,,,
64726,TAWU04580,TAWU04580224,,5,380,7,river,67489,,Taita Taveta,Wundanyi,Rural,,,,,,,,
64727,TABU04581,TABU04581224,,2,134,13,shared_taps,146603,,Tana River,Bura,Rural,,,,,partially_functional,,,
64728,TAGA04582,TAGA04582224,,4,8,6,tap_in_home,113241,,Tana River,Galole,Urban,,,,,,,,
64729,TAGA04583,TAGA04583224,,2,362,8,shared_taps,122861,,Tana River,Garsen,Urban,,,,,partially_functional,,,
64730,THCH04584,THCH04584224,,3,335,42,tap_in_home_broken,125531,,Tharaka-Nithi,Chuka/Igambang'Ombe,Urban,,,,,,,,
64731,THIG04585,THIG04585224,,2,324,45,tap_in_home_broken,29483,,Tharaka-Nithi,Igembe South,Urban,,,,,,,,
64732,THMA04586,THMA04586224,,2,475,47,tap_in_home,110231,,Tharaka-Nithi,Maara,Urban,,,,,,,,
64733,THTH04587,THTH04587224,,4,66,36,river,119582,,Tharaka-Nithi,Tharaka,Rural,,,,,,,,
64734,TRCH04588,TRCH04588224,,5,361,9,tap_in_home,259180,,Trans Nzoia,Cherangany,Urban,,,,,partially_functional,,,
64735,TREN04589,TREN04589224,,1,226,35,shared_taps,123050,,Trans Nzoia,Endebess,Urban,,,,,,,,
64736,TRKI04590,TRKI04590224,,4,318,28,well,246700,,Trans Nzoia,Kiminini,Rural,,Clean,,,functional,,,
64737,TRKW04591,TRKW04591224,,5,34,6,tap_in_home,138820,,Trans Nzoia,Kwanza,Urban,,,,,functional,,,
64738,TRSA04592,TRSA04592224,,2,319,27,tap_in_home_broken,143817,,Trans Nzoia,Saboti,Rural,,,,,,,,
64739,TRUN04593,TRUN04593224,,5,87,41,tap_in_home,74867,,Trans Nzoia,unknown 4,Urban,,,,,,,,
64740,TULO04594,TULO04594224,,4,498,34,well,129110,,Turkana,Loima,Rural,,Contaminated: Chemical,,,,,,
64741,TUTU04595,TUTU04595224,,4,123,23,well,200139,,Turkana,Turkana Central,Rural,,Contaminated: Chemical,,,,,,
64742,TUTU04596,TUTU04596224,,3,421,9,shared_taps,88237,,Turkana,Turkana East,Urban,,,,,partially_functional,,,
64743,TUTU04597,TUTU04597224,,3,319,42,tap_in_home,105727,,Turkana,Turkana North,Rural,,,,,,,,
64744,TUTU04598,TUTU04598224,,1,418,43,shared_taps,171372,,Turkana,Turkana South,Urban,,,,,,,,
64745,TUTU04599,TUTU04599224,,3,323,43,well,253379,,Turkana,Turkana West,Rural,,Contaminated:Biological,,,partially_functional,,,
64746,TUUN04600,TUUN04600224,,1,279,18,tap_in_home,69880,,Turkana,unknown 2,Urban,,,,,,,,
64747,UAAI04601,UAAI04601224,,2,10,11,shared_taps,143233,,Uasin Gishu,Ainabkoi,Urban,,,,,functional,,,
64748,UAKA04602,UAKA04602224,,1,82,40,shared_taps,146753,,Uasin Gishu,Kapseret,Rural,,,,,,,,
64749,UAKE04603,UAKE04603224,,2,464,14,shared_taps,206596,,Uasin Gishu,Kesses,Urban,,,,,functional,,,
64750,UAMO04604,UAMO04604224,,4,533,45,well,165815,,Uasin Gishu,Moiben,Rural,,Clean,,,functional,,,
64751,UASO04605,UASO04605224,,2,24,4,tap_in_home_broken,256006,,Uasin Gishu,Soy,Urban,,,,,functional,,,
64752,UATU04606,UATU04606224,,1,278,8,river,190419,,Uasin Gishu,Turbo,Rural,,,,,partially_functional,,,
64753,VIEM04607,VIEM04607224,,5,432,37,well,104849,,Vihiga,Emuhaya,Rural,,Contaminated:Biological,,,partially_functional,,,
64754,VIHA04608,VIHA04608224,,1,123,37,river,167077,,Vihiga,Hamisi,Rural,,,,,partially_functional,,,
64755,VILU04609,VILU04609224,,1,521,17,tap_in_home_broken,119134,,Vihiga,Luanda,Urban,,,,,functional,,,
64756,VISA04610,VISA04610224,,2,124,22,shared_taps,144212,,Vihiga,Sabatia,Urban,,,,,partially_functional,,,
64757,VIVI04611,VIVI04611224,,2,437,44,well,109238,,Vihiga,Vihiga,Rural,,Clean,,,partially_functional,,,
64758,WAEL04612,WAEL04612224,,3,297,16,tap_in_home,128681,,Wajir,Eldas,Urban,,,,,,,,
64759,WATA04613,WATA04613224,,4,123,6,well,50431,,Wajir,Tarbaj,Rural,,Contaminated: Chemical,,,,,,
64760,WAWA04614,WAWA04614224,,1,396,15,shared_taps,91126,,Wajir,Wajir East,Rural,,,,,,,,
64761,WAWA04615,WAWA04615224,,4,76,28,shared_taps,133183,,Wajir,Wajir North,Rural,,,,,functional,,,
64762,WAWA04616,WAWA04616224,,2,250,11,river,340577,,Wajir,Wajir South,Rural,,,,,functional,,,
64763,WAWA04617,WAWA04617224,,3,258,40,shared_taps,116499,,Wajir,Wajir West,Urban,,,,,functional,,,
64764,WEKA04618,WEKA04618224,,5,12,6,shared_taps,149939,,West Pokot,Kacheliba,Rural,,,,,,,,
64765,WEKA04619,WEKA04619224,,3,232,11,well,191651,,West Pokot,Kapenguria,Rural,,Contaminated: Chemical,,,,,,
64766,WEPO04620,WEPO04620224,,4,4,28,well,243135,,West Pokot,Pokot South,Urban,,Contaminated: Chemical,,,unknown,,,
64767,WESI04621,WESI04621224,,3,502,8,river,138457,,West Pokot,Sigor,Rural,,,,,functional,,,
64768,WEUN04622,WEUN04622224,,4,399,30,river,11487,,West Pokot,unknown 3,Rural,,,,,,,,
64769,BAXX04623,BAXX04623224,,2,274,16,river,732558,,Baringo,,Rural,,,,,partially_functional,,,
64770,BOXX04624,BOXX04624224,,2,125,15,tap_in_home,978433,,Bomet,,Urban,,,,,functional,,,
64771,BUXX04625,BUXX04625224,,3,426,0,well,2102276,,Bungoma,,Rural,,Contaminated:Biological,,,partially_functional,,,
64772,BUXX04626,BUXX04626224,,2,11,17,tap_in_home,952051,,Busia,,Urban,,,,,partially_functional,,,
64773,ELXX04627,ELXX04627224,,1,309,1,shared_taps,465473,,Elgeyo-Marakwet,,Rural,,,,,functional,,,
64774,EMXX04628,EMXX04628224,,5,321,14,shared_taps,666626,,Embu,,Rural,,,,,partially_functional,,,
64775,GAXX04629,GAXX04629224,,4,139,25,shared_taps,744709,,Garissa,,Urban,,,,,functional,,,
64776,HOXX04630,HOXX04630224,,5,155,3,shared_taps,1248455,,Homa Bay,,Rural,,,,,partially_functional,,,
64777,ISXX04631,ISXX04631224,,3,0,7,tap_in_home_broken,324620,,Isiolo,,Urban,,,,,partially_functional,,,
64778,KAXX04632,KAXX04632224,,5,228,7,tap_in_home,1004064,,Kajiado,,Urban,,,,,partially_functional,,,
64779,KAXX04633,KAXX04633224,,1,341,15,tap_in_home_broken,1719020,,Kakamega,,Rural,,,,,partially_functional,,,
64780,KEXX04634,KEXX04634224,,2,158,20,shared_taps,1024521,,Kericho,,Rural,,,,,partially_functional,,,
64781,KIXX04635,KIXX04635224,,4,419,35,tap_in_home,1755349,,Kiambu,,Urban,,,,,partially_functional,,,
64782,KIXX04636,KIXX04636224,,3,125,18,tap_in_home,1465096,,Kilifi,,Urban,,,,,functional,,,
64783,KIXX04637,KIXX04637224,,5,347,29,tap_in_home_broken,708128,,Kirinyaga,,Urban,,,,,,,,
64784,KIXX04638,KIXX04638224,,5,71,0,tap_in_home_broken,1300863,,Kisii,,Urban,,,,,partially_functional,,,
64785,KIXX04639,KIXX04639224,,5,76,0,shared_taps,995350,,Kisumu,,Urban,,,,,partially_functional,,,
64786,KIXX04640,KIXX04640224,,5,287,18,river,1269605,,Kitui,,Urban,,,,,partially_functional,,,
64787,KWXX04641,KWXX04641224,,5,410,0,tap_in_home,933550,,Kwale,,Urban,,,,,,,,
64788,LAXX04642,LAXX04642224,,4,18,42,well,547517,,Laikipia,,Rural,,Clean,,,partially_functional,,,
64789,LAXX04643,LAXX04643224,,2,285,39,tap_in_home,165062,,Lamu,,Urban,,,,,,,,
64790,MAXX04644,MAXX04644224,,2,205,48,river,1489890,,Machakos,,Rural,,,,,partially_functional,,,
64791,MAXX04645,MAXX04645224,,2,122,14,well,1105834,,Makueni,,Rural,,Contaminated: Chemical,,,partially_functional,,,
64792,MAXX04646,MAXX04646224,,1,395,4,shared_taps,834182,,Mandera,,Urban,,,,,functional,,,
64793,MAXX04647,MAXX04647224,,1,393,36,shared_taps,498417,,Marsabit,,Rural,,,,,partially_functional,,,
64794,MEXX04648,MEXX04648224,,2,185,30,shared_taps,1663914,,Meru,,Rural,,,,,,,,
64795,MIXX04649,MIXX04649224,,5,202,39,tap_in_home,1234230,,Migori,,Rural,,,,,partially_functional,,,
64796,MOXX04650,MOXX04650224,,2,390,38,tap_in_home,244821,,Mombasa,,Urban,,,,,,,,
64797,MUXX04651,MUXX04651224,,2,471,3,river,1181393,,Murang'a,,Rural,,,,,,,,
64798,NAXX04652,NAXX04652224,,5,236,28,tap_in_home_broken,378072,,Nairobi,,Urban,,,,,functional,,,
64799,NAXX04653,NAXX04653224,,2,393,7,tap_in_home,1964746,,Nakuru,,Urban,,,,,functional,,,
64800,NAXX04654,NAXX04654224,,1,300,36,tap_in_home,1005725,,Nandi,,Urban,,,,,partially_functional,,,
64801,NAXX04655,NAXX04655224,,5,140,21,well,1341326,,Narok,,Urban,,Clean,,,partially_functional,,,
64802,NYXX04656,NYXX04656224,,4,180,22,tap_in_home,666916,,Nyamira,,Urban,,,,,partially_functional,,,
64803,NYXX04657,NYXX04657224,,3,201,28,tap_in_home,707120,,Nyandarua,,Urban,,,,,functional,,,
64804,NYXX04658,NYXX04658224,,4,386,4,shared_taps,772575,,Nyeri,,Rural,,,,,,,,
64805,SAXX04659,SAXX04659224,,4,499,1,tap_in_home,348225,,Samburu,,Urban,,,,,partially_functional,,,
64806,SIXX04660,SIXX04660224,,1,145,3,tap_in_home,1131790,,Siaya,,Urban,,,,,partially_functional,,,
64807,TAXX04661,TAXX04661224,,4,387,26,tap_in_home,389280,,Taita Taveta,,Urban,,,,,functional,,,
64808,TAXX04662,TAXX04662224,,2,418,43,tap_in_home_broken,382705,,Tana River,,Urban,,,,,partially_functional,,,
64809,THXX04663,THXX04663224,,5,73,24,tap_in_home_broken,384826,,Tharaka-Nithi,,Urban,,,,,,,,
64810,TRXX04664,TRXX04664224,,4,366,19,shared_taps,986434,,Trans Nzoia,,Rural,,,,,partially_functional,,,
64811,TUXX04665,TUXX04665224,,3,466,24,tap_in_home_broken,1017843,,Turkana,,Urban,,,,,partially_functional,,,
64812,UAXX04666,UAXX04666224,,4,458,31,shared_taps,1108822,,Uasin Gishu,,Rural,,,,,partially_functional,,,
64813,VIXX04667,VIXX04667224,,4,342,9,tap_in_home_broken,644511,,Vihiga,,Urban,,,,,partially_functional,,,
64814,WAXX04668,WAXX04668224,,1,474,22,tap_in_home,860498,,Wajir,,Rural,,,,,functional,,,
64815,WEXX04669,WEXX04669224,,5,296,13,well,734668,,West Pokot,,Urban,,Contaminated:Biological,,,functional,,,
64816,XXXX04670,XXXX04670224,,4,459,4,shared_taps,44182090,,,,Urban,,,,,partially_functional,,,
,,,,3,115,26,river,,,,,Urban,,,,,,,,
,,,,3,437,37,shared_taps,,,,,Urban,,,,,,,,
