record_id,location_id,source_id,time_of_record,visit_count_x,time_in_queue,assigned_employee_id,type_of_water_source,number_of_people_served,address,province_name,town_name,location_type,subjective_quality_score,results,pollutant_ppm,biological,functionality_status,hour,month,year
60146.0,MOKI00000,MOKI00000224,2023-05-24 11:31:00,1,336,18,tap_in_home_broken,0.0,Mjambere,Mombasa,Kisauni,Urban,,,,,non_functional,11.0,May,2023.0
60147.0,NAST00001,NAST00001224,2025-11-15 07:26:00,4,60,5,shared_taps,0.0,,Nairobi,Starehe,Urban,,,,,non_functional,7.0,November,2025.0
60148.0,KISO00002,KISO00002224,2025-03-11 08:32:00,1,179,20,shared_taps,32173.0,Bogetenga,Kisii,South Mugirango,Urban,,,,,non_functional,8.0,March,2025.0
60149.0,KISO00003,KISO00003224,2025-03-16 14:39:00,5,180,3,shared_taps,24141.0,Boikang'A,Kisii,South Mugirango,Urban,,,,,non_functional,14.0,March,2025.0
60150.0,MIKU00004,MIKU00004224,2024-02-21 12:54:00,1,481,8,tap_in_home,30145.0,Nyabasi East,Migori,Kuria East,Rural,,,,,non_functional,12.0,February,2024.0
60151.0,MIKU00005,MIKU00005224,2023-10-05 14:08:00,3,45,38,well,30835.0,Ntimaru West,Migori,Kuria East,Rural,,Contaminated: Chemical,,,non_functional,14.0,October,2023.0
60152.0,KISO00006,KISO00006224,2023-01-03 13:17:00,2,118,4,well,18500.0,Getenga,Kisii,South Mugirango,Rural,,Contaminated: Chemical,,,non_functional,13.0,January,2023.0
60153.0,KISO00007,KISO00007224,2024-10-21 18:47:00,5,136,41,tap_in_home,46014.0,Borabu / Chitago,Kisii,South Mugirango,Urban,,,,,non_functional,18.0,October,2024.0
60154.0,MIKU00008,MIKU00008224,2023-03-09 13:49:00,4,38,11,shared_taps,16533.0,Ntimaru East,Migori,Kuria East,Urban,,,,,non_functional,13.0,March,2023.0
60155.0,KIBO00009,KIBO00009224,2022-07-06 19:02:00,2,232,29,well,43670.0,Bosoti/Sengera,Kisii,Bomachoge Chache,Urban,,Contaminated:Biological,,,non_functional,19.0,July,2022.0
60156.0,KIBO00010,KIBO00010224,2024-04-16 07:29:00,1,332,12,shared_taps,41038.0,Boochi/Tendere,Kisii,Bomachoge Chache,Rural,,,,,non_functional,7.0,April,2024.0
60157.0,KIBO00011,KIBO00011224,2025-07-04 12:43:00,4,215,15,tap_in_home,32069.0,Magenche,Kisii,Bomachoge Borabu,Urban,,,,,non_functional,12.0,July,2025.0
60158.0,KIBO00012,KIBO00012224,2025-10-23 11:44:00,3,324,14,river,44167.0,Bokimonge,Kisii,Bomachoge Borabu,Rural,,,,,non_functional,11.0,October,2025.0
60159.0,KIBO00013,KIBO00013224,2023-07-18 07:06:00,4,347,4,river,22879.0,Sameta/Mokwerero,Kisii,Bobasi,Rural,,,,,non_functional,7.0,July,2023.0
60160.0,KIBO00014,KIBO00014224,2025-01-14 09:17:00,5,17,42,shared_taps,22381.0,Masige West,Kisii,Bobasi,Urban,,,,,non_functional,9.0,January,2025.0
60161.0,KIBO00015,KIBO00015224,2022-12-27 18:22:00,2,501,13,shared_taps,27111.0,Bombaba Borabu,Kisii,Bomachoge Borabu,Urban,,,,,non_functional,18.0,December,2022.0
60162.0,KIBO00016,KIBO00016224,2024-02-01 06:52:00,1,90,13,shared_taps,21475.0,Masige East,Kisii,Bobasi,Urban,,,,,non_functional,6.0,February,2024.0
60163.0,KIBO00017,KIBO00017224,2024-12-17 06:11:00,4,535,30,river,26250.0,Bobasi Boitangare,Kisii,Bobasi,Rural,,,,,non_functional,6.0,December,2024.0
60164.0,KIBO00018,KIBO00018224,2025-09-06 12:11:00,1,416,30,river,16600.0,Boochi Borabu,Kisii,Bomachoge Borabu,Rural,,,,,non_functional,12.0,September,2025.0
60165.0,NAKI00019,NAKI00019224,2022-02-23 08:55:00,3,103,33,well,49579.0,Keyian,Narok,Kilgoris,Rural,,Contaminated:Biological,,,non_functional,8.0,February,2022.0
60166.0,MINY00020,MINY00020224,2023-11-08 05:26:00,3,357,46,shared_taps,32290.0,Muhuru,Migori,Nyatike,Urban,,,,,non_functional,5.0,November,2023.0
60167.0,MINY00021,MINY00021224,2023-04-04 15:38:00,3,231,6,tap_in_home_broken,30781.0,Kachien'G,Migori,Nyatike,Urban,,,,,non_functional,15.0,April,2023.0
60168.0,MINY00022,MINY00022224,2025-02-27 19:48:00,4,25,45,shared_taps,21415.0,Kanyasa,Migori,Nyatike,Rural,,,,,non_functional,19.0,February,2025.0
60169.0,MINY00023,MINY00023224,2022-11-24 09:18:00,2,114,1,tap_in_home_broken,40382.0,North Kadem,Migori,Nyatike,Urban,,,,,non_functional,9.0,November,2022.0
60170.0,MINY00024,MINY00024224,2023-05-08 18:03:00,1,210,47,shared_taps,29735.0,Got Kachola,Migori,Nyatike,Rural,,,,,non_functional,18.0,May,2023.0
60171.0,MINY00025,MINY00025224,2024-11-23 17:03:00,5,16,11,shared_taps,30204.0,Macalder/Kanyarwanda,Migori,Nyatike,Urban,,,,,non_functional,17.0,November,2024.0
60172.0,MINY00026,MINY00026224,2022-05-16 19:43:00,1,82,39,river,13723.0,Kaler,Migori,Nyatike,Rural,,,,,non_functional,19.0,May,2022.0
60173.0,MISU00027,MISU00027224,2023-07-18 11:19:00,1,314,27,well,36155.0,Wasimbete,Migori,Suna West,Rural,,Contaminated:Biological,,,non_functional,11.0,July,2023.0
60174.0,MISU00028,MISU00028224,2024-04-05 09:19:00,5,146,48,tap_in_home,37349.0,Wiga,Migori,Suna West,Urban,,,,,non_functional,9.0,April,2024.0
60175.0,HOND00029,HOND00029224,2022-12-23 08:24:00,5,42,22,river,24510.0,Kanyadoto,Homa Bay,Ndhiwa,Rural,,,,,non_functional,8.0,December,2022.0
60176.0,MIUR00030,MIUR00030224,2023-10-11 15:55:00,1,203,25,tap_in_home,42405.0,North Kanyamkago,Migori,Uriri,Urban,,,,,non_functional,15.0,October,2023.0
60177.0,MISU00031,MISU00031224,2024-02-02 12:35:00,2,38,14,shared_taps,49935.0,Kakrao,Migori,Suna East,Urban,,,,,non_functional,12.0,February,2024.0
60178.0,HOND00032,HOND00032224,2022-07-20 10:23:00,4,163,47,well,8985.0,Kanyikela,Homa Bay,Ndhiwa,Rural,,Clean,,,non_functional,10.0,July,2022.0
60179.0,MIUR00033,MIUR00033224,2025-02-02 12:43:00,2,195,6,well,25575.0,Central Kanyamkago,Migori,Uriri,Rural,,Contaminated:Biological,,,non_functional,12.0,February,2025.0
60180.0,MISU00034,MISU00034224,2022-06-22 10:07:00,1,269,24,tap_in_home,28012.0,Wasweta Ii,Migori,Suna West,Urban,,,,,non_functional,10.0,June,2022.0
60181.0,MIKU00035,MIKU00035224,2022-12-17 13:34:00,2,303,5,river,34924.0,Nyamosense/Komosoko,Migori,Kuria West,Rural,,,,,non_functional,13.0,December,2022.0
60182.0,MIKU00036,MIKU00036224,2025-04-21 17:00:00,5,397,43,tap_in_home_broken,29787.0,Tagare,Migori,Kuria West,Rural,,,,,non_functional,17.0,April,2025.0
60183.0,MISU00037,MISU00037224,2024-11-27 19:41:00,4,402,7,shared_taps,36431.0,Ragana-Oruba,Migori,Suna West,Urban,,,,,non_functional,19.0,November,2024.0
60184.0,MIKU00038,MIKU00038224,2022-01-02 08:49:00,4,164,0,shared_taps,16586.0,Isibania,Migori,Kuria West,Urban,,,,,non_functional,8.0,January,2022.0
60185.0,MISU00039,MISU00039224,2022-12-16 12:45:00,3,375,33,well,26425.0,Suna Central,Migori,Suna East,Rural,,Contaminated:Biological,,,non_functional,12.0,December,2022.0
60186.0,MIAW00040,MIAW00040224,2023-03-22 08:43:00,3,1,6,river,29872.0,West Sakwa,Migori,Awendo,Rural,,,,,non_functional,8.0,March,2023.0
60187.0,MIKU00041,MIKU00041224,2024-06-12 12:14:00,5,174,17,river,32287.0,Masaba,Migori,Kuria West,Rural,,,,,non_functional,12.0,June,2024.0
60188.0,MIKU00042,MIKU00042224,2022-04-13 05:42:00,3,56,8,shared_taps,23386.0,Makerero,Migori,Kuria West,Urban,,,,,non_functional,5.0,April,2022.0
60189.0,MIAW00043,MIAW00043224,2023-03-11 14:49:00,5,475,38,tap_in_home,25990.0,North Sakwa,Migori,Awendo,Rural,,,,,non_functional,14.0,March,2023.0
60190.0,MISU00044,MISU00044224,2025-12-24 07:51:00,5,296,9,river,26585.0,God Jope,Migori,Suna East,Rural,,,,,non_functional,7.0,December,2025.0
60191.0,MIKU00045,MIKU00045224,2025-06-18 16:18:00,1,309,18,shared_taps,31262.0,Gokeharaka/Getambwega,Migori,Kuria East,Urban,,,,,non_functional,16.0,June,2025.0
60192.0,MIAW00046,MIAW00046224,2024-08-02 09:34:00,2,455,27,river,30835.0,Central Sakwa,Migori,Awendo,Rural,,,,,non_functional,9.0,August,2024.0
60193.0,MIKU00047,MIKU00047224,2023-03-03 18:41:00,1,239,12,river,25111.0,Bukira Centrl/Ikerege,Migori,Kuria West,Rural,,,,,non_functional,18.0,March,2023.0
60194.0,MIAW00048,MIAW00048224,2022-10-21 19:33:00,3,392,13,river,42725.0,South Sakwa,Migori,Awendo,Rural,,,,,non_functional,19.0,October,2022.0
60195.0,MIUR00049,MIUR00049224,2024-05-25 08:07:00,2,335,21,tap_in_home,18087.0,East Kanyamkago,Migori,Uriri,Urban,,,,,non_functional,8.0,May,2024.0
60196.0,HOKA00050,HOKA00050224,2022-01-06 09:27:00,2,435,7,tap_in_home_broken,23322.0,Kanyaluo,Homa Bay,Karachuonyo,Urban,,,,,non_functional,9.0,January,2022.0
60197.0,MISU00051,MISU00051224,2022-08-20 08:08:00,4,505,28,well,23573.0,Kwa,Migori,Suna East,Rural,,Contaminated: Chemical,,,non_functional,8.0,August,2022.0
60198.0,MIRO00052,MIRO00052224,2022-07-12 12:14:00,5,208,37,well,42922.0,South Kamagambo,Migori,Rongo,Rural,,Contaminated: Chemical,,,non_functional,12.0,July,2022.0
60199.0,MIKU00053,MIKU00053224,2024-04-15 15:54:00,4,346,24,river,38839.0,Nyabasi West,Migori,Kuria East,Rural,,,,,non_functional,15.0,April,2024.0
60200.0,MIKU00054,MIKU00054224,2025-07-14 19:14:00,2,328,44,tap_in_home,25569.0,Bukira East,Migori,Kuria West,Urban,,,,,non_functional,19.0,July,2025.0
60201.0,KISO00055,KISO00055224,2024-11-13 15:42:00,2,450,17,tap_in_home,34205.0,Moticho,Kisii,South Mugirango,Rural,,,,,non_functional,15.0,November,2024.0
60202.0,MIUR00056,MIUR00056224,2024-12-27 13:18:00,3,362,12,well,37189.0,South Kanyamkago,Migori,Uriri,Rural,,Clean,,,non_functional,13.0,December,2024.0
60203.0,MIUR00057,MIUR00057224,2022-01-25 18:10:00,4,436,10,river,37030.0,West Kanyamkago,Migori,Uriri,Rural,,,,,non_functional,18.0,January,2022.0
60204.0,KISO00058,KISO00058224,2025-04-18 08:35:00,1,192,38,tap_in_home,36121.0,Tabaka,Kisii,South Mugirango,Rural,,,,,non_functional,8.0,April,2025.0
60205.0,KIBO00059,KIBO00059224,2024-04-25 09:31:00,5,258,35,river,27894.0,Majoge Basi,Kisii,Bomachoge Chache,Rural,,,,,non_functional,9.0,April,2024.0
60206.0,KINY00060,KINY00060224,2023-03-23 16:01:00,5,180,41,river,20600.0,Kiogoro,Kisii,Nyaribari Chache,Rural,,,,,non_functional,16.0,March,2023.0
60207.0,KIBO00061,KIBO00061224,2022-09-27 17:06:00,1,145,21,tap_in_home,28758.0,Bobasi Chache,Kisii,Bobasi,Urban,,,,,non_functional,17.0,September,2022.0
60208.0,KINY00062,KINY00062224,2023-01-03 13:05:00,4,365,17,tap_in_home_broken,29995.0,Bobaracho,Kisii,Nyaribari Chache,Urban,,,,,non_functional,13.0,January,2023.0
60209.0,KINY00063,KINY00063224,2024-01-07 12:04:00,5,438,3,shared_taps,9417.0,Kisii Central,Kisii,Nyaribari Chache,Rural,,,,,non_functional,12.0,January,2024.0
60210.0,KIBO00064,KIBO00064224,2024-05-01 17:35:00,4,515,44,shared_taps,44213.0,Bomorenda,Kisii,Bonchari,Rural,,,,,non_functional,17.0,May,2024.0
60211.0,KIBO00065,KIBO00065224,2025-04-05 13:42:00,3,83,2,tap_in_home_broken,42431.0,Riana,Kisii,Bonchari,Urban,,,,,non_functional,13.0,April,2025.0
60212.0,KIBO00066,KIBO00066224,2022-02-05 13:32:00,5,246,34,shared_taps,26096.0,Bogiakumu,Kisii,Bonchari,Urban,,,,,non_functional,13.0,February,2022.0
60213.0,KIKI00067,KIKI00067224,2023-11-09 10:59:00,3,300,5,tap_in_home_broken,13244.0,Kitutu Central,Kisii,Kitutu Chache South,Urban,,,,,non_functional,10.0,November,2023.0
60214.0,KIKI00068,KIKI00068224,2023-11-05 11:29:00,2,308,42,well,26629.0,Nyatieko,Kisii,Kitutu Chache South,Rural,,Clean,,,non_functional,11.0,November,2023.0
60215.0,HOHO00069,HOHO00069224,2024-08-22 06:27:00,5,86,37,shared_taps,32742.0,Homa Bay Arujo,Homa Bay,Homa Bay Town,Rural,,,,,non_functional,6.0,August,2024.0
60216.0,HOHO00070,HOHO00070224,2022-12-28 06:33:00,4,131,37,shared_taps,19995.0,Homa Bay West,Homa Bay,Homa Bay Town,Urban,,,,,non_functional,6.0,December,2022.0
60217.0,KIBO00071,KIBO00071224,2023-11-04 08:44:00,4,353,24,river,26642.0,Bomariba,Kisii,Bonchari,Rural,,,,,non_functional,8.0,November,2023.0
60218.0,KIKI00072,KIKI00072224,2022-01-14 05:26:00,3,366,20,tap_in_home,31721.0,Nyakoe,Kisii,Kitutu Chache South,Urban,,,,,non_functional,5.0,January,2022.0
60219.0,KIKI00073,KIKI00073224,2024-04-06 19:38:00,2,227,9,well,18545.0,Bogeka,Kisii,Kitutu Chache South,Rural,,Contaminated: Chemical,,,non_functional,19.0,April,2024.0
60220.0,KIKI00074,KIKI00074224,2024-12-21 12:05:00,5,156,3,shared_taps,28504.0,Bogusero,Kisii,Kitutu Chache South,Rural,,,,,non_functional,12.0,December,2024.0
60221.0,KIKI00075,KIKI00075224,2022-11-03 16:50:00,5,116,26,river,36234.0,Marani,Kisii,Kitutu Chache North,Urban,,,,,non_functional,16.0,November,2022.0
60222.0,HOKA00076,HOKA00076224,2025-08-07 07:24:00,2,167,35,river,33085.0,West Kasipul,Homa Bay,Kasipul,Rural,,,,,non_functional,7.0,August,2025.0
60223.0,MIRO00077,MIRO00077224,2022-04-05 16:20:00,5,109,2,tap_in_home,37497.0,East Kamagambo,Migori,Rongo,Urban,,,,,non_functional,16.0,April,2022.0
60224.0,MIRO00078,MIRO00078224,2023-10-01 19:46:00,4,140,8,tap_in_home,25919.0,North Kamagambo,Migori,Rongo,Urban,,,,,non_functional,19.0,October,2023.0
60225.0,MIRO00079,MIRO00079224,2023-04-18 06:14:00,5,205,8,well,39925.0,Central Kamagambo,Migori,Rongo,Rural,,Contaminated:Biological,,,non_functional,6.0,April,2023.0
60226.0,HOND00080,HOND00080224,2022-08-09 14:31:00,5,503,13,river,32070.0,Kanyamwa Kologi,Homa Bay,Ndhiwa,Rural,,,,,non_functional,14.0,August,2022.0
60227.0,HORA00081,HORA00081224,2022-07-12 16:52:00,1,86,42,river,38416.0,Kagan,Homa Bay,Rangwe,Rural,,,,,non_functional,16.0,July,2022.0
60228.0,HOKA00082,HOKA00082224,2024-11-28 10:00:00,1,123,2,shared_taps,24472.0,West Kamagak,Homa Bay,Kasipul,Urban,,,,,non_functional,10.0,November,2024.0
60229.0,HOKA00083,HOKA00083224,2022-06-21 17:25:00,4,131,5,tap_in_home,18671.0,East Kamagak,Homa Bay,Kasipul,Urban,,,,,non_functional,17.0,June,2022.0
60230.0,HOKA00084,HOKA00084224,2022-10-27 08:53:00,1,411,30,shared_taps,24631.0,Central,Homa Bay,Karachuonyo,Urban,,,,,non_functional,8.0,October,2022.0
60231.0,KIKI00085,KIKI00085224,2024-03-01 16:19:00,4,185,2,river,37647.0,South West Kisumu,Kisumu,Kisumu West,Rural,,,,,non_functional,16.0,March,2024.0
60232.0,KIKI00086,KIKI00086224,2023-03-27 14:20:00,4,293,19,well,38191.0,North West Kisumu,Kisumu,Kisumu West,Rural,,Contaminated:Biological,,,non_functional,14.0,March,2023.0
60233.0,KIKI00087,KIKI00087224,2025-01-15 18:22:00,4,179,4,shared_taps,40503.0,West Kisumu,Kisumu,Kisumu West,Urban,,,,,non_functional,18.0,January,2025.0
60234.0,HOKA00088,HOKA00088224,2022-03-05 14:20:00,3,535,43,shared_taps,16303.0,North Karachuonyo,Homa Bay,Karachuonyo,Urban,,,,,non_functional,14.0,March,2022.0
60235.0,HOKA00089,HOKA00089224,2024-06-23 15:06:00,5,86,26,tap_in_home,7709.0,Kendu Bay Town,Homa Bay,Karachuonyo,Urban,,,,,non_functional,15.0,June,2024.0
60236.0,HOKA00090,HOKA00090224,2024-09-19 18:05:00,5,374,19,shared_taps,31762.0,Central Kasipul,Homa Bay,Kasipul,Rural,,,,,non_functional,18.0,September,2024.0
60237.0,KIKI00091,KIKI00091224,2023-05-09 11:31:00,5,225,33,tap_in_home,49342.0,Central Kisumu,Kisumu,Kisumu West,Urban,,,,,non_functional,11.0,May,2023.0
60238.0,KIKI00092,KIKI00092224,2023-03-10 14:04:00,5,23,5,well,14448.0,Nyalenda B,Kisumu,Kisumu Central,Urban,,Contaminated: Chemical,,,non_functional,14.0,March,2023.0
60239.0,KIKI00093,KIKI00093224,2025-08-17 09:51:00,2,353,45,tap_in_home_broken,3765.0,Market Milimani,Kisumu,Kisumu Central,Urban,,,,,non_functional,9.0,August,2025.0
60240.0,KIKI00094,KIKI00094224,2024-02-22 16:08:00,3,319,47,shared_taps,27864.0,Kolwa Central,Kisumu,Kisumu East,Rural,,,,,non_functional,16.0,February,2024.0
60241.0,KIKI00095,KIKI00095224,2024-03-23 11:37:00,2,226,39,tap_in_home_broken,32725.0,Kisumu North,Kisumu,Kisumu West,Urban,,,,,non_functional,11.0,March,2024.0
60242.0,KIKI00096,KIKI00096224,2022-02-20 13:02:00,2,339,22,well,19106.0,Railways,Kisumu,Kisumu Central,Rural,,Contaminated:Biological,,,non_functional,13.0,February,2022.0
60243.0,KIKI00097,KIKI00097224,2023-07-19 05:16:00,1,384,42,tap_in_home,44928.0,Kajulu,Kisumu,Kisumu East,Urban,,,,,non_functional,5.0,July,2023.0
60244.0,KIKI00098,KIKI00098224,2022-01-27 17:07:00,1,176,26,shared_taps,0.0,Shaurimoyo Kaloleni,Kisumu,Kisumu Central,Urban,,,,,non_functional,17.0,January,2022.0
60245.0,KIKI00099,KIKI00099224,2022-11-19 14:16:00,1,196,19,river,0.0,Nyalenda 'A',Kisumu,Kisumu Central,Rural,,,,,non_functional,14.0,November,2022.0
60246.0,KIKI00100,KIKI00100224,2023-03-04 12:25:00,1,317,33,tap_in_home_broken,0.0,Migosi,Kisumu,Kisumu Central,Urban,,,,,non_functional,12.0,March,2023.0
60247.0,KIKI00101,KIKI00101224,2024-11-28 12:08:00,1,379,38,shared_taps,0.0,Kondele,Kisumu,Kisumu Central,Rural,,,,,non_functional,12.0,November,2024.0
60248.0,KIKI00102,KIKI00102224,2025-05-19 11:59:00,2,515,34,shared_taps,0.0,Manyatta 'B',Kisumu,Kisumu East,Urban,,,,,non_functional,11.0,May,2025.0
60249.0,KWMA00103,KWMA00103224,2023-03-16 19:11:00,2,16,7,well,61367.0,Tsimba Golini,Kwale,Matuga,Rural,,Contaminated: Chemical,,,non_functional,19.0,March,2023.0
60250.0,BUKA00104,BUKA00104224,2022-10-27 07:05:00,5,143,12,tap_in_home_broken,47544.0,West Sang'Alo,Bungoma,Kanduyi,Rural,,,,,non_functional,7.0,October,2022.0
60251.0,BUKA00105,BUKA00105224,2024-03-16 18:08:00,1,173,26,tap_in_home,27288.0,Bukembe West,Bungoma,Kanduyi,Urban,,,,,non_functional,18.0,March,2024.0
60252.0,BUKA00106,BUKA00106224,2022-04-02 06:25:00,1,238,47,well,48253.0,Musikoma,Bungoma,Kanduyi,Urban,,Contaminated:Biological,,,non_functional,6.0,April,2022.0
60253.0,BUKA00107,BUKA00107224,2025-11-21 17:36:00,5,194,47,river,38799.0,Bukembe East,Bungoma,Kanduyi,Rural,,,,,non_functional,17.0,November,2025.0
60254.0,BUKA00108,BUKA00108224,2022-04-10 08:44:00,5,455,44,well,7209.0,Khalaba,Bungoma,Kanduyi,Rural,,Contaminated: Chemical,,,non_functional,8.0,April,2022.0
60255.0,BUKA00109,BUKA00109224,2025-07-12 09:31:00,1,472,12,well,5319.0,Township,Bungoma,Kanduyi,Rural,,Contaminated:Biological,,,non_functional,9.0,July,2025.0
60256.0,VIEM00110,VIEM00110224,2024-02-12 14:14:00,5,194,17,shared_taps,32037.0,Central Bunyore,Vihiga,Emuhaya,Rural,,,,,non_functional,14.0,February,2024.0
60257.0,VIEM00111,VIEM00111224,2023-03-05 07:07:00,2,513,16,well,34986.0,North East Bunyore,Vihiga,Emuhaya,Rural,,Contaminated: Chemical,,,non_functional,7.0,March,2023.0
60258.0,VIEM00112,VIEM00112224,2022-08-05 13:38:00,5,532,6,well,37826.0,West Bunyore,Vihiga,Emuhaya,Rural,,Clean,,,non_functional,13.0,August,2022.0
60259.0,VIHA00113,VIHA00113224,2025-06-15 06:58:00,5,278,24,shared_taps,25949.0,Gisambai,Vihiga,Hamisi,Urban,,,,,non_functional,6.0,June,2025.0
60260.0,VIHA00114,VIHA00114224,2025-07-07 06:22:00,4,345,22,shared_taps,21217.0,Jepkoyai,Vihiga,Hamisi,Urban,,,,,non_functional,6.0,July,2025.0
60261.0,VIHA00115,VIHA00115224,2025-03-13 05:46:00,4,2,10,shared_taps,21225.0,Tambua,Vihiga,Hamisi,Rural,,,,,non_functional,5.0,March,2025.0
60262.0,VILU00116,VILU00116224,2024-07-15 19:55:00,4,493,42,well,26036.0,Emabungo,Vihiga,Luanda,Rural,,Contaminated:Biological,,,non_functional,19.0,July,2024.0
60263.0,VILU00117,VILU00117224,2022-11-17 10:41:00,4,353,23,tap_in_home,23096.0,Luanda South,Vihiga,Luanda,Urban,,,,,non_functional,10.0,November,2022.0
60264.0,VILU00118,VILU00118224,2025-06-23 16:27:00,1,392,12,shared_taps,15702.0,Luanda Township,Vihiga,Luanda,Rural,,,,,non_functional,16.0,June,2025.0
60265.0,VILU00119,VILU00119224,2022-02-15 14:30:00,2,132,8,shared_taps,25084.0,Mwibona,Vihiga,Luanda,Urban,,,,,non_functional,14.0,February,2022.0
60266.0,KWMS00120,KWMS00120224,2023-06-13 19:19:00,1,486,5,shared_taps,33768.0,Kinondo,Kwale,Msambweni,Rural,,,,,non_functional,19.0,June,2023.0
60267.0,VILU00121,VILU00121224,2022-03-27 19:12:00,1,243,34,river,29217.0,Wemilabi,Vihiga,Luanda,Urban,,,,,non_functional,19.0,March,2022.0
60268.0,VISA00122,VISA00122224,2023-03-25 05:38:00,4,457,4,shared_taps,24185.0,Busali,Vihiga,Sabatia,Urban,,,,,non_functional,5.0,March,2023.0
60269.0,VISA00123,VISA00123224,2024-11-11 07:31:00,1,113,14,shared_taps,20789.0,Chavakali,Vihiga,Sabatia,Urban,,,,,non_functional,7.0,November,2024.0
60270.0,VISA00124,VISA00124224,2025-02-18 18:44:00,5,350,39,tap_in_home_broken,27922.0,Lyaduywa/Izava,Vihiga,Sabatia,Rural,,,,,non_functional,18.0,February,2025.0
60271.0,VISA00125,VISA00125224,2022-04-11 13:04:00,2,290,47,shared_taps,20894.0,North Maragoli,Vihiga,Sabatia,Rural,,,,,non_functional,13.0,April,2022.0
60272.0,VISA00126,VISA00126224,2025-08-09 18:12:00,4,229,33,well,23490.0,West Sabatia,Vihiga,Sabatia,Rural,,Contaminated: Chemical,,,non_functional,18.0,August,2025.0
60273.0,VISA00127,VISA00127224,2022-05-16 09:05:00,3,487,26,shared_taps,26932.0,Wodanga,Vihiga,Sabatia,Urban,,,,,non_functional,9.0,May,2022.0
60274.0,VIVI00128,VIVI00128224,2025-02-01 11:21:00,2,5,30,shared_taps,26927.0,Central Maragoli,Vihiga,Vihiga,Urban,,,,,non_functional,11.0,February,2025.0
60275.0,VIVI00129,VIVI00129224,2025-08-20 18:13:00,4,443,21,well,35619.0,Lugaga-Wamuluma,Vihiga,Vihiga,Rural,,Clean,,,non_functional,18.0,August,2025.0
60276.0,VIVI00130,VIVI00130224,2025-04-24 11:18:00,5,346,8,shared_taps,23098.0,Mungoma,Vihiga,Vihiga,Urban,,,,,non_functional,11.0,April,2025.0
60277.0,VIVI00131,VIVI00131224,2025-01-28 19:38:00,4,254,36,well,23594.0,South Maragoli,Vihiga,Vihiga,Rural,,Clean,,,non_functional,19.0,January,2025.0
60278.0,SIBO00132,SIBO00132224,2025-07-16 06:32:00,4,224,36,river,42284.0,West Yimbo,Siaya,Bondo,Urban,,,,,non_functional,6.0,July,2025.0
60279.0,SIBO00133,SIBO00133224,2024-08-07 10:04:00,4,398,6,tap_in_home_broken,28150.0,Central Sakwa,Siaya,Bondo,Urban,,,,,non_functional,10.0,August,2024.0
60280.0,SIBO00134,SIBO00134224,2022-03-06 10:09:00,2,115,34,river,37429.0,Yimbo East,Siaya,Bondo,Rural,,,,,non_functional,10.0,March,2022.0
60281.0,SIAL00135,SIAL00135224,2022-08-22 16:21:00,5,405,15,shared_taps,21040.0,Usonga,Siaya,Alego Usonga,Urban,,,,,non_functional,16.0,August,2022.0
60282.0,SIBO00136,SIBO00136224,2024-01-24 13:29:00,3,14,42,shared_taps,34901.0,West Sakwa,Siaya,Bondo,Rural,,,,,non_functional,13.0,January,2024.0
60283.0,SIUG00137,SIUG00137224,2024-12-03 12:17:00,2,44,29,well,37880.0,West Ugenya,Siaya,Ugenya,Urban,,Contaminated:Biological,,,non_functional,12.0,December,2024.0
60284.0,SIAL00138,SIAL00138224,2022-02-27 05:17:00,4,470,0,tap_in_home_broken,43418.0,West Alego,Siaya,Alego Usonga,Urban,,,,,non_functional,5.0,February,2022.0
60285.0,SIAL00139,SIAL00139224,2024-04-05 17:29:00,1,412,38,tap_in_home,41293.0,Central Alego,Siaya,Alego Usonga,Urban,,,,,non_functional,17.0,April,2024.0
60286.0,SIBO00140,SIBO00140224,2022-09-22 16:46:00,1,406,26,tap_in_home_broken,36088.0,South Sakwa,Siaya,Bondo,Urban,,,,,non_functional,16.0,September,2022.0
60287.0,SIAL00141,SIAL00141224,2023-11-25 13:58:00,3,483,5,shared_taps,83461.0,South East Alego,Siaya,Alego Usonga,Urban,,,,,non_functional,13.0,November,2023.0
60288.0,SIUG00142,SIUG00142224,2023-01-25 17:57:00,5,84,35,tap_in_home_broken,38544.0,North Ugenya,Siaya,Ugenya,Urban,,,,,non_functional,17.0,January,2023.0
60289.0,SIUG00143,SIUG00143224,2023-01-12 08:24:00,1,273,8,tap_in_home_broken,27845.0,Ukwala,Siaya,Ugenya,Urban,,,,,non_functional,8.0,January,2023.0
60290.0,SIAL00144,SIAL00144224,2024-07-01 13:48:00,2,468,28,well,37886.0,Siaya Township,Siaya,Alego Usonga,Rural,,Contaminated: Chemical,,,non_functional,13.0,July,2024.0
60291.0,SIBO00145,SIBO00145224,2025-12-15 17:48:00,4,211,4,shared_taps,46873.0,North Sakwa,Siaya,Bondo,Urban,,,,,non_functional,17.0,December,2025.0
60292.0,SIRA00146,SIRA00146224,2022-01-04 12:44:00,5,348,12,shared_taps,35872.0,West Uyoma,Siaya,Rarieda,Urban,,,,,non_functional,12.0,January,2022.0
60293.0,SIUG00147,SIUG00147224,2022-08-23 14:16:00,5,4,4,river,41029.0,East Ugenya,Siaya,Ugenya,Urban,,,,,non_functional,14.0,August,2022.0
60294.0,SIRA00148,SIRA00148224,2025-12-09 10:29:00,4,76,19,river,25053.0,South Uyoma,Siaya,Rarieda,Rural,,,,,non_functional,10.0,December,2025.0
60295.0,SIAL00149,SIAL00149224,2023-02-16 05:03:00,5,192,12,tap_in_home,30518.0,North Alego,Siaya,Alego Usonga,Urban,,,,,non_functional,5.0,February,2023.0
60296.0,SIRA00150,SIRA00150224,2023-12-23 05:02:00,5,68,31,tap_in_home,28249.0,North Uyoma,Siaya,Rarieda,Urban,,,,,non_functional,5.0,December,2023.0
60297.0,SIRA00151,SIRA00151224,2023-10-27 11:22:00,3,373,13,shared_taps,43350.0,West Asembo,Siaya,Rarieda,Urban,,,,,non_functional,11.0,October,2023.0
60298.0,SIGE00152,SIGE00152224,2025-06-08 09:04:00,3,304,17,river,44087.0,North Gem,Siaya,Gem,Rural,,,,,non_functional,9.0,June,2025.0
60299.0,KWMS00153,KWMS00153224,2022-05-06 15:43:00,3,91,11,tap_in_home_broken,28182.0,Gombato Bongwe,Kwale,Msambweni,Urban,,,,,non_functional,15.0,May,2022.0
60300.0,SIGE00154,SIGE00154224,2022-03-14 17:34:00,3,325,31,tap_in_home,37262.0,South Gem,Siaya,Gem,Urban,,,,,non_functional,17.0,March,2022.0
60301.0,SIRA00155,SIRA00155224,2022-02-12 12:05:00,2,261,48,shared_taps,42782.0,East Asembo,Siaya,Rarieda,Urban,,,,,non_functional,12.0,February,2022.0
60302.0,SIGE00156,SIGE00156224,2022-11-20 17:24:00,1,30,20,tap_in_home,30661.0,West Gem,Siaya,Gem,Rural,,,,,non_functional,17.0,November,2022.0
60303.0,SIGE00157,SIGE00157224,2025-04-17 15:21:00,3,56,28,well,30676.0,Central Gem,Siaya,Gem,Rural,,Contaminated: Chemical,,,non_functional,15.0,April,2025.0
60304.0,KISE00158,KISE00158224,2024-08-11 15:37:00,1,346,28,shared_taps,41653.0,West Seme,Kisumu,Seme,Rural,,,,,non_functional,15.0,August,2024.0
60305.0,KISE00159,KISE00159224,2024-11-18 12:05:00,2,425,0,shared_taps,35745.0,North Seme,Kisumu,Seme,Rural,,,,,non_functional,12.0,November,2024.0
60306.0,KISE00160,KISE00160224,2024-08-18 19:30:00,1,193,15,river,29226.0,Central Seme,Kisumu,Seme,Rural,,,,,non_functional,19.0,August,2024.0
60307.0,SIGE00161,SIGE00161224,2025-12-23 13:33:00,1,169,46,tap_in_home_broken,31418.0,East Gem,Siaya,Gem,Urban,,,,,non_functional,13.0,December,2025.0
60308.0,SIGE00162,SIGE00162224,2025-09-24 18:41:00,5,250,23,shared_taps,30789.0,Yala Township,Siaya,Gem,Rural,,,,,non_functional,18.0,September,2025.0
60309.0,KISE00163,KISE00163224,2023-03-24 16:59:00,2,445,6,tap_in_home_broken,34603.0,East Seme,Kisumu,Seme,Urban,,,,,non_functional,16.0,March,2023.0
60310.0,HOKA00164,HOKA00164224,2022-05-08 15:54:00,2,201,28,shared_taps,20178.0,Kibiri,Homa Bay,Karachuonyo,Rural,,,,,non_functional,15.0,May,2022.0
60311.0,SIUG00165,SIUG00165224,2022-11-19 12:48:00,5,58,48,tap_in_home,32851.0,Sidindi,Siaya,Ugunja,Rural,,,,,non_functional,12.0,November,2022.0
60312.0,SIUG00166,SIUG00166224,2024-04-09 07:18:00,2,225,34,shared_taps,38006.0,Sigomere,Siaya,Ugunja,Rural,,,,,non_functional,7.0,April,2024.0
60313.0,SIUG00167,SIUG00167224,2022-10-24 15:07:00,4,383,34,tap_in_home,52095.0,Ugunja,Siaya,Ugunja,Urban,,,,,non_functional,15.0,October,2022.0
60314.0,BUBU00168,BUBU00168224,2025-01-14 08:12:00,4,401,32,shared_taps,19261.0,Khasoko,Bungoma,Bumula,Urban,,,,,non_functional,8.0,January,2025.0
60315.0,BUWE00169,BUWE00169224,2023-12-17 15:59:00,1,264,9,river,41192.0,Mihuu,Bungoma,Webuye East,Rural,,,,,non_functional,15.0,December,2023.0
60316.0,BUKA00170,BUKA00170224,2025-10-04 12:10:00,5,25,15,tap_in_home,47199.0,West Nalondo,Bungoma,Kabuchai,Urban,,,,,non_functional,12.0,October,2025.0
60317.0,BUKA00171,BUKA00171224,2023-07-07 10:47:00,4,371,6,river,50152.0,Marakaru/Tuuti,Bungoma,Kanduyi,Rural,,,,,non_functional,10.0,July,2023.0
60318.0,BUWE00172,BUWE00172224,2023-12-22 17:00:00,5,487,5,tap_in_home_broken,48752.0,Bokoli,Bungoma,Webute West,Urban,,,,,non_functional,17.0,December,2023.0
60319.0,BUKA00173,BUKA00173224,2023-02-07 06:11:00,2,172,5,tap_in_home,47769.0,Bwake/Luuya,Bungoma,Kabuchai,Urban,,,,,non_functional,6.0,February,2023.0
60320.0,BUBU00174,BUBU00174224,2023-06-20 14:31:00,4,51,33,shared_taps,42491.0,Siboti,Bungoma,Bumula,Rural,,,,,non_functional,14.0,June,2023.0
60321.0,BUWE00175,BUWE00175224,2023-08-15 08:35:00,1,234,10,shared_taps,50570.0,Misikhu,Bungoma,Webute West,Urban,,,,,non_functional,8.0,August,2023.0
60322.0,BUWE00176,BUWE00176224,2022-01-09 14:29:00,2,367,46,well,45838.0,Ndivisi,Bungoma,Webuye East,Rural,,Contaminated: Chemical,,,non_functional,14.0,January,2022.0
60323.0,BUKA00177,BUKA00177224,2024-02-09 18:59:00,5,148,28,tap_in_home,51911.0,Kabuchai/Chwele,Bungoma,Kabuchai,Urban,,,,,non_functional,18.0,February,2024.0
60324.0,BUSI00178,BUSI00178224,2025-02-04 17:44:00,2,261,32,shared_taps,45444.0,Malakisi/South Kulisiru,Bungoma,Sirisia,Urban,,,,,non_functional,17.0,February,2025.0
60325.0,BUSI00179,BUSI00179224,2024-10-05 09:38:00,5,491,2,shared_taps,53524.0,Lwandanyi,Bungoma,Sirisia,Urban,,,,,non_functional,9.0,October,2024.0
60326.0,BUTE00180,BUTE00180224,2024-07-19 18:36:00,4,190,38,well,29775.0,Ang'Urai North,Busia,Teso North,Urban,,Clean,,,non_functional,18.0,July,2024.0
60327.0,BUTE00181,BUTE00181224,2022-11-22 18:17:00,1,460,20,shared_taps,20245.0,Ang'Urai East,Busia,Teso North,Urban,,,,,non_functional,18.0,November,2022.0
60328.0,BUSI00182,BUSI00182224,2024-01-26 18:11:00,5,379,9,tap_in_home,37353.0,Namwela,Bungoma,Sirisia,Rural,,,,,non_functional,18.0,January,2024.0
60329.0,BUKA00183,BUKA00183224,2024-08-05 14:22:00,5,295,42,shared_taps,55756.0,Mukuyuni,Bungoma,Kabuchai,Rural,,,,,non_functional,14.0,August,2024.0
60330.0,BUKI00184,BUKI00184224,2022-07-01 19:06:00,4,223,14,tap_in_home_broken,35249.0,Kimilili,Bungoma,Kimilili,Urban,,,,,non_functional,19.0,July,2022.0
60331.0,BUKI00185,BUKI00185224,2024-11-05 16:17:00,2,408,6,tap_in_home,40195.0,Kibingei,Bungoma,Kimilili,Rural,,,,,non_functional,16.0,November,2024.0
60332.0,BUKI00186,BUKI00186224,2025-09-03 10:09:00,5,475,11,shared_taps,31802.0,Maeni,Bungoma,Kimilili,Rural,,,,,non_functional,10.0,September,2025.0
60333.0,BUKI00187,BUKI00187224,2025-03-04 07:42:00,4,36,23,tap_in_home_broken,50330.0,Kamukuywa,Bungoma,Kimilili,Urban,,,,,non_functional,7.0,March,2025.0
60334.0,BUMT00188,BUMT00188224,2023-03-20 19:59:00,4,285,28,shared_taps,35843.0,Chesikaki,Bungoma,Mt. Elgon,Urban,,,,,non_functional,19.0,March,2023.0
60335.0,BUMT00189,BUMT00189224,2025-05-22 06:02:00,5,298,36,well,37774.0,Kapkateny,Bungoma,Mt. Elgon,Rural,,Clean,,,non_functional,6.0,May,2025.0
60336.0,BUMT00190,BUMT00190224,2024-09-27 13:01:00,4,269,38,river,39423.0,Cheptais,Bungoma,Mt. Elgon,Rural,,,,,non_functional,13.0,September,2024.0
60337.0,BUMT00191,BUMT00191224,2025-11-25 19:24:00,5,227,42,river,40084.0,Elgon,Bungoma,Mt. Elgon,Rural,,,,,non_functional,19.0,November,2025.0
60338.0,BUMT00192,BUMT00192224,2022-10-05 15:58:00,4,68,26,tap_in_home,36833.0,Chepyuk,Bungoma,Mt. Elgon,Urban,,,,,non_functional,15.0,October,2022.0
60339.0,BUMT00193,BUMT00193224,2022-11-26 16:21:00,4,385,31,tap_in_home_broken,40997.0,Kaptama,Bungoma,Mt. Elgon,Urban,,,,,non_functional,16.0,November,2022.0
60340.0,BUBU00194,BUBU00194224,2022-05-07 09:26:00,1,326,35,river,29301.0,West Bukusu,Bungoma,Bumula,Rural,,,,,non_functional,9.0,May,2022.0
60341.0,BUBU00195,BUBU00195224,2022-08-03 07:28:00,1,431,5,river,49450.0,Kimaeti,Bungoma,Bumula,Rural,,,,,non_functional,7.0,August,2022.0
60342.0,BUWE00196,BUWE00196224,2024-07-28 10:35:00,5,377,11,well,30909.0,Matulo,Bungoma,Webute West,Rural,,Clean,,,non_functional,10.0,July,2024.0
60343.0,TUTU00197,TUTU00197224,2023-05-19 19:55:00,5,297,13,tap_in_home_broken,20055.0,Kalobeyei,Turkana,Turkana West,Rural,,,,,non_functional,19.0,May,2023.0
60344.0,KWKI00198,KWKI00198224,2025-06-11 07:32:00,3,429,36,tap_in_home,54349.0,Ndavaya,Kwale,Kinango,Urban,,,,,non_functional,7.0,June,2025.0
60345.0,KWKI00199,KWKI00199224,2024-06-09 16:16:00,1,491,29,well,31279.0,Puma,Kwale,Kinango,Rural,,Contaminated: Chemical,,,non_functional,16.0,June,2024.0
60346.0,KWLU00200,KWLU00200224,2025-01-24 17:01:00,1,339,10,well,46193.0,Mwereni,Kwale,Lungalunga,Rural,,Contaminated: Chemical,,,non_functional,17.0,January,2025.0
60347.0,KWLU00201,KWLU00201224,2024-01-06 16:02:00,1,65,14,tap_in_home_broken,52642.0,Vanga,Kwale,Lungalunga,Urban,,,,,non_functional,16.0,January,2024.0
60348.0,KWLU00202,KWLU00202224,2023-01-26 19:40:00,2,432,19,shared_taps,58001.0,Dzombo,Kwale,Lungalunga,Urban,,,,,non_functional,19.0,January,2023.0
60349.0,KWMA00203,KWMA00203224,2024-12-15 10:15:00,4,393,48,tap_in_home,44859.0,Mkongani,Kwale,Matuga,Urban,,,,,non_functional,10.0,December,2024.0
60350.0,KWMA00204,KWMA00204224,2024-01-18 10:11:00,3,246,32,tap_in_home,31096.0,Kubo South,Kwale,Matuga,Rural,,,,,non_functional,10.0,January,2024.0
60351.0,KWLU00205,KWLU00205224,2023-02-28 17:49:00,4,60,21,shared_taps,68463.0,Pongwe/Kikoneni,Kwale,Lungalunga,Rural,,,,,non_functional,17.0,February,2023.0
60352.0,KWKI00206,KWKI00206224,2022-03-22 06:57:00,3,331,27,river,108214.0,Kinango,Kwale,Kinango,Rural,,,,,non_functional,6.0,March,2022.0
60353.0,KWMS00207,KWMS00207224,2022-03-08 16:34:00,3,291,39,tap_in_home_broken,58224.0,Ramisi,Kwale,Msambweni,Rural,,,,,non_functional,16.0,March,2022.0
60354.0,KWMS00208,KWMS00208224,2022-07-10 15:44:00,3,89,19,shared_taps,31507.0,Ukunda,Kwale,Msambweni,Rural,,,,,non_functional,15.0,July,2022.0
60355.0,KWMA00209,KWMA00209224,2023-08-24 09:38:00,4,126,24,tap_in_home_broken,34523.0,Tiwi,Kwale,Matuga,Urban,,,,,non_functional,9.0,August,2023.0
60356.0,KWMA00210,KWMA00210224,2023-08-01 11:25:00,5,344,30,shared_taps,33120.0,Waa,Kwale,Matuga,Rural,,,,,non_functional,11.0,August,2023.0
60357.0,MOLI00211,MOLI00211224,2023-06-16 15:37:00,3,538,23,well,29911.0,Shika Adabu,Mombasa,Likoni,Rural,,Contaminated:Biological,,,non_functional,15.0,June,2023.0
60358.0,KIKI00212,KIKI00212224,2024-01-16 13:51:00,1,164,7,shared_taps,31686.0,Shimo La Tewa,Kilifi,Kilifi South,Rural,,,,,non_functional,13.0,January,2024.0
60359.0,KIKI00213,KIKI00213224,2023-02-21 05:27:00,1,331,32,well,58582.0,Mtepeni,Kilifi,Kilifi South,Urban,,Contaminated:Biological,,,non_functional,5.0,February,2023.0
60360.0,TATA00214,TATA00214224,2022-06-04 07:40:00,5,220,24,well,36729.0,Mboghoni,Taita Taveta,Taveta,Rural,,Clean,,,non_functional,7.0,June,2022.0
60361.0,TATA00215,TATA00215224,2025-12-04 18:56:00,5,1,21,well,13500.0,Mahoo,Taita Taveta,Taveta,Rural,,Clean,,,non_functional,18.0,December,2025.0
60362.0,TATA00216,TATA00216224,2024-12-10 18:55:00,4,467,17,river,8446.0,Bomani,Taita Taveta,Taveta,Rural,,,,,non_functional,18.0,December,2024.0
60363.0,MOKI00217,MOKI00217224,2022-02-03 09:15:00,4,458,45,well,23595.0,Junda,Mombasa,Kisauni,Rural,,Contaminated: Chemical,,,non_functional,9.0,February,2022.0
60364.0,MOKI00218,MOKI00218224,2023-03-04 19:48:00,5,135,35,shared_taps,0.0,Mjambere,Mombasa,Kisauni,Rural,,,,,non_functional,19.0,March,2023.0
60365.0,MOKI00219,MOKI00219224,2025-12-26 05:18:00,4,179,0,shared_taps,45354.0,Bamburi,Mombasa,Kisauni,Rural,,,,,non_functional,5.0,December,2025.0
60366.0,MOKI00220,MOKI00220224,2023-04-22 12:19:00,4,444,1,shared_taps,0.0,Magogoni,Mombasa,Kisauni,Urban,,,,,non_functional,12.0,April,2023.0
60367.0,MOKI00221,MOKI00221224,2024-04-11 15:07:00,1,271,17,river,19912.0,Mtopanga,Mombasa,Kisauni,Urban,,,,,non_functional,15.0,April,2024.0
60368.0,MONY00222,MONY00222224,2022-02-21 14:43:00,1,149,28,well,0.0,Frere Town,Mombasa,Nyali,Rural,,Contaminated: Chemical,,,non_functional,14.0,February,2022.0
60369.0,MONY00223,MONY00223224,2025-12-26 17:06:00,3,311,34,tap_in_home_broken,0.0,Kadzandani,Mombasa,Nyali,Urban,,,,,non_functional,17.0,December,2025.0
60370.0,MOKI00224,MOKI00224224,2024-02-17 12:40:00,2,296,43,well,53736.0,Shanzu,Mombasa,Kisauni,Rural,,Contaminated: Chemical,,,non_functional,12.0,February,2024.0
60371.0,KIKI00225,KIKI00225224,2022-05-23 11:32:00,1,287,46,river,47618.0,Junju,Kilifi,Kilifi South,Rural,,,,,non_functional,11.0,May,2022.0
60372.0,KIKI00226,KIKI00226224,2025-10-10 15:14:00,2,183,37,tap_in_home_broken,43572.0,Kibarani,Kilifi,Kilifi North,Urban,,,,,non_functional,15.0,October,2025.0
60373.0,KIKI00227,KIKI00227224,2022-01-04 12:57:00,3,43,13,tap_in_home,49474.0,Mnarani,Kilifi,Kilifi North,Urban,,,,,non_functional,12.0,January,2022.0
60374.0,KIKI00228,KIKI00228224,2025-05-19 08:11:00,2,385,43,tap_in_home_broken,54107.0,Matsangoni,Kilifi,Kilifi North,Urban,,,,,non_functional,8.0,May,2025.0
60375.0,KIKI00229,KIKI00229224,2023-01-25 09:37:00,4,475,21,shared_taps,4274.0,Sokoni,Kilifi,Kilifi North,Urban,,,,,non_functional,9.0,January,2023.0
60376.0,KIKI00230,KIKI00230224,2023-02-15 17:53:00,1,178,40,tap_in_home_broken,48853.0,Tezo,Kilifi,Kilifi North,Urban,,,,,non_functional,17.0,February,2023.0
60377.0,KIKI00231,KIKI00231224,2023-07-08 12:21:00,5,469,7,shared_taps,68596.0,Dabaso,Kilifi,Kilifi North,Rural,,,,,non_functional,12.0,July,2023.0
60378.0,KIKI00232,KIKI00232224,2025-04-28 06:38:00,1,3,26,shared_taps,24369.0,Watamu,Kilifi,Kilifi North,Urban,,,,,non_functional,6.0,April,2025.0
60379.0,KIMA00233,KIMA00233224,2023-02-28 05:47:00,3,10,38,tap_in_home_broken,43961.0,Malindi Town,Kilifi,Malindi,Urban,,,,,non_functional,5.0,February,2023.0
60380.0,MOKI00234,MOKI00234224,2025-12-12 06:25:00,1,457,23,tap_in_home_broken,16923.0,Mwakirunge,Mombasa,Kisauni,Rural,,,,,non_functional,6.0,December,2025.0
60381.0,MOJO00235,MOJO00235224,2025-05-25 11:25:00,1,248,40,river,2969.0,Mikindani,Mombasa,Jomvu,Rural,,,,,non_functional,11.0,May,2025.0
60382.0,MOCH00236,MOCH00236224,2022-09-09 07:00:00,3,494,43,river,0.0,Chaani,Mombasa,Changamwe,Rural,,,,,non_functional,7.0,September,2022.0
60383.0,MOCH00237,MOCH00237224,2025-08-13 17:48:00,2,30,38,shared_taps,0.0,Kipevu,Mombasa,Changamwe,Urban,,,,,non_functional,17.0,August,2025.0
60384.0,MOLI00238,MOLI00238224,2022-03-25 10:30:00,4,145,46,river,0.0,Likoni,Mombasa,Likoni,Rural,,,,,non_functional,10.0,March,2022.0
60385.0,MOLI00239,MOLI00239224,2023-12-19 15:53:00,1,272,18,tap_in_home_broken,17858.0,Timbwani,Mombasa,Likoni,Urban,,,,,non_functional,15.0,December,2023.0
60386.0,MOMV00240,MOMV00240224,2022-10-21 16:09:00,4,54,28,shared_taps,0.0,Shimanzi/Ganjoni,Mombasa,Mvita,Urban,,,,,non_functional,16.0,October,2022.0
60387.0,MOLI00241,MOLI00241224,2024-04-04 13:16:00,5,501,24,shared_taps,0.0,Bofu,Mombasa,Likoni,Rural,,,,,non_functional,13.0,April,2024.0
60388.0,KIKI00242,KIKI00242224,2023-01-24 11:14:00,1,65,13,tap_in_home_broken,35876.0,Mwarakaya,Kilifi,Kilifi South,Rural,,,,,non_functional,11.0,January,2023.0
60389.0,MOMV00243,MOMV00243224,2024-05-11 13:19:00,5,498,35,well,0.0,Majengo,Mombasa,Mvita,Rural,,Clean,,,non_functional,13.0,May,2024.0
60390.0,MOMV00244,MOMV00244224,2025-05-26 07:19:00,2,50,14,tap_in_home_broken,0.0,Tudor,Mombasa,Mvita,Urban,,,,,non_functional,7.0,May,2025.0
60391.0,KIKI00245,KIKI00245224,2022-04-10 07:42:00,1,523,14,tap_in_home,41998.0,Chasimba,Kilifi,Kilifi South,Urban,,,,,non_functional,7.0,April,2022.0
60392.0,MOMV00246,MOMV00246224,2025-10-14 14:45:00,4,8,47,tap_in_home_broken,0.0,Tononoka,Mombasa,Mvita,Urban,,,,,non_functional,14.0,October,2025.0
60393.0,MOMV00247,MOMV00247224,2025-10-20 12:20:00,3,224,31,tap_in_home,1454.0,Mji Wa Kale/Makadara,Mombasa,Mvita,Rural,,,,,non_functional,12.0,October,2025.0
60394.0,MONY00248,MONY00248224,2022-08-28 19:59:00,2,470,37,shared_taps,0.0,Kongowea,Mombasa,Nyali,Urban,,,,,non_functional,19.0,August,2022.0
60395.0,MONY00249,MONY00249224,2025-07-05 14:52:00,1,262,45,well,1362.0,Mkomani,Mombasa,Nyali,Rural,,Contaminated: Chemical,,,non_functional,14.0,July,2025.0
60396.0,MONY00250,MONY00250224,2023-09-24 05:55:00,3,118,41,shared_taps,0.0,Ziwa La Ng'Ombe,Mombasa,Nyali,Urban,,,,,non_functional,5.0,September,2023.0
60397.0,KIRA00251,KIRA00251224,2023-12-10 16:02:00,1,421,45,shared_taps,23681.0,Kambe/Ribe,Kilifi,Rabai,Urban,,,,,non_functional,16.0,December,2023.0
60398.0,TATA00252,TATA00252224,2023-08-08 12:27:00,1,146,41,tap_in_home,13746.0,Mata,Taita Taveta,Taveta,Rural,,,,,non_functional,12.0,August,2023.0
60399.0,TAMW00253,TAMW00253224,2023-08-15 11:58:00,5,351,16,river,21787.0,Chawia,Taita Taveta,Mwatate,Rural,,,,,non_functional,11.0,August,2023.0
60400.0,TAMW00254,TAMW00254224,2022-09-12 14:51:00,5,210,18,shared_taps,22197.0,Bura,Taita Taveta,Mwatate,Rural,,,,,non_functional,14.0,September,2022.0
60401.0,TAWU00255,TAWU00255224,2025-07-17 17:32:00,5,437,48,river,15775.0,Mwanda/Mgange,Taita Taveta,Wundanyi,Rural,,,,,non_functional,17.0,July,2025.0
60402.0,TAWU00256,TAWU00256224,2024-08-11 10:41:00,2,96,2,tap_in_home_broken,10453.0,Werugha,Taita Taveta,Wundanyi,Urban,,,,,non_functional,10.0,August,2024.0
60403.0,TAWU00257,TAWU00257224,2023-08-04 10:07:00,3,155,6,shared_taps,23005.0,Wundanyi/Mbale,Taita Taveta,Wundanyi,Urban,,,,,non_functional,10.0,August,2023.0
60404.0,TAMW00258,TAMW00258224,2022-03-24 14:24:00,2,523,6,tap_in_home_broken,16658.0,Wusi/Kishamba,Taita Taveta,Mwatate,Urban,,,,,non_functional,14.0,March,2022.0
60405.0,TAMW00259,TAMW00259224,2024-03-04 06:15:00,4,195,23,shared_taps,14555.0,Mwatate,Taita Taveta,Mwatate,Urban,,,,,non_functional,6.0,March,2024.0
60406.0,TAMW00260,TAMW00260224,2024-11-05 07:20:00,5,70,13,well,15345.0,Rong'E,Taita Taveta,Mwatate,Rural,,Clean,,,non_functional,7.0,November,2024.0
60407.0,TAVO00261,TAVO00261224,2024-12-21 13:53:00,4,478,13,well,19033.0,Sagalla,Taita Taveta,Voi,Urban,,Contaminated: Chemical,,,non_functional,13.0,December,2024.0
60408.0,TAVO00262,TAVO00262224,2025-10-22 07:50:00,3,509,27,river,17411.0,Kasigau,Taita Taveta,Voi,Rural,,,,,non_functional,7.0,October,2025.0
60409.0,TAVO00263,TAVO00263224,2025-11-04 05:53:00,3,211,26,well,30877.0,Kaloleni,Taita Taveta,Voi,Rural,,Contaminated:Biological,,,non_functional,5.0,November,2025.0
60410.0,TAVO00264,TAVO00264224,2022-08-09 17:54:00,2,220,21,tap_in_home,12589.0,Marungu,Taita Taveta,Voi,Urban,,,,,non_functional,17.0,August,2022.0
60411.0,KWKI00265,KWKI00265224,2024-10-04 16:51:00,3,83,3,river,52469.0,Mackinnon Road,Kwale,Kinango,Rural,,,,,non_functional,16.0,October,2024.0
60412.0,KIGA00266,KIGA00266224,2025-12-21 10:24:00,2,16,44,tap_in_home,49603.0,Bamba,Kilifi,Ganze,Rural,,,,,non_functional,10.0,December,2025.0
60413.0,KWKI00267,KWKI00267224,2023-07-19 12:26:00,5,136,34,well,51579.0,Chengoni/Samburu,Kwale,Kinango,Rural,,Contaminated:Biological,,,non_functional,12.0,July,2023.0
60414.0,KWKI00268,KWKI00268224,2022-01-20 13:51:00,1,444,11,tap_in_home,53714.0,Mwavumbo,Kwale,Kinango,Urban,,,,,non_functional,13.0,January,2022.0
60415.0,KIKA00269,KIKA00269224,2023-10-13 12:13:00,3,31,19,river,50939.0,Kayafungo,Kilifi,Kaloleni,Rural,,,,,non_functional,12.0,October,2023.0
60416.0,KIKA00270,KIKA00270224,2022-12-21 06:23:00,2,200,27,tap_in_home_broken,61131.0,Mariakani,Kilifi,Kaloleni,Rural,,,,,non_functional,6.0,December,2022.0
60417.0,KIGA00271,KIGA00271224,2022-02-16 05:12:00,1,109,22,shared_taps,39311.0,Ganze,Kilifi,Ganze,Rural,,,,,non_functional,5.0,February,2022.0
60418.0,KIGA00272,KIGA00272224,2024-03-17 07:28:00,5,512,29,tap_in_home_broken,56942.0,Sokoke,Kilifi,Ganze,Rural,,,,,non_functional,7.0,March,2024.0
60419.0,KIKA00273,KIKA00273224,2022-03-08 07:03:00,2,154,24,shared_taps,29492.0,Mwanamwinga,Kilifi,Kaloleni,Rural,,,,,non_functional,7.0,March,2022.0
60420.0,KIRA00274,KIRA00274224,2022-02-24 12:52:00,1,452,34,shared_taps,30953.0,Ruruma,Kilifi,Rabai,Rural,,,,,non_functional,12.0,February,2022.0
60421.0,MOJO00275,MOJO00275224,2022-02-03 12:56:00,3,70,46,river,4250.0,Miritini,Mombasa,Jomvu,Rural,,,,,non_functional,12.0,February,2022.0
60422.0,KIGA00276,KIGA00276224,2024-09-12 12:01:00,3,189,42,well,29349.0,Jaribuni,Kilifi,Ganze,Rural,,Contaminated:Biological,,,non_functional,12.0,September,2024.0
60423.0,MOJO00277,MOJO00277224,2025-04-21 08:17:00,2,278,28,shared_taps,8601.0,Jomvu Kuu,Mombasa,Jomvu,Rural,,,,,non_functional,8.0,April,2025.0
60424.0,KIKA00278,KIKA00278224,2022-09-25 17:32:00,2,498,48,tap_in_home_broken,75036.0,Kaloleni,Kilifi,Kaloleni,Urban,,,,,non_functional,17.0,September,2022.0
60425.0,MOCH00279,MOCH00279224,2024-11-14 19:17:00,1,14,17,well,7377.0,Airport,Mombasa,Changamwe,Rural,,Contaminated: Chemical,,,non_functional,19.0,November,2024.0
60426.0,KIRA00280,KIRA00280224,2023-11-11 05:20:00,3,103,15,shared_taps,21706.0,Mwawesa,Kilifi,Rabai,Urban,,,,,non_functional,5.0,November,2023.0
60427.0,MOCH00281,MOCH00281224,2023-06-07 06:46:00,4,214,25,shared_taps,0.0,Changamwe,Mombasa,Changamwe,Rural,,,,,non_functional,6.0,June,2023.0
60428.0,MOCH00282,MOCH00282224,2025-08-01 19:14:00,1,26,27,well,109.0,Port Reitz,Mombasa,Changamwe,Rural,,Contaminated: Chemical,,,non_functional,19.0,August,2025.0
60429.0,KIRA00283,KIRA00283224,2025-02-23 13:58:00,1,330,24,river,57556.0,Rabai/Kisurutini,Kilifi,Rabai,Urban,,,,,non_functional,13.0,February,2025.0
60430.0,MOLI00284,MOLI00284224,2024-01-28 14:01:00,3,457,11,shared_taps,11409.0,Mtongwe,Mombasa,Likoni,Urban,,,,,non_functional,14.0,January,2024.0
60431.0,KIKI00285,KIKI00285224,2025-12-11 16:59:00,1,335,3,shared_taps,40598.0,Athi,Kitui,Kitui South,Rural,,,,,non_functional,16.0,December,2025.0
60432.0,MAKI00286,MAKI00286224,2024-09-25 05:51:00,1,228,30,well,43241.0,Mtito Andei,Makueni,Kibwezi East,Rural,,Clean,,,non_functional,5.0,September,2024.0
60433.0,MAKI00287,MAKI00287224,2023-06-14 09:25:00,3,178,1,tap_in_home,39537.0,Ivingoni/Nzambani,Makueni,Kibwezi East,Urban,,,,,non_functional,9.0,June,2023.0
60434.0,MAKI00288,MAKI00288224,2022-04-18 10:07:00,2,152,18,river,41324.0,Thange,Makueni,Kibwezi East,Rural,,,,,non_functional,10.0,April,2022.0
60435.0,MAKI00289,MAKI00289224,2025-08-09 12:39:00,3,71,14,shared_taps,37716.0,Masongaleni,Makueni,Kibwezi East,Rural,,,,,non_functional,12.0,August,2025.0
60436.0,MAKI00290,MAKI00290224,2023-06-12 11:20:00,1,54,0,well,40751.0,Nguumo,Makueni,Kibwezi West,Rural,,Contaminated: Chemical,,,non_functional,11.0,June,2023.0
60437.0,KIKI00291,KIKI00291224,2024-05-09 15:58:00,3,124,37,well,33969.0,Ikutha,Kitui,Kitui South,Rural,,Contaminated:Biological,,,non_functional,15.0,May,2024.0
60438.0,MAKI00292,MAKI00292224,2025-11-05 07:50:00,1,179,17,well,54704.0,Makindu,Makueni,Kibwezi West,Urban,,Clean,,,non_functional,7.0,November,2025.0
60439.0,MAKI00293,MAKI00293224,2025-08-21 06:49:00,2,235,11,tap_in_home,32413.0,Kikumbulyu South,Makueni,Kibwezi West,Urban,,,,,non_functional,6.0,August,2025.0
60440.0,KIKI00294,KIKI00294224,2023-05-04 16:35:00,1,213,26,shared_taps,31362.0,Mutha,Kitui,Kitui South,Urban,,,,,non_functional,16.0,May,2023.0
60441.0,MAKI00295,MAKI00295224,2022-10-11 06:34:00,2,226,28,tap_in_home_broken,25709.0,Kikumbulyu North,Makueni,Kibwezi West,Rural,,,,,non_functional,6.0,October,2022.0
60442.0,KIKI00296,KIKI00296224,2025-12-19 05:16:00,3,172,28,shared_taps,21332.0,Kanziko,Kitui,Kitui South,Rural,,,,,non_functional,5.0,December,2025.0
60443.0,MAMA00297,MAMA00297224,2024-04-06 19:15:00,2,516,2,tap_in_home,25102.0,Kitise/Kithuki,Makueni,Makueni,Urban,,,,,non_functional,19.0,April,2024.0
60444.0,MAMA00298,MAMA00298224,2023-11-28 18:37:00,2,523,23,shared_taps,36562.0,Kathonzweni,Makueni,Makueni,Rural,,,,,non_functional,18.0,November,2023.0
60445.0,KIKI00299,KIKI00299224,2024-08-22 15:32:00,4,96,33,river,28468.0,Mutomo,Kitui,Kitui South,Rural,,,,,non_functional,15.0,August,2024.0
60446.0,KIKI00300,KIKI00300224,2023-07-02 18:40:00,3,261,23,tap_in_home_broken,29741.0,Kanyangi,Kitui,Kitui Rural,Urban,,,,,non_functional,18.0,July,2023.0
60447.0,KIKI00301,KIKI00301224,2025-04-08 08:52:00,5,485,38,shared_taps,54733.0,Ikanga/Kyatune,Kitui,Kitui South,Urban,,,,,non_functional,8.0,April,2025.0
60448.0,KIKI00302,KIKI00302224,2022-12-11 10:02:00,2,418,15,river,29370.0,Voo/Kyamatu,Kitui,Kitui East,Rural,,,,,non_functional,10.0,December,2022.0
60449.0,KIKI00303,KIKI00303224,2024-10-01 13:22:00,5,533,26,shared_taps,30541.0,Kisasi,Kitui,Kitui Rural,Urban,,,,,non_functional,13.0,October,2024.0
60450.0,KIKI00304,KIKI00304224,2023-03-12 11:08:00,2,121,1,tap_in_home,38074.0,Mulango,Kitui,Kitui Rural,Urban,,,,,non_functional,11.0,March,2023.0
60451.0,KIKI00305,KIKI00305224,2025-01-21 12:15:00,1,455,2,shared_taps,26182.0,Mbitini,Kitui,Kitui Rural,Urban,,,,,non_functional,12.0,January,2025.0
60452.0,KIKI00306,KIKI00306224,2025-06-26 08:22:00,1,111,30,tap_in_home,20089.0,Chuluni,Kitui,Kitui East,Urban,,,,,non_functional,8.0,June,2025.0
60453.0,KIKI00307,KIKI00307224,2025-03-14 08:58:00,5,147,27,shared_taps,35216.0,Kyangwithya West,Kitui,Kitui Central,Urban,,,,,non_functional,8.0,March,2025.0
60454.0,KIKI00308,KIKI00308224,2022-02-24 17:08:00,1,395,15,shared_taps,26734.0,Zombe/Mwitika,Kitui,Kitui East,Urban,,,,,non_functional,17.0,February,2022.0
60455.0,KIKI00309,KIKI00309224,2022-06-22 17:39:00,2,380,46,shared_taps,28172.0,Nzambani,Kitui,Kitui East,Urban,,,,,non_functional,17.0,June,2022.0
60456.0,MAYA00310,MAYA00310224,2024-07-14 06:46:00,4,214,26,shared_taps,28858.0,Katangi,Machakos,Yatta,Urban,,,,,non_functional,6.0,July,2024.0
60457.0,KIKI00311,KIKI00311224,2023-07-07 12:56:00,3,287,18,river,15893.0,Endau/Malalani,Kitui,Kitui East,Rural,,,,,non_functional,12.0,July,2023.0
60458.0,KIKI00312,KIKI00312224,2024-04-05 19:44:00,1,160,10,well,24041.0,Mutito/Kaliku,Kitui,Kitui East,Rural,,Contaminated: Chemical,,,non_functional,19.0,April,2024.0
60459.0,KIKI00313,KIKI00313224,2025-06-17 07:57:00,4,240,39,well,27126.0,Township,Kitui,Kitui Central,Rural,,Contaminated:Biological,,,non_functional,7.0,June,2025.0
60460.0,KIKI00314,KIKI00314224,2022-10-01 08:31:00,3,87,15,shared_taps,40607.0,Kyangwithya East,Kitui,Kitui Central,Urban,,,,,non_functional,8.0,October,2022.0
60461.0,KIKI00315,KIKI00315224,2024-08-03 05:20:00,2,7,6,river,28677.0,Miambani,Kitui,Kitui Central,Rural,,,,,non_functional,5.0,August,2024.0
60462.0,KIKI00316,KIKI00316224,2023-11-09 17:22:00,2,220,20,tap_in_home,22046.0,Kwa Mutonga/Kithumula,Kitui,Kitui West,Urban,,,,,non_functional,17.0,November,2023.0
60463.0,KIKI00317,KIKI00317224,2024-10-21 16:39:00,2,55,27,tap_in_home,28900.0,Matinyani,Kitui,Kitui West,Rural,,,,,non_functional,16.0,October,2024.0
60464.0,KIKI00318,KIKI00318224,2023-08-02 18:57:00,2,211,29,river,30541.0,Kauwi,Kitui,Kitui West,Rural,,,,,non_functional,18.0,August,2023.0
60465.0,KIKI00319,KIKI00319224,2022-02-09 17:35:00,1,99,5,shared_taps,44423.0,Mutonguni,Kitui,Kitui West,Rural,,,,,non_functional,17.0,February,2022.0
60466.0,GAIJ00320,GAIJ00320224,2022-12-27 18:50:00,1,386,47,river,54152.0,Ijara,Garissa,Ijara,Rural,,,,,non_functional,18.0,December,2022.0
60467.0,MAMA00321,MAMA00321224,2022-02-23 06:45:00,4,248,1,tap_in_home_broken,26694.0,Mavindini,Makueni,Makueni,Rural,,,,,non_functional,6.0,February,2022.0
60468.0,MAMB00322,MAMB00322224,2025-06-20 12:42:00,2,327,35,river,33759.0,Kalawa,Makueni,Mbooni,Rural,,,,,non_functional,12.0,June,2025.0
60469.0,MAMW00323,MAMW00323224,2023-04-20 17:27:00,5,247,26,well,22973.0,Kibauni,Machakos,Mwala,Rural,,Clean,,,non_functional,17.0,April,2023.0
60470.0,TATA00324,TATA00324224,2022-05-05 09:51:00,2,458,12,shared_taps,28000.0,Chala,Taita Taveta,Taveta,Urban,,,,,non_functional,9.0,May,2022.0
60471.0,TAVO00325,TAVO00325224,2025-08-26 17:24:00,1,41,12,tap_in_home,37142.0,Mbololo,Taita Taveta,Voi,Urban,,,,,non_functional,17.0,August,2025.0
60472.0,TAVO00326,TAVO00326224,2024-04-11 16:07:00,5,373,29,tap_in_home_broken,13778.0,Ngolia,Taita Taveta,Voi,Urban,,,,,non_functional,16.0,April,2024.0
60473.0,TAWU00327,TAWU00327224,2024-05-18 11:14:00,3,165,0,shared_taps,18256.0,Wumingu/Kishushe,Taita Taveta,Wundanyi,Urban,,,,,non_functional,11.0,May,2024.0
60474.0,KIMA00328,KIMA00328224,2022-01-28 10:06:00,4,166,14,tap_in_home,59050.0,Adu,Kilifi,Magarini,Urban,,,,,non_functional,10.0,January,2022.0
60475.0,KIMA00329,KIMA00329224,2023-10-16 08:22:00,5,404,35,well,65126.0,Marafa,Kilifi,Magarini,Urban,,Clean,,,non_functional,8.0,October,2023.0
60476.0,GAGA00330,GAGA00330224,2024-02-26 19:21:00,4,234,7,tap_in_home,23162.0,Iftin,Garissa,Garissa Township,Urban,,,,,non_functional,19.0,February,2024.0
60477.0,KIMA00331,KIMA00331224,2022-05-05 10:17:00,4,294,3,shared_taps,27251.0,Jilore,Kilifi,Malindi,Urban,,,,,non_functional,10.0,May,2022.0
60478.0,KIMA00332,KIMA00332224,2023-11-08 07:06:00,5,168,12,well,40035.0,Garashi,Kilifi,Magarini,Rural,,Contaminated:Biological,,,non_functional,7.0,November,2023.0
60479.0,GAFA00333,GAFA00333224,2025-11-12 15:20:00,4,339,6,shared_taps,11870.0,Nanighi,Garissa,Fafi,Rural,,,,,non_functional,15.0,November,2025.0
60480.0,GAFA00334,GAFA00334224,2022-02-13 18:43:00,3,164,42,river,4713.0,Fafi,Garissa,Fafi,Rural,,,,,non_functional,18.0,February,2022.0
60481.0,KIMA00335,KIMA00335224,2025-07-18 09:08:00,2,89,27,well,22806.0,Kakuyuni,Kilifi,Malindi,Rural,,Clean,,,non_functional,9.0,July,2025.0
60482.0,GAFA00336,GAFA00336224,2024-12-28 13:51:00,5,503,10,tap_in_home,71784.0,Bura,Garissa,Fafi,Urban,,,,,non_functional,13.0,December,2024.0
60483.0,KIMA00337,KIMA00337224,2025-06-01 07:19:00,2,435,42,river,45999.0,Gongoni,Kilifi,Magarini,Rural,,,,,non_functional,7.0,June,2025.0
60484.0,KIMA00338,KIMA00338224,2022-12-20 11:49:00,1,343,25,tap_in_home,72824.0,Ganda,Kilifi,Malindi,Urban,,,,,non_functional,11.0,December,2022.0
60485.0,KIMA00339,KIMA00339224,2023-02-18 18:16:00,1,159,2,river,12500.0,Magarini,Kilifi,Magarini,Rural,,,,,non_functional,18.0,February,2023.0
60486.0,KIMA00340,KIMA00340224,2023-03-03 15:43:00,1,7,6,tap_in_home,23299.0,Sabaki,Kilifi,Malindi,Urban,,,,,non_functional,15.0,March,2023.0
60487.0,KIMA00341,KIMA00341224,2023-01-06 14:58:00,2,208,28,well,17542.0,Shella,Kilifi,Malindi,Rural,,Contaminated: Chemical,,,non_functional,14.0,January,2023.0
60488.0,GAIJ00342,GAIJ00342224,2024-09-20 15:37:00,1,141,2,shared_taps,139826.0,Masalani,Garissa,Ijara,Urban,,,,,non_functional,15.0,September,2024.0
60489.0,GAFA00343,GAFA00343224,2024-12-13 15:02:00,4,481,22,tap_in_home,74405.0,Jarajila,Garissa,Fafi,Urban,,,,,non_functional,15.0,December,2024.0
60490.0,GAIJ00344,GAIJ00344224,2025-07-16 18:17:00,1,164,35,river,16748.0,Sangailu,Garissa,Ijara,Rural,,,,,non_functional,18.0,July,2025.0
60491.0,GAFA00345,GAFA00345224,2024-06-13 15:03:00,2,31,3,river,21418.0,Dekaharia,Garissa,Fafi,Rural,,,,,non_functional,15.0,June,2024.0
60492.0,GAIJ00346,GAIJ00346224,2022-04-25 07:42:00,3,73,48,tap_in_home,54385.0,Hulugho,Garissa,Ijara,Urban,,,,,non_functional,7.0,April,2022.0
60493.0,LALA00347,LALA00347224,2022-09-23 13:12:00,3,273,24,river,2451.0,Basuba,Lamu,Lamu East,Rural,,,,,non_functional,13.0,September,2022.0
60494.0,LALA00348,LALA00348224,2025-04-13 18:46:00,2,201,20,well,3023.0,Faza,Lamu,Lamu East,Urban,,Contaminated: Chemical,,,non_functional,18.0,April,2025.0
60495.0,LALA00349,LALA00349224,2022-12-17 15:55:00,1,422,18,well,4353.0,Kiunga,Lamu,Lamu East,Urban,,Contaminated: Chemical,,,non_functional,15.0,December,2022.0
60496.0,LALA00350,LALA00350224,2025-02-24 16:54:00,2,469,34,tap_in_home,26568.0,Bahari,Lamu,Lamu West,Urban,,,,,non_functional,16.0,February,2025.0
60497.0,LALA00351,LALA00351224,2025-04-10 06:02:00,4,80,16,shared_taps,18401.0,Hindi,Lamu,Lamu West,Urban,,,,,non_functional,6.0,April,2025.0
60498.0,LALA00352,LALA00352224,2024-11-19 11:46:00,4,264,11,tap_in_home_broken,17971.0,Hongwe,Lamu,Lamu West,Urban,,,,,non_functional,11.0,November,2024.0
60499.0,LALA00353,LALA00353224,2023-08-05 15:41:00,5,149,17,tap_in_home,34156.0,Mkomani,Lamu,Lamu West,Urban,,,,,non_functional,15.0,August,2023.0
60500.0,LALA00354,LALA00354224,2024-12-10 18:53:00,2,449,12,river,18726.0,Mkunumbi,Lamu,Lamu West,Rural,,,,,non_functional,18.0,December,2024.0
60501.0,LALA00355,LALA00355224,2023-05-08 15:34:00,4,458,37,well,17801.0,Shella,Lamu,Lamu West,Rural,,Contaminated: Chemical,,,non_functional,15.0,May,2023.0
60502.0,LALA00356,LALA00356224,2024-05-15 18:13:00,3,524,28,shared_taps,21611.0,Witu,Lamu,Lamu West,Urban,,,,,non_functional,18.0,May,2024.0
60503.0,GAGA00357,GAGA00357224,2025-12-27 17:48:00,1,64,29,river,8879.0,Waberi,Garissa,Garissa Township,Rural,,,,,non_functional,17.0,December,2025.0
60504.0,GAGA00358,GAGA00358224,2024-09-15 17:37:00,3,487,37,tap_in_home_broken,16614.0,Galbet,Garissa,Garissa Township,Urban,,,,,non_functional,17.0,September,2024.0
60505.0,GAGA00359,GAGA00359224,2025-09-18 09:48:00,4,194,7,shared_taps,0.0,Township,Garissa,Garissa Township,Rural,,,,,non_functional,9.0,September,2025.0
60506.0,TABU00360,TABU00360224,2022-05-06 14:55:00,1,384,0,tap_in_home_broken,24915.0,Chewele,Tana River,Bura,Rural,,,,,non_functional,14.0,May,2022.0
60507.0,TAGA00361,TAGA00361224,2024-06-13 18:10:00,1,24,35,well,41961.0,Chewani,Tana River,Galole,Rural,,Contaminated:Biological,,,non_functional,18.0,June,2024.0
60508.0,TAGA00362,TAGA00362224,2023-11-15 07:23:00,4,205,15,river,25148.0,Kinakomba,Tana River,Galole,Rural,,,,,non_functional,7.0,November,2023.0
60509.0,TAGA00363,TAGA00363224,2024-06-06 12:07:00,5,447,19,tap_in_home,14560.0,Mikinduni,Tana River,Galole,Urban,,,,,non_functional,12.0,June,2024.0
60510.0,TAGA00364,TAGA00364224,2025-01-21 11:53:00,5,235,7,shared_taps,31573.0,Wayu,Tana River,Galole,Urban,,,,,non_functional,11.0,January,2025.0
60511.0,TAGA00365,TAGA00365224,2023-03-17 10:12:00,1,215,28,shared_taps,17905.0,Garsen Central,Tana River,Garsen,Rural,,,,,non_functional,10.0,March,2023.0
60512.0,MAMW00366,MAMW00366224,2024-04-13 11:48:00,3,491,22,tap_in_home_broken,28455.0,Muthetheni,Machakos,Mwala,Urban,,,,,non_functional,11.0,April,2024.0
60513.0,TAGA00367,TAGA00367224,2025-05-17 10:49:00,4,7,0,well,23577.0,Garsen North,Tana River,Garsen,Rural,,Contaminated: Chemical,,,non_functional,10.0,May,2025.0
60514.0,TAGA00368,TAGA00368224,2024-10-05 13:50:00,1,248,3,well,20336.0,Garsen South,Tana River,Garsen,Rural,,Contaminated:Biological,,,non_functional,13.0,October,2024.0
60515.0,TAGA00369,TAGA00369224,2022-03-10 05:15:00,3,29,25,shared_taps,13717.0,Garsen West,Tana River,Garsen,Urban,,,,,non_functional,5.0,March,2022.0
60516.0,TAGA00370,TAGA00370224,2024-01-12 12:20:00,2,521,14,tap_in_home_broken,23979.0,Kipini East,Tana River,Garsen,Urban,,,,,non_functional,12.0,January,2024.0
60517.0,TAGA00371,TAGA00371224,2025-04-01 07:56:00,3,497,8,tap_in_home,23347.0,Kipini West,Tana River,Garsen,Urban,,,,,non_functional,7.0,April,2025.0
60518.0,KAKA00372,KAKA00372224,2025-03-26 06:52:00,3,81,18,tap_in_home,107067.0,Kaputiei North,Kajiado,Kajiado East,Urban,,,,,non_functional,6.0,March,2025.0
60519.0,MAUN00373,MAUN00373224,2023-09-11 12:05:00,3,254,29,shared_taps,1367.0,unknown 7,Machakos,unknown 7,Rural,,,,,non_functional,12.0,September,2023.0
60520.0,KAKA00374,KAKA00374224,2025-11-11 08:29:00,4,101,13,tap_in_home,77231.0,Keekonyokie,Kajiado,Kajiado West,Urban,,,,,non_functional,8.0,November,2025.0
60521.0,MAKA00375,MAKA00375224,2023-04-26 13:52:00,5,331,20,tap_in_home,28323.0,Kee,Makueni,Kaiti,Urban,,,,,non_functional,13.0,April,2023.0
60522.0,MAMB00376,MAMB00376224,2024-01-01 15:11:00,4,302,21,tap_in_home_broken,35880.0,Kithungo/Kitundu,Makueni,Mbooni,Urban,,,,,non_functional,15.0,January,2024.0
60523.0,MAMB00377,MAMB00377224,2025-07-05 08:32:00,2,463,41,shared_taps,47752.0,Kiteta/Kisau,Makueni,Mbooni,Urban,,,,,non_functional,8.0,July,2025.0
60524.0,MAMA00378,MAMA00378224,2022-05-20 19:37:00,1,112,24,well,23798.0,Kola,Machakos,Machakos Town,Rural,,Clean,,,non_functional,19.0,May,2022.0
60525.0,MAMA00379,MAMA00379224,2022-09-19 05:12:00,5,103,28,shared_taps,38515.0,Kalama,Machakos,Machakos Town,Urban,,,,,non_functional,5.0,September,2022.0
60526.0,KIKI00380,KIKI00380224,2022-07-15 16:08:00,3,228,2,shared_taps,43011.0,Kwavonza/Yatta,Kitui,Kitui Rural,Urban,,,,,non_functional,16.0,July,2022.0
60527.0,KAKA00381,KAKA00381224,2025-11-16 05:24:00,3,370,0,shared_taps,4075.0,Mosiro,Kajiado,Kajiado West,Rural,,,,,non_functional,5.0,November,2025.0
60528.0,MAMA00382,MAMA00382224,2024-01-05 08:02:00,4,97,32,shared_taps,50540.0,Kinanie,Machakos,Mavoko,Urban,,,,,non_functional,8.0,January,2024.0
60529.0,MAMA00383,MAMA00383224,2022-04-18 08:14:00,3,247,38,shared_taps,34341.0,Mua,Machakos,Machakos Town,Urban,,,,,non_functional,8.0,April,2022.0
60530.0,KAKA00384,KAKA00384224,2022-11-06 18:49:00,1,385,1,river,74930.0,Oloosirkon/Sholinke,Kajiado,Kajiado East,Rural,,,,,non_functional,18.0,November,2022.0
60531.0,MAMA00385,MAMA00385224,2025-01-23 18:11:00,4,83,23,tap_in_home,21706.0,Muvuti/Kiima-Kimwe,Machakos,Machakos Town,Urban,,,,,non_functional,18.0,January,2025.0
60532.0,MAKA00386,MAKA00386224,2022-10-09 06:10:00,1,48,9,shared_taps,24899.0,Lower Kaewa/Kaani,Machakos,Kathiani,Urban,,,,,non_functional,6.0,October,2022.0
60533.0,MAMA00387,MAMA00387224,2024-06-17 11:28:00,1,205,7,tap_in_home,20209.0,Machakos Central,Machakos,Machakos Town,Urban,,,,,non_functional,11.0,June,2024.0
60534.0,MAMW00388,MAMW00388224,2022-06-13 18:02:00,3,163,14,tap_in_home,39593.0,Masii,Machakos,Mwala,Urban,,,,,non_functional,18.0,June,2022.0
60535.0,MAMW00389,MAMW00389224,2022-07-11 07:30:00,5,101,7,tap_in_home_broken,31888.0,Wamunyu,Machakos,Mwala,Urban,,,,,non_functional,7.0,July,2022.0
60536.0,MAMA00390,MAMA00390224,2022-02-20 07:07:00,4,462,31,shared_taps,27964.0,Mumbuni North,Machakos,Machakos Town,Urban,,,,,non_functional,7.0,February,2022.0
60537.0,MAMA00391,MAMA00391224,2024-06-25 06:46:00,2,85,7,shared_taps,61229.0,Athi River,Machakos,Mavoko,Rural,,,,,non_functional,6.0,June,2024.0
60538.0,KAKA00392,KAKA00392224,2024-07-20 08:58:00,4,468,5,river,59216.0,Ewuaso Oonkidong'I,Kajiado,Kajiado West,Rural,,,,,non_functional,8.0,July,2024.0
60539.0,MAKA00393,MAKA00393224,2023-04-26 18:01:00,5,401,29,tap_in_home,32966.0,Upper Kaewa/Iveti,Machakos,Kathiani,Urban,,,,,non_functional,18.0,April,2023.0
60540.0,MAYA00394,MAYA00394224,2023-03-26 13:59:00,5,534,35,river,45300.0,Ikombe,Machakos,Yatta,Rural,,,,,non_functional,13.0,March,2023.0
60541.0,MAYA00395,MAYA00395224,2023-11-27 08:57:00,4,5,31,shared_taps,42438.0,Kithimani,Machakos,Yatta,Urban,,,,,non_functional,8.0,November,2023.0
60542.0,MAYA00396,MAYA00396224,2025-01-23 14:43:00,2,467,3,river,36592.0,Matuu,Machakos,Yatta,Rural,,,,,non_functional,14.0,January,2025.0
60543.0,MAMB00397,MAMB00397224,2025-08-17 13:33:00,2,438,2,shared_taps,35861.0,Mbooni,Makueni,Mbooni,Urban,,,,,non_functional,13.0,August,2025.0
60544.0,MAMB00398,MAMB00398224,2023-03-09 11:41:00,1,508,42,tap_in_home,43790.0,Tulimani,Makueni,Mbooni,Urban,,,,,non_functional,11.0,March,2023.0
60545.0,MAMB00399,MAMB00399224,2025-08-18 07:48:00,2,164,25,river,32122.0,Waia-Kako,Makueni,Mbooni,Urban,,,,,non_functional,7.0,August,2025.0
60546.0,NANA00400,NANA00400224,2022-11-20 10:39:00,4,412,44,river,33095.0,Keekonyokie,Narok,Narok East,Rural,,,,,non_functional,10.0,November,2022.0
60547.0,NANA00401,NANA00401224,2025-10-24 15:54:00,3,206,16,well,46501.0,Mosiro,Narok,Narok East,Rural,,Clean,,,non_functional,15.0,October,2025.0
60548.0,NANA00402,NANA00402224,2024-06-22 17:37:00,4,14,30,tap_in_home,64012.0,Majimoto/Naroosura,Narok,Narok South,Urban,,,,,non_functional,17.0,June,2024.0
60549.0,NANA00403,NANA00403224,2024-12-26 09:03:00,1,243,35,river,34046.0,Naikarra,Narok,Narok West,Rural,,,,,non_functional,9.0,December,2024.0
60550.0,NANA00404,NANA00404224,2024-09-14 17:13:00,1,216,9,river,51858.0,Siana,Narok,Narok West,Rural,,,,,non_functional,17.0,September,2024.0
60551.0,MAKA00405,MAKA00405224,2024-01-01 06:29:00,5,339,48,shared_taps,34823.0,Kilungu,Makueni,Kaiti,Urban,,,,,non_functional,6.0,January,2024.0
60552.0,BOCH00406,BOCH00406224,2022-06-14 08:39:00,3,227,14,shared_taps,43702.0,Chebunyo,Bomet,Chepalungu,Rural,,,,,non_functional,8.0,June,2022.0
60553.0,BOCH00407,BOCH00407224,2023-09-04 05:53:00,4,302,38,well,46008.0,Sigor,Bomet,Chepalungu,Rural,,Clean,,,non_functional,5.0,September,2023.0
60554.0,BOBO00408,BOBO00408224,2024-03-06 12:52:00,2,90,30,shared_taps,31243.0,Kipreres,Bomet,Bomet East,Rural,,,,,non_functional,12.0,March,2024.0
60555.0,BOCH00409,BOCH00409224,2024-06-11 12:56:00,5,344,38,shared_taps,44643.0,Siongiroi,Bomet,Chepalungu,Rural,,,,,non_functional,12.0,June,2024.0
60556.0,BOSO00410,BOSO00410224,2022-09-06 19:22:00,3,14,9,shared_taps,51223.0,Ndanai/Abosi,Bomet,Sotik,Urban,,,,,non_functional,19.0,September,2022.0
60557.0,BOCH00411,BOCH00411224,2022-09-13 16:29:00,1,7,20,well,49911.0,Nyangores,Bomet,Chepalungu,Rural,,Contaminated:Biological,,,non_functional,16.0,September,2022.0
60558.0,BOBO00412,BOBO00412224,2025-10-12 17:35:00,2,342,3,well,37053.0,Longisa,Bomet,Bomet East,Rural,,Contaminated: Chemical,,,non_functional,17.0,October,2025.0
60559.0,BOCH00413,BOCH00413224,2024-05-21 13:38:00,2,315,6,shared_taps,39473.0,Kong'Asis,Bomet,Chepalungu,Rural,,,,,non_functional,13.0,May,2024.0
60560.0,BOBO00414,BOBO00414224,2023-05-18 07:11:00,5,414,23,tap_in_home,26341.0,Chemaner,Bomet,Bomet East,Urban,,,,,non_functional,7.0,May,2023.0
60561.0,BOSO00415,BOSO00415224,2024-01-19 09:53:00,1,502,15,river,48141.0,Kipsonoi,Bomet,Sotik,Rural,,,,,non_functional,9.0,January,2024.0
60562.0,BOBO00416,BOBO00416224,2023-01-13 13:02:00,2,270,12,well,30669.0,Kembu,Bomet,Bomet East,Rural,,Clean,,,non_functional,13.0,January,2023.0
60563.0,BOBO00417,BOBO00417224,2022-09-16 16:07:00,1,483,1,tap_in_home_broken,24011.0,Mutarakwa,Bomet,Bomet Central,Urban,,,,,non_functional,16.0,September,2022.0
60564.0,BOSO00418,BOSO00418224,2025-09-20 15:32:00,1,480,6,well,36239.0,Rongena/Manaret,Bomet,Sotik,Urban,,Contaminated:Biological,,,non_functional,15.0,September,2025.0
60565.0,BOBO00419,BOBO00419224,2025-08-17 18:18:00,4,100,24,tap_in_home,52005.0,Merigi,Bomet,Bomet East,Urban,,,,,non_functional,18.0,August,2025.0
60566.0,BOBO00420,BOBO00420224,2025-12-04 12:26:00,3,343,23,shared_taps,31913.0,Silibwet Township,Bomet,Bomet Central,Urban,,,,,non_functional,12.0,December,2025.0
60567.0,BOBO00421,BOBO00421224,2023-07-11 05:59:00,1,369,15,shared_taps,50036.0,Chesoen,Bomet,Bomet Central,Urban,,,,,non_functional,5.0,July,2023.0
60568.0,BOBO00422,BOBO00422224,2022-06-09 11:37:00,1,85,39,shared_taps,35958.0,Ndaraweta,Bomet,Bomet Central,Rural,,,,,non_functional,11.0,June,2022.0
60569.0,BOBO00423,BOBO00423224,2024-12-10 12:24:00,2,67,10,tap_in_home,25996.0,Singorwet,Bomet,Bomet Central,Urban,,,,,non_functional,12.0,December,2024.0
60570.0,BOSO00424,BOSO00424224,2023-03-21 11:56:00,2,500,11,shared_taps,52010.0,Chemagel,Bomet,Sotik,Urban,,,,,non_functional,11.0,March,2023.0
60571.0,BOSO00425,BOSO00425224,2024-03-14 15:04:00,1,69,2,tap_in_home,54083.0,Kapletundo,Bomet,Sotik,Urban,,,,,non_functional,15.0,March,2024.0
60572.0,BOKO00426,BOKO00426224,2023-12-12 08:03:00,4,214,33,tap_in_home,33691.0,Mogogosiek,Bomet,Konoin,Urban,,,,,non_functional,8.0,December,2023.0
60573.0,KEBU00427,KEBU00427224,2023-10-27 11:57:00,1,491,20,river,26405.0,Cheplanget,Kericho,Bureti,Rural,,,,,non_functional,11.0,October,2023.0
60574.0,NAEM00428,NAEM00428224,2024-12-19 07:11:00,1,331,7,shared_taps,11153.0,Ilkerin,Narok,Emurua Dikirr,Rural,,,,,non_functional,7.0,December,2024.0
60575.0,NAEM00429,NAEM00429224,2025-12-05 10:41:00,3,179,39,shared_taps,38119.0,Kapsasian,Narok,Emurua Dikirr,Rural,,,,,non_functional,10.0,December,2025.0
60576.0,NAEM00430,NAEM00430224,2025-12-23 16:32:00,4,86,14,river,41836.0,Mogondo,Narok,Emurua Dikirr,Rural,,,,,non_functional,16.0,December,2025.0
60577.0,NAEM00431,NAEM00431224,2022-10-21 17:32:00,3,527,7,shared_taps,41329.0,Ololmasani,Narok,Emurua Dikirr,Urban,,,,,non_functional,17.0,October,2022.0
60578.0,NAKI00432,NAKI00432224,2025-10-05 06:37:00,5,94,4,shared_taps,30964.0,Angata Barikoi,Narok,Kilgoris,Urban,,,,,non_functional,6.0,October,2025.0
60579.0,NAKI00433,NAKI00433224,2025-04-20 11:30:00,2,381,0,river,65150.0,Kilgoris Central,Narok,Kilgoris,Urban,,,,,non_functional,11.0,April,2025.0
60580.0,NAKI00434,NAKI00434224,2022-01-23 19:00:00,5,249,12,shared_taps,60453.0,Kimintet,Narok,Kilgoris,Rural,,,,,non_functional,19.0,January,2022.0
60581.0,NAKI00435,NAKI00435224,2022-02-08 19:57:00,3,143,20,river,38883.0,Lolgorian,Narok,Kilgoris,Rural,,,,,non_functional,19.0,February,2022.0
60582.0,NAKI00436,NAKI00436224,2022-12-15 09:40:00,5,376,36,tap_in_home,49417.0,Shankoe,Narok,Kilgoris,Urban,,,,,non_functional,9.0,December,2022.0
60583.0,NANA00437,NANA00437224,2023-10-23 16:08:00,4,532,40,river,72595.0,Ilmotiok,Narok,Narok West,Urban,,,,,non_functional,16.0,October,2023.0
60584.0,NANA00438,NANA00438224,2023-11-04 09:29:00,2,277,37,shared_taps,59356.0,Mara,Narok,Narok West,Rural,,,,,non_functional,9.0,November,2023.0
60585.0,NYBO00439,NYBO00439224,2024-06-12 17:01:00,2,188,10,well,29200.0,Esise,Nyamira,Borabu,Rural,,Contaminated:Biological,,,non_functional,17.0,June,2024.0
60586.0,KAKA00440,KAKA00440224,2025-05-12 18:19:00,5,197,15,well,13724.0,Kitengela,Kajiado,Kajiado East,Rural,,Contaminated: Chemical,,,non_functional,18.0,May,2025.0
60587.0,MAMA00441,MAMA00441224,2025-06-08 17:26:00,2,404,41,shared_taps,111505.0,Muthwani,Machakos,Mavoko,Urban,,,,,non_functional,17.0,June,2025.0
60588.0,MAMA00442,MAMA00442224,2024-05-18 06:23:00,4,204,42,tap_in_home,35567.0,Mutituni,Machakos,Machakos Town,Urban,,,,,non_functional,6.0,May,2024.0
60589.0,MAKA00443,MAKA00443224,2023-05-09 19:07:00,3,252,46,shared_taps,23403.0,Kathiani Central,Machakos,Kathiani,Urban,,,,,non_functional,19.0,May,2023.0
60590.0,KAKA00444,KAKA00444224,2024-11-27 07:51:00,3,52,3,river,78798.0,Olkeri,Kajiado,Kajiado North,Rural,,,,,non_functional,7.0,November,2024.0
60591.0,MAKA00445,MAKA00445224,2023-07-19 17:25:00,4,536,13,tap_in_home,41101.0,Mitaboni,Machakos,Kathiani,Urban,,,,,non_functional,17.0,July,2023.0
60592.0,MAMW00446,MAMW00446224,2022-12-18 17:51:00,1,47,48,well,39817.0,Makutano/ Mwala,Machakos,Mwala,Rural,,Clean,,,non_functional,17.0,December,2022.0
60593.0,MAKA00447,MAKA00447224,2025-09-22 19:06:00,3,221,33,well,27876.0,Kangundo West,Machakos,Kangundo,Rural,,Contaminated: Chemical,,,non_functional,19.0,September,2025.0
60594.0,MAKA00448,MAKA00448224,2022-01-07 06:00:00,2,420,13,tap_in_home_broken,23616.0,Kangundo East,Machakos,Kangundo,Rural,,,,,non_functional,6.0,January,2022.0
60595.0,MAMA00449,MAMA00449224,2024-03-26 07:13:00,5,378,39,tap_in_home,86490.0,Syokimau/Mulolongo,Machakos,Mavoko,Rural,,,,,non_functional,7.0,March,2024.0
60596.0,KAKA00450,KAKA00450224,2023-06-11 08:34:00,3,173,1,shared_taps,1976.0,Ongata Rongai,Kajiado,Kajiado North,Rural,,,,,non_functional,8.0,June,2023.0
60597.0,KAKA00451,KAKA00451224,2023-07-15 05:21:00,1,418,42,shared_taps,5362.0,Nkaimurunya,Kajiado,Kajiado North,Rural,,,,,non_functional,5.0,July,2023.0
60598.0,KAKA00452,KAKA00452224,2025-04-12 09:34:00,2,73,45,tap_in_home,18531.0,Oloolua,Kajiado,Kajiado North,Urban,,,,,non_functional,9.0,April,2025.0
60599.0,KAKA00453,KAKA00453224,2023-02-05 06:00:00,5,246,42,tap_in_home_broken,7378.0,Ngong,Kajiado,Kajiado North,Urban,,,,,non_functional,6.0,February,2023.0
60600.0,MAKA00454,MAKA00454224,2023-12-27 17:41:00,2,371,18,tap_in_home_broken,30010.0,Kangundo Central,Machakos,Kangundo,Urban,,,,,non_functional,17.0,December,2023.0
60601.0,MAMA00455,MAMA00455224,2024-02-02 18:50:00,2,236,12,river,49374.0,Matungulu West,Machakos,Matungulu,Rural,,,,,non_functional,18.0,February,2024.0
60602.0,MAMW00456,MAMW00456224,2025-01-23 11:18:00,3,354,12,shared_taps,40378.0,Mbiuni,Machakos,Mwala,Urban,,,,,non_functional,11.0,January,2025.0
60603.0,NAEM00457,NAEM00457224,2025-11-04 05:59:00,3,407,36,shared_taps,48079.0,Embakasi,Nairobi,Embakasi East,Urban,,,,,non_functional,5.0,November,2025.0
60604.0,NAEM00458,NAEM00458224,2023-05-19 07:31:00,2,528,40,shared_taps,8313.0,Imara Daima,Nairobi,Embakasi South,Urban,,,,,non_functional,7.0,May,2023.0
60605.0,NAKA00459,NAKA00459224,2023-03-07 07:37:00,4,236,46,river,0.0,Pumwani,Nairobi,Kamukunji,Urban,,,,,non_functional,7.0,March,2023.0
60606.0,NAKI00460,NAKI00460224,2024-08-13 09:44:00,5,207,40,tap_in_home,0.0,Laini Saba,Nairobi,Kibra,Urban,,,,,non_functional,9.0,August,2024.0
60607.0,NAKI00461,NAKI00461224,2024-08-15 13:54:00,4,186,22,shared_taps,0.0,Lindi,Nairobi,Kibra,Urban,,,,,non_functional,13.0,August,2024.0
60608.0,NAKI00462,NAKI00462224,2024-11-22 18:58:00,4,18,5,shared_taps,0.0,Makina,Nairobi,Kibra,Rural,,,,,non_functional,18.0,November,2024.0
60609.0,NAKI00463,NAKI00463224,2022-01-12 12:09:00,2,453,46,shared_taps,0.0,Nyayo Highrise,Nairobi,Kibra,Urban,,,,,non_functional,12.0,January,2022.0
60610.0,NAKI00464,NAKI00464224,2022-10-26 19:55:00,1,275,1,tap_in_home,0.0,Sarangombe,Nairobi,Kibra,Urban,,,,,non_functional,19.0,October,2022.0
60611.0,NAKI00465,NAKI00465224,2024-08-20 11:11:00,1,426,24,shared_taps,0.0,Woodley/Kenyatta Golf Course,Nairobi,Kibra,Rural,,,,,non_functional,11.0,August,2024.0
60612.0,NALA00466,NALA00466224,2025-08-03 12:24:00,4,193,38,well,47909.0,Karen,Nairobi,Langata,Urban,,Clean,,,non_functional,12.0,August,2025.0
60613.0,NALA00467,NALA00467224,2025-02-27 10:07:00,1,147,28,shared_taps,18846.0,Mugumu-Ini,Nairobi,Langata,Urban,,,,,non_functional,10.0,February,2025.0
60614.0,NALA00468,NALA00468224,2025-06-16 10:17:00,2,190,34,tap_in_home,5330.0,Nairobi West,Nairobi,Langata,Urban,,,,,non_functional,10.0,June,2025.0
60615.0,NALA00469,NALA00469224,2025-10-03 10:08:00,1,217,17,river,353.0,South C,Nairobi,Langata,Rural,,,,,non_functional,10.0,October,2025.0
60616.0,NAMA00470,NAMA00470224,2025-11-28 10:16:00,2,526,30,river,0.0,Makongeni,Nairobi,Makadara,Rural,,,,,non_functional,10.0,November,2025.0
60617.0,NAMA00471,NAMA00471224,2025-04-01 14:34:00,2,165,26,river,0.0,Hospital,Nairobi,Mathare,Rural,,,,,non_functional,14.0,April,2025.0
60618.0,NARO00472,NARO00472224,2023-02-15 07:56:00,1,80,8,shared_taps,19786.0,Roysambu,Nairobi,Roysambu,Rural,,,,,non_functional,7.0,February,2023.0
60619.0,NAST00473,NAST00473224,2024-10-14 12:53:00,2,498,45,well,0.0,Landimawe,Nairobi,Starehe,Rural,,Contaminated:Biological,,,non_functional,12.0,October,2024.0
60620.0,NAST00474,NAST00474224,2025-09-18 13:48:00,1,52,28,tap_in_home,0.0,Nairobi Central,Nairobi,Starehe,Urban,,,,,non_functional,13.0,September,2025.0
60621.0,NAST00475,NAST00475224,2025-08-13 06:06:00,3,186,14,river,0.0,Nairobi South,Nairobi,Starehe,Rural,,,,,non_functional,6.0,August,2025.0
60622.0,NAST00476,NAST00476224,2025-12-12 07:02:00,5,63,23,tap_in_home_broken,0.0,Ngara,Nairobi,Starehe,Rural,,,,,non_functional,7.0,December,2025.0
60623.0,NAST00477,NAST00477224,2023-06-19 11:16:00,5,366,22,shared_taps,0.0,Pangani,Nairobi,Starehe,Urban,,,,,non_functional,11.0,June,2023.0
60624.0,NAST00478,NAST00478224,2025-09-28 11:45:00,5,508,7,shared_taps,0.0,Ziwani/Kariokor,Nairobi,Starehe,Urban,,,,,non_functional,11.0,September,2025.0
60625.0,NAWE00479,NAWE00479224,2025-01-12 17:51:00,5,527,1,river,36248.0,Karura,Nairobi,Westlands,Rural,,,,,non_functional,17.0,January,2025.0
60626.0,NAWE00480,NAWE00480224,2024-08-25 15:54:00,2,400,45,river,4177.0,Parklands/Highridge,Nairobi,Westlands,Rural,,,,,non_functional,15.0,August,2024.0
60627.0,NANA00481,NANA00481224,2025-06-09 14:44:00,5,370,28,shared_taps,39415.0,Mai Mahiu,Nakuru,Naivasha,Rural,,,,,non_functional,14.0,June,2025.0
60628.0,KILA00482,KILA00482224,2022-02-08 09:58:00,1,56,20,shared_taps,35077.0,Lari/Kirenga,Kiambu,Lari,Urban,,,,,non_functional,9.0,February,2022.0
60629.0,KIGA00483,KIGA00483224,2023-11-26 18:01:00,3,5,18,shared_taps,51458.0,Ngenda,Kiambu,Gatundu South,Urban,,,,,non_functional,18.0,November,2023.0
60630.0,NANA00484,NANA00484224,2022-02-23 15:41:00,4,0,26,tap_in_home,49948.0,Olkaria,Nakuru,Naivasha,Urban,,,,,non_functional,15.0,February,2022.0
60631.0,MUGA00485,MUGA00485224,2023-07-28 09:19:00,4,8,2,river,39015.0,Mugumo-Ini,Murang'a,Gatanga,Rural,,,,,non_functional,9.0,July,2023.0
60632.0,KIGA00486,KIGA00486224,2025-05-04 17:55:00,1,249,28,well,29303.0,Kiganjo,Kiambu,Gatundu South,Rural,,Contaminated:Biological,,,non_functional,17.0,May,2025.0
60633.0,KILA00487,KILA00487224,2022-02-27 07:20:00,4,187,47,well,29976.0,Kijabe,Kiambu,Lari,Rural,,Contaminated:Biological,,,non_functional,7.0,February,2022.0
60634.0,KIGA00488,KIGA00488224,2022-12-16 14:14:00,4,406,40,well,30521.0,Githobokoni,Kiambu,Gatundu North,Rural,,Contaminated:Biological,,,non_functional,14.0,December,2022.0
60635.0,KIGA00489,KIGA00489224,2022-01-10 08:44:00,4,310,32,well,21188.0,Ndarugu,Kiambu,Gatundu South,Rural,,Clean,,,non_functional,8.0,January,2022.0
60636.0,KILA00490,KILA00490224,2023-06-11 09:12:00,5,424,12,tap_in_home,37185.0,Kinale,Kiambu,Lari,Urban,,,,,non_functional,9.0,June,2023.0
60637.0,KIGA00491,KIGA00491224,2023-01-12 08:54:00,5,193,22,tap_in_home_broken,29112.0,Gituamba,Kiambu,Gatundu North,Urban,,,,,non_functional,8.0,January,2023.0
60638.0,NANA00492,NANA00492224,2023-05-13 05:30:00,5,290,32,river,39907.0,Maiella,Nakuru,Naivasha,Rural,,,,,non_functional,5.0,May,2023.0
60639.0,NANA00493,NANA00493224,2024-10-20 11:38:00,5,335,39,well,51060.0,Naivasha East,Nakuru,Naivasha,Rural,,Contaminated:Biological,,,non_functional,11.0,October,2024.0
60640.0,MUGA00494,MUGA00494224,2023-12-06 08:32:00,5,159,41,shared_taps,48340.0,Kariara,Murang'a,Gatanga,Urban,,,,,non_functional,8.0,December,2023.0
60641.0,NANA00495,NANA00495224,2022-06-06 09:07:00,5,3,46,well,92564.0,Hells Gate,Nakuru,Naivasha,Rural,,Contaminated:Biological,,,non_functional,9.0,June,2022.0
60642.0,MUKA00496,MUKA00496224,2022-01-03 15:55:00,3,167,9,shared_taps,38815.0,Ruchu,Murang'a,Kandara,Urban,,,,,non_functional,15.0,January,2022.0
60643.0,MUKI00497,MUKI00497224,2024-08-11 08:13:00,2,19,16,shared_taps,28666.0,Kigumo,Murang'a,Kigumo,Urban,,,,,non_functional,8.0,August,2024.0
60644.0,MUKI00498,MUKI00498224,2023-08-14 19:50:00,2,539,22,tap_in_home,35760.0,Kangari,Murang'a,Kigumo,Urban,,,,,non_functional,19.0,August,2023.0
60645.0,MUKI00499,MUKI00499224,2022-05-01 10:07:00,4,164,4,tap_in_home_broken,32262.0,Kinyona,Murang'a,Kigumo,Rural,,,,,non_functional,10.0,May,2022.0
60646.0,MUKI00500,MUKI00500224,2023-07-01 05:46:00,2,499,27,shared_taps,35068.0,Mugoiri,Murang'a,Kiharu,Rural,,,,,non_functional,5.0,July,2023.0
60647.0,MUKI00501,MUKI00501224,2025-04-11 07:39:00,1,119,9,shared_taps,32891.0,Murarandia,Murang'a,Kiharu,Urban,,,,,non_functional,7.0,April,2025.0
60648.0,NANA00502,NANA00502224,2023-01-11 05:40:00,3,87,12,shared_taps,5810.0,Lake View,Nakuru,Naivasha,Urban,,,,,non_functional,5.0,January,2023.0
60649.0,NANA00503,NANA00503224,2024-03-02 08:07:00,1,484,14,river,29492.0,Suswa,Narok,Narok East,Rural,,,,,non_functional,8.0,March,2024.0
60650.0,NANA00504,NANA00504224,2022-05-16 09:39:00,4,225,25,river,54891.0,Melili,Narok,Narok North,Rural,,,,,non_functional,9.0,May,2022.0
60651.0,NANA00505,NANA00505224,2022-02-11 14:55:00,3,52,36,shared_taps,59802.0,Narok Town,Narok,Narok North,Rural,,,,,non_functional,14.0,February,2022.0
60652.0,NANA00506,NANA00506224,2025-10-19 17:28:00,5,77,29,shared_taps,36481.0,Nkareta,Narok,Narok North,Rural,,,,,non_functional,17.0,October,2025.0
60653.0,NANA00507,NANA00507224,2025-09-06 06:22:00,3,64,0,tap_in_home_broken,46643.0,Olorropil,Narok,Narok North,Urban,,,,,non_functional,6.0,September,2025.0
60654.0,NANA00508,NANA00508224,2024-12-27 06:31:00,1,488,9,well,31552.0,Ildamat,Narok,Narok South,Rural,,Contaminated: Chemical,,,non_functional,6.0,December,2024.0
60655.0,NANA00509,NANA00509224,2022-11-22 17:26:00,4,410,10,shared_taps,53093.0,Melelo,Narok,Narok South,Urban,,,,,non_functional,17.0,November,2022.0
60656.0,NANA00510,NANA00510224,2025-01-05 06:43:00,1,424,33,tap_in_home,49538.0,Ololulung'A,Narok,Narok South,Rural,,,,,non_functional,6.0,January,2025.0
60657.0,NANA00511,NANA00511224,2024-12-06 13:35:00,1,214,45,tap_in_home_broken,48168.0,Sogoo,Narok,Narok South,Urban,,,,,non_functional,13.0,December,2024.0
60658.0,NYKI00512,NYKI00512224,2023-03-10 14:49:00,2,95,3,river,30306.0,Githabai,Nyandarua,Kinangop,Rural,,,,,non_functional,14.0,March,2023.0
60659.0,NYKI00513,NYKI00513224,2022-01-13 13:47:00,4,132,1,tap_in_home_broken,31831.0,Magumu,Nyandarua,Kinangop,Urban,,,,,non_functional,13.0,January,2022.0
60660.0,NYKI00514,NYKI00514224,2023-07-10 09:55:00,5,310,29,well,21484.0,Njabini\Kiburu,Nyandarua,Kinangop,Rural,,Contaminated: Chemical,,,non_functional,9.0,July,2023.0
60661.0,NYKI00515,NYKI00515224,2022-12-05 15:57:00,2,191,15,river,28356.0,Nyakio,Nyandarua,Kinangop,Rural,,,,,non_functional,15.0,December,2022.0
60662.0,NARO00516,NARO00516224,2024-01-10 17:47:00,2,205,10,river,14505.0,Kahawa West,Nairobi,Roysambu,Rural,,,,,non_functional,17.0,January,2024.0
60663.0,NARU00517,NARU00517224,2025-12-18 19:31:00,3,139,20,tap_in_home,0.0,Lucky Summer,Nairobi,Ruaraka,Urban,,,,,non_functional,19.0,December,2025.0
60664.0,NAEM00518,NAEM00518224,2025-08-14 18:58:00,5,257,36,shared_taps,0.0,Utawala,Nairobi,Embakasi East,Urban,,,,,non_functional,18.0,August,2025.0
60665.0,NAEM00519,NAEM00519224,2022-04-10 12:16:00,3,417,47,well,0.0,Dandora Area Ii,Nairobi,Embakasi North,Rural,,Contaminated: Chemical,,,non_functional,12.0,April,2022.0
60666.0,NARO00520,NARO00520224,2025-09-27 12:44:00,4,404,25,well,0.0,Kahawa,Nairobi,Roysambu,Rural,,Contaminated:Biological,,,non_functional,12.0,September,2025.0
60667.0,NAKA00521,NAKA00521224,2022-11-24 16:17:00,2,522,10,shared_taps,0.0,Clay City,Nairobi,Kasarani,Rural,,,,,non_functional,16.0,November,2022.0
60668.0,NARO00522,NARO00522224,2024-09-15 05:36:00,3,326,44,tap_in_home_broken,0.0,Githurai,Nairobi,Roysambu,Urban,,,,,non_functional,5.0,September,2024.0
60669.0,NAEM00523,NAEM00523224,2023-06-26 14:36:00,5,338,26,river,0.0,Komarock,Nairobi,Embakasi Central,Rural,,,,,non_functional,14.0,June,2023.0
60670.0,NAKA00524,NAKA00524224,2025-03-26 11:14:00,1,276,26,shared_taps,0.0,Njiru,Nairobi,Kasarani,Rural,,,,,non_functional,11.0,March,2025.0
60671.0,NAEM00525,NAEM00525224,2025-08-27 09:05:00,2,364,5,river,0.0,Dandora Area Iv,Nairobi,Embakasi North,Rural,,,,,non_functional,9.0,August,2025.0
60672.0,NAEM00526,NAEM00526224,2022-09-02 18:50:00,1,108,20,tap_in_home,0.0,Dandora Area Iii,Nairobi,Embakasi North,Urban,,,,,non_functional,18.0,September,2022.0
60673.0,NAEM00527,NAEM00527224,2025-07-25 06:18:00,2,241,18,tap_in_home_broken,0.0,Lower Savannah,Nairobi,Embakasi East,Urban,,,,,non_functional,6.0,July,2025.0
60674.0,NAEM00528,NAEM00528224,2025-08-09 06:36:00,3,535,38,shared_taps,0.0,Kayole South,Nairobi,Embakasi Central,Urban,,,,,non_functional,6.0,August,2025.0
60675.0,NAEM00529,NAEM00529224,2025-01-02 19:16:00,3,34,0,river,0.0,Kayole Central,Nairobi,Embakasi Central,Rural,,,,,non_functional,19.0,January,2025.0
60676.0,KIRU00530,KIRU00530224,2022-08-07 09:02:00,1,9,25,tap_in_home,61101.0,Kiuu,Kiambu,Ruiru,Urban,,,,,non_functional,9.0,August,2022.0
60677.0,NAEM00531,NAEM00531224,2025-06-04 17:55:00,5,39,12,shared_taps,0.0,Kayole North,Nairobi,Embakasi Central,Rural,,,,,non_functional,17.0,June,2025.0
60678.0,NAEM00532,NAEM00532224,2025-10-13 05:38:00,1,236,28,well,53822.0,Mihango,Nairobi,Embakasi East,Rural,,Clean,,,non_functional,5.0,October,2025.0
60679.0,NAEM00533,NAEM00533224,2023-04-12 12:52:00,4,328,36,shared_taps,0.0,Matopeni/Spring Valley,Nairobi,Embakasi Central,Rural,,,,,non_functional,12.0,April,2023.0
60680.0,NAKA00534,NAKA00534224,2025-10-23 13:15:00,5,415,2,tap_in_home,20030.0,Mwiki,Nairobi,Kasarani,Urban,,,,,non_functional,13.0,October,2025.0
60681.0,NAKA00535,NAKA00535224,2025-01-23 09:10:00,5,173,46,shared_taps,80336.0,Ruai,Nairobi,Kasarani,Urban,,,,,non_functional,9.0,January,2025.0
60682.0,MAMA00536,MAMA00536224,2025-03-12 18:41:00,5,150,44,tap_in_home,36945.0,Matungulu North,Machakos,Matungulu,Urban,,,,,non_functional,18.0,March,2025.0
60683.0,MAMA00537,MAMA00537224,2023-12-12 06:00:00,4,45,2,shared_taps,41821.0,Tala,Machakos,Matungulu,Urban,,,,,non_functional,6.0,December,2023.0
60684.0,MAMA00538,MAMA00538224,2024-01-14 13:29:00,1,445,22,tap_in_home,33960.0,Matungulu East,Machakos,Matungulu,Urban,,,,,non_functional,13.0,January,2024.0
60685.0,MAKA00539,MAKA00539224,2025-03-23 05:00:00,2,526,25,tap_in_home,24250.0,Kangundo North,Machakos,Kangundo,Urban,,,,,non_functional,5.0,March,2025.0
60686.0,NAEM00540,NAEM00540224,2023-08-19 06:59:00,2,325,37,tap_in_home_broken,0.0,Kwa Reuben,Nairobi,Embakasi South,Urban,,,,,non_functional,6.0,August,2023.0
60687.0,NAMA00541,NAMA00541224,2022-08-22 07:56:00,5,120,1,shared_taps,0.0,Mlango Kubwa,Nairobi,Mathare,Rural,,,,,non_functional,7.0,August,2022.0
60688.0,NAKA00542,NAKA00542224,2025-08-03 16:37:00,2,172,22,river,0.0,Eastleigh North,Nairobi,Kamukunji,Rural,,,,,non_functional,16.0,August,2025.0
60689.0,NAKA00543,NAKA00543224,2025-03-04 05:10:00,1,136,35,shared_taps,0.0,California,Nairobi,Kamukunji,Urban,,,,,non_functional,5.0,March,2025.0
60690.0,NAKA00544,NAKA00544224,2022-10-25 11:08:00,2,159,29,tap_in_home,0.0,Airbase,Nairobi,Kamukunji,Urban,,,,,non_functional,11.0,October,2022.0
60691.0,NAKA00545,NAKA00545224,2024-04-13 08:33:00,3,502,33,river,0.0,Eastleigh South,Nairobi,Kamukunji,Rural,,,,,non_functional,8.0,April,2024.0
60692.0,NARO00546,NARO00546224,2025-02-26 06:58:00,1,307,26,river,8914.0,Zimmerman,Nairobi,Roysambu,Rural,,,,,non_functional,6.0,February,2025.0
60693.0,NAMA00547,NAMA00547224,2024-12-15 15:29:00,5,354,21,shared_taps,0.0,Mabatini,Nairobi,Mathare,Urban,,,,,non_functional,15.0,December,2024.0
60694.0,NARU00548,NARU00548224,2022-04-27 16:00:00,3,446,17,shared_taps,0.0,Utalii,Nairobi,Ruaraka,Urban,,,,,non_functional,16.0,April,2022.0
60695.0,NAMA00549,NAMA00549224,2024-10-24 14:57:00,5,340,40,river,0.0,Maringo/Hamza,Nairobi,Makadara,Urban,,,,,non_functional,14.0,October,2024.0
60696.0,NAMA00550,NAMA00550224,2024-06-03 18:37:00,3,323,18,shared_taps,0.0,Viwandani,Nairobi,Makadara,Urban,,,,,non_functional,18.0,June,2024.0
60697.0,NARU00551,NARU00551224,2023-10-22 15:39:00,4,236,38,well,0.0,Mathare North,Nairobi,Ruaraka,Rural,,Contaminated: Chemical,,,non_functional,15.0,October,2023.0
60698.0,NAMA00552,NAMA00552224,2022-10-02 19:18:00,1,45,26,well,0.0,Huruma,Nairobi,Mathare,Rural,,Clean,,,non_functional,19.0,October,2022.0
60699.0,NAEM00553,NAEM00553224,2022-02-06 18:26:00,1,82,14,tap_in_home,0.0,Kariobangi South,Nairobi,Embakasi West,Urban,,,,,non_functional,18.0,February,2022.0
60700.0,NARU00554,NARU00554224,2024-06-10 18:59:00,5,421,9,shared_taps,0.0,Baba Dogo,Nairobi,Ruaraka,Urban,,,,,non_functional,18.0,June,2024.0
60701.0,NAMA00555,NAMA00555224,2024-06-13 18:16:00,3,143,12,tap_in_home,0.0,Harambee,Nairobi,Makadara,Urban,,,,,non_functional,18.0,June,2024.0
60702.0,NAKA00556,NAKA00556224,2024-03-27 19:41:00,1,524,38,well,0.0,Kasarani,Nairobi,Kasarani,Rural,,Contaminated: Chemical,,,non_functional,19.0,March,2024.0
60703.0,NAMA00557,NAMA00557224,2022-01-02 13:05:00,3,107,32,river,0.0,Kiamaiko,Nairobi,Mathare,Rural,,,,,non_functional,13.0,January,2022.0
60704.0,NAEM00558,NAEM00558224,2022-12-27 12:02:00,5,49,34,tap_in_home,0.0,Kwa Njenga,Nairobi,Embakasi South,Urban,,,,,non_functional,12.0,December,2022.0
60705.0,NAEM00559,NAEM00559224,2023-06-09 19:18:00,3,207,36,tap_in_home,0.0,Kariobangi North,Nairobi,Embakasi North,Urban,,,,,non_functional,19.0,June,2023.0
60706.0,NAEM00560,NAEM00560224,2022-04-22 15:49:00,4,254,29,river,0.0,Kware,Nairobi,Embakasi South,Rural,,,,,non_functional,15.0,April,2022.0
60707.0,NAEM00561,NAEM00561224,2025-08-10 12:36:00,4,410,38,river,0.0,Dandora Area I,Nairobi,Embakasi North,Rural,,,,,non_functional,12.0,August,2025.0
60708.0,NAEM00562,NAEM00562224,2023-12-22 05:05:00,2,418,27,well,0.0,Mowlem,Nairobi,Embakasi West,Rural,,Clean,,,non_functional,5.0,December,2023.0
60709.0,NAEM00563,NAEM00563224,2024-11-27 12:35:00,1,373,25,tap_in_home,0.0,Umoja I,Nairobi,Embakasi West,Urban,,,,,non_functional,12.0,November,2024.0
60710.0,NAEM00564,NAEM00564224,2022-10-21 14:45:00,5,45,26,shared_taps,0.0,Pipeline,Nairobi,Embakasi South,Urban,,,,,non_functional,14.0,October,2022.0
60711.0,NAEM00565,NAEM00565224,2022-03-25 17:46:00,3,393,1,tap_in_home_broken,0.0,Upper Savannah,Nairobi,Embakasi East,Urban,,,,,non_functional,17.0,March,2022.0
60712.0,NARU00566,NARU00566224,2024-02-09 10:24:00,5,275,42,shared_taps,0.0,Korogocho,Nairobi,Ruaraka,Urban,,,,,non_functional,10.0,February,2024.0
60713.0,NAEM00567,NAEM00567224,2025-04-25 12:26:00,1,127,18,shared_taps,0.0,Umoja Ii,Nairobi,Embakasi West,Urban,,,,,non_functional,12.0,April,2025.0
60714.0,KIKI00568,KIKI00568224,2025-07-22 18:22:00,3,206,34,shared_taps,34359.0,Nachu,Kiambu,Kikuyu,Urban,,,,,non_functional,18.0,July,2025.0
60715.0,KILI00569,KILI00569224,2025-07-21 16:55:00,5,375,43,shared_taps,35799.0,Ndeiya,Kiambu,Limuru,Rural,,,,,non_functional,16.0,July,2025.0
60716.0,KILI00570,KILI00570224,2024-03-06 10:54:00,5,533,41,river,31310.0,Bibirioni,Kiambu,Limuru,Rural,,,,,non_functional,10.0,March,2024.0
60717.0,KILI00571,KILI00571224,2024-12-02 06:19:00,2,444,16,river,36251.0,Limuru Central,Kiambu,Limuru,Rural,,,,,non_functional,6.0,December,2024.0
60718.0,KIKI00572,KIKI00572224,2024-03-16 19:54:00,5,146,27,tap_in_home,46327.0,Sigona,Kiambu,Kikuyu,Urban,,,,,non_functional,19.0,March,2024.0
60719.0,KIKI00573,KIKI00573224,2025-07-05 15:41:00,2,539,46,well,39102.0,Karai,Kiambu,Kikuyu,Rural,,Clean,,,non_functional,15.0,July,2025.0
60720.0,KIKI00574,KIKI00574224,2023-08-27 12:10:00,1,501,3,well,28957.0,Kikuyu,Kiambu,Kikuyu,Rural,,Contaminated:Biological,,,non_functional,12.0,August,2023.0
60721.0,KILI00575,KILI00575224,2022-06-18 09:14:00,2,137,43,shared_taps,38033.0,Ngecha Tigoni,Kiambu,Limuru,Urban,,,,,non_functional,9.0,June,2022.0
60722.0,KILI00576,KILI00576224,2024-01-11 17:55:00,1,452,31,tap_in_home,35771.0,Limuru East,Kiambu,Limuru,Urban,,,,,non_functional,17.0,January,2024.0
60723.0,KIKA00577,KIKA00577224,2023-02-20 07:17:00,4,188,42,well,33053.0,Muguga,Kiambu,Kabete,Urban,,Contaminated: Chemical,,,non_functional,7.0,February,2023.0
60724.0,KIKA00578,KIKA00578224,2023-05-04 13:33:00,5,440,20,tap_in_home,23406.0,Nyadhuna,Kiambu,Kabete,Urban,,,,,non_functional,13.0,May,2023.0
60725.0,KIKA00579,KIKA00579224,2024-04-12 07:11:00,4,87,8,well,2186.0,Gitaru,Kiambu,Kabete,Rural,,Contaminated: Chemical,,,non_functional,7.0,April,2024.0
60726.0,KIKI00580,KIKI00580224,2025-11-23 16:59:00,4,207,7,shared_taps,0.0,Kinoo,Kiambu,Kikuyu,Rural,,,,,non_functional,16.0,November,2025.0
60727.0,NADA00581,NADA00581224,2025-05-05 15:27:00,2,344,48,river,3652.0,Mutu-Ini,Nairobi,Dagoretti South,Rural,,,,,non_functional,15.0,May,2025.0
60728.0,NADA00582,NADA00582224,2024-02-23 13:34:00,2,446,13,shared_taps,0.0,Uthiru/Ruthimitu,Nairobi,Dagoretti South,Urban,,,,,non_functional,13.0,February,2024.0
60729.0,NADA00583,NADA00583224,2024-10-13 10:33:00,3,532,45,tap_in_home_broken,0.0,Waithaka,Nairobi,Dagoretti South,Urban,,,,,non_functional,10.0,October,2024.0
60730.0,KIKA00584,KIKA00584224,2024-11-23 05:06:00,3,295,24,river,13867.0,Kabete,Kiambu,Kabete,Rural,,,,,non_functional,5.0,November,2024.0
60731.0,KIKA00585,KIKA00585224,2024-10-03 07:50:00,4,427,37,well,0.0,Uthiru,Kiambu,Kabete,Rural,,Clean,,,non_functional,7.0,October,2024.0
60732.0,NADA00586,NADA00586224,2023-11-16 19:34:00,5,137,32,well,0.0,Riruta,Nairobi,Dagoretti South,Urban,,Contaminated: Chemical,,,non_functional,19.0,November,2023.0
60733.0,NADA00587,NADA00587224,2023-07-01 19:06:00,5,516,41,tap_in_home,1133.0,Ngando,Nairobi,Dagoretti South,Urban,,,,,non_functional,19.0,July,2023.0
60734.0,NADA00588,NADA00588224,2022-02-23 17:40:00,3,417,9,shared_taps,0.0,Kabiro,Nairobi,Dagoretti South,Urban,,,,,non_functional,17.0,February,2022.0
60735.0,NADA00589,NADA00589224,2023-03-17 05:13:00,5,217,25,tap_in_home,0.0,Kawangware,Nairobi,Dagoretti South,Urban,,,,,non_functional,5.0,March,2023.0
60736.0,NADA00590,NADA00590224,2025-07-24 19:54:00,2,374,31,well,0.0,Gatina,Nairobi,Dagoretti North,Rural,,Contaminated:Biological,,,non_functional,19.0,July,2025.0
60737.0,NADA00591,NADA00591224,2024-09-06 14:45:00,3,157,18,tap_in_home_broken,0.0,Kilimani,Nairobi,Dagoretti North,Urban,,,,,non_functional,14.0,September,2024.0
60738.0,NADA00592,NADA00592224,2024-06-21 19:35:00,4,48,3,shared_taps,0.0,Kileleshwa,Nairobi,Dagoretti North,Rural,,,,,non_functional,19.0,June,2024.0
60739.0,NAWE00593,NAWE00593224,2022-11-08 07:53:00,1,56,19,tap_in_home_broken,0.0,Kangemi,Nairobi,Westlands,Urban,,,,,non_functional,7.0,November,2022.0
60740.0,NAWE00594,NAWE00594224,2022-02-23 16:20:00,3,159,42,well,6639.0,Kitisuru,Nairobi,Westlands,Rural,,Contaminated: Chemical,,,non_functional,16.0,February,2022.0
60741.0,NAWE00595,NAWE00595224,2024-03-19 11:35:00,4,254,35,shared_taps,0.0,Mountain View,Nairobi,Westlands,Urban,,,,,non_functional,11.0,March,2024.0
60742.0,KIMW00596,KIMW00596224,2022-04-11 06:25:00,4,319,30,shared_taps,34661.0,Nuu,Kitui,Mwingi Central,Urban,,,,,non_functional,6.0,April,2022.0
60743.0,KIMW00597,KIMW00597224,2025-04-14 11:16:00,1,530,19,tap_in_home_broken,24753.0,Mui,Kitui,Mwingi Central,Rural,,,,,non_functional,11.0,April,2025.0
60744.0,KIMW00598,KIMW00598224,2022-02-14 16:39:00,4,177,46,river,34514.0,Nguutani,Kitui,Mwingi West,Rural,,,,,non_functional,16.0,February,2022.0
60745.0,KIMW00599,KIMW00599224,2022-02-16 07:15:00,1,357,22,well,32159.0,Migwani,Kitui,Mwingi West,Rural,,Contaminated:Biological,,,non_functional,7.0,February,2022.0
60746.0,KIMW00600,KIMW00600224,2024-09-02 12:09:00,1,503,3,tap_in_home,35619.0,Kyome/Thaana,Kitui,Mwingi West,Urban,,,,,non_functional,12.0,September,2024.0
60747.0,MAMA00601,MAMA00601224,2023-08-03 15:11:00,4,191,28,river,44913.0,Kivaa,Machakos,Masinga,Rural,,,,,non_functional,15.0,August,2023.0
60748.0,KIMW00602,KIMW00602224,2023-12-25 06:17:00,4,358,43,tap_in_home_broken,36476.0,Nguni,Kitui,Mwingi Central,Urban,,,,,non_functional,6.0,December,2023.0
60749.0,KIMW00603,KIMW00603224,2024-11-21 05:11:00,5,192,41,river,23353.0,Central,Kitui,Mwingi Central,Rural,,,,,non_functional,5.0,November,2024.0
60750.0,KIMW00604,KIMW00604224,2024-09-16 08:39:00,5,145,31,shared_taps,30609.0,Kivou,Kitui,Mwingi Central,Rural,,,,,non_functional,8.0,September,2024.0
60751.0,KIMW00605,KIMW00605224,2024-03-01 09:15:00,1,182,33,tap_in_home_broken,29891.0,Kiomo/Kyethani,Kitui,Mwingi Central,Urban,,,,,non_functional,9.0,March,2024.0
60752.0,KIMW00606,KIMW00606224,2022-02-17 19:46:00,1,327,45,tap_in_home_broken,25448.0,Waita,Kitui,Mwingi Central,Urban,,,,,non_functional,19.0,February,2022.0
60753.0,EMMB00607,EMMB00607224,2022-05-06 11:19:00,4,429,20,tap_in_home,21646.0,Kiambere,Embu,Mbeere South,Urban,,,,,non_functional,11.0,May,2022.0
60754.0,KIMW00608,KIMW00608224,2024-11-15 18:01:00,3,384,6,well,43000.0,Mumoni,Kitui,Mwingi North,Rural,,Contaminated:Biological,,,non_functional,18.0,November,2024.0
60755.0,KIMW00609,KIMW00609224,2025-10-23 12:17:00,1,166,15,tap_in_home_broken,22748.0,Ngomeni,Kitui,Mwingi North,Urban,,,,,non_functional,12.0,October,2025.0
60756.0,KIMW00610,KIMW00610224,2022-05-26 11:44:00,3,42,11,river,52142.0,Kyuso,Kitui,Mwingi North,Rural,,,,,non_functional,11.0,May,2022.0
60757.0,EMMB00611,EMMB00611224,2022-10-16 16:19:00,2,211,22,tap_in_home,23551.0,Muminji,Embu,Mbeere North,Urban,,,,,non_functional,16.0,October,2022.0
60758.0,EMMB00612,EMMB00612224,2022-11-16 15:27:00,2,91,35,river,62283.0,Evurore,Embu,Mbeere North,Rural,,,,,non_functional,15.0,November,2022.0
60759.0,TABU00613,TABU00613224,2024-03-01 06:35:00,5,261,23,tap_in_home,23385.0,Bangale,Tana River,Bura,Urban,,,,,non_functional,6.0,March,2024.0
60760.0,TABU00614,TABU00614224,2023-02-25 08:52:00,1,455,29,shared_taps,16564.0,Hirimani,Tana River,Bura,Urban,,,,,non_functional,8.0,February,2023.0
60761.0,TABU00615,TABU00615224,2023-07-16 19:37:00,5,520,35,tap_in_home_broken,66199.0,Madogo,Tana River,Bura,Urban,,,,,non_functional,19.0,July,2023.0
60762.0,TABU00616,TABU00616224,2023-09-06 05:16:00,5,19,5,river,15540.0,Sala,Tana River,Bura,Rural,,,,,non_functional,5.0,September,2023.0
60763.0,KIKI00617,KIKI00617224,2024-12-04 06:45:00,5,212,41,shared_taps,612.0,Kihara,Kiambu,Kiambaa,Urban,,,,,non_functional,6.0,December,2024.0
60764.0,KIKI00618,KIKI00618224,2023-06-10 14:03:00,1,311,10,river,26792.0,Township,Kiambu,Kiambu,Rural,,,,,non_functional,14.0,June,2023.0
60765.0,KIKI00619,KIKI00619224,2024-08-24 17:15:00,1,503,19,well,15179.0,Ndenderu,Kiambu,Kiambaa,Rural,,Contaminated: Chemical,,,non_functional,17.0,August,2024.0
60766.0,KIJU00620,KIJU00620224,2025-09-17 16:09:00,5,253,36,well,108274.0,Murera,Kiambu,Juja,Urban,,Contaminated:Biological,,,non_functional,16.0,September,2025.0
60767.0,KIKI00621,KIKI00621224,2024-11-01 06:55:00,3,143,8,shared_taps,8613.0,Muchatha,Kiambu,Kiambaa,Urban,,,,,non_functional,6.0,November,2024.0
60768.0,KIJU00622,KIJU00622224,2023-04-20 15:28:00,4,439,21,tap_in_home_broken,140254.0,Kalimoni,Kiambu,Juja,Rural,,,,,non_functional,15.0,April,2023.0
60769.0,KIKI00623,KIKI00623224,2022-02-14 08:40:00,2,282,37,shared_taps,11859.0,Karuri,Kiambu,Kiambaa,Urban,,,,,non_functional,8.0,February,2022.0
60770.0,KIKI00624,KIKI00624224,2025-05-26 11:33:00,4,316,23,river,35618.0,Ting'Ang'A,Kiambu,Kiambu,Rural,,,,,non_functional,11.0,May,2025.0
60771.0,KIKI00625,KIKI00625224,2024-11-28 12:23:00,5,242,6,shared_taps,21895.0,Ndumberi,Kiambu,Kiambu,Rural,,,,,non_functional,12.0,November,2024.0
60772.0,KIKI00626,KIKI00626224,2023-04-14 11:32:00,4,497,32,shared_taps,7017.0,Riabai,Kiambu,Kiambu,Urban,,,,,non_functional,11.0,April,2023.0
60773.0,KIKI00627,KIKI00627224,2024-07-01 08:30:00,5,422,42,well,23072.0,Cianda,Kiambu,Kiambaa,Rural,,Contaminated: Chemical,,,non_functional,8.0,July,2024.0
60774.0,KIGI00628,KIGI00628224,2025-08-16 08:01:00,3,86,46,well,43022.0,Ikinu,Kiambu,Githunguri,Urban,,Contaminated:Biological,,,non_functional,8.0,August,2025.0
60775.0,KIJU00629,KIJU00629224,2023-09-14 19:39:00,1,358,12,tap_in_home_broken,84659.0,Juja,Kiambu,Juja,Urban,,,,,non_functional,19.0,September,2023.0
60776.0,KIJU00630,KIJU00630224,2023-07-27 11:56:00,2,244,0,shared_taps,9794.0,Theta,Kiambu,Juja,Urban,,,,,non_functional,11.0,July,2023.0
60777.0,KIGI00631,KIGI00631224,2023-04-09 16:26:00,1,428,12,tap_in_home_broken,32725.0,Ngewa,Kiambu,Githunguri,Urban,,,,,non_functional,16.0,April,2023.0
60778.0,KIGI00632,KIGI00632224,2024-05-27 05:33:00,2,45,37,tap_in_home_broken,34893.0,Githiga,Kiambu,Githunguri,Urban,,,,,non_functional,5.0,May,2024.0
60779.0,KIGI00633,KIGI00633224,2022-04-14 13:07:00,4,303,34,well,42109.0,Githunguri,Kiambu,Githunguri,Rural,,Clean,,,non_functional,13.0,April,2022.0
60780.0,KIRU00634,KIRU00634224,2024-11-22 16:35:00,2,325,45,shared_taps,2688.0,Biashara,Kiambu,Ruiru,Urban,,,,,non_functional,16.0,November,2024.0
60781.0,KIRU00635,KIRU00635224,2023-12-19 05:06:00,3,218,35,shared_taps,39809.0,Gitothua,Kiambu,Ruiru,Urban,,,,,non_functional,5.0,December,2023.0
60782.0,KITH00636,KITH00636224,2022-11-23 11:42:00,3,73,3,shared_taps,30017.0,Gatuanyaga,Kiambu,Thika Town,Urban,,,,,non_functional,11.0,November,2022.0
60783.0,KITH00637,KITH00637224,2023-03-04 15:53:00,2,189,45,well,43051.0,Hospital,Kiambu,Thika Town,Rural,,Contaminated: Chemical,,,non_functional,15.0,March,2023.0
60784.0,KITH00638,KITH00638224,2022-07-20 08:01:00,4,3,27,tap_in_home,31204.0,Kamenu,Kiambu,Thika Town,Urban,,,,,non_functional,8.0,July,2022.0
60785.0,KITH00639,KITH00639224,2024-08-05 10:58:00,2,339,23,shared_taps,25723.0,Ngoliba,Kiambu,Thika Town,Urban,,,,,non_functional,10.0,August,2024.0
60786.0,MAMA00640,MAMA00640224,2022-09-19 16:22:00,2,448,5,shared_taps,25095.0,Kyeleni,Machakos,Matungulu,Rural,,,,,non_functional,16.0,September,2022.0
60787.0,MUGA00641,MUGA00641224,2024-12-03 08:32:00,5,210,38,well,41240.0,Kakuzi/Mitubiri,Murang'a,Gatanga,Rural,,Contaminated: Chemical,,,non_functional,8.0,December,2024.0
60788.0,MUKA00642,MUKA00642224,2024-07-16 16:31:00,1,21,33,tap_in_home_broken,38215.0,Gaichanjiru,Murang'a,Kandara,Rural,,,,,non_functional,16.0,July,2024.0
60789.0,MUKA00643,MUKA00643224,2022-05-06 14:59:00,5,125,44,river,32305.0,Ithiru,Murang'a,Kandara,Rural,,,,,non_functional,14.0,May,2022.0
60790.0,MUKA00644,MUKA00644224,2024-01-15 05:17:00,1,26,38,well,34854.0,Kagundu-Ini,Murang'a,Kandara,Rural,,Contaminated: Chemical,,,non_functional,5.0,January,2024.0
60791.0,MUKA00645,MUKA00645224,2025-01-26 13:07:00,4,16,1,shared_taps,28496.0,Muruka,Murang'a,Kandara,Urban,,,,,non_functional,13.0,January,2025.0
60792.0,MUKA00646,MUKA00646224,2023-08-13 14:03:00,2,273,30,shared_taps,23179.0,Ng'Araria,Murang'a,Kandara,Rural,,,,,non_functional,14.0,August,2023.0
60793.0,MUKI00647,MUKI00647224,2023-09-11 15:02:00,5,264,14,tap_in_home_broken,23226.0,Kahumbu,Murang'a,Kigumo,Urban,,,,,non_functional,15.0,September,2023.0
60794.0,MUKI00648,MUKI00648224,2022-04-14 07:24:00,3,539,39,river,31057.0,Muthithi,Murang'a,Kigumo,Rural,,,,,non_functional,7.0,April,2022.0
60795.0,MUMA00649,MUMA00649224,2025-10-01 05:25:00,3,423,26,shared_taps,49701.0,Kimorori/Wempa,Murang'a,Maragwa,Urban,,,,,non_functional,5.0,October,2025.0
60796.0,MUMA00650,MUMA00650224,2025-08-24 15:19:00,2,21,5,tap_in_home_broken,37734.0,Makuyu,Murang'a,Maragwa,Urban,,,,,non_functional,15.0,August,2025.0
60797.0,KIGI00651,KIGI00651224,2024-06-09 10:37:00,4,35,44,tap_in_home,37370.0,Komothai,Kiambu,Githunguri,Urban,,,,,non_functional,10.0,June,2024.0
60798.0,KILA00652,KILA00652224,2022-08-10 05:15:00,5,217,25,river,28697.0,Nyanduma,Kiambu,Lari,Rural,,,,,non_functional,5.0,August,2022.0
60799.0,KIGA00653,KIGA00653224,2024-09-04 14:06:00,4,355,30,well,26347.0,Chania,Kiambu,Gatundu North,Rural,,Contaminated:Biological,,,non_functional,14.0,September,2024.0
60800.0,KIJU00654,KIJU00654224,2023-05-08 17:16:00,3,420,39,tap_in_home_broken,14411.0,Witeithie,Kiambu,Juja,Rural,,,,,non_functional,17.0,May,2023.0
60801.0,MUGA00655,MUGA00655224,2025-12-23 11:45:00,5,78,43,tap_in_home,34167.0,Kihumbu-Ini,Murang'a,Gatanga,Urban,,,,,non_functional,11.0,December,2025.0
60802.0,KITH00656,KITH00656224,2024-02-21 15:34:00,2,314,2,river,16458.0,Township,Kiambu,Thika Town,Rural,,,,,non_functional,15.0,February,2024.0
60803.0,MUGA00657,MUGA00657224,2022-02-16 16:51:00,1,314,20,tap_in_home,27065.0,Gatanga,Murang'a,Gatanga,Urban,,,,,non_functional,16.0,February,2022.0
60804.0,KIGA00658,KIGA00658224,2022-02-06 05:35:00,1,178,13,tap_in_home_broken,42430.0,Mang'U,Kiambu,Gatundu North,Urban,,,,,non_functional,5.0,February,2022.0
60805.0,KIGA00659,KIGA00659224,2023-02-27 18:34:00,1,272,34,shared_taps,23834.0,Kiamwangi,Kiambu,Gatundu South,Urban,,,,,non_functional,18.0,February,2023.0
60806.0,KILA00660,KILA00660224,2025-04-23 05:57:00,2,375,6,river,23579.0,Kamburu,Kiambu,Lari,Rural,,,,,non_functional,5.0,April,2025.0
60807.0,MAYA00661,MAYA00661224,2023-05-22 18:50:00,3,280,0,well,41795.0,Ndalani,Machakos,Yatta,Rural,,Contaminated:Biological,,,non_functional,18.0,May,2023.0
60808.0,MAMA00662,MAMA00662224,2025-09-25 18:31:00,4,307,38,river,44791.0,Masinga Central,Machakos,Masinga,Rural,,,,,non_functional,18.0,September,2025.0
60809.0,MAMA00663,MAMA00663224,2022-05-22 11:30:00,4,246,40,shared_taps,23176.0,Ekalakala,Machakos,Masinga,Urban,,,,,non_functional,11.0,May,2022.0
60810.0,MUGA00664,MUGA00664224,2023-08-26 10:10:00,1,265,18,shared_taps,26692.0,Ithanga,Murang'a,Gatanga,Urban,,,,,non_functional,10.0,August,2023.0
60811.0,MAMA00665,MAMA00665224,2025-05-15 07:41:00,5,116,33,tap_in_home,17224.0,Muthesya,Machakos,Masinga,Urban,,,,,non_functional,7.0,May,2025.0
60812.0,MAMA00666,MAMA00666224,2025-06-15 14:48:00,4,351,3,shared_taps,33153.0,Ndithini,Machakos,Masinga,Rural,,,,,non_functional,14.0,June,2025.0
60813.0,EMMB00667,EMMB00667224,2023-01-22 10:30:00,3,227,29,tap_in_home_broken,30097.0,Makima,Embu,Mbeere South,Urban,,,,,non_functional,10.0,January,2023.0
60814.0,MUMA00668,MUMA00668224,2022-04-15 11:46:00,5,519,36,shared_taps,27725.0,Kambiti,Murang'a,Maragwa,Urban,,,,,non_functional,11.0,April,2022.0
60815.0,MUMA00669,MUMA00669224,2023-08-05 08:38:00,5,463,6,shared_taps,23694.0,Kamahuha,Murang'a,Maragwa,Urban,,,,,non_functional,8.0,August,2023.0
60816.0,EMMB00670,EMMB00670224,2024-04-24 14:18:00,2,192,46,well,44446.0,Mwea,Embu,Mbeere South,Urban,,Contaminated:Biological,,,non_functional,14.0,April,2024.0
60817.0,MUMA00671,MUMA00671224,2023-05-21 12:31:00,2,17,17,shared_taps,33615.0,Ichagaki,Murang'a,Maragwa,Urban,,,,,non_functional,12.0,May,2023.0
60818.0,EMMB00672,EMMB00672224,2024-01-10 12:48:00,5,159,39,tap_in_home,47689.0,Mavuria,Embu,Mbeere South,Urban,,,,,non_functional,12.0,January,2024.0
60819.0,MUMA00673,MUMA00673224,2022-07-10 11:54:00,1,228,25,river,30329.0,Nginda,Murang'a,Maragwa,Rural,,,,,non_functional,11.0,July,2022.0
60820.0,KIMW00674,KIMW00674224,2025-10-06 17:15:00,5,45,36,river,37684.0,Mutithi,Kirinyaga,Mwea,Rural,,,,,non_functional,17.0,October,2025.0
60821.0,MUKI00675,MUKI00675224,2024-08-27 05:47:00,5,538,41,river,49019.0,Mbiri,Murang'a,Kiharu,Rural,,,,,non_functional,5.0,August,2024.0
60822.0,KIMW00676,KIMW00676224,2023-11-22 11:51:00,3,428,4,shared_taps,17177.0,Wamumu,Kirinyaga,Mwea,Urban,,,,,non_functional,11.0,November,2023.0
60823.0,EMMB00677,EMMB00677224,2022-11-26 10:18:00,3,220,42,river,42611.0,Mbeti South,Embu,Mbeere South,Rural,,,,,non_functional,10.0,November,2022.0
60824.0,MUKI00678,MUKI00678224,2022-07-25 07:11:00,4,211,29,shared_taps,28492.0,Township,Murang'a,Kiharu,Rural,,,,,non_functional,7.0,July,2022.0
60825.0,KIMW00679,KIMW00679224,2023-09-23 19:44:00,4,243,13,shared_taps,51024.0,Tebere,Kirinyaga,Mwea,Urban,,,,,non_functional,19.0,September,2023.0
60826.0,KIMW00680,KIMW00680224,2023-02-09 16:46:00,3,521,20,river,38507.0,Murinduko,Kirinyaga,Mwea,Rural,,,,,non_functional,16.0,February,2023.0
60827.0,MUKI00681,MUKI00681224,2022-10-10 18:09:00,5,325,48,river,45847.0,Gaturi,Murang'a,Kiharu,Rural,,,,,non_functional,18.0,October,2022.0
60828.0,KIMW00682,KIMW00682224,2024-01-07 05:01:00,4,221,23,river,31151.0,Thiba,Kirinyaga,Mwea,Rural,,,,,non_functional,5.0,January,2024.0
60829.0,KIMW00683,KIMW00683224,2023-10-15 18:55:00,1,330,45,shared_taps,25246.0,Gathigiriri,Kirinyaga,Mwea,Rural,,,,,non_functional,18.0,October,2023.0
60830.0,KIND00684,KIND00684224,2022-11-03 10:53:00,2,357,45,shared_taps,37285.0,Kariti,Kirinyaga,Ndia,Rural,,,,,non_functional,10.0,November,2022.0
60831.0,KIMW00685,KIMW00685224,2023-09-14 19:38:00,5,124,21,well,33872.0,Kangai,Kirinyaga,Mwea,Rural,,Clean,,,non_functional,19.0,September,2023.0
60832.0,EMMB00686,EMMB00686224,2025-09-25 08:55:00,4,216,28,shared_taps,36308.0,Nthawa,Embu,Mbeere North,Urban,,,,,non_functional,8.0,September,2025.0
60833.0,KIMW00687,KIMW00687224,2022-06-11 15:06:00,4,396,2,shared_taps,36556.0,Nyangati,Kirinyaga,Mwea,Rural,,,,,non_functional,15.0,June,2022.0
60834.0,NYMU00688,NYMU00688224,2024-12-26 13:39:00,4,13,19,well,31208.0,Mukurwe-Ini Central,Nyeri,Mukurweini,Rural,,Contaminated: Chemical,,,non_functional,13.0,December,2024.0
60835.0,NYMU00689,NYMU00689224,2022-05-13 16:33:00,3,139,1,shared_taps,24942.0,Rugi,Nyeri,Mukurweini,Urban,,,,,non_functional,16.0,May,2022.0
60836.0,KINY00690,KINY00690224,2025-01-15 07:20:00,1,470,44,well,32509.0,Kabonyo/Kanyagwal,Kisumu,Nyando,Rural,,Clean,,,non_functional,7.0,January,2025.0
60837.0,KINY00691,KINY00691224,2023-12-03 12:50:00,5,329,41,well,45491.0,Kobura,Kisumu,Nyando,Rural,,Clean,,,non_functional,12.0,December,2023.0
60838.0,HORA00692,HORA00692224,2025-01-07 09:07:00,5,39,42,tap_in_home,26420.0,West Gem,Homa Bay,Rangwe,Urban,,,,,non_functional,9.0,January,2025.0
60839.0,HORA00693,HORA00693224,2024-01-18 08:21:00,1,191,30,tap_in_home,28646.0,East Gem,Homa Bay,Rangwe,Urban,,,,,non_functional,8.0,January,2024.0
60840.0,HOKA00694,HOKA00694224,2023-12-21 12:14:00,5,220,46,shared_taps,36153.0,South Kasipul,Homa Bay,Kasipul,Urban,,,,,non_functional,12.0,December,2023.0
60841.0,HOKA00695,HOKA00695224,2023-01-22 11:38:00,2,489,12,tap_in_home_broken,39210.0,Wangchieng,Homa Bay,Karachuonyo,Rural,,,,,non_functional,11.0,January,2023.0
60842.0,KINY00696,KINY00696224,2025-10-15 06:59:00,5,183,5,shared_taps,34468.0,West Nyakach,Kisumu,Nyakach,Urban,,,,,non_functional,6.0,October,2025.0
60843.0,HOKA00697,HOKA00697224,2023-02-23 18:52:00,5,471,27,tap_in_home,35083.0,Kokwanyo/Kakelo,Homa Bay,Kabondo Kasipul,Urban,,,,,non_functional,18.0,February,2023.0
60844.0,KIBO00698,KIBO00698224,2023-02-12 15:39:00,1,156,29,river,38224.0,Basi Bogetaorio,Kisii,Bobasi,Rural,,,,,non_functional,15.0,February,2023.0
60845.0,KIKI00699,KIKI00699224,2022-11-18 12:19:00,5,355,28,well,32084.0,Sensi,Kisii,Kitutu Chache North,Rural,,Contaminated:Biological,,,non_functional,12.0,November,2022.0
60846.0,NYKI00700,NYKI00700224,2024-12-21 11:51:00,4,358,48,shared_taps,40379.0,Kemera,Nyamira,Kitutu Masaba,Rural,,,,,non_functional,11.0,December,2024.0
60847.0,HOKA00701,HOKA00701224,2024-04-28 09:29:00,3,472,6,tap_in_home_broken,37058.0,Kabondo West,Homa Bay,Kabondo Kasipul,Urban,,,,,non_functional,9.0,April,2024.0
60848.0,KINY00702,KINY00702224,2022-03-23 17:00:00,3,304,46,river,29637.0,Central Nyakach,Kisumu,Nyakach,Rural,,,,,non_functional,17.0,March,2022.0
60849.0,HOKA00703,HOKA00703224,2024-02-01 06:36:00,4,394,14,tap_in_home_broken,21031.0,Kojwach,Homa Bay,Kabondo Kasipul,Urban,,,,,non_functional,6.0,February,2024.0
60850.0,KINY00704,KINY00704224,2022-03-23 17:48:00,4,20,40,shared_taps,27611.0,Ibeno,Kisii,Nyaribari Chache,Rural,,,,,non_functional,17.0,March,2022.0
60851.0,KIBO00705,KIBO00705224,2022-01-26 17:32:00,5,203,31,river,25764.0,Basi Central,Kisii,Bobasi,Rural,,,,,non_functional,17.0,January,2022.0
60852.0,NARO00706,NARO00706224,2025-11-23 06:32:00,4,73,36,tap_in_home_broken,48446.0,Visoi,Nakuru,Rongai,Urban,,,,,non_functional,6.0,November,2025.0
60853.0,KIKI00707,KIKI00707224,2024-01-20 16:14:00,4,535,37,tap_in_home,21939.0,Kegogi,Kisii,Kitutu Chache North,Urban,,,,,non_functional,16.0,January,2024.0
60854.0,KINY00708,KINY00708224,2024-08-28 05:38:00,4,346,15,tap_in_home,23510.0,Keumbu,Kisii,Nyaribari Chache,Urban,,,,,non_functional,5.0,August,2024.0
60855.0,KIKI00709,KIKI00709224,2022-11-15 05:31:00,3,196,29,well,33799.0,Monyerero,Kisii,Kitutu Chache North,Rural,,Clean,,,non_functional,5.0,November,2022.0
60856.0,NYKI00710,NYKI00710224,2025-02-14 13:05:00,2,252,33,shared_taps,33520.0,Gachuba,Nyamira,Kitutu Masaba,Urban,,,,,non_functional,13.0,February,2025.0
60857.0,KINY00711,KINY00711224,2022-06-12 10:32:00,3,472,6,tap_in_home,26280.0,Birongo,Kisii,Nyaribari Chache,Urban,,,,,non_functional,10.0,June,2022.0
60858.0,KINY00712,KINY00712224,2025-02-02 15:19:00,3,51,23,river,20841.0,South West Nyakach,Kisumu,Nyakach,Rural,,,,,non_functional,15.0,February,2025.0
60859.0,KIBO00713,KIBO00713224,2024-05-16 18:39:00,5,159,48,shared_taps,36192.0,Nyacheki,Kisii,Bobasi,Rural,,,,,non_functional,18.0,May,2024.0
60860.0,KINY00714,KINY00714224,2025-06-04 06:41:00,1,324,5,tap_in_home_broken,26894.0,Gesusu,Kisii,Nyaribari Masaba,Urban,,,,,non_functional,6.0,June,2025.0
60861.0,NYKI00715,NYKI00715224,2023-07-17 07:24:00,2,139,30,tap_in_home,27196.0,Magombo,Nyamira,Kitutu Masaba,Urban,,,,,non_functional,7.0,July,2023.0
60862.0,KINY00716,KINY00716224,2024-03-24 12:16:00,3,430,4,river,23922.0,Kiamokama,Kisii,Nyaribari Masaba,Rural,,,,,non_functional,12.0,March,2024.0
60863.0,KINY00717,KINY00717224,2025-10-22 08:39:00,5,256,37,tap_in_home_broken,38693.0,North Nyakach,Kisumu,Nyakach,Urban,,,,,non_functional,8.0,October,2025.0
60864.0,KINY00718,KINY00718224,2025-08-17 09:58:00,2,156,12,well,32158.0,Ichuni,Kisii,Nyaribari Masaba,Rural,,Clean,,,non_functional,9.0,August,2025.0
60865.0,HOKA00719,HOKA00719224,2023-11-24 16:36:00,2,280,40,shared_taps,41191.0,Kabondo East,Homa Bay,Kabondo Kasipul,Urban,,,,,non_functional,16.0,November,2023.0
60866.0,KINY00720,KINY00720224,2024-02-08 05:55:00,5,45,18,tap_in_home,33083.0,Masimba,Kisii,Nyaribari Masaba,Urban,,,,,non_functional,5.0,February,2024.0
60867.0,NYKI00721,NYKI00721224,2022-11-12 18:41:00,1,365,9,river,42449.0,Gesima,Nyamira,Kitutu Masaba,Rural,,,,,non_functional,18.0,November,2022.0
60868.0,KINY00722,KINY00722224,2024-02-08 07:37:00,3,31,16,river,19687.0,Nyamasibi,Kisii,Nyaribari Masaba,Rural,,,,,non_functional,7.0,February,2024.0
60869.0,NYBO00723,NYBO00723224,2022-10-14 05:16:00,5,271,33,tap_in_home,32856.0,Nyansiongo,Nyamira,Borabu,Rural,,,,,non_functional,5.0,October,2022.0
60870.0,NYBO00724,NYBO00724224,2023-03-06 14:37:00,5,83,40,tap_in_home_broken,23161.0,Mekenene,Nyamira,Borabu,Rural,,,,,non_functional,14.0,March,2023.0
60871.0,NYKI00725,NYKI00725224,2025-10-18 17:45:00,3,3,47,river,35227.0,Manga,Nyamira,Kitutu Masaba,Rural,,,,,non_functional,17.0,October,2025.0
60872.0,NYKI00726,NYKI00726224,2023-09-18 18:32:00,4,266,34,shared_taps,46673.0,Rigoma,Nyamira,Kitutu Masaba,Urban,,,,,non_functional,18.0,September,2023.0
60873.0,NYWE00727,NYWE00727224,2025-12-26 05:16:00,4,332,14,tap_in_home,46213.0,Bogichora,Nyamira,West Mugirango,Urban,,,,,non_functional,5.0,December,2025.0
60874.0,NYWE00728,NYWE00728224,2023-04-24 18:19:00,5,318,46,shared_taps,41347.0,Bosamaro,Nyamira,West Mugirango,Rural,,,,,non_functional,18.0,April,2023.0
60875.0,NYWE00729,NYWE00729224,2025-07-18 18:34:00,4,343,31,tap_in_home,35816.0,Nyamaiya,Nyamira,West Mugirango,Urban,,,,,non_functional,18.0,July,2025.0
60876.0,NANA00730,NANA00730224,2023-10-12 05:41:00,2,282,48,river,16302.0,Sagamian,Narok,Narok South,Rural,,,,,non_functional,5.0,October,2023.0
60877.0,NAKU00731,NAKU00731224,2022-04-22 11:59:00,2,97,7,shared_taps,65890.0,Kiptororo,Nakuru,Kuresoi North,Urban,,,,,non_functional,11.0,April,2022.0
60878.0,KEKI00732,KEKI00732224,2022-02-22 14:58:00,5,102,30,shared_taps,53929.0,Kedowa/Kimugul,Kericho,Kipkelion East,Rural,,,,,non_functional,14.0,February,2022.0
60879.0,NANA00733,NANA00733224,2022-06-24 13:26:00,1,265,31,shared_taps,38022.0,Olpusimoru,Narok,Narok North,Urban,,,,,non_functional,13.0,June,2022.0
60880.0,NAKU00734,NAKU00734224,2023-11-16 15:48:00,5,304,21,shared_taps,60321.0,Tinet,Nakuru,Kuresoi South,Urban,,,,,non_functional,15.0,November,2023.0
60881.0,NAKU00735,NAKU00735224,2023-06-13 05:49:00,3,417,13,tap_in_home,55942.0,Nyota,Nakuru,Kuresoi North,Urban,,,,,non_functional,5.0,June,2023.0
60882.0,NAKU00736,NAKU00736224,2022-03-26 05:55:00,4,370,31,river,30882.0,Kiptagich,Nakuru,Kuresoi South,Rural,,,,,non_functional,5.0,March,2022.0
60883.0,NAKU00737,NAKU00737224,2023-05-12 11:54:00,3,311,46,well,26016.0,Sirikwa,Nakuru,Kuresoi North,Urban,,Contaminated: Chemical,,,non_functional,11.0,May,2023.0
60884.0,NAKU00738,NAKU00738224,2025-04-28 11:01:00,5,211,11,shared_taps,30589.0,Amalo,Nakuru,Kuresoi South,Urban,,,,,non_functional,11.0,April,2025.0
60885.0,NAKU00739,NAKU00739224,2024-07-07 05:30:00,5,427,11,river,43866.0,Keringet,Nakuru,Kuresoi South,Urban,,,,,non_functional,5.0,July,2024.0
60886.0,NANA00740,NANA00740224,2025-01-19 17:43:00,3,117,24,tap_in_home,52532.0,Olokurto,Narok,Narok North,Urban,,,,,non_functional,17.0,January,2025.0
60887.0,NAMO00741,NAMO00741224,2023-01-24 18:14:00,1,315,22,shared_taps,45356.0,Turi,Nakuru,Molo,Urban,,,,,non_functional,18.0,January,2023.0
60888.0,NAMO00742,NAMO00742224,2025-11-23 19:33:00,5,125,1,tap_in_home_broken,29023.0,Molo,Nakuru,Molo,Urban,,,,,non_functional,19.0,November,2025.0
60889.0,NAMO00743,NAMO00743224,2025-03-13 10:59:00,5,312,24,tap_in_home_broken,74474.0,Elburgon,Nakuru,Molo,Urban,,,,,non_functional,10.0,March,2025.0
60890.0,NAMO00744,NAMO00744224,2023-04-03 08:12:00,3,332,31,tap_in_home_broken,12283.0,Mariashoni,Nakuru,Molo,Urban,,,,,non_functional,8.0,April,2023.0
60891.0,NARO00745,NARO00745224,2023-11-28 14:41:00,1,168,17,well,58475.0,Mosop,Nakuru,Rongai,Rural,,Contaminated: Chemical,,,non_functional,14.0,November,2023.0
60892.0,NANJ00746,NANJ00746224,2023-01-04 11:24:00,3,138,8,tap_in_home,23068.0,Nessuit,Nakuru,Njoro,Urban,,,,,non_functional,11.0,January,2023.0
60893.0,NAGI00747,NAGI00747224,2022-04-19 17:21:00,1,56,2,river,27691.0,Malewa West,Nakuru,Gilgil,Rural,,,,,non_functional,17.0,April,2022.0
60894.0,MUKI00748,MUKI00748224,2022-10-21 18:16:00,1,108,38,well,32363.0,Wangu,Murang'a,Kiharu,Rural,,Clean,,,non_functional,18.0,October,2022.0
60895.0,NANA00749,NANA00749224,2023-06-10 14:47:00,3,438,17,well,37074.0,Viwandani,Nakuru,Naivasha,Urban,,Contaminated: Chemical,,,non_functional,14.0,June,2023.0
60896.0,MUKA00750,MUKA00750224,2024-02-22 19:40:00,3,99,25,tap_in_home_broken,26607.0,Kanyenya-Ini,Murang'a,Kangema,Rural,,,,,non_functional,19.0,February,2024.0
60897.0,NANA00751,NANA00751224,2022-06-04 10:23:00,1,183,4,shared_taps,16937.0,Biashara,Nakuru,Naivasha,Urban,,,,,non_functional,10.0,June,2022.0
60898.0,NANJ00752,NANJ00752224,2023-06-24 05:53:00,4,214,2,shared_taps,54888.0,Mau Narok,Nakuru,Njoro,Urban,,,,,non_functional,5.0,June,2023.0
60899.0,NYKI00753,NYKI00753224,2022-02-25 13:45:00,4,458,1,tap_in_home_broken,32528.0,Gathara,Nyandarua,Kinangop,Rural,,,,,non_functional,13.0,February,2022.0
60900.0,MUKA00754,MUKA00754224,2025-09-21 17:27:00,3,228,26,tap_in_home,39735.0,Muguru,Murang'a,Kangema,Rural,,,,,non_functional,17.0,September,2025.0
60901.0,MUMA00755,MUMA00755224,2024-12-11 07:39:00,1,121,30,well,38107.0,Gitugi,Murang'a,Mathioya,Urban,,Clean,,,non_functional,7.0,December,2024.0
60902.0,NYKI00756,NYKI00756224,2023-03-04 12:21:00,2,479,3,river,26063.0,Engineer,Nyandarua,Kinangop,Rural,,,,,non_functional,12.0,March,2023.0
60903.0,MUKA00757,MUKA00757224,2024-09-24 18:59:00,5,344,36,river,23042.0,Rwathia,Murang'a,Kangema,Urban,,,,,non_functional,18.0,September,2024.0
60904.0,NAGI00758,NAGI00758224,2023-05-20 07:34:00,2,147,48,shared_taps,87239.0,Mbaruk/Eburu,Nakuru,Gilgil,Rural,,,,,non_functional,7.0,May,2023.0
60905.0,MUMA00759,MUMA00759224,2025-12-23 08:04:00,2,30,2,well,39282.0,Kiru,Murang'a,Mathioya,Rural,,Contaminated: Chemical,,,non_functional,8.0,December,2025.0
60906.0,NYKI00760,NYKI00760224,2024-04-23 06:10:00,2,97,15,tap_in_home_broken,31890.0,Murungaru,Nyandarua,Kinangop,Urban,,,,,non_functional,6.0,April,2024.0
60907.0,MUMA00761,MUMA00761224,2022-10-02 11:32:00,1,306,11,river,24787.0,Kamacharia,Murang'a,Mathioya,Rural,,,,,non_functional,11.0,October,2022.0
60908.0,NYKI00762,NYKI00762224,2022-07-22 05:36:00,1,308,16,shared_taps,23594.0,North Kinangop,Nyandarua,Kinangop,Rural,,,,,non_functional,5.0,July,2022.0
60909.0,NAGI00763,NAGI00763224,2025-06-07 05:35:00,2,343,26,well,18701.0,Elementaita,Nakuru,Gilgil,Rural,,Contaminated: Chemical,,,non_functional,5.0,June,2025.0
60910.0,NAGI00764,NAGI00764224,2023-05-04 05:38:00,1,301,47,tap_in_home,75033.0,Gilgil,Nakuru,Gilgil,Urban,,,,,non_functional,5.0,May,2023.0
60911.0,NAGI00765,NAGI00765224,2024-01-13 09:15:00,3,223,24,well,32761.0,Murindati,Nakuru,Gilgil,Rural,,Contaminated: Chemical,,,non_functional,9.0,January,2024.0
60912.0,NANJ00766,NANJ00766224,2024-04-28 19:16:00,1,305,0,shared_taps,69399.0,Mauche,Nakuru,Njoro,Urban,,,,,non_functional,19.0,April,2024.0
60913.0,NANJ00767,NANJ00767224,2022-01-08 05:05:00,4,316,48,shared_taps,15345.0,Kihingo,Nakuru,Njoro,Rural,,,,,non_functional,5.0,January,2022.0
60914.0,NYKI00768,NYKI00768224,2025-02-11 14:29:00,1,98,19,well,20486.0,Githioro,Nyandarua,Kipipiri,Rural,,Contaminated: Chemical,,,non_functional,14.0,February,2025.0
60915.0,NANA00769,NANA00769224,2025-01-01 06:47:00,5,146,6,well,29884.0,Nakuru East,Nakuru,Nakuru Town East,Rural,,Clean,,,non_functional,6.0,January,2025.0
60916.0,NANA00770,NANA00770224,2025-02-19 18:20:00,3,310,38,well,7010.0,Barut,Nakuru,Nakuru Town West,Rural,,Clean,,,non_functional,18.0,February,2025.0
60917.0,NANJ00771,NANJ00771224,2023-12-03 17:01:00,3,371,33,tap_in_home,26670.0,Lare,Nakuru,Njoro,Urban,,,,,non_functional,17.0,December,2023.0
60918.0,NYKI00772,NYKI00772224,2024-11-28 10:37:00,4,119,30,river,23080.0,Geta,Nyandarua,Kipipiri,Rural,,,,,non_functional,10.0,November,2024.0
60919.0,NANJ00773,NANJ00773224,2025-09-04 15:34:00,4,75,1,tap_in_home,70716.0,Njoro,Nakuru,Njoro,Urban,,,,,non_functional,15.0,September,2025.0
60920.0,NANA00774,NANA00774224,2024-10-08 05:13:00,5,58,47,tap_in_home,15011.0,Kapkures,Nakuru,Nakuru Town West,Rural,,,,,non_functional,5.0,October,2024.0
60921.0,NYKI00775,NYKI00775224,2023-05-12 14:22:00,3,62,16,shared_taps,29207.0,Kipipiri,Nyandarua,Kipipiri,Urban,,,,,non_functional,14.0,May,2023.0
60922.0,NYOL00776,NYOL00776224,2022-08-03 13:37:00,3,346,22,shared_taps,23379.0,Kaimbaga,Nyandarua,Ol Kalou,Urban,,,,,non_functional,13.0,August,2022.0
60923.0,NYOL00777,NYOL00777224,2023-09-09 06:47:00,5,105,34,tap_in_home_broken,30328.0,Karau,Nyandarua,Ol Kalou,Urban,,,,,non_functional,6.0,September,2023.0
60924.0,NYKI00778,NYKI00778224,2024-02-19 19:11:00,3,373,47,tap_in_home,21496.0,Mweiga,Nyeri,Kieni,Urban,,,,,non_functional,19.0,February,2024.0
60925.0,NYMA00779,NYMA00779224,2025-04-21 07:22:00,1,283,43,shared_taps,32621.0,Kirimukuyu,Nyeri,Mathira,Rural,,,,,non_functional,7.0,April,2025.0
60926.0,NYMU00780,NYMU00780224,2024-06-04 07:19:00,3,482,6,shared_taps,21961.0,Gikondi,Nyeri,Mukurweini,Urban,,,,,non_functional,7.0,June,2024.0
60927.0,NYMU00781,NYMU00781224,2024-01-13 09:27:00,4,484,42,river,19654.0,Mukurwe-Ini West,Nyeri,Mukurweini,Rural,,,,,non_functional,9.0,January,2024.0
60928.0,NYNY00782,NYNY00782224,2022-06-13 13:36:00,3,498,5,tap_in_home_broken,16813.0,Gatitu/Muruguru,Nyeri,Nyeri Town,Rural,,,,,non_functional,13.0,June,2022.0
60929.0,NYNY00783,NYNY00783224,2025-09-27 15:35:00,1,188,11,tap_in_home_broken,17512.0,Kamakwa/Mukaro,Nyeri,Nyeri Town,Urban,,,,,non_functional,15.0,September,2025.0
60930.0,NYNY00784,NYNY00784224,2024-11-05 07:08:00,1,172,37,river,32379.0,Kiganjo/Mathari,Nyeri,Nyeri Town,Rural,,,,,non_functional,7.0,November,2024.0
60931.0,NYNY00785,NYNY00785224,2024-12-11 10:55:00,5,203,0,shared_taps,10684.0,Ruring'U,Nyeri,Nyeri Town,Urban,,,,,non_functional,10.0,December,2024.0
60932.0,NYNY00786,NYNY00786224,2022-08-19 11:50:00,1,110,47,shared_taps,1667.0,Rware,Nyeri,Nyeri Town,Rural,,,,,non_functional,11.0,August,2022.0
60933.0,NYOT00787,NYOT00787224,2022-05-26 08:49:00,2,332,20,tap_in_home,25475.0,Chinga,Nyeri,Othaya,Urban,,,,,non_functional,8.0,May,2022.0
60934.0,NYOT00788,NYOT00788224,2023-12-03 13:13:00,5,401,39,well,28524.0,Iria-Ini,Nyeri,Othaya,Rural,,Clean,,,non_functional,13.0,December,2023.0
60935.0,NYOT00789,NYOT00789224,2025-01-22 18:11:00,3,363,46,shared_taps,21667.0,Karima,Nyeri,Othaya,Urban,,,,,non_functional,18.0,January,2025.0
60936.0,NYOT00790,NYOT00790224,2023-05-18 19:23:00,1,246,25,well,25779.0,Mahiga,Nyeri,Othaya,Rural,,Clean,,,non_functional,19.0,May,2023.0
60937.0,NYTE00791,NYTE00791224,2022-09-21 17:02:00,1,295,1,shared_taps,30488.0,Aguthi-Gaaki,Nyeri,Tetu,Rural,,,,,non_functional,17.0,September,2022.0
60938.0,NYTE00792,NYTE00792224,2022-09-05 13:16:00,1,101,17,shared_taps,23399.0,Dedan Kimanthi,Nyeri,Tetu,Urban,,,,,non_functional,13.0,September,2022.0
60939.0,NYTE00793,NYTE00793224,2023-11-08 19:44:00,5,349,34,tap_in_home,34115.0,Wamagana,Nyeri,Tetu,Urban,,,,,non_functional,19.0,November,2023.0
60940.0,KINY00794,KINY00794224,2025-12-03 06:51:00,1,151,27,tap_in_home,57096.0,Ahero,Kisumu,Nyando,Urban,,,,,non_functional,6.0,December,2025.0
60941.0,KINY00795,KINY00795224,2024-05-28 18:59:00,3,411,26,shared_taps,22799.0,East Kano/Wawidhi,Kisumu,Nyando,Rural,,,,,non_functional,18.0,May,2024.0
60942.0,KINY00796,KINY00796224,2022-01-13 14:36:00,4,146,43,river,25931.0,Awasi/Onjiko,Kisumu,Nyando,Rural,,,,,non_functional,14.0,January,2022.0
60943.0,KESI00797,KESI00797224,2024-01-19 10:30:00,4,135,4,tap_in_home,34223.0,Kaplelartet,Kericho,Sigowet/Soin,Urban,,,,,non_functional,10.0,January,2024.0
60944.0,KESI00798,KESI00798224,2024-06-12 11:31:00,5,535,29,shared_taps,50981.0,Sigowet,Kericho,Sigowet/Soin,Urban,,,,,non_functional,11.0,June,2024.0
60945.0,KESI00799,KESI00799224,2022-11-11 19:35:00,2,94,22,tap_in_home_broken,23414.0,Soliat,Kericho,Sigowet/Soin,Urban,,,,,non_functional,19.0,November,2022.0
60946.0,KEBU00800,KEBU00800224,2023-12-04 15:08:00,5,255,11,river,30409.0,Tebesonik,Kericho,Bureti,Urban,,,,,non_functional,15.0,December,2023.0
60947.0,KEBU00801,KEBU00801224,2023-08-16 11:49:00,5,262,44,shared_taps,28008.0,Kisiara,Kericho,Bureti,Urban,,,,,non_functional,11.0,August,2023.0
60948.0,KESI00802,KESI00802224,2024-10-05 11:44:00,3,339,15,tap_in_home,31646.0,Soin,Kericho,Sigowet/Soin,Urban,,,,,non_functional,11.0,October,2024.0
60949.0,KEBE00803,KEBE00803224,2025-06-21 14:22:00,5,276,27,tap_in_home_broken,54072.0,Kabianga,Kericho,Belgut,Urban,,,,,non_functional,14.0,June,2025.0
60950.0,KEBU00804,KEBU00804224,2023-02-18 11:01:00,3,16,9,tap_in_home_broken,30133.0,Cheboin,Kericho,Bureti,Urban,,,,,non_functional,11.0,February,2023.0
60951.0,KEBU00805,KEBU00805224,2022-04-01 06:38:00,1,66,24,well,39683.0,Litein,Kericho,Bureti,Rural,,Clean,,,non_functional,6.0,April,2022.0
60952.0,KEBE00806,KEBE00806224,2024-04-25 12:10:00,4,449,39,shared_taps,42935.0,Waldai,Kericho,Belgut,Rural,,,,,non_functional,12.0,April,2024.0
60953.0,KIMU00807,KIMU00807224,2024-05-08 12:35:00,4,342,13,shared_taps,38272.0,Muhoroni/Koru,Kisumu,Muhoroni,Urban,,,,,non_functional,12.0,May,2024.0
60954.0,KEBU00808,KEBU00808224,2025-12-14 09:11:00,2,187,0,river,31586.0,Chemosot,Kericho,Bureti,Rural,,,,,non_functional,9.0,December,2025.0
60955.0,KEBU00809,KEBU00809224,2023-01-21 18:11:00,1,368,16,tap_in_home,29074.0,Kapkatet,Kericho,Bureti,Urban,,,,,non_functional,18.0,January,2023.0
60956.0,KEBE00810,KEBE00810224,2025-08-08 09:19:00,3,70,6,shared_taps,32115.0,Chaik,Kericho,Belgut,Urban,,,,,non_functional,9.0,August,2025.0
60957.0,KEAI00811,KEAI00811224,2022-08-24 09:52:00,5,34,31,tap_in_home,33091.0,Kapsoit,Kericho,Ainamoi,Urban,,,,,non_functional,9.0,August,2022.0
60958.0,KEBE00812,KEBE00812224,2025-07-19 13:36:00,1,165,26,shared_taps,30422.0,Cheptororiet/Seretut,Kericho,Belgut,Urban,,,,,non_functional,13.0,July,2025.0
60959.0,BOKO00813,BOKO00813224,2024-09-26 13:04:00,1,161,34,well,28247.0,Chepchabas,Bomet,Konoin,Rural,,Contaminated:Biological,,,non_functional,13.0,September,2024.0
60960.0,BOKO00814,BOKO00814224,2022-08-17 16:24:00,2,448,43,tap_in_home,25307.0,Kimulot,Bomet,Konoin,Urban,,,,,non_functional,16.0,August,2022.0
60961.0,BOKO00815,BOKO00815224,2022-02-19 09:50:00,1,116,46,tap_in_home_broken,36157.0,Boito,Bomet,Konoin,Urban,,,,,non_functional,9.0,February,2022.0
60962.0,KEBE00816,KEBE00816224,2022-09-04 15:56:00,2,159,21,tap_in_home,27130.0,Kapsuser,Kericho,Belgut,Urban,,,,,non_functional,15.0,September,2022.0
60963.0,KEKI00817,KEKI00817224,2025-02-02 13:28:00,5,66,21,well,24061.0,Kunyak,Kericho,Kipkelion West,Rural,,Contaminated: Chemical,,,non_functional,13.0,February,2025.0
60964.0,KEAI00818,KEAI00818224,2023-04-19 16:37:00,1,48,16,shared_taps,60696.0,Kipchebor,Kericho,Ainamoi,Rural,,,,,non_functional,16.0,April,2023.0
60965.0,KEAI00819,KEAI00819224,2024-07-12 13:30:00,1,398,2,tap_in_home_broken,18001.0,Kipchimchim,Kericho,Ainamoi,Urban,,,,,non_functional,13.0,July,2024.0
60966.0,KEAI00820,KEAI00820224,2022-03-21 13:32:00,4,70,27,shared_taps,26252.0,Ainamoi,Kericho,Ainamoi,Urban,,,,,non_functional,13.0,March,2022.0
60967.0,KEAI00821,KEAI00821224,2022-09-01 16:21:00,2,3,48,shared_taps,20260.0,Kapkugerwet,Kericho,Ainamoi,Rural,,,,,non_functional,16.0,September,2022.0
60968.0,BOKO00822,BOKO00822224,2023-07-21 10:22:00,4,159,21,river,44372.0,Embomos,Bomet,Konoin,Rural,,,,,non_functional,10.0,July,2023.0
60969.0,KEAI00823,KEAI00823224,2023-09-01 13:03:00,5,430,37,shared_taps,28599.0,Kapsaos,Kericho,Ainamoi,Rural,,,,,non_functional,13.0,September,2023.0
60970.0,KEKI00824,KEKI00824224,2023-10-01 08:44:00,1,478,34,river,52557.0,Chepseon,Kericho,Kipkelion East,Rural,,,,,non_functional,8.0,October,2023.0
60971.0,KEKI00825,KEKI00825224,2024-02-06 14:32:00,1,429,22,river,42096.0,Chilchila,Kericho,Kipkelion West,Rural,,,,,non_functional,14.0,February,2024.0
60972.0,KEKI00826,KEKI00826224,2024-02-01 11:51:00,5,507,25,shared_taps,35877.0,Kipkelion,Kericho,Kipkelion West,Urban,,,,,non_functional,11.0,February,2024.0
60973.0,KEKI00827,KEKI00827224,2024-07-02 14:59:00,2,42,8,well,26509.0,Kamasian,Kericho,Kipkelion West,Rural,,Contaminated: Chemical,,,non_functional,14.0,July,2024.0
60974.0,NYBO00828,NYBO00828224,2024-02-15 08:43:00,1,192,24,shared_taps,45340.0,Kiabonyoru,Nyamira,Borabu,Urban,,,,,non_functional,8.0,February,2024.0
60975.0,KINY00829,KINY00829224,2024-03-27 10:33:00,1,284,41,tap_in_home,37682.0,South East Nyakach,Kisumu,Nyakach,Urban,,,,,non_functional,10.0,March,2024.0
60976.0,NYNO00830,NYNO00830224,2022-05-24 09:31:00,5,506,10,shared_taps,33494.0,Bokeira,Nyamira,North Mugirango,Rural,,,,,non_functional,9.0,May,2022.0
60977.0,NYNO00831,NYNO00831224,2025-09-01 06:33:00,5,450,5,tap_in_home_broken,19465.0,Bomwagamo,Nyamira,North Mugirango,Urban,,,,,non_functional,6.0,September,2025.0
60978.0,NYNO00832,NYNO00832224,2025-03-15 12:11:00,2,190,28,tap_in_home,8482.0,Ekerenyo,Nyamira,North Mugirango,Urban,,,,,non_functional,12.0,March,2025.0
60979.0,NYNO00833,NYNO00833224,2022-06-05 11:07:00,4,73,32,tap_in_home_broken,53657.0,Itibo,Nyamira,North Mugirango,Urban,,,,,non_functional,11.0,June,2022.0
60980.0,NYNO00834,NYNO00834224,2024-12-02 13:00:00,3,335,44,shared_taps,21454.0,Magwagwa,Nyamira,North Mugirango,Urban,,,,,non_functional,13.0,December,2024.0
60981.0,NYWE00835,NYWE00835224,2022-11-24 08:11:00,2,319,18,well,32155.0,Bonyamatuta,Nyamira,West Mugirango,Rural,,Contaminated: Chemical,,,non_functional,8.0,November,2022.0
60982.0,NYWE00836,NYWE00836224,2025-12-02 12:53:00,3,438,39,shared_taps,18833.0,Township,Nyamira,West Mugirango,Urban,,,,,non_functional,12.0,December,2025.0
60983.0,KIND00837,KIND00837224,2024-10-02 13:06:00,4,265,2,tap_in_home,50629.0,Kiine,Kirinyaga,Ndia,Urban,,,,,non_functional,13.0,October,2024.0
60984.0,KIKI00838,KIKI00838224,2024-02-19 15:31:00,4,392,28,tap_in_home,34633.0,Kanyekini,Kirinyaga,Kirinyaga Central,Urban,,,,,non_functional,15.0,February,2024.0
60985.0,EMMA00839,EMMA00839224,2024-12-15 09:54:00,5,131,11,shared_taps,32746.0,Mbeti North,Embu,Manyatta,Urban,,,,,non_functional,9.0,December,2024.0
60986.0,KIND00840,KIND00840224,2022-07-11 19:16:00,3,58,40,tap_in_home_broken,40526.0,Mukure,Kirinyaga,Ndia,Urban,,,,,non_functional,19.0,July,2022.0
60987.0,KIGI00841,KIGI00841224,2023-09-24 16:40:00,3,117,44,shared_taps,44612.0,Kabare,Kirinyaga,Gichugu,Urban,,,,,non_functional,16.0,September,2023.0
60988.0,NYMA00842,NYMA00842224,2022-05-01 14:21:00,4,323,19,shared_taps,33394.0,Konyu,Nyeri,Mathira,Rural,,,,,non_functional,14.0,May,2022.0
60989.0,KIGI00843,KIGI00843224,2024-08-05 15:02:00,1,69,4,well,28447.0,Njukiini,Kirinyaga,Gichugu,Rural,,Contaminated:Biological,,,non_functional,15.0,August,2024.0
60990.0,KIGI00844,KIGI00844224,2022-02-19 06:17:00,3,325,22,shared_taps,24795.0,Baragwi,Kirinyaga,Gichugu,Rural,,,,,non_functional,6.0,February,2022.0
60991.0,EMMA00845,EMMA00845224,2025-07-20 05:52:00,1,128,21,shared_taps,15961.0,Kirimari,Embu,Manyatta,Urban,,,,,non_functional,5.0,July,2025.0
60992.0,KIKI00846,KIKI00846224,2025-01-01 07:51:00,3,357,13,tap_in_home_broken,35925.0,Kerugoya,Kirinyaga,Kirinyaga Central,Rural,,,,,non_functional,7.0,January,2025.0
60993.0,EMMA00847,EMMA00847224,2025-03-15 18:28:00,5,124,42,shared_taps,22763.0,Kithimu,Embu,Manyatta,Urban,,,,,non_functional,18.0,March,2025.0
60994.0,EMRU00848,EMRU00848224,2024-06-18 18:33:00,3,477,16,shared_taps,25543.0,Kagaari South,Embu,Runyenjes,Urban,,,,,non_functional,18.0,June,2024.0
60995.0,KIKI00849,KIKI00849224,2024-09-10 13:36:00,5,234,38,river,35202.0,Inoi,Kirinyaga,Kirinyaga Central,Rural,,,,,non_functional,13.0,September,2024.0
60996.0,NYMA00850,NYMA00850224,2022-10-24 15:32:00,3,181,12,river,33875.0,Iriaini,Nyeri,Mathira,Rural,,,,,non_functional,15.0,October,2022.0
60997.0,KIKI00851,KIKI00851224,2023-04-04 12:00:00,4,27,27,tap_in_home_broken,27424.0,Mutira,Kirinyaga,Kirinyaga Central,Urban,,,,,non_functional,12.0,April,2023.0
60998.0,EMMA00852,EMMA00852224,2024-11-24 17:36:00,2,330,17,well,22118.0,Gaturi South,Embu,Manyatta,Rural,,Contaminated: Chemical,,,non_functional,17.0,November,2024.0
60999.0,EMRU00853,EMRU00853224,2022-12-06 17:37:00,1,529,17,well,33082.0,Kyeni South,Embu,Runyenjes,Rural,,Contaminated:Biological,,,non_functional,17.0,December,2022.0
61000.0,NYMA00854,NYMA00854224,2024-12-25 14:47:00,3,81,26,shared_taps,27035.0,Karatina Town,Nyeri,Mathira,Urban,,,,,non_functional,14.0,December,2024.0
61001.0,KIGI00855,KIGI00855224,2024-03-19 18:07:00,3,419,38,river,20813.0,Ngariama,Kirinyaga,Gichugu,Rural,,,,,non_functional,18.0,March,2024.0
61002.0,EMMA00856,EMMA00856224,2025-11-19 15:18:00,5,92,11,river,33244.0,Ruguru/Ngandori,Embu,Manyatta,Rural,,,,,non_functional,15.0,November,2025.0
61003.0,EMMA00857,EMMA00857224,2022-03-05 10:29:00,4,43,16,river,55849.0,Nginda,Embu,Manyatta,Urban,,,,,non_functional,10.0,March,2022.0
61004.0,EMMA00858,EMMA00858224,2022-07-05 18:01:00,3,406,36,river,30551.0,Gaturi North,Embu,Manyatta,Rural,,,,,non_functional,18.0,July,2022.0
61005.0,EMRU00859,EMRU00859224,2024-02-16 08:48:00,4,419,37,well,30425.0,Central Ward,Embu,Runyenjes,Urban,,Clean,,,non_functional,8.0,February,2024.0
61006.0,EMRU00860,EMRU00860224,2024-06-26 15:41:00,1,53,35,tap_in_home,29185.0,Kagaari North,Embu,Runyenjes,Urban,,,,,non_functional,15.0,June,2024.0
61007.0,EMRU00861,EMRU00861224,2022-12-26 07:06:00,4,437,21,well,26525.0,Kyeni North,Embu,Runyenjes,Rural,,Contaminated: Chemical,,,non_functional,7.0,December,2022.0
61008.0,THCH00862,THCH00862224,2024-08-14 13:09:00,2,326,16,tap_in_home,27489.0,Karingani,Tharaka-Nithi,Chuka/Igambang'Ombe,Urban,,,,,non_functional,13.0,August,2024.0
61009.0,THCH00863,THCH00863224,2023-03-26 15:23:00,3,54,47,tap_in_home,42487.0,Magumoni,Tharaka-Nithi,Chuka/Igambang'Ombe,Urban,,,,,non_functional,15.0,March,2023.0
61010.0,THCH00864,THCH00864224,2024-01-25 10:41:00,5,237,47,river,19882.0,Mariani,Tharaka-Nithi,Chuka/Igambang'Ombe,Rural,,,,,non_functional,10.0,January,2024.0
61011.0,THMA00865,THMA00865224,2024-03-12 07:02:00,5,85,37,tap_in_home,38811.0,Chogoria,Tharaka-Nithi,Maara,Urban,,,,,non_functional,7.0,March,2024.0
61012.0,THMA00866,THMA00866224,2025-10-04 16:34:00,4,390,48,shared_taps,19818.0,Ganga,Tharaka-Nithi,Maara,Rural,,,,,non_functional,16.0,October,2025.0
61013.0,THMA00867,THMA00867224,2022-09-26 13:44:00,4,534,46,tap_in_home_broken,17755.0,Mitheru,Tharaka-Nithi,Maara,Rural,,,,,non_functional,13.0,September,2022.0
61014.0,KAKA00868,KAKA00868224,2025-07-21 16:11:00,5,141,30,shared_taps,72365.0,Rombo,Kajiado,Kajiado South,Urban,,,,,non_functional,16.0,July,2025.0
61015.0,KAKA00869,KAKA00869224,2023-03-12 13:43:00,1,253,17,well,51394.0,Kuku,Kajiado,Kajiado South,Rural,,Clean,,,non_functional,13.0,March,2023.0
61016.0,KAKA00870,KAKA00870224,2022-11-19 09:47:00,5,531,12,tap_in_home,35295.0,Kimana,Kajiado,Kajiado South,Urban,,,,,non_functional,9.0,November,2022.0
61017.0,KAKA00871,KAKA00871224,2022-10-03 17:32:00,2,351,22,shared_taps,35034.0,Entonet/Lenkisim,Kajiado,Kajiado South,Urban,,,,,non_functional,17.0,October,2022.0
61018.0,KAKA00872,KAKA00872224,2022-06-17 19:41:00,3,163,12,river,28074.0,Mbirikani/Eselenkei,Kajiado,Kajiado South,Rural,,,,,non_functional,19.0,June,2022.0
61019.0,KAKA00873,KAKA00873224,2024-12-24 06:06:00,4,205,1,tap_in_home,65155.0,Matapato South,Kajiado,Kajiado Central,Urban,,,,,non_functional,6.0,December,2024.0
61020.0,KAKA00874,KAKA00874224,2025-07-03 05:19:00,4,345,38,tap_in_home,38251.0,Kenyawa-Poka,Kajiado,Kajiado East,Urban,,,,,non_functional,5.0,July,2025.0
61021.0,KAKA00875,KAKA00875224,2023-01-14 05:55:00,4,89,22,shared_taps,51915.0,Matapato North,Kajiado,Kajiado Central,Urban,,,,,non_functional,5.0,January,2023.0
61022.0,KAKA00876,KAKA00876224,2023-08-11 13:02:00,5,39,13,shared_taps,29892.0,Imaroro,Kajiado,Kajiado East,Urban,,,,,non_functional,13.0,August,2023.0
61023.0,MAKI00877,MAKI00877224,2023-02-03 14:44:00,4,268,33,tap_in_home_broken,27953.0,Nguu/Masumba,Makueni,Kibwezi West,Rural,,,,,non_functional,14.0,February,2023.0
61024.0,KAKA00878,KAKA00878224,2025-11-19 05:44:00,3,216,5,tap_in_home_broken,52933.0,Dalalekutuk,Kajiado,Kajiado Central,Urban,,,,,non_functional,5.0,November,2025.0
61025.0,MAKI00879,MAKI00879224,2025-10-13 18:59:00,3,287,13,shared_taps,34908.0,Emali/Mulala,Makueni,Kibwezi West,Urban,,,,,non_functional,18.0,October,2025.0
61026.0,KAKA00880,KAKA00880224,2023-11-23 16:48:00,4,68,43,tap_in_home_broken,8904.0,Purko,Kajiado,Kajiado Central,Urban,,,,,non_functional,16.0,November,2023.0
61027.0,MAKI00881,MAKI00881224,2024-12-05 13:58:00,2,327,28,shared_taps,51931.0,Kasikeu,Makueni,Kilome,Urban,,,,,non_functional,13.0,December,2024.0
61028.0,MAMA00882,MAMA00882224,2023-03-13 10:37:00,3,159,22,shared_taps,30839.0,Mbitini,Makueni,Makueni,Urban,,,,,non_functional,10.0,March,2023.0
61029.0,MAMA00883,MAMA00883224,2024-07-20 12:59:00,2,436,8,river,45010.0,Nzaui/Kilili/Kalamba,Makueni,Makueni,Urban,,,,,non_functional,12.0,July,2024.0
61030.0,MAMA00884,MAMA00884224,2023-04-19 17:05:00,4,124,47,tap_in_home,32979.0,Muvau/Kikuumini,Makueni,Makueni,Urban,,,,,non_functional,17.0,April,2023.0
61031.0,KAKA00885,KAKA00885224,2025-08-21 06:14:00,4,248,26,well,15248.0,Ildamat,Kajiado,Kajiado Central,Rural,,Clean,,,non_functional,6.0,August,2025.0
61032.0,MAKI00886,MAKI00886224,2022-04-10 06:00:00,4,27,20,shared_taps,40784.0,Kiima Kiu/Kalanzoni,Makueni,Kilome,Urban,,,,,non_functional,6.0,April,2022.0
61033.0,MAKI00887,MAKI00887224,2024-11-17 12:47:00,3,290,6,shared_taps,33834.0,Mukaa,Makueni,Kilome,Urban,,,,,non_functional,12.0,November,2024.0
61034.0,MEIG00888,MEIG00888224,2025-10-21 14:53:00,2,165,48,well,47201.0,Njia,Meru,Igembe Central,Urban,,Contaminated:Biological,,,non_functional,14.0,October,2025.0
61035.0,MAKA00889,MAKA00889224,2024-01-13 11:02:00,2,399,43,well,32977.0,Ilima,Makueni,Kaiti,Rural,,Contaminated: Chemical,,,non_functional,11.0,January,2024.0
61036.0,MAMA00890,MAMA00890224,2024-11-22 13:15:00,2,263,40,river,30061.0,Wote,Makueni,Makueni,Rural,,,,,non_functional,13.0,November,2024.0
61037.0,MAKA00891,MAKA00891224,2023-07-02 18:06:00,4,306,3,tap_in_home,48492.0,Ukia,Makueni,Kaiti,Urban,,,,,non_functional,18.0,July,2023.0
61038.0,HOND00892,HOND00892224,2025-04-21 17:00:00,5,390,16,river,45663.0,Kwabwai,Homa Bay,Ndhiwa,Rural,,,,,non_functional,17.0,April,2025.0
61039.0,HOND00893,HOND00893224,2024-07-19 09:46:00,1,534,43,shared_taps,21221.0,Kabuoch South/Pala,Homa Bay,Ndhiwa,Urban,,,,,non_functional,9.0,July,2024.0
61040.0,HOSU00894,HOSU00894224,2025-02-26 07:11:00,1,248,4,shared_taps,45559.0,Gwassi South,Homa Bay,Suba,Urban,,,,,non_functional,7.0,February,2025.0
61041.0,HOND00895,HOND00895224,2025-06-05 17:06:00,5,468,6,tap_in_home_broken,61163.0,Kabuoch North,Homa Bay,Ndhiwa,Urban,,,,,non_functional,17.0,June,2025.0
61042.0,HOND00896,HOND00896224,2023-03-01 12:39:00,3,193,41,tap_in_home_broken,47239.0,Kanyamwa Kosewe,Homa Bay,Ndhiwa,Urban,,,,,non_functional,12.0,March,2023.0
61043.0,HOSU00897,HOSU00897224,2024-07-25 13:21:00,4,457,17,shared_taps,30960.0,Gwassi North,Homa Bay,Suba,Urban,,,,,non_functional,13.0,July,2024.0
61044.0,HOSU00898,HOSU00898224,2023-10-25 12:48:00,3,377,21,shared_taps,17316.0,Ruma-Kaksingri,Homa Bay,Suba,Urban,,,,,non_functional,12.0,October,2023.0
61045.0,HOMB00899,HOMB00899224,2023-06-10 14:17:00,2,491,34,well,30576.0,Lambwe,Homa Bay,Mbita,Rural,,Contaminated: Chemical,,,non_functional,14.0,June,2023.0
61046.0,HOHO00900,HOHO00900224,2023-08-22 13:29:00,5,525,4,shared_taps,43551.0,Homa Bay Central,Homa Bay,Homa Bay Town,Rural,,,,,non_functional,13.0,August,2023.0
61047.0,HOHO00901,HOHO00901224,2023-06-12 12:08:00,3,448,37,shared_taps,37865.0,Homa Bay East,Homa Bay,Homa Bay Town,Urban,,,,,non_functional,12.0,June,2023.0
61048.0,HOSU00902,HOSU00902224,2022-05-08 16:10:00,1,414,7,shared_taps,41994.0,Kaksingri West,Homa Bay,Suba,Urban,,,,,non_functional,16.0,May,2022.0
61049.0,HORA00903,HORA00903224,2022-05-20 17:54:00,4,57,23,shared_taps,32432.0,Kochia,Homa Bay,Rangwe,Rural,,,,,non_functional,17.0,May,2022.0
61050.0,HOMB00904,HOMB00904224,2024-04-20 07:46:00,4,235,46,tap_in_home,21576.0,Gembe,Homa Bay,Mbita,Urban,,,,,non_functional,7.0,April,2024.0
61051.0,HOMB00905,HOMB00905224,2022-04-26 19:10:00,2,293,22,well,32731.0,Mfangano Island,Homa Bay,Mbita,Rural,,Clean,,,non_functional,19.0,April,2022.0
61052.0,HOMB00906,HOMB00906224,2024-09-05 16:38:00,2,467,19,river,24118.0,Kasgunga,Homa Bay,Mbita,Rural,,,,,non_functional,16.0,September,2024.0
61053.0,HOMB00907,HOMB00907224,2022-08-14 06:07:00,2,142,43,tap_in_home_broken,29456.0,Rusinga Island,Homa Bay,Mbita,Rural,,,,,non_functional,6.0,August,2022.0
61054.0,HOKA00908,HOKA00908224,2024-04-01 16:10:00,1,486,11,river,35850.0,West Karachuonyo,Homa Bay,Karachuonyo,Rural,,,,,non_functional,16.0,April,2024.0
61055.0,HOUN00909,HOUN00909224,2023-11-19 13:44:00,1,465,29,tap_in_home,27541.0,unknown 6,Homa Bay,unknown 6,Rural,,,,,non_functional,13.0,November,2023.0
61056.0,NANA00910,NANA00910224,2023-01-16 06:00:00,3,533,35,river,36464.0,Loita,Narok,Narok South,Rural,,,,,non_functional,6.0,January,2023.0
61057.0,KAKA00911,KAKA00911224,2025-04-22 18:15:00,4,193,28,tap_in_home,38946.0,Magadi,Kajiado,Kajiado West,Urban,,,,,non_functional,18.0,April,2025.0
61058.0,KAKA00912,KAKA00912224,2023-07-05 11:14:00,2,67,4,well,32368.0,Iloodokilani,Kajiado,Kajiado West,Rural,,Clean,,,non_functional,11.0,July,2023.0
61059.0,NYKI00913,NYKI00913224,2022-05-14 17:23:00,1,269,29,river,41450.0,Gakawa,Nyeri,Kieni,Rural,,,,,non_functional,17.0,May,2022.0
61060.0,NYKI00914,NYKI00914224,2023-11-16 12:07:00,5,393,8,tap_in_home_broken,34119.0,Naromoru Kiamathaga,Nyeri,Kieni,Urban,,,,,non_functional,12.0,November,2023.0
61061.0,NYKI00915,NYKI00915224,2024-09-26 18:26:00,5,15,44,river,31108.0,Kabaru,Nyeri,Kieni,Rural,,,,,non_functional,18.0,September,2024.0
61062.0,LALA00916,LALA00916224,2023-10-09 10:12:00,1,536,2,tap_in_home,38785.0,Nanyuki,Laikipia,Laikipia East,Urban,,,,,non_functional,10.0,October,2023.0
61063.0,LALA00917,LALA00917224,2024-12-20 05:20:00,5,478,32,well,23871.0,Umande,Laikipia,Laikipia North,Rural,,Contaminated:Biological,,,non_functional,5.0,December,2024.0
61064.0,LALA00918,LALA00918224,2023-08-28 07:56:00,5,208,1,river,28571.0,Mugogodo East,Laikipia,Laikipia North,Rural,,,,,non_functional,7.0,August,2023.0
61065.0,MEBU00919,MEBU00919224,2025-04-18 09:41:00,1,303,0,tap_in_home_broken,51198.0,Timau,Meru,Buuri,Urban,,,,,non_functional,9.0,April,2025.0
61066.0,MEBU00920,MEBU00920224,2024-06-06 10:02:00,3,77,48,tap_in_home,43718.0,Kisima,Meru,Buuri,Urban,,,,,non_functional,10.0,June,2024.0
61067.0,KIGI00921,KIGI00921224,2024-01-23 06:21:00,4,320,42,river,56621.0,Karumandi,Kirinyaga,Gichugu,Rural,,,,,non_functional,6.0,January,2024.0
61068.0,MEBU00922,MEBU00922224,2022-06-27 19:03:00,4,526,0,tap_in_home_broken,30303.0,Kibirichia,Meru,Buuri,Urban,,,,,non_functional,19.0,June,2022.0
61069.0,MECE00923,MECE00923224,2024-08-27 15:05:00,5,157,26,shared_taps,43364.0,Mwanganthia,Meru,Central Imenti,Rural,,,,,non_functional,15.0,August,2024.0
61070.0,MESO00924,MESO00924224,2023-11-06 07:19:00,4,80,33,river,57638.0,Nkuene,Meru,South Imenti,Rural,,,,,non_functional,7.0,November,2023.0
61071.0,MESO00925,MESO00925224,2024-01-01 07:16:00,2,251,28,shared_taps,40898.0,Abogeta West,Meru,South Imenti,Rural,,,,,non_functional,7.0,January,2024.0
61072.0,MESO00926,MESO00926224,2023-12-06 19:53:00,4,311,29,tap_in_home_broken,27045.0,Igoji West,Meru,South Imenti,Urban,,,,,non_functional,19.0,December,2023.0
61073.0,ISIS00927,ISIS00927224,2023-12-04 12:19:00,1,265,4,river,24899.0,Burat,Isiolo,Isiolo North,Rural,,,,,non_functional,12.0,December,2023.0
61074.0,MEBU00928,MEBU00928224,2025-05-09 17:07:00,5,195,35,shared_taps,25755.0,Ruiri/Rwarera,Meru,Buuri,Urban,,,,,non_functional,17.0,May,2025.0
61075.0,MEBU00929,MEBU00929224,2025-11-24 08:57:00,4,404,31,shared_taps,30416.0,Kiirua/Naari,Meru,Buuri,Urban,,,,,non_functional,8.0,November,2025.0
61076.0,NYKI00930,NYKI00930224,2024-10-24 16:57:00,5,213,0,tap_in_home,27189.0,Thegu River,Nyeri,Kieni,Urban,,,,,non_functional,16.0,October,2024.0
61077.0,NYMA00931,NYMA00931224,2025-08-23 13:15:00,5,375,5,well,22871.0,Magutu,Nyeri,Mathira,Rural,,Clean,,,non_functional,13.0,August,2025.0
61078.0,NYMA00932,NYMA00932224,2023-08-21 15:26:00,5,71,15,tap_in_home,23769.0,Ruguru,Nyeri,Mathira,Urban,,,,,non_functional,15.0,August,2023.0
61079.0,METI00933,METI00933224,2024-12-19 14:08:00,1,520,28,river,45608.0,Kianjai,Meru,Tigania West,Rural,,,,,non_functional,14.0,December,2024.0
61080.0,MENO00934,MENO00934224,2023-05-10 06:40:00,2,1,47,well,17392.0,Ntima West,Meru,North Imenti,Rural,,Contaminated: Chemical,,,non_functional,6.0,May,2023.0
61081.0,METI00935,METI00935224,2024-08-03 17:23:00,5,328,24,shared_taps,53828.0,Muthara,Meru,Tigania East,Urban,,,,,non_functional,17.0,August,2024.0
61082.0,MENO00936,MENO00936224,2025-10-03 13:05:00,4,399,16,shared_taps,9029.0,Municipality,Meru,North Imenti,Urban,,,,,non_functional,13.0,October,2025.0
61083.0,METI00937,METI00937224,2022-01-28 08:08:00,4,209,13,shared_taps,14741.0,Athwana,Meru,Tigania West,Urban,,,,,non_functional,8.0,January,2022.0
61084.0,MENO00938,MENO00938224,2023-09-08 13:55:00,3,274,18,shared_taps,47057.0,Nyaki West,Meru,North Imenti,Urban,,,,,non_functional,13.0,September,2023.0
61085.0,MESO00939,MESO00939224,2023-11-13 18:53:00,2,66,9,shared_taps,44304.0,Abogeta East,Meru,South Imenti,Urban,,,,,non_functional,18.0,November,2023.0
61086.0,MECE00940,MECE00940224,2024-06-02 16:19:00,4,179,31,shared_taps,69712.0,Abothuguchi Central,Meru,Central Imenti,Urban,,,,,non_functional,16.0,June,2024.0
61087.0,MESO00941,MESO00941224,2023-03-03 09:13:00,5,533,28,well,37904.0,Igoji East,Meru,South Imenti,Rural,,Clean,,,non_functional,9.0,March,2023.0
61088.0,METI00942,METI00942224,2023-10-20 09:16:00,1,443,44,river,38999.0,Akithii,Meru,Tigania West,Rural,,,,,non_functional,9.0,October,2023.0
61089.0,MENO00943,MENO00943224,2025-07-06 08:13:00,4,444,25,tap_in_home_broken,12870.0,Ntima East,Meru,North Imenti,Urban,,,,,non_functional,8.0,July,2025.0
61090.0,METI00944,METI00944224,2022-12-21 16:21:00,2,346,33,river,29665.0,Karama,Meru,Tigania East,Rural,,,,,non_functional,16.0,December,2022.0
61091.0,MESO00945,MESO00945224,2024-04-15 18:01:00,1,296,35,well,27334.0,Mitunguu,Meru,South Imenti,Urban,,Clean,,,non_functional,18.0,April,2024.0
61092.0,METI00946,METI00946224,2023-05-07 06:02:00,5,531,31,well,28735.0,Nkomo,Meru,Tigania West,Rural,,Contaminated:Biological,,,non_functional,6.0,May,2023.0
61093.0,MENO00947,MENO00947224,2022-05-18 08:51:00,3,359,15,river,28660.0,Nyaki East,Meru,North Imenti,Rural,,,,,non_functional,8.0,May,2022.0
61094.0,MECE00948,MECE00948224,2022-06-24 06:19:00,5,300,13,tap_in_home,32514.0,Abothuguchi West,Meru,Central Imenti,Urban,,,,,non_functional,6.0,June,2022.0
61095.0,MEIG00949,MEIG00949224,2023-08-17 14:40:00,3,420,2,shared_taps,36026.0,Kangeta,Meru,Igembe Central,Rural,,,,,non_functional,14.0,August,2023.0
61096.0,METI00950,METI00950224,2022-12-10 12:11:00,4,180,4,river,20933.0,Mbeu,Meru,Tigania West,Rural,,,,,non_functional,12.0,December,2022.0
61097.0,MEIG00951,MEIG00951224,2024-12-08 15:54:00,1,538,21,shared_taps,25389.0,Ntunene,Meru,Igembe North,Urban,,,,,non_functional,15.0,December,2024.0
61098.0,MEUN00952,MEUN00952224,2025-10-18 17:48:00,1,422,35,well,16701.0,unknown 5,Meru,unknown 5,Rural,,Contaminated:Biological,,,non_functional,17.0,October,2025.0
61099.0,METI00953,METI00953224,2022-04-13 10:12:00,5,38,43,tap_in_home_broken,38742.0,Mikinduri,Meru,Tigania East,Urban,,,,,non_functional,10.0,April,2022.0
61100.0,MEIG00954,MEIG00954224,2024-06-25 16:33:00,3,524,41,river,38104.0,Akirang'Ondu,Meru,Igembe Central,Rural,,,,,non_functional,16.0,June,2024.0
61101.0,METI00955,METI00955224,2024-06-17 08:56:00,2,473,26,tap_in_home,28391.0,Kiguchwa,Meru,Tigania East,Rural,,,,,non_functional,8.0,June,2024.0
61102.0,METI00956,METI00956224,2023-06-02 05:46:00,5,133,48,tap_in_home,55278.0,Thangatha,Meru,Tigania East,Urban,,,,,non_functional,5.0,June,2023.0
61103.0,MEIG00957,MEIG00957224,2025-08-10 15:14:00,5,302,7,river,35153.0,Kiegoi/Antubochiu,Meru,Igembe South,Rural,,,,,non_functional,15.0,August,2025.0
61104.0,MEIG00958,MEIG00958224,2025-01-06 19:17:00,5,189,12,shared_taps,35973.0,Akachiu,Meru,Igembe South,Urban,,,,,non_functional,19.0,January,2025.0
61105.0,MEIG00959,MEIG00959224,2023-07-14 16:30:00,3,4,42,river,48411.0,Maua,Meru,Igembe South,Rural,,,,,non_functional,16.0,July,2023.0
61106.0,MEIG00960,MEIG00960224,2022-07-17 19:36:00,1,532,5,river,33411.0,Kanuni,Meru,Igembe South,Rural,,,,,non_functional,19.0,July,2022.0
61107.0,MEIG00961,MEIG00961224,2024-05-24 08:38:00,1,204,19,shared_taps,64939.0,Igembe East,Meru,Igembe Central,Urban,,,,,non_functional,8.0,May,2024.0
61108.0,KIMW00962,KIMW00962224,2024-05-17 06:57:00,5,235,48,tap_in_home,18242.0,Tharaka,Kitui,Mwingi North,Urban,,,,,non_functional,6.0,May,2024.0
61109.0,MEIG00963,MEIG00963224,2023-10-12 07:28:00,5,197,6,shared_taps,48425.0,Athiru Ruujine,Meru,Igembe Central,Urban,,,,,non_functional,7.0,October,2023.0
61110.0,MEIG00964,MEIG00964224,2023-01-23 19:51:00,1,184,7,shared_taps,26640.0,Athiru Gaiti,Meru,Igembe South,Urban,,,,,non_functional,19.0,January,2023.0
61111.0,ISIS00965,ISIS00965224,2024-07-25 12:29:00,4,55,12,shared_taps,42598.0,Kinna,Isiolo,Isiolo South,Urban,,,,,non_functional,12.0,July,2024.0
61112.0,KIMW00966,KIMW00966224,2024-03-01 17:08:00,2,162,12,shared_taps,46147.0,Tseikuru,Kitui,Mwingi North,Rural,,,,,non_functional,17.0,March,2024.0
61113.0,THCH00967,THCH00967224,2023-02-13 05:14:00,2,278,0,shared_taps,35674.0,Igambang'Ombe,Tharaka-Nithi,Chuka/Igambang'Ombe,Urban,,,,,non_functional,5.0,February,2023.0
61114.0,THIG00968,THIG00968224,2024-12-17 12:19:00,5,443,3,tap_in_home,29483.0,Akachiu,Tharaka-Nithi,Igembe South,Urban,,,,,non_functional,12.0,December,2024.0
61115.0,THMA00969,THMA00969224,2023-06-20 17:33:00,5,189,48,tap_in_home_broken,33846.0,Mwimbi,Tharaka-Nithi,Maara,Rural,,,,,non_functional,17.0,June,2023.0
61116.0,THTH00970,THTH00970224,2024-04-19 08:56:00,4,353,6,river,37101.0,Chiakariga,Tharaka-Nithi,Tharaka,Rural,,,,,non_functional,8.0,April,2024.0
61117.0,THTH00971,THTH00971224,2024-08-12 05:51:00,1,248,46,shared_taps,29768.0,Gatunga,Tharaka-Nithi,Tharaka,Urban,,,,,non_functional,5.0,August,2024.0
61118.0,THTH00972,THTH00972224,2025-07-18 18:19:00,2,89,43,tap_in_home_broken,35338.0,Mukothima,Tharaka-Nithi,Tharaka,Urban,,,,,non_functional,18.0,July,2025.0
61119.0,THTH00973,THTH00973224,2024-09-12 17:51:00,2,60,14,shared_taps,17375.0,Nkondi,Tharaka-Nithi,Tharaka,Rural,,,,,non_functional,17.0,September,2024.0
61120.0,NABA00974,NABA00974224,2023-05-24 11:55:00,3,502,41,tap_in_home,34948.0,Lanet/Umoja,Nakuru,Bahati,Urban,,,,,non_functional,11.0,May,2023.0
61121.0,NANA00975,NANA00975224,2023-01-26 07:21:00,5,370,31,river,10.0,Shaabab,Nakuru,Nakuru Town West,Urban,,,,,non_functional,7.0,January,2023.0
61122.0,NANA00976,NANA00976224,2023-02-23 19:22:00,1,340,20,tap_in_home,29.0,Kivumbini,Nakuru,Nakuru Town East,Urban,,,,,non_functional,19.0,February,2023.0
61123.0,NANA00977,NANA00977224,2025-08-04 13:34:00,1,3,43,tap_in_home,11.0,Flamingo,Nakuru,Nakuru Town East,Urban,,,,,non_functional,13.0,August,2025.0
61124.0,NANA00978,NANA00978224,2022-03-11 15:50:00,5,250,45,shared_taps,4078.0,Biashara,Nakuru,Nakuru Town East,Rural,,,,,non_functional,15.0,March,2022.0
61125.0,NANA00979,NANA00979224,2023-06-12 18:42:00,2,309,26,shared_taps,5370.0,Menengai,Nakuru,Nakuru Town East,Rural,,,,,non_functional,18.0,June,2023.0
61126.0,NANA00980,NANA00980224,2025-08-13 18:44:00,5,371,17,well,163.0,Rhoda,Nakuru,Nakuru Town West,Rural,,Clean,,,non_functional,18.0,August,2025.0
61127.0,NANA00981,NANA00981224,2023-02-09 17:00:00,4,212,21,shared_taps,8203.0,London,Nakuru,Nakuru Town East,Rural,,,,,non_functional,17.0,February,2023.0
61128.0,LALA00982,LALA00982224,2023-12-17 15:15:00,3,209,34,tap_in_home,50523.0,Tigithi,Laikipia,Laikipia East,Urban,,,,,non_functional,15.0,December,2023.0
61129.0,NABA00983,NABA00983224,2025-04-01 05:14:00,4,25,3,tap_in_home_broken,35663.0,Dundori,Nakuru,Bahati,Urban,,,,,non_functional,5.0,April,2025.0
61130.0,NABA00984,NABA00984224,2024-02-07 17:27:00,3,375,17,shared_taps,35676.0,Kabatini,Nakuru,Bahati,Rural,,,,,non_functional,17.0,February,2024.0
61131.0,LALA00985,LALA00985224,2024-01-13 13:03:00,5,345,20,tap_in_home,39291.0,Ngobit,Laikipia,Laikipia East,Urban,,,,,non_functional,13.0,January,2024.0
61132.0,NASU00986,NASU00986224,2024-08-01 06:16:00,4,106,41,tap_in_home,43665.0,Kabazi,Nakuru,Subukia,Urban,,,,,non_functional,6.0,August,2024.0
61133.0,NARO00987,NARO00987224,2025-08-03 19:29:00,4,96,17,shared_taps,33042.0,Solai,Nakuru,Rongai,Rural,,,,,non_functional,19.0,August,2025.0
61134.0,NASU00988,NASU00988224,2023-05-06 05:34:00,4,314,46,well,41787.0,Subukia,Nakuru,Subukia,Rural,,Clean,,,non_functional,5.0,May,2023.0
61135.0,LALA00989,LALA00989224,2022-10-03 12:23:00,3,491,5,shared_taps,27651.0,Thingithu,Laikipia,Laikipia East,Urban,,,,,non_functional,12.0,October,2022.0
61136.0,LALA00990,LALA00990224,2022-10-03 15:52:00,1,515,41,well,71433.0,Igwamiti,Laikipia,Laikipia West,Rural,,Contaminated: Chemical,,,non_functional,15.0,October,2022.0
61137.0,LALA00991,LALA00991224,2023-06-21 07:57:00,3,154,7,well,19630.0,Segera,Laikipia,Laikipia North,Rural,,Contaminated: Chemical,,,non_functional,7.0,June,2023.0
61138.0,LALA00992,LALA00992224,2024-06-04 18:45:00,4,377,41,tap_in_home_broken,38262.0,Salama,Laikipia,Laikipia West,Urban,,,,,non_functional,18.0,June,2024.0
61139.0,NASU00993,NASU00993224,2024-12-19 10:21:00,5,186,30,well,26043.0,Waseges,Nakuru,Subukia,Rural,,Contaminated:Biological,,,non_functional,10.0,December,2024.0
61140.0,LALA00994,LALA00994224,2022-07-20 16:24:00,5,387,44,well,62691.0,Marmanet,Laikipia,Laikipia West,Urban,,Clean,,,non_functional,16.0,July,2022.0
61141.0,LALA00995,LALA00995224,2022-10-24 18:10:00,5,352,25,river,30861.0,Rumuruti Township,Laikipia,Laikipia West,Urban,,,,,non_functional,18.0,October,2022.0
61142.0,LALA00996,LALA00996224,2024-11-17 09:42:00,3,229,11,river,33420.0,Sosian,Laikipia,Laikipia North,Rural,,,,,non_functional,9.0,November,2024.0
61143.0,LALA00997,LALA00997224,2024-10-15 12:30:00,3,101,44,tap_in_home_broken,31730.0,Ol-Moran,Laikipia,Laikipia West,Urban,,,,,non_functional,12.0,October,2024.0
61144.0,NYKI00998,NYKI00998224,2024-07-04 07:32:00,5,373,22,river,32002.0,Wanjohi,Nyandarua,Kipipiri,Rural,,,,,non_functional,7.0,July,2024.0
61145.0,NYND00999,NYND00999224,2024-09-04 15:48:00,1,334,25,well,32410.0,Central,Nyandarua,Ndaragwa,Urban,,Clean,,,non_functional,15.0,September,2024.0
61146.0,NYND01000,NYND01000224,2023-03-09 17:59:00,1,472,3,shared_taps,24649.0,Kiriita,Nyandarua,Ndaragwa,Rural,,,,,non_functional,17.0,March,2023.0
61147.0,NYND01001,NYND01001224,2024-09-18 07:56:00,2,86,6,shared_taps,22731.0,Leshau/Pondo,Nyandarua,Ndaragwa,Urban,,,,,non_functional,7.0,September,2024.0
61148.0,NYND01002,NYND01002224,2023-08-01 06:40:00,3,50,11,well,26182.0,Shamata,Nyandarua,Ndaragwa,Rural,,Contaminated: Chemical,,,non_functional,6.0,August,2023.0
61149.0,NYOL01003,NYOL01003224,2024-05-24 10:49:00,5,324,34,river,34635.0,Charagita,Nyandarua,Ol Jorok,Rural,,,,,non_functional,10.0,May,2024.0
61150.0,NYOL01004,NYOL01004224,2023-01-21 17:00:00,2,465,39,tap_in_home_broken,25287.0,Gathanji,Nyandarua,Ol Jorok,Rural,,,,,non_functional,17.0,January,2023.0
61151.0,NYOL01005,NYOL01005224,2022-05-19 11:28:00,2,276,5,tap_in_home_broken,28326.0,Gatimu,Nyandarua,Ol Jorok,Rural,,,,,non_functional,11.0,May,2022.0
61152.0,NYOL01006,NYOL01006224,2022-08-02 15:07:00,1,132,33,tap_in_home,36383.0,Weru,Nyandarua,Ol Jorok,Urban,,,,,non_functional,15.0,August,2022.0
61153.0,NYOL01007,NYOL01007224,2022-02-11 09:54:00,5,285,32,river,35071.0,Kanjuiri Range,Nyandarua,Ol Kalou,Urban,,,,,non_functional,9.0,February,2022.0
61154.0,NYOL01008,NYOL01008224,2024-02-15 19:54:00,4,420,20,well,26624.0,Mirangine,Nyandarua,Ol Kalou,Rural,,Contaminated:Biological,,,non_functional,19.0,February,2024.0
61155.0,NYOL01009,NYOL01009224,2023-10-05 08:12:00,5,240,42,tap_in_home,30287.0,Rurii,Nyandarua,Ol Kalou,Urban,,,,,non_functional,8.0,October,2023.0
61156.0,NYKI01010,NYKI01010224,2022-04-10 09:43:00,1,356,16,shared_taps,21430.0,Gatarakwa,Nyeri,Kieni,Urban,,,,,non_functional,9.0,April,2022.0
61157.0,NYKI01011,NYKI01011224,2023-04-23 05:45:00,4,343,42,well,28869.0,Mugunda,Nyeri,Kieni,Rural,,Contaminated:Biological,,,non_functional,5.0,April,2023.0
61158.0,NYKI01012,NYKI01012224,2025-04-09 09:49:00,5,511,31,tap_in_home,27081.0,Mwiyogo/Endarasha,Nyeri,Kieni,Urban,,,,,non_functional,9.0,April,2025.0
61159.0,LALA01013,LALA01013224,2022-05-28 06:44:00,1,389,23,shared_taps,36649.0,Githiga,Laikipia,Laikipia West,Urban,,,,,non_functional,6.0,May,2022.0
61160.0,ISIS01014,ISIS01014224,2022-09-27 14:26:00,3,335,38,tap_in_home,45150.0,Cherab,Isiolo,Isiolo North,Urban,,,,,non_functional,14.0,September,2022.0
61161.0,ISIS01015,ISIS01015224,2025-12-17 13:25:00,2,64,36,tap_in_home,43991.0,Garbatulla,Isiolo,Isiolo South,Urban,,,,,non_functional,13.0,December,2025.0
61162.0,ISIS01016,ISIS01016224,2022-01-16 16:25:00,1,212,44,shared_taps,37685.0,Sericho,Isiolo,Isiolo South,Urban,,,,,non_functional,16.0,January,2022.0
61163.0,GALA01017,GALA01017224,2023-05-18 05:37:00,1,506,33,river,11263.0,Benane,Garissa,Lagdera,Rural,,,,,non_functional,5.0,May,2023.0
61164.0,GABA01018,GABA01018224,2022-05-03 13:29:00,4,176,11,river,8320.0,Danyere,Garissa,Balambala,Rural,,,,,non_functional,13.0,May,2022.0
61165.0,GABA01019,GABA01019224,2023-08-25 15:42:00,5,503,27,tap_in_home,3112.0,Jara Jara,Garissa,Balambala,Urban,,,,,non_functional,15.0,August,2023.0
61166.0,GALA01020,GALA01020224,2024-05-23 19:22:00,2,95,40,tap_in_home_broken,4069.0,Modogashe,Garissa,Lagdera,Urban,,,,,non_functional,19.0,May,2024.0
61167.0,GALA01021,GALA01021224,2025-05-16 16:16:00,1,455,22,shared_taps,16669.0,Maalimin,Garissa,Lagdera,Rural,,,,,non_functional,16.0,May,2025.0
61168.0,GABA01022,GABA01022224,2022-01-02 12:30:00,2,475,21,tap_in_home,5753.0,Balambala,Garissa,Balambala,Urban,,,,,non_functional,12.0,January,2022.0
61169.0,GABA01023,GABA01023224,2024-01-06 09:55:00,5,173,47,well,1403.0,Saka,Garissa,Balambala,Rural,,Contaminated: Chemical,,,non_functional,9.0,January,2024.0
61170.0,GALA01024,GALA01024224,2022-04-20 06:28:00,2,266,23,river,5966.0,Sabena,Garissa,Lagdera,Rural,,,,,non_functional,6.0,April,2022.0
61171.0,GALA01025,GALA01025224,2023-11-15 11:00:00,2,329,38,tap_in_home,10775.0,Goreale,Garissa,Lagdera,Urban,,,,,non_functional,11.0,November,2023.0
61172.0,GABA01026,GABA01026224,2022-09-08 19:22:00,5,63,48,shared_taps,3527.0,Sankuri,Garissa,Balambala,Rural,,,,,non_functional,19.0,September,2022.0
61173.0,GADA01027,GADA01027224,2024-11-11 15:06:00,2,172,34,tap_in_home,16000.0,Dertu,Garissa,Daadab,Urban,,,,,non_functional,15.0,November,2024.0
61174.0,GALA01028,GALA01028224,2024-04-21 17:58:00,4,260,41,tap_in_home,34.0,Baraki,Garissa,Lagdera,Urban,,,,,non_functional,17.0,April,2024.0
61175.0,GADA01029,GADA01029224,2023-04-06 11:24:00,1,144,33,river,21274.0,Abakaile,Garissa,Daadab,Rural,,,,,non_functional,11.0,April,2023.0
61176.0,GADA01030,GADA01030224,2024-11-20 10:04:00,4,216,45,tap_in_home,68839.0,Labasigale,Garissa,Daadab,Rural,,,,,non_functional,10.0,November,2024.0
61177.0,GADA01031,GADA01031224,2022-09-05 08:17:00,1,96,31,tap_in_home,36852.0,Dadaab,Garissa,Daadab,Urban,,,,,non_functional,8.0,September,2022.0
61178.0,GADA01032,GADA01032224,2022-05-16 08:12:00,3,309,23,river,14988.0,Damajale,Garissa,Daadab,Urban,,,,,non_functional,8.0,May,2022.0
61179.0,GADA01033,GADA01033224,2025-05-15 15:44:00,4,209,33,tap_in_home_broken,17907.0,Liboi,Garissa,Daadab,Urban,,,,,non_functional,15.0,May,2025.0
61180.0,WAEL01034,WAEL01034224,2024-10-04 11:45:00,4,334,4,river,30294.0,Elnur/Tula Tula,Wajir,Eldas,Urban,,,,,non_functional,11.0,October,2024.0
61181.0,WATA01035,WATA01035224,2023-06-26 08:04:00,1,367,31,shared_taps,13973.0,Tarbaj,Wajir,Tarbaj,Urban,,,,,non_functional,8.0,June,2023.0
61182.0,WAWA01036,WAWA01036224,2025-05-03 14:45:00,2,518,5,tap_in_home,12649.0,Barwago,Wajir,Wajir East,Urban,,,,,non_functional,14.0,May,2025.0
61183.0,WAWA01037,WAWA01037224,2024-10-13 16:05:00,4,364,37,tap_in_home,35004.0,Khorof/Harar,Wajir,Wajir East,Urban,,,,,non_functional,16.0,October,2024.0
61184.0,WAWA01038,WAWA01038224,2025-07-22 14:15:00,5,378,10,shared_taps,17623.0,Township,Wajir,Wajir East,Urban,,,,,non_functional,14.0,July,2025.0
61185.0,WAWA01039,WAWA01039224,2023-12-12 16:29:00,4,85,8,shared_taps,25849.0,Wagberi,Wajir,Wajir East,Rural,,,,,non_functional,16.0,December,2023.0
61186.0,WAWA01040,WAWA01040224,2024-04-01 07:14:00,2,6,28,tap_in_home_broken,73211.0,Benane,Wajir,Wajir South,Urban,,,,,non_functional,7.0,April,2024.0
61187.0,WAWA01041,WAWA01041224,2022-03-10 08:06:00,4,283,23,shared_taps,23797.0,Burder,Wajir,Wajir South,Rural,,,,,non_functional,8.0,March,2022.0
61188.0,WAWA01042,WAWA01042224,2022-02-09 09:57:00,2,438,24,tap_in_home,21493.0,Dadaja Bulla,Wajir,Wajir South,Urban,,,,,non_functional,9.0,February,2022.0
61189.0,WAWA01043,WAWA01043224,2024-10-27 15:30:00,3,374,35,shared_taps,31524.0,Diif,Wajir,Wajir South,Urban,,,,,non_functional,15.0,October,2024.0
61190.0,WAWA01044,WAWA01044224,2022-07-07 09:45:00,1,296,14,shared_taps,86121.0,Habasswein,Wajir,Wajir South,Urban,,,,,non_functional,9.0,July,2022.0
61191.0,WAWA01045,WAWA01045224,2024-06-12 09:51:00,2,207,42,river,46914.0,Ibrahim Ure,Wajir,Wajir South,Rural,,,,,non_functional,9.0,June,2024.0
61192.0,WAWA01046,WAWA01046224,2023-07-11 17:07:00,1,73,14,shared_taps,57517.0,Lagboghol South,Wajir,Wajir South,Urban,,,,,non_functional,17.0,July,2023.0
61193.0,WAWA01047,WAWA01047224,2023-05-07 14:11:00,1,113,20,shared_taps,43851.0,Adamasajide,Wajir,Wajir West,Urban,,,,,non_functional,14.0,May,2023.0
61194.0,WAWA01048,WAWA01048224,2023-04-04 19:31:00,1,221,4,tap_in_home,20151.0,Arbajahan,Wajir,Wajir West,Urban,,,,,non_functional,19.0,April,2023.0
61195.0,WAWA01049,WAWA01049224,2023-12-08 13:16:00,1,38,16,river,31649.0,Ganyure/Wagalla,Wajir,Wajir West,Rural,,,,,non_functional,13.0,December,2023.0
61196.0,WAWA01050,WAWA01050224,2023-03-24 08:57:00,1,315,31,shared_taps,20848.0,Hadado/Athibohol,Wajir,Wajir West,Rural,,,,,non_functional,8.0,March,2023.0
61197.0,KEKI01051,KEKI01051224,2024-12-03 17:21:00,5,298,27,river,25032.0,Tendeno/Sorget,Kericho,Kipkelion East,Rural,,,,,non_functional,17.0,December,2024.0
61198.0,ELKE01052,ELKE01052224,2024-03-11 08:35:00,5,64,40,river,21332.0,Kabiemit,Elgeyo-Marakwet,Keiyo South,Rural,,,,,non_functional,8.0,March,2024.0
61199.0,KEKI01053,KEKI01053224,2023-11-24 06:48:00,5,436,48,shared_taps,35324.0,Londiani,Kericho,Kipkelion East,Rural,,,,,non_functional,6.0,November,2023.0
61200.0,ELKE01054,ELKE01054224,2024-09-03 13:19:00,2,292,3,river,18287.0,Soy North,Elgeyo-Marakwet,Keiyo South,Rural,,,,,non_functional,13.0,September,2024.0
61201.0,ELKE01055,ELKE01055224,2023-10-10 17:23:00,5,90,24,shared_taps,13887.0,Metkei,Elgeyo-Marakwet,Keiyo South,Urban,,,,,non_functional,17.0,October,2023.0
61202.0,BAEL01056,BAEL01056224,2023-10-13 12:54:00,5,459,15,shared_taps,25615.0,Mumberes/Maji Mazuri,Baringo,Eldama Ravine,Urban,,,,,non_functional,12.0,October,2023.0
61203.0,ELKE01057,ELKE01057224,2023-08-24 17:56:00,2,322,20,shared_taps,26504.0,Soy South,Elgeyo-Marakwet,Keiyo South,Rural,,,,,non_functional,17.0,August,2023.0
61204.0,BAEL01058,BAEL01058224,2023-01-10 06:04:00,4,9,46,well,42906.0,Lembus Kwen,Baringo,Eldama Ravine,Rural,,Contaminated: Chemical,,,non_functional,6.0,January,2023.0
61205.0,NAKU01059,NAKU01059224,2022-05-02 15:53:00,1,358,15,shared_taps,47496.0,Kamara,Nakuru,Kuresoi North,Urban,,,,,non_functional,15.0,May,2022.0
61206.0,BAMO01060,BAMO01060224,2025-01-13 17:24:00,4,153,45,well,19698.0,Mogotio,Baringo,Mogotio,Rural,,Clean,,,non_functional,17.0,January,2025.0
61207.0,BAEL01061,BAEL01061224,2024-08-21 17:10:00,5,105,5,river,19884.0,Ravine,Baringo,Eldama Ravine,Rural,,,,,non_functional,17.0,August,2024.0
61208.0,BAEL01062,BAEL01062224,2023-12-03 15:05:00,3,83,16,tap_in_home_broken,25893.0,Lembus/Perkerra,Baringo,Eldama Ravine,Urban,,,,,non_functional,15.0,December,2023.0
61209.0,BAEL01063,BAEL01063224,2023-12-18 07:58:00,3,177,16,shared_taps,18131.0,Koibatek,Baringo,Eldama Ravine,Rural,,,,,non_functional,7.0,December,2023.0
61210.0,BAMO01064,BAMO01064224,2024-09-15 17:06:00,1,166,18,shared_taps,25746.0,Emining,Baringo,Mogotio,Rural,,,,,non_functional,17.0,September,2024.0
61211.0,BA8001065,BA8001065224,2023-06-18 06:56:00,2,202,0,tap_in_home,28336.0,Lembus,Baringo,805,Urban,,,,,non_functional,6.0,June,2023.0
61212.0,NARO01066,NARO01066224,2022-05-22 18:51:00,4,432,38,shared_taps,45222.0,Soin,Nakuru,Rongai,Urban,,,,,non_functional,18.0,May,2022.0
61213.0,NARO01067,NARO01067224,2024-04-26 17:31:00,4,282,19,well,30969.0,Menengai West,Nakuru,Rongai,Rural,,Clean,,,non_functional,17.0,April,2024.0
61214.0,BAMO01068,BAMO01068224,2023-06-17 15:25:00,3,526,20,river,27601.0,Kisanana,Baringo,Mogotio,Urban,,,,,non_functional,15.0,June,2023.0
61215.0,NABA01069,NABA01069224,2023-12-20 12:27:00,3,388,5,shared_taps,58919.0,Kiamaina,Nakuru,Bahati,Urban,,,,,non_functional,12.0,December,2023.0
61216.0,NABA01070,NABA01070224,2022-12-06 10:15:00,5,228,42,well,35226.0,Bahati,Nakuru,Bahati,Rural,,Contaminated: Chemical,,,non_functional,10.0,December,2022.0
61217.0,NANA01071,NANA01071224,2022-04-13 11:18:00,4,387,25,river,10533.0,Kaptembwo,Nakuru,Nakuru Town West,Rural,,,,,non_functional,11.0,April,2022.0
61218.0,UAAI01072,UAAI01072224,2024-10-06 11:14:00,2,136,28,shared_taps,52350.0,Ainabkoi/Olare,Uasin Gishu,Ainabkoi,Urban,,,,,non_functional,11.0,October,2024.0
61219.0,BABA01073,BABA01073224,2023-05-15 07:55:00,3,355,33,tap_in_home,9702.0,Tenges,Baringo,Baringo Central,Urban,,,,,non_functional,7.0,May,2023.0
61220.0,UAKE01074,UAKE01074224,2022-05-12 07:21:00,3,101,30,shared_taps,71607.0,Tarakwa,Uasin Gishu,Kesses,Rural,,,,,non_functional,7.0,May,2022.0
61221.0,ELKE01075,ELKE01075224,2025-10-02 05:45:00,5,473,7,tap_in_home_broken,21875.0,Kaptarakwa,Elgeyo-Marakwet,Keiyo South,Urban,,,,,non_functional,5.0,October,2025.0
61222.0,ELKE01076,ELKE01076224,2023-03-24 07:59:00,4,409,36,tap_in_home,29493.0,Chepkorio,Elgeyo-Marakwet,Keiyo South,Urban,,,,,non_functional,7.0,March,2023.0
61223.0,KIKI01077,KIKI01077224,2024-07-19 18:34:00,3,116,42,tap_in_home_broken,35123.0,Kolwa East,Kisumu,Kisumu East,Urban,,,,,non_functional,18.0,July,2024.0
61224.0,KIMU01078,KIMU01078224,2023-10-07 07:07:00,5,171,22,tap_in_home_broken,34466.0,Ombeyi,Kisumu,Muhoroni,Rural,,,,,non_functional,7.0,October,2023.0
61225.0,KIMU01079,KIMU01079224,2023-03-24 13:03:00,3,395,11,shared_taps,45326.0,Masogo/Nyang'Oma,Kisumu,Muhoroni,Rural,,,,,non_functional,13.0,March,2023.0
61226.0,KIMU01080,KIMU01080224,2022-11-19 08:17:00,4,24,45,shared_taps,32713.0,Chemelil,Kisumu,Muhoroni,Rural,,,,,non_functional,8.0,November,2022.0
61227.0,NATI01081,NATI01081224,2024-03-26 19:44:00,2,468,31,tap_in_home,32229.0,Tindiret,Nandi,Tinderet,Urban,,,,,non_functional,19.0,March,2024.0
61228.0,NATI01082,NATI01082224,2022-02-19 11:06:00,3,399,9,well,55537.0,Songhor/Soba,Nandi,Tinderet,Rural,,Contaminated: Chemical,,,non_functional,11.0,February,2022.0
61229.0,KIMU01083,KIMU01083224,2022-05-19 05:04:00,2,226,3,shared_taps,14557.0,Miwani,Kisumu,Muhoroni,Urban,,,,,non_functional,5.0,May,2022.0
61230.0,NATI01084,NATI01084224,2022-03-22 10:32:00,4,350,14,river,17361.0,Chemelil/Chemase,Nandi,Tinderet,Rural,,,,,non_functional,10.0,March,2022.0
61231.0,NAAL01085,NAAL01085224,2025-03-18 15:20:00,5,114,7,tap_in_home,46711.0,Kemeloi-Maraba,Nandi,Aldai,Rural,,,,,non_functional,15.0,March,2025.0
61232.0,NAAL01086,NAAL01086224,2024-03-20 16:16:00,2,150,11,tap_in_home,29520.0,Terik,Nandi,Aldai,Urban,,,,,non_functional,16.0,March,2024.0
61233.0,NAAL01087,NAAL01087224,2024-09-18 10:54:00,3,376,46,river,29515.0,Koyo-Ndurio,Nandi,Aldai,Rural,,,,,non_functional,10.0,September,2024.0
61234.0,NAAL01088,NAAL01088224,2023-09-24 18:20:00,3,408,15,tap_in_home,32819.0,Kobujoi,Nandi,Aldai,Rural,,,,,non_functional,18.0,September,2023.0
61235.0,NANA01089,NANA01089224,2023-05-05 18:40:00,5,35,5,shared_taps,23123.0,Kapchorua,Nandi,Nandi Hills,Rural,,,,,non_functional,18.0,May,2023.0
61236.0,NATI01090,NATI01090224,2023-05-24 17:07:00,5,345,16,tap_in_home_broken,27957.0,Kapsimotwo,Nandi,Tinderet,Urban,,,,,non_functional,17.0,May,2023.0
61237.0,NAAL01091,NAAL01091224,2023-07-14 18:56:00,5,137,42,well,28677.0,Kaptumo-Kaboi,Nandi,Aldai,Urban,,Contaminated:Biological,,,non_functional,18.0,July,2023.0
61238.0,NANA01092,NANA01092224,2024-01-03 12:05:00,2,191,41,shared_taps,42295.0,Chepkunyuk,Nandi,Nandi Hills,Urban,,,,,non_functional,12.0,January,2024.0
61239.0,NANA01093,NANA01093224,2024-06-27 14:24:00,1,508,25,river,43001.0,Nandi Hills,Nandi,Nandi Hills,Urban,,,,,non_functional,14.0,June,2024.0
61240.0,NAAL01094,NAAL01094224,2025-05-04 09:46:00,3,43,9,shared_taps,35625.0,Kabwareng,Nandi,Aldai,Urban,,,,,non_functional,9.0,May,2025.0
61241.0,NAEM01095,NAEM01095224,2025-01-18 13:07:00,5,245,31,well,25495.0,Chepkumia,Nandi,Emgwen,Urban,,Contaminated:Biological,,,non_functional,13.0,January,2025.0
61242.0,NAEM01096,NAEM01096224,2022-10-01 12:13:00,2,312,9,tap_in_home,57785.0,Kapsabet,Nandi,Emgwen,Urban,,,,,non_functional,12.0,October,2022.0
61243.0,NANA01097,NANA01097224,2023-10-06 19:10:00,4,242,22,tap_in_home_broken,25942.0,Ol'Lessos,Nandi,Nandi Hills,Urban,,,,,non_functional,19.0,October,2023.0
61244.0,NAEM01098,NAEM01098224,2022-11-23 17:10:00,4,104,47,shared_taps,59860.0,Kilibwoni,Nandi,Emgwen,Urban,,,,,non_functional,17.0,November,2022.0
61245.0,NACH01099,NACH01099224,2025-11-11 17:59:00,5,42,29,tap_in_home_broken,34908.0,Kiptuya,Nandi,Chesumei,Urban,,,,,non_functional,17.0,November,2025.0
61246.0,NAEM01100,NAEM01100224,2022-01-14 07:08:00,1,164,41,shared_taps,31816.0,Kapkangani,Nandi,Emgwen,Urban,,,,,non_functional,7.0,January,2022.0
61247.0,KASH01101,KASH01101224,2025-02-27 10:59:00,1,243,48,shared_taps,19964.0,Isukha East,Kakamega,Shinyalu,Rural,,,,,non_functional,10.0,February,2025.0
61248.0,KASH01102,KASH01102224,2024-01-19 17:25:00,2,271,35,well,37438.0,Isukha Central,Kakamega,Shinyalu,Rural,,Clean,,,non_functional,17.0,January,2024.0
61249.0,NACH01103,NACH01103224,2025-12-18 15:04:00,2,118,19,tap_in_home,24349.0,Chemundu/Kapng'Etuny,Nandi,Chesumei,Urban,,,,,non_functional,15.0,December,2025.0
61250.0,NACH01104,NACH01104224,2024-10-24 12:35:00,5,420,12,shared_taps,49918.0,Kaptel/Kamoiywo,Nandi,Chesumei,Urban,,,,,non_functional,12.0,October,2024.0
61251.0,BABA01105,BABA01105224,2025-08-23 06:20:00,1,125,47,shared_taps,26203.0,Ewalel/Chapchap,Baringo,Baringo Central,Rural,,,,,non_functional,6.0,August,2025.0
61252.0,KASH01106,KASH01106224,2025-04-19 05:24:00,5,391,10,well,28073.0,Murhanda,Kakamega,Shinyalu,Rural,,Contaminated:Biological,,,non_functional,5.0,April,2025.0
61253.0,NACH01107,NACH01107224,2024-07-19 08:04:00,1,319,24,tap_in_home,30355.0,Lelmokwo/Ngechek,Nandi,Chesumei,Urban,,,,,non_functional,8.0,July,2024.0
61254.0,NAMO01108,NAMO01108224,2022-04-13 18:56:00,3,287,31,shared_taps,27218.0,Sangalo/Kebulonik,Nandi,Mosop,Urban,,,,,non_functional,18.0,April,2022.0
61255.0,KASH01109,KASH01109224,2025-02-13 16:21:00,5,499,18,shared_taps,29213.0,Isukha North,Kakamega,Shinyalu,Rural,,,,,non_functional,16.0,February,2025.0
61256.0,KAMA01110,KAMA01110224,2022-03-13 19:10:00,4,454,40,river,29097.0,East Kabras,Kakamega,Malava,Rural,,,,,non_functional,19.0,March,2022.0
61257.0,NACH01111,NACH01111224,2025-07-25 19:57:00,5,311,6,river,38629.0,Kosirai,Nandi,Chesumei,Rural,,,,,non_functional,19.0,July,2025.0
61258.0,NAMO01112,NAMO01112224,2024-07-09 08:22:00,1,449,17,river,23944.0,Kabisaga,Nandi,Mosop,Rural,,,,,non_functional,8.0,July,2024.0
61259.0,UAKA01113,UAKA01113224,2022-11-06 14:09:00,3,34,24,tap_in_home_broken,18156.0,Megun,Uasin Gishu,Kapseret,Urban,,,,,non_functional,14.0,November,2022.0
61260.0,UAKA01114,UAKA01114224,2025-05-01 18:37:00,4,6,12,shared_taps,40750.0,Ngeria,Uasin Gishu,Kapseret,Urban,,,,,non_functional,18.0,May,2025.0
61261.0,UAKA01115,UAKA01115224,2025-12-27 11:55:00,2,205,17,tap_in_home,29375.0,Simat/Kapseret,Uasin Gishu,Kapseret,Urban,,,,,non_functional,11.0,December,2025.0
61262.0,UAKE01116,UAKE01116224,2025-08-10 17:03:00,3,245,10,shared_taps,46189.0,Racecourse,Uasin Gishu,Kesses,Rural,,,,,non_functional,17.0,August,2025.0
61263.0,UAKE01117,UAKE01117224,2023-07-19 14:07:00,4,430,13,river,52333.0,Tulwet/Chuiyat,Uasin Gishu,Kesses,Rural,,,,,non_functional,14.0,July,2023.0
61264.0,VIHA01118,VIHA01118224,2025-08-28 13:44:00,4,243,42,well,28212.0,Banja,Vihiga,Hamisi,Rural,,Contaminated: Chemical,,,non_functional,13.0,August,2025.0
61265.0,VIHA01119,VIHA01119224,2022-02-07 16:48:00,3,156,25,tap_in_home,18712.0,Muhudu,Vihiga,Hamisi,Urban,,,,,non_functional,16.0,February,2022.0
61266.0,VIHA01120,VIHA01120224,2024-06-04 11:46:00,2,162,33,shared_taps,30993.0,Shamakhokho,Vihiga,Hamisi,Rural,,,,,non_functional,11.0,June,2024.0
61267.0,VIHA01121,VIHA01121224,2025-04-16 15:27:00,1,105,34,shared_taps,20770.0,Shiru,Vihiga,Hamisi,Urban,,,,,non_functional,15.0,April,2025.0
61268.0,NAMO01122,NAMO01122224,2025-12-18 14:12:00,2,355,36,shared_taps,26550.0,Kurgung/Surungai,Nandi,Mosop,Urban,,,,,non_functional,14.0,December,2025.0
61269.0,NAMO01123,NAMO01123224,2022-12-16 17:48:00,5,181,33,tap_in_home,26557.0,Kabiyet,Nandi,Mosop,Urban,,,,,non_functional,17.0,December,2022.0
61270.0,BUBU01124,BUBU01124224,2023-11-26 08:24:00,1,57,5,river,19739.0,Bunyala South,Busia,Budalangi,Rural,,,,,non_functional,8.0,November,2023.0
61271.0,BUBU01125,BUBU01125224,2024-06-15 11:15:00,2,238,10,shared_taps,16290.0,Bunyala Central,Busia,Budalangi,Urban,,,,,non_functional,11.0,June,2024.0
61272.0,BUBU01126,BUBU01126224,2022-04-27 13:19:00,2,192,1,shared_taps,29928.0,Bunyala West,Busia,Budalangi,Urban,,,,,non_functional,13.0,April,2022.0
61273.0,BUBU01127,BUBU01127224,2023-10-20 11:37:00,4,7,19,shared_taps,30358.0,Bunyala North,Busia,Budalangi,Urban,,,,,non_functional,11.0,October,2023.0
61274.0,BUFU01128,BUFU01128224,2025-01-25 05:58:00,5,44,36,shared_taps,25049.0,Bwiri,Busia,Funyula,Rural,,,,,non_functional,5.0,January,2025.0
61275.0,BUFU01129,BUFU01129224,2022-05-16 09:21:00,5,230,26,well,31810.0,Ageng'A Nanguba,Busia,Funyula,Rural,,Contaminated: Chemical,,,non_functional,9.0,May,2022.0
61276.0,BUFU01130,BUFU01130224,2024-10-28 05:10:00,5,358,29,river,30452.0,Nangina,Busia,Funyula,Urban,,,,,non_functional,5.0,October,2024.0
61277.0,BUBU01131,BUBU01131224,2022-10-09 07:31:00,3,210,22,shared_taps,27099.0,Marachi West,Busia,Butula,Rural,,,,,non_functional,7.0,October,2022.0
61278.0,BUFU01132,BUFU01132224,2023-11-13 05:31:00,4,290,37,shared_taps,30319.0,Namboboto Nambuku,Busia,Funyula,Urban,,,,,non_functional,5.0,November,2023.0
61279.0,BUMA01133,BUMA01133224,2023-12-09 08:45:00,3,303,27,well,43692.0,Matayos South,Busia,Matayos,Rural,,Contaminated:Biological,,,non_functional,8.0,December,2023.0
61280.0,BUBU01134,BUBU01134224,2025-07-23 06:10:00,1,259,26,well,32494.0,Marachi East,Busia,Butula,Rural,,Clean,,,non_functional,6.0,July,2025.0
61281.0,BUBU01135,BUBU01135224,2025-03-14 12:31:00,1,140,0,tap_in_home,28505.0,Marachi Central,Busia,Butula,Urban,,,,,non_functional,12.0,March,2025.0
61282.0,BUBU01136,BUBU01136224,2025-03-11 11:12:00,5,172,21,shared_taps,19991.0,Kingandole,Busia,Butula,Rural,,,,,non_functional,11.0,March,2025.0
61283.0,BUBU01137,BUBU01137224,2025-11-15 14:11:00,4,314,28,river,30313.0,Marachi North,Busia,Butula,Rural,,,,,non_functional,14.0,November,2025.0
61284.0,BUBU01138,BUBU01138224,2022-04-16 06:22:00,5,124,10,well,16542.0,Elugulu,Busia,Butula,Rural,,Contaminated:Biological,,,non_functional,6.0,April,2022.0
61285.0,BUMA01139,BUMA01139224,2024-03-23 14:39:00,4,386,40,tap_in_home_broken,56014.0,Bukhayo West,Busia,Matayos,Urban,,,,,non_functional,14.0,March,2024.0
61286.0,BUMA01140,BUMA01140224,2025-05-28 08:50:00,3,79,21,tap_in_home_broken,17133.0,Busibwabo,Busia,Matayos,Urban,,,,,non_functional,8.0,May,2025.0
61287.0,BUNA01141,BUNA01141224,2022-11-26 16:26:00,2,258,44,well,24408.0,Bukhayo Central,Busia,Nambale,Rural,,Clean,,,non_functional,16.0,November,2022.0
61288.0,BUMA01142,BUMA01142224,2022-03-17 09:11:00,3,66,35,shared_taps,9535.0,Mayenje,Busia,Matayos,Urban,,,,,non_functional,9.0,March,2022.0
61289.0,BUNA01143,BUNA01143224,2025-05-24 12:19:00,2,300,0,shared_taps,41987.0,Nambale Township,Busia,Nambale,Urban,,,,,non_functional,12.0,May,2025.0
61290.0,BUMA01144,BUMA01144224,2022-10-23 14:14:00,3,173,14,tap_in_home,7843.0,Burumba,Busia,Matayos,Urban,,,,,non_functional,14.0,October,2022.0
61291.0,KABU01145,KABU01145224,2025-05-24 09:57:00,2,214,45,tap_in_home,25657.0,Marama South,Kakamega,Butere,Rural,,,,,non_functional,9.0,May,2025.0
61292.0,KABU01146,KABU01146224,2022-03-01 19:15:00,5,439,0,tap_in_home,55839.0,Marama Central,Kakamega,Butere,Urban,,,,,non_functional,19.0,March,2022.0
61293.0,KAKH01147,KAKH01147224,2024-11-16 06:20:00,1,490,23,river,24508.0,Kisa West,Kakamega,Khwisero,Rural,,,,,non_functional,6.0,November,2024.0
61294.0,KABU01148,KABU01148224,2023-03-11 09:27:00,5,376,36,river,28912.0,Marenyo - Shianda,Kakamega,Butere,Rural,,,,,non_functional,9.0,March,2023.0
61295.0,KAKH01149,KAKH01149224,2024-06-14 18:05:00,2,9,39,tap_in_home_broken,50804.0,Kisa Central,Kakamega,Khwisero,Rural,,,,,non_functional,18.0,June,2024.0
61296.0,KABU01150,KABU01150224,2024-10-25 15:46:00,2,1,10,tap_in_home,36189.0,Marama West,Kakamega,Butere,Urban,,,,,non_functional,15.0,October,2024.0
61297.0,KABU01151,KABU01151224,2025-08-21 19:51:00,2,165,34,tap_in_home,25841.0,Marama North,Kakamega,Butere,Urban,,,,,non_functional,19.0,August,2025.0
61298.0,KAKH01152,KAKH01152224,2025-04-13 08:25:00,4,472,29,tap_in_home,24936.0,Kisa East,Kakamega,Khwisero,Urban,,,,,non_functional,8.0,April,2025.0
61299.0,KAKH01153,KAKH01153224,2025-03-26 07:59:00,3,365,5,river,22719.0,Kisa North,Kakamega,Khwisero,Urban,,,,,non_functional,7.0,March,2025.0
61300.0,KALU01154,KALU01154224,2025-11-25 07:07:00,5,389,29,river,24708.0,Butsotso South,Kakamega,Lurambi,Rural,,,,,non_functional,7.0,November,2025.0
61301.0,KALU01155,KALU01155224,2024-11-24 11:39:00,4,294,48,shared_taps,39639.0,Butsotso Central,Kakamega,Lurambi,Urban,,,,,non_functional,11.0,November,2024.0
61302.0,KAIK01156,KAIK01156224,2023-05-24 16:03:00,5,496,38,well,30124.0,Idakho North,Kakamega,Ikolomani,Rural,,Contaminated: Chemical,,,non_functional,16.0,May,2023.0
61303.0,BABA01157,BABA01157224,2024-06-02 13:26:00,3,489,35,tap_in_home_broken,30762.0,Kapropita,Baringo,Baringo Central,Rural,,,,,non_functional,13.0,June,2024.0
61304.0,KAIK01158,KAIK01158224,2025-04-19 12:46:00,3,123,29,shared_taps,37243.0,Idakho Central,Kakamega,Ikolomani,Urban,,,,,non_functional,12.0,April,2025.0
61305.0,KAIK01159,KAIK01159224,2022-04-23 06:27:00,5,511,39,tap_in_home_broken,22965.0,Idakho South,Kakamega,Ikolomani,Urban,,,,,non_functional,6.0,April,2022.0
61306.0,KALU01160,KALU01160224,2024-06-04 15:39:00,3,521,19,shared_taps,19136.0,Shirere,Kakamega,Lurambi,Urban,,,,,non_functional,15.0,June,2024.0
61307.0,KALU01161,KALU01161224,2022-03-08 11:53:00,5,494,9,shared_taps,28808.0,Butsotso East,Kakamega,Lurambi,Urban,,,,,non_functional,11.0,March,2022.0
61308.0,KAIK01162,KAIK01162224,2025-05-21 18:50:00,2,57,27,river,34127.0,Idakho East,Kakamega,Ikolomani,Urban,,,,,non_functional,18.0,May,2025.0
61309.0,KALU01163,KALU01163224,2023-08-21 18:41:00,4,9,41,shared_taps,40244.0,Sheywe,Kakamega,Lurambi,Urban,,,,,non_functional,18.0,August,2023.0
61310.0,KALU01164,KALU01164224,2022-02-27 08:24:00,1,36,34,well,14757.0,Mahiakalo,Kakamega,Lurambi,Urban,,Clean,,,non_functional,8.0,February,2022.0
61311.0,KAMA01165,KAMA01165224,2025-05-20 17:18:00,4,355,11,tap_in_home_broken,47198.0,South Kabras,Kakamega,Malava,Urban,,,,,non_functional,17.0,May,2025.0
61312.0,KAMA01166,KAMA01166224,2024-12-02 19:19:00,1,430,33,well,33430.0,West Kabras,Kakamega,Malava,Rural,,Clean,,,non_functional,19.0,December,2024.0
61313.0,KAMA01167,KAMA01167224,2024-10-25 12:33:00,3,479,2,tap_in_home_broken,27151.0,Khalaba,Kakamega,Matungu,Urban,,,,,non_functional,12.0,October,2024.0
61314.0,KAMA01168,KAMA01168224,2022-12-12 19:20:00,4,182,44,tap_in_home,37020.0,Kholera,Kakamega,Matungu,Urban,,,,,non_functional,19.0,December,2022.0
61315.0,KAMA01169,KAMA01169224,2025-06-15 13:06:00,4,76,40,shared_taps,49578.0,Koyonzo,Kakamega,Matungu,Urban,,,,,non_functional,13.0,June,2025.0
61316.0,KAMA01170,KAMA01170224,2024-05-14 14:59:00,5,331,0,shared_taps,38643.0,Mayoni,Kakamega,Matungu,Urban,,,,,non_functional,14.0,May,2024.0
61317.0,KAMA01171,KAMA01171224,2024-10-14 15:06:00,1,136,27,tap_in_home_broken,38878.0,Namamali,Kakamega,Matungu,Urban,,,,,non_functional,15.0,October,2024.0
61318.0,KAMU01172,KAMU01172224,2025-03-28 10:01:00,4,282,41,river,43907.0,East Wanga,Kakamega,Mumias East,Rural,,,,,non_functional,10.0,March,2025.0
61319.0,KAMU01173,KAMU01173224,2023-02-21 06:06:00,3,423,35,tap_in_home,53237.0,Lusheya/Lubinu,Kakamega,Mumias East,Rural,,,,,non_functional,6.0,February,2023.0
61320.0,KAMU01174,KAMU01174224,2022-03-28 17:35:00,1,488,23,river,39297.0,Malaha/Isongo/Makunga,Kakamega,Mumias East,Rural,,,,,non_functional,17.0,March,2022.0
61321.0,KAMU01175,KAMU01175224,2022-02-16 06:57:00,4,133,17,well,31565.0,Etenje,Kakamega,Mumias West,Rural,,Contaminated: Chemical,,,non_functional,6.0,February,2022.0
61322.0,KAMU01176,KAMU01176224,2022-10-23 18:00:00,4,213,36,tap_in_home_broken,40579.0,Mumias Central,Kakamega,Mumias West,Urban,,,,,non_functional,18.0,October,2022.0
61323.0,KAMU01177,KAMU01177224,2022-09-02 17:00:00,4,317,34,tap_in_home_broken,11652.0,Mumias North,Kakamega,Mumias West,Urban,,,,,non_functional,17.0,September,2022.0
61324.0,KAMU01178,KAMU01178224,2024-03-09 11:31:00,3,346,25,tap_in_home_broken,34945.0,Musanda,Kakamega,Mumias West,Urban,,,,,non_functional,11.0,March,2024.0
61325.0,KANA01179,KANA01179224,2025-11-15 05:25:00,2,205,31,shared_taps,35850.0,Bunyala Central,Kakamega,Navakholo,Rural,,,,,non_functional,5.0,November,2025.0
61326.0,KANA01180,KANA01180224,2023-03-25 15:28:00,5,1,0,tap_in_home,28291.0,Bunyala East,Kakamega,Navakholo,Urban,,,,,non_functional,15.0,March,2023.0
61327.0,KANA01181,KANA01181224,2025-02-18 06:58:00,4,61,42,river,46709.0,Bunyala West,Kakamega,Navakholo,Urban,,,,,non_functional,6.0,February,2025.0
61328.0,KANA01182,KANA01182224,2022-04-04 08:56:00,1,225,48,tap_in_home_broken,28854.0,Ingostse-Mathia,Kakamega,Navakholo,Urban,,,,,non_functional,8.0,April,2022.0
61329.0,KANA01183,KANA01183224,2024-08-03 10:03:00,2,356,21,river,33749.0,Shinoyi-Shikomari-Esumeyia,Kakamega,Navakholo,Rural,,,,,non_functional,10.0,August,2024.0
61330.0,KASH01184,KASH01184224,2025-02-28 09:18:00,5,360,36,well,39596.0,Isukha South,Kakamega,Shinyalu,Urban,,Contaminated: Chemical,,,non_functional,9.0,February,2025.0
61331.0,KASH01185,KASH01185224,2023-08-07 16:56:00,4,90,47,well,22017.0,Isukha West,Kakamega,Shinyalu,Rural,,Contaminated:Biological,,,non_functional,16.0,August,2023.0
61332.0,BABA01186,BABA01186224,2022-06-09 16:46:00,1,45,22,shared_taps,32521.0,Mochongoi,Baringo,Baringo South,Rural,,,,,non_functional,16.0,June,2022.0
61333.0,BABA01187,BABA01187224,2025-10-16 15:01:00,4,463,17,river,38938.0,Marigat,Baringo,Baringo South,Rural,,,,,non_functional,15.0,October,2025.0
61334.0,UAKE01188,UAKE01188224,2022-03-08 11:05:00,5,280,11,well,36467.0,Cheptiret/Kipchamo,Uasin Gishu,Kesses,Rural,,Clean,,,non_functional,11.0,March,2022.0
61335.0,UAAI01189,UAAI01189224,2022-01-02 16:12:00,4,230,11,well,66874.0,Kaptagat,Uasin Gishu,Ainabkoi,Rural,,Contaminated:Biological,,,non_functional,16.0,January,2022.0
61336.0,BABA01190,BABA01190224,2024-02-04 12:53:00,2,370,9,river,16740.0,Sacho,Baringo,Baringo Central,Rural,,,,,non_functional,12.0,February,2024.0
61337.0,BABA01191,BABA01191224,2023-11-15 09:32:00,3,360,4,tap_in_home_broken,28969.0,Ilchamus,Baringo,Baringo South,Urban,,,,,non_functional,9.0,November,2023.0
61338.0,BABA01192,BABA01192224,2025-05-06 15:41:00,1,61,26,shared_taps,15730.0,Mukutani,Baringo,Baringo South,Urban,,,,,non_functional,15.0,May,2025.0
61339.0,BABA01193,BABA01193224,2025-12-05 09:10:00,3,113,30,shared_taps,19057.0,Kabarnet,Baringo,Baringo Central,Urban,,,,,non_functional,9.0,December,2025.0
61340.0,UAKA01194,UAKA01194224,2023-09-23 19:08:00,2,30,5,well,36783.0,Kipkenyo,Uasin Gishu,Kapseret,Urban,,Contaminated: Chemical,,,non_functional,19.0,September,2023.0
61341.0,UAKA01195,UAKA01195224,2025-05-04 18:07:00,3,95,39,river,21690.0,Langas,Uasin Gishu,Kapseret,Rural,,,,,non_functional,18.0,May,2025.0
61342.0,UAAI01196,UAAI01196224,2024-12-15 07:10:00,5,437,10,well,24010.0,Kapsoya,Uasin Gishu,Ainabkoi,Rural,,Contaminated:Biological,,,non_functional,7.0,December,2024.0
61343.0,UAMO01197,UAMO01197224,2022-11-26 19:24:00,3,119,38,shared_taps,41173.0,Tembelio,Uasin Gishu,Moiben,Rural,,,,,non_functional,19.0,November,2022.0
61344.0,UAMO01198,UAMO01198224,2024-09-06 16:20:00,4,474,12,shared_taps,22555.0,Kimumu,Uasin Gishu,Moiben,Urban,,,,,non_functional,16.0,September,2024.0
61345.0,UATU01199,UATU01199224,2022-01-13 17:12:00,2,484,13,river,315.0,Huruma,Uasin Gishu,Turbo,Rural,,,,,non_functional,17.0,January,2022.0
61346.0,UASO01200,UASO01200224,2024-08-01 05:12:00,3,101,12,tap_in_home,41861.0,Kuinet/Kapsuswa,Uasin Gishu,Soy,Urban,,,,,non_functional,5.0,August,2024.0
61347.0,ELKE01201,ELKE01201224,2025-06-06 08:33:00,3,445,26,shared_taps,40520.0,Kamariny,Elgeyo-Marakwet,Keiyo North,Urban,,,,,non_functional,8.0,June,2025.0
61348.0,UATU01202,UATU01202224,2023-04-26 08:46:00,1,446,35,tap_in_home,15180.0,Kapsaos,Uasin Gishu,Turbo,Urban,,,,,non_functional,8.0,April,2023.0
61349.0,ELKE01203,ELKE01203224,2025-02-14 07:58:00,3,497,37,river,25344.0,Tambach,Elgeyo-Marakwet,Keiyo North,Urban,,,,,non_functional,7.0,February,2025.0
61350.0,UATU01204,UATU01204224,2025-02-10 10:08:00,2,33,37,river,42207.0,Kiplombe,Uasin Gishu,Turbo,Rural,,,,,non_functional,10.0,February,2025.0
61351.0,MEIG01205,MEIG01205224,2025-04-23 08:32:00,2,38,32,tap_in_home_broken,43614.0,Antubetwe Kiongo,Meru,Igembe North,Urban,,,,,non_functional,8.0,April,2025.0
61352.0,MEIG01206,MEIG01206224,2023-12-17 05:49:00,2,50,16,river,31209.0,Antuambui,Meru,Igembe North,Urban,,,,,non_functional,5.0,December,2023.0
61353.0,ISIS01207,ISIS01207224,2022-09-21 08:16:00,4,176,10,tap_in_home,40973.0,Wabera,Isiolo,Isiolo North,Urban,,,,,non_functional,8.0,September,2022.0
61354.0,ISIS01208,ISIS01208224,2024-01-05 05:58:00,5,245,30,river,37532.0,Bulla Pesa,Isiolo,Isiolo North,Rural,,,,,non_functional,5.0,January,2024.0
61355.0,LALA01209,LALA01209224,2023-12-27 18:33:00,4,361,30,well,14149.0,Mugogodo West,Laikipia,Laikipia North,Rural,,Contaminated: Chemical,,,non_functional,18.0,December,2023.0
61356.0,MEIG01210,MEIG01210224,2023-12-11 14:30:00,2,427,22,shared_taps,52909.0,Naathu,Meru,Igembe North,Rural,,,,,non_functional,14.0,December,2023.0
61357.0,MEIG01211,MEIG01211224,2025-06-11 10:52:00,3,277,37,shared_taps,47777.0,Amwathi,Meru,Igembe North,Urban,,,,,non_functional,10.0,June,2025.0
61358.0,ISIS01212,ISIS01212224,2025-12-05 19:48:00,4,304,34,shared_taps,11648.0,Ngare Mara,Isiolo,Isiolo North,Urban,,,,,non_functional,19.0,December,2025.0
61359.0,ISIS01213,ISIS01213224,2022-12-11 07:40:00,5,293,43,river,26817.0,Oldo/Nyiro,Isiolo,Isiolo North,Rural,,,,,non_functional,7.0,December,2022.0
61360.0,ISIS01214,ISIS01214224,2023-07-23 19:37:00,3,510,36,river,13325.0,Chari,Isiolo,Isiolo North,Rural,,,,,non_functional,19.0,July,2023.0
61361.0,MALA01215,MALA01215224,2024-09-13 10:58:00,4,18,47,shared_taps,25788.0,Laisamis,Marsabit,Laisamis,Urban,,,,,non_functional,10.0,September,2024.0
61362.0,MALA01216,MALA01216224,2022-05-06 08:45:00,1,333,8,tap_in_home_broken,39947.0,Korr/Ngurunit,Marsabit,Laisamis,Urban,,,,,non_functional,8.0,May,2022.0
61363.0,MALA01217,MALA01217224,2022-09-27 10:59:00,3,500,46,tap_in_home,14324.0,Logo Logo,Marsabit,Laisamis,Urban,,,,,non_functional,10.0,September,2022.0
61364.0,MALA01218,MALA01218224,2023-10-22 13:41:00,3,280,10,well,16730.0,Kargi/South Horr,Marsabit,Laisamis,Rural,,Contaminated:Biological,,,non_functional,13.0,October,2023.0
61365.0,MASA01219,MASA01219224,2024-05-04 17:57:00,4,158,19,shared_taps,17488.0,Karare,Marsabit,Saku,Rural,,,,,non_functional,17.0,May,2024.0
61366.0,MASA01220,MASA01220224,2022-08-13 14:59:00,5,137,14,shared_taps,35501.0,Sagante/Jaldesa,Marsabit,Saku,Rural,,,,,non_functional,14.0,August,2022.0
61367.0,MASA01221,MASA01221224,2022-07-11 13:50:00,2,502,21,river,39255.0,Marsabit Central,Marsabit,Saku,Rural,,,,,non_functional,13.0,July,2022.0
61368.0,SASA01222,SASA01222224,2023-10-10 19:20:00,4,428,39,well,22242.0,Wamba East,Samburu,Samburu East,Rural,,Contaminated:Biological,,,non_functional,19.0,October,2023.0
61369.0,SASA01223,SASA01223224,2023-10-24 10:29:00,1,293,1,well,18192.0,Wamba North,Samburu,Samburu East,Rural,,Contaminated:Biological,,,non_functional,10.0,October,2023.0
61370.0,SASA01224,SASA01224224,2023-09-21 14:22:00,5,391,32,well,20238.0,Wamba West,Samburu,Samburu East,Rural,,Contaminated:Biological,,,non_functional,14.0,September,2023.0
61371.0,SASA01225,SASA01225224,2024-07-17 16:30:00,2,110,22,shared_taps,25119.0,Waso,Samburu,Samburu East,Urban,,,,,non_functional,16.0,July,2024.0
61372.0,SASA01226,SASA01226224,2022-06-02 16:59:00,3,136,8,shared_taps,16529.0,Angata Nanyokie,Samburu,Samburu North,Rural,,,,,non_functional,16.0,June,2022.0
61373.0,SASA01227,SASA01227224,2023-10-18 11:56:00,3,58,27,shared_taps,18230.0,Baawa,Samburu,Samburu North,Urban,,,,,non_functional,11.0,October,2023.0
61374.0,SASA01228,SASA01228224,2022-04-03 15:31:00,5,63,4,shared_taps,18170.0,El-Barta,Samburu,Samburu North,Rural,,,,,non_functional,15.0,April,2022.0
61375.0,SASA01229,SASA01229224,2024-12-14 16:21:00,1,404,9,tap_in_home_broken,13561.0,Nachola,Samburu,Samburu North,Rural,,,,,non_functional,16.0,December,2024.0
61376.0,SASA01230,SASA01230224,2024-12-11 17:47:00,1,45,5,well,17843.0,Ndoto,Samburu,Samburu North,Urban,,Contaminated:Biological,,,non_functional,17.0,December,2024.0
61377.0,SASA01231,SASA01231224,2023-04-25 17:25:00,1,286,18,shared_taps,21797.0,Nyiro,Samburu,Samburu North,Urban,,,,,non_functional,17.0,April,2023.0
61378.0,SASA01232,SASA01232224,2023-06-04 10:13:00,4,237,22,tap_in_home,34257.0,Lodokejek,Samburu,Samburu West,Urban,,,,,non_functional,10.0,June,2023.0
61379.0,SASA01233,SASA01233224,2025-05-03 13:27:00,4,444,25,shared_taps,13118.0,Loosuk,Samburu,Samburu West,Urban,,,,,non_functional,13.0,May,2025.0
61380.0,SASA01234,SASA01234224,2025-09-22 11:38:00,4,417,13,shared_taps,66362.0,Maralal,Samburu,Samburu West,Urban,,,,,non_functional,11.0,September,2025.0
61381.0,SASA01235,SASA01235224,2023-09-13 07:07:00,1,193,39,tap_in_home_broken,23441.0,Poro,Samburu,Samburu West,Urban,,,,,non_functional,7.0,September,2023.0
61382.0,SASA01236,SASA01236224,2024-07-15 09:33:00,5,13,6,well,19126.0,Suguta Marmar,Samburu,Samburu West,Rural,,Contaminated: Chemical,,,non_functional,9.0,July,2024.0
61383.0,TUTU01237,TUTU01237224,2022-12-01 12:01:00,4,339,42,shared_taps,35738.0,Katilia,Turkana,Turkana East,Rural,,,,,non_functional,12.0,December,2022.0
61384.0,TUTU01238,TUTU01238224,2023-04-02 05:55:00,3,347,38,tap_in_home,32031.0,Kalapata,Turkana,Turkana South,Urban,,,,,non_functional,5.0,April,2023.0
61385.0,KAMA01239,KAMA01239224,2025-11-12 10:57:00,5,68,27,river,33159.0,Chemuche,Kakamega,Malava,Rural,,,,,non_functional,10.0,November,2025.0
61386.0,NAMO01240,NAMO01240224,2022-05-10 08:32:00,5,47,25,river,26113.0,Ndalat,Nandi,Mosop,Rural,,,,,non_functional,8.0,May,2022.0
61387.0,UATU01241,UATU01241224,2023-06-23 06:21:00,3,392,17,well,43148.0,Kamagut,Uasin Gishu,Turbo,Urban,,Contaminated:Biological,,,non_functional,6.0,June,2023.0
61388.0,UATU01242,UATU01242224,2023-02-26 14:02:00,3,158,38,shared_taps,42581.0,Tapsagoi,Uasin Gishu,Turbo,Urban,,,,,non_functional,14.0,February,2023.0
61389.0,BULI01243,BULI01243224,2023-09-19 16:19:00,4,260,45,tap_in_home,38371.0,Likuyani,Bungoma,Likuyani,Rural,,,,,non_functional,16.0,September,2023.0
61390.0,BULU01244,BULU01244224,2023-07-07 10:31:00,3,426,42,river,40046.0,Lugari,Bungoma,Lugari,Rural,,,,,non_functional,10.0,July,2023.0
61391.0,UASO01245,UASO01245224,2025-11-16 16:45:00,1,97,7,tap_in_home,34529.0,Soy,Uasin Gishu,Soy,Urban,,,,,non_functional,16.0,November,2025.0
61392.0,UASO01246,UASO01246224,2022-01-27 11:17:00,5,113,5,shared_taps,29711.0,Kipsomba,Uasin Gishu,Soy,Rural,,,,,non_functional,11.0,January,2022.0
61393.0,BULI01247,BULI01247224,2023-02-24 12:36:00,3,527,47,tap_in_home,34173.0,Kongoni,Bungoma,Likuyani,Urban,,,,,non_functional,12.0,February,2023.0
61394.0,UASO01248,UASO01248224,2022-09-28 11:42:00,5,78,25,shared_taps,30144.0,Kapkures,Uasin Gishu,Soy,Urban,,,,,non_functional,11.0,September,2022.0
61395.0,UASO01249,UASO01249224,2023-08-14 14:24:00,4,238,26,tap_in_home,37024.0,Moi'S Bridge,Uasin Gishu,Soy,Urban,,,,,non_functional,14.0,August,2023.0
61396.0,TRCH01250,TRCH01250224,2024-06-03 18:37:00,4,57,16,well,31832.0,Kaplamai,Trans Nzoia,Cherangany,Rural,,Clean,,,non_functional,18.0,June,2024.0
61397.0,TRCH01251,TRCH01251224,2022-08-26 11:17:00,3,306,43,shared_taps,44744.0,Motosiet,Trans Nzoia,Cherangany,Urban,,,,,non_functional,11.0,August,2022.0
61398.0,WEPO01252,WEPO01252224,2024-12-01 07:52:00,1,336,47,river,81593.0,Lelan,West Pokot,Pokot South,Urban,,,,,non_functional,7.0,December,2024.0
61399.0,TRCH01253,TRCH01253224,2025-11-15 08:55:00,2,481,22,river,23390.0,Makutano,Trans Nzoia,Cherangany,Rural,,,,,non_functional,8.0,November,2025.0
61400.0,TRCH01254,TRCH01254224,2024-09-10 13:59:00,3,167,23,river,34456.0,Sitatunga,Trans Nzoia,Cherangany,Rural,,,,,non_functional,13.0,September,2024.0
61401.0,TRCH01255,TRCH01255224,2025-01-11 16:32:00,2,184,37,well,32968.0,Sinyerere,Trans Nzoia,Cherangany,Rural,,Contaminated: Chemical,,,non_functional,16.0,January,2025.0
61402.0,WEKA01256,WEKA01256224,2025-03-02 09:24:00,3,196,37,river,52142.0,Mnagei,West Pokot,Kapenguria,Rural,,,,,non_functional,9.0,March,2025.0
61403.0,WEKA01257,WEKA01257224,2023-05-07 07:31:00,5,36,27,shared_taps,23609.0,Siyoi,West Pokot,Kapenguria,Urban,,,,,non_functional,7.0,May,2023.0
61404.0,WEKA01258,WEKA01258224,2022-01-01 08:09:00,4,204,44,well,42080.0,Kapenguria,West Pokot,Kapenguria,Rural,,Contaminated:Biological,,,non_functional,8.0,January,2022.0
61405.0,WEKA01259,WEKA01259224,2024-01-07 17:10:00,4,31,2,river,30366.0,Lokori/Kochodin,West Pokot,Kapenguria,Rural,,,,,non_functional,17.0,January,2024.0
61406.0,WEPO01260,WEPO01260224,2025-10-02 13:26:00,3,454,39,tap_in_home_broken,66236.0,Chepareria,West Pokot,Pokot South,Urban,,,,,non_functional,13.0,October,2025.0
61407.0,WEKA01261,WEKA01261224,2023-11-10 17:19:00,4,300,14,tap_in_home_broken,22332.0,Suam,West Pokot,Kacheliba,Urban,,,,,non_functional,17.0,November,2023.0
61408.0,WEUN01262,WEUN01262224,2023-04-24 06:36:00,2,347,26,shared_taps,11487.0,unknown 3,West Pokot,unknown 3,Urban,,,,,non_functional,6.0,April,2023.0
61409.0,WEKA01263,WEKA01263224,2024-04-05 13:19:00,4,472,47,shared_taps,20656.0,Kodich,West Pokot,Kacheliba,Urban,,,,,non_functional,13.0,April,2024.0
61410.0,BUKA01264,BUKA01264224,2023-10-08 09:56:00,3,50,21,shared_taps,44772.0,East Sang'Alo,Bungoma,Kanduyi,Rural,,,,,non_functional,9.0,October,2023.0
61411.0,BUWE01265,BUWE01265224,2025-06-01 13:47:00,2,525,15,river,42859.0,Sitikho,Bungoma,Webute West,Rural,,,,,non_functional,13.0,June,2025.0
61412.0,KALU01266,KALU01266224,2024-05-13 07:45:00,2,10,18,tap_in_home,38964.0,Chevaywa,Kakamega,Lugari,Rural,,,,,non_functional,7.0,May,2024.0
61413.0,BUWE01267,BUWE01267224,2022-10-21 10:31:00,4,298,41,well,41383.0,Maraka,Bungoma,Webuye East,Urban,,Contaminated: Chemical,,,non_functional,10.0,October,2022.0
61414.0,KAMA01268,KAMA01268224,2023-06-19 06:26:00,3,456,42,shared_taps,37098.0,Shirugu-Mugai,Kakamega,Malava,Urban,,,,,non_functional,6.0,June,2023.0
61415.0,KAMA01269,KAMA01269224,2025-07-24 09:02:00,5,475,30,river,44250.0,Butali/Chegulo,Kakamega,Malava,Rural,,,,,non_functional,9.0,July,2025.0
61416.0,KALU01270,KALU01270224,2022-02-21 06:29:00,2,375,45,well,32301.0,Lwandeti,Kakamega,Lugari,Rural,,Contaminated: Chemical,,,non_functional,6.0,February,2022.0
61417.0,BUTO01271,BUTO01271224,2024-06-28 06:10:00,2,185,2,tap_in_home_broken,44730.0,Milima,Bungoma,Tongaren,Urban,,,,,non_functional,6.0,June,2024.0
61418.0,KAMA01272,KAMA01272224,2023-11-14 06:32:00,2,301,21,shared_taps,40163.0,Manda-Shivanga,Kakamega,Malava,Urban,,,,,non_functional,6.0,November,2023.0
61419.0,BUTO01273,BUTO01273224,2022-10-08 07:12:00,1,124,37,well,42523.0,Mbakalo,Bungoma,Tongaren,Rural,,Clean,,,non_functional,7.0,October,2022.0
61420.0,BULU01274,BULU01274224,2024-09-17 15:09:00,3,248,8,tap_in_home,27428.0,Chekalini,Bungoma,Lugari,Urban,,,,,non_functional,15.0,September,2024.0
61421.0,NAMO01275,NAMO01275224,2023-12-05 18:41:00,3,240,1,tap_in_home_broken,24151.0,Chepterwai,Nandi,Mosop,Urban,,,,,non_functional,18.0,December,2023.0
61422.0,UATU01276,UATU01276224,2024-07-13 08:13:00,2,13,0,well,46988.0,Ngenyilel,Uasin Gishu,Turbo,Rural,,Contaminated:Biological,,,non_functional,8.0,July,2024.0
61423.0,BUTO01277,BUTO01277224,2024-06-19 18:51:00,4,289,12,well,49979.0,Naitiri/Kabuyefwe,Bungoma,Tongaren,Rural,,Contaminated:Biological,,,non_functional,18.0,June,2024.0
61424.0,BUTO01278,BUTO01278224,2024-08-24 15:54:00,3,470,27,shared_taps,44142.0,Tongaren,Bungoma,Tongaren,Urban,,,,,non_functional,15.0,August,2024.0
61425.0,BULU01279,BULU01279224,2023-01-22 09:50:00,5,258,19,well,32792.0,Mautuma,Bungoma,Lugari,Rural,,Contaminated: Chemical,,,non_functional,9.0,January,2023.0
61426.0,BULU01280,BULU01280224,2023-04-01 09:22:00,1,469,46,shared_taps,37671.0,Lumakanda,Bungoma,Lugari,Urban,,,,,non_functional,9.0,April,2023.0
61427.0,NAMO01281,NAMO01281224,2024-03-11 12:27:00,4,536,18,tap_in_home_broken,27765.0,Kipkaren,Nandi,Mosop,Urban,,,,,non_functional,12.0,March,2024.0
61428.0,BUTO01282,BUTO01282224,2025-12-12 12:22:00,4,504,46,well,38255.0,Soysambu/ Mitua,Bungoma,Tongaren,Rural,,Contaminated:Biological,,,non_functional,12.0,December,2025.0
61429.0,BULI01283,BULI01283224,2022-11-10 14:38:00,1,138,8,tap_in_home_broken,43050.0,Nzoia,Bungoma,Likuyani,Urban,,,,,non_functional,14.0,November,2022.0
61430.0,BULI01284,BULI01284224,2024-10-02 11:52:00,2,18,9,river,29736.0,Sango,Bungoma,Likuyani,Rural,,,,,non_functional,11.0,October,2024.0
61431.0,BUBU01285,BUBU01285224,2024-12-12 06:30:00,1,17,33,river,43775.0,Bumula,Bungoma,Bumula,Urban,,,,,non_functional,6.0,December,2024.0
61432.0,BUBU01286,BUBU01286224,2022-09-11 14:50:00,2,445,14,river,30998.0,South Bukusu,Bungoma,Bumula,Rural,,,,,non_functional,14.0,September,2022.0
61433.0,BUBU01287,BUBU01287224,2024-03-03 19:38:00,4,22,9,river,28030.0,Kabula,Bungoma,Bumula,Rural,,,,,non_functional,19.0,March,2024.0
61434.0,BABA01288,BABA01288224,2025-07-12 17:42:00,1,62,20,tap_in_home_broken,29730.0,Barwessa,Baringo,Baringo North,Urban,,,,,non_functional,17.0,July,2025.0
61435.0,BABA01289,BABA01289224,2024-05-08 13:36:00,5,416,24,river,24101.0,Kabartonjo,Baringo,Baringo North,Rural,,,,,non_functional,13.0,May,2024.0
61436.0,UAMO01290,UAMO01290224,2023-06-27 13:31:00,2,223,40,shared_taps,21473.0,Sergoit,Uasin Gishu,Moiben,Rural,,,,,non_functional,13.0,June,2023.0
61437.0,BABA01291,BABA01291224,2024-08-26 14:00:00,1,501,18,shared_taps,16825.0,Saimo/Soi,Baringo,Baringo North,Urban,,,,,non_functional,14.0,August,2024.0
61438.0,BABA01292,BABA01292224,2022-02-19 18:34:00,2,200,46,well,26661.0,Saimo/Kipsaraman,Baringo,Baringo North,Rural,,Contaminated: Chemical,,,non_functional,18.0,February,2022.0
61439.0,BATI01293,BATI01293224,2025-05-04 19:20:00,3,527,30,shared_taps,24005.0,Churo/Amaya,Baringo,Tiaty,Urban,,,,,non_functional,19.0,May,2025.0
61440.0,BATI01294,BATI01294224,2025-05-17 10:27:00,2,152,2,shared_taps,18344.0,Tangulbei/Korossi,Baringo,Tiaty,Rural,,,,,non_functional,10.0,May,2025.0
61441.0,ELKE01295,ELKE01295224,2024-01-08 09:14:00,1,253,28,well,30026.0,Kapchemutwa,Elgeyo-Marakwet,Keiyo North,Rural,,Contaminated: Chemical,,,non_functional,9.0,January,2024.0
61442.0,UAMO01296,UAMO01296224,2022-02-01 17:49:00,1,268,27,well,39347.0,Moiben,Uasin Gishu,Moiben,Rural,,Contaminated: Chemical,,,non_functional,17.0,February,2022.0
61443.0,UAMO01297,UAMO01297224,2023-03-03 09:24:00,3,506,39,well,41266.0,Karuna/Meibeki,Uasin Gishu,Moiben,Rural,,Contaminated: Chemical,,,non_functional,9.0,March,2023.0
61444.0,BATI01298,BATI01298224,2025-04-24 14:18:00,3,231,29,river,15847.0,Loiyamorock,Baringo,Tiaty,Rural,,,,,non_functional,14.0,April,2025.0
61445.0,ELKE01299,ELKE01299224,2022-01-10 09:39:00,5,150,28,tap_in_home,15024.0,Emsoo,Elgeyo-Marakwet,Keiyo North,Urban,,,,,non_functional,9.0,January,2022.0
61446.0,BABA01300,BABA01300224,2023-05-18 13:13:00,3,278,19,river,13226.0,Bartabwa,Baringo,Baringo North,Rural,,,,,non_functional,13.0,May,2023.0
61447.0,UASO01301,UASO01301224,2022-11-28 11:40:00,2,531,27,tap_in_home,47569.0,Ziwa,Uasin Gishu,Soy,Urban,,,,,non_functional,11.0,November,2022.0
61448.0,BATI01302,BATI01302224,2025-09-02 07:37:00,5,195,48,shared_taps,22121.0,Ribkwo,Baringo,Tiaty,Urban,,,,,non_functional,7.0,September,2025.0
61449.0,UASO01303,UASO01303224,2022-05-17 18:34:00,1,330,12,shared_taps,35167.0,Segero/Barsombe,Uasin Gishu,Soy,Urban,,,,,non_functional,18.0,May,2022.0
61450.0,ELMA01304,ELMA01304224,2025-10-22 12:07:00,2,96,45,river,30155.0,Moiben/Kuserwo,Elgeyo-Marakwet,Marakwet West,Rural,,,,,non_functional,12.0,October,2025.0
61451.0,ELMA01305,ELMA01305224,2025-07-03 05:24:00,4,470,2,shared_taps,11612.0,Arror,Elgeyo-Marakwet,Marakwet West,Rural,,,,,non_functional,5.0,July,2025.0
61452.0,ELMA01306,ELMA01306224,2022-07-06 13:45:00,2,429,7,shared_taps,36804.0,Kapsowar,Elgeyo-Marakwet,Marakwet West,Urban,,,,,non_functional,13.0,July,2022.0
61453.0,TRCH01307,TRCH01307224,2025-04-05 18:33:00,5,429,20,shared_taps,38521.0,Chepsiro/Kiptoror,Trans Nzoia,Cherangany,Urban,,,,,non_functional,18.0,April,2025.0
61454.0,ELMA01308,ELMA01308224,2025-06-15 19:46:00,5,516,42,shared_taps,25550.0,Cherang'Any/Chebororwa,Elgeyo-Marakwet,Marakwet West,Urban,,,,,non_functional,19.0,June,2025.0
61455.0,TUTU01309,TUTU01309224,2024-03-27 08:32:00,4,431,47,river,52499.0,Kapedo/Napeitom,Turkana,Turkana East,Rural,,,,,non_functional,8.0,March,2024.0
61456.0,BATI01310,BATI01310224,2024-11-08 10:15:00,1,203,17,shared_taps,36317.0,Kolowa,Baringo,Tiaty,Urban,,,,,non_functional,10.0,November,2024.0
61457.0,ELMA01311,ELMA01311224,2025-06-05 05:41:00,5,104,19,river,46504.0,Sambirir,Elgeyo-Marakwet,Marakwet East,Rural,,,,,non_functional,5.0,June,2025.0
61458.0,TRCH01312,TRCH01312224,2024-06-17 16:01:00,2,441,36,shared_taps,53269.0,Cherangany/Suwerwa,Trans Nzoia,Cherangany,Rural,,,,,non_functional,16.0,June,2024.0
61459.0,BATI01313,BATI01313224,2024-10-14 05:49:00,3,478,14,shared_taps,21373.0,Silale,Baringo,Tiaty,Rural,,,,,non_functional,5.0,October,2024.0
61460.0,ELMA01314,ELMA01314224,2025-07-10 14:20:00,5,203,37,tap_in_home,18652.0,Kapyego,Elgeyo-Marakwet,Marakwet East,Urban,,,,,non_functional,14.0,July,2025.0
61461.0,ELMA01315,ELMA01315224,2025-04-16 19:56:00,2,18,33,well,27171.0,Sengwer,Elgeyo-Marakwet,Marakwet West,Rural,,Contaminated:Biological,,,non_functional,19.0,April,2025.0
61462.0,ELMA01316,ELMA01316224,2025-09-09 10:19:00,2,302,40,shared_taps,26734.0,Endo,Elgeyo-Marakwet,Marakwet East,Rural,,,,,non_functional,10.0,September,2025.0
61463.0,BATI01317,BATI01317224,2024-08-06 05:31:00,3,504,25,well,31578.0,Tirioko,Baringo,Tiaty,Urban,,Contaminated: Chemical,,,non_functional,5.0,August,2024.0
61464.0,TUUN01318,TUUN01318224,2022-09-27 11:15:00,1,470,31,river,69880.0,unknown 2,Turkana,unknown 2,Rural,,,,,non_functional,11.0,September,2022.0
61465.0,TUTU01319,TUTU01319224,2023-09-05 14:31:00,5,17,17,shared_taps,13663.0,Lobokat,Turkana,Turkana South,Urban,,,,,non_functional,14.0,September,2023.0
61466.0,WEKA01320,WEKA01320224,2025-12-07 06:39:00,5,227,47,well,19108.0,Sook,West Pokot,Kapenguria,Rural,,Contaminated: Chemical,,,non_functional,6.0,December,2025.0
61467.0,WEPO01321,WEPO01321224,2024-02-15 08:56:00,2,220,4,tap_in_home_broken,45249.0,Batei,West Pokot,Pokot South,Urban,,,,,non_functional,8.0,February,2024.0
61468.0,WEPO01322,WEPO01322224,2022-12-14 07:03:00,1,398,27,tap_in_home,50057.0,Tapach,West Pokot,Pokot South,Urban,,,,,non_functional,7.0,December,2022.0
61469.0,WESI01323,WESI01323224,2024-06-03 07:16:00,5,389,26,well,39752.0,Lomut,West Pokot,Sigor,Urban,,Clean,,,non_functional,7.0,June,2024.0
61470.0,WESI01324,WESI01324224,2022-01-12 17:18:00,5,224,43,tap_in_home_broken,22363.0,Masool,West Pokot,Sigor,Urban,,,,,non_functional,17.0,January,2022.0
61471.0,WESI01325,WESI01325224,2025-08-09 13:10:00,3,158,21,tap_in_home_broken,27853.0,Sekerr,West Pokot,Sigor,Rural,,,,,non_functional,13.0,August,2025.0
61472.0,WESI01326,WESI01326224,2025-07-08 05:34:00,5,353,9,river,48489.0,Weiwei,West Pokot,Sigor,Rural,,,,,non_functional,5.0,July,2025.0
61473.0,TREN01327,TREN01327224,2023-02-28 14:31:00,4,73,11,river,43998.0,Matumbei,Trans Nzoia,Endebess,Rural,,,,,non_functional,14.0,February,2023.0
61474.0,TREN01328,TREN01328224,2024-12-19 19:36:00,2,375,29,river,31074.0,Endebess,Trans Nzoia,Endebess,Rural,,,,,non_functional,19.0,December,2024.0
61475.0,TREN01329,TREN01329224,2023-12-17 14:44:00,5,32,44,well,47978.0,Chepchoina,Trans Nzoia,Endebess,Urban,,Contaminated: Chemical,,,non_functional,14.0,December,2023.0
61476.0,TRSA01330,TRSA01330224,2022-12-11 06:53:00,5,348,4,well,57090.0,Kinyoro,Trans Nzoia,Saboti,Rural,,Contaminated:Biological,,,non_functional,6.0,December,2022.0
61477.0,TRSA01331,TRSA01331224,2024-05-10 08:08:00,1,144,4,well,44236.0,Saboti,Trans Nzoia,Saboti,Rural,,Clean,,,non_functional,8.0,May,2024.0
61478.0,TRSA01332,TRSA01332224,2022-03-22 17:14:00,4,12,12,well,20238.0,Machewa,Trans Nzoia,Saboti,Rural,,Contaminated:Biological,,,non_functional,17.0,March,2022.0
61479.0,TRKI01333,TRKI01333224,2023-01-10 10:53:00,4,534,38,river,41225.0,Sikhendu,Trans Nzoia,Kiminini,Rural,,,,,non_functional,10.0,January,2023.0
61480.0,TRUN01334,TRUN01334224,2023-07-13 09:30:00,4,260,1,tap_in_home_broken,74867.0,unknown 4,Trans Nzoia,unknown 4,Urban,,,,,non_functional,9.0,July,2023.0
61481.0,TRKI01335,TRKI01335224,2022-02-28 07:39:00,2,296,12,tap_in_home,43578.0,Kiminini,Trans Nzoia,Kiminini,Urban,,,,,non_functional,7.0,February,2022.0
61482.0,TRKI01336,TRKI01336224,2022-10-16 13:19:00,1,304,20,tap_in_home,46694.0,Nabiswa,Trans Nzoia,Kiminini,Rural,,,,,non_functional,13.0,October,2022.0
61483.0,TRKW01337,TRKW01337224,2025-01-23 17:21:00,4,479,44,shared_taps,47528.0,Kwanza,Trans Nzoia,Kwanza,Urban,,,,,non_functional,17.0,January,2025.0
61484.0,BUTO01338,BUTO01338224,2023-11-15 11:26:00,5,253,29,shared_taps,30431.0,Ndalu/ Tabani,Bungoma,Tongaren,Urban,,,,,non_functional,11.0,November,2023.0
61485.0,TRSA01339,TRSA01339224,2024-10-04 06:00:00,3,432,3,tap_in_home_broken,21854.0,Matisi,Trans Nzoia,Saboti,Urban,,,,,non_functional,6.0,October,2024.0
61486.0,TRKW01340,TRKW01340224,2023-05-01 17:03:00,4,361,14,shared_taps,74255.0,Kapomboi,Trans Nzoia,Kwanza,Rural,,,,,non_functional,17.0,May,2023.0
61487.0,TRKI01341,TRKI01341224,2025-07-17 15:16:00,1,459,23,well,65747.0,Waitaluk,Trans Nzoia,Kiminini,Rural,,Clean,,,non_functional,15.0,July,2025.0
61488.0,TRSA01342,TRSA01342224,2022-01-14 08:04:00,4,260,46,tap_in_home,399.0,Tuwani,Trans Nzoia,Saboti,Urban,,,,,non_functional,8.0,January,2022.0
61489.0,TRKW01343,TRKW01343224,2025-02-22 17:47:00,5,353,0,shared_taps,17037.0,Bidii,Trans Nzoia,Kwanza,Urban,,,,,non_functional,17.0,February,2025.0
61490.0,TRKI01344,TRKI01344224,2022-03-24 16:19:00,4,127,35,tap_in_home,19145.0,Hospital,Trans Nzoia,Kiminini,Urban,,,,,non_functional,16.0,March,2022.0
61491.0,BULI01345,BULI01345224,2023-12-09 08:56:00,3,5,24,shared_taps,27318.0,Sinoko,Bungoma,Likuyani,Urban,,,,,non_functional,8.0,December,2023.0
61492.0,TRKI01346,TRKI01346224,2023-02-22 14:49:00,5,172,6,well,30311.0,Sirende,Trans Nzoia,Kiminini,Rural,,Contaminated: Chemical,,,non_functional,14.0,February,2023.0
61493.0,MAMA01347,MAMA01347224,2023-05-04 08:49:00,1,496,15,shared_taps,23483.0,Guticha,Mandera,Mandera North,Rural,,,,,non_functional,8.0,May,2023.0
61494.0,MAMA01348,MAMA01348224,2023-03-14 19:36:00,5,519,10,shared_taps,18268.0,Morothile,Mandera,Mandera North,Urban,,,,,non_functional,19.0,March,2023.0
61495.0,MABA01349,MABA01349224,2025-01-24 13:19:00,2,28,24,well,17577.0,Guba,Mandera,Banissa,Rural,,Contaminated:Biological,,,non_functional,13.0,January,2025.0
61496.0,MAMA01350,MAMA01350224,2022-12-26 07:46:00,5,227,8,well,93245.0,Kutulo,Mandera,Mandera South,Rural,,Contaminated:Biological,,,non_functional,7.0,December,2022.0
61497.0,MAMA01351,MAMA01351224,2025-08-28 11:09:00,5,383,13,tap_in_home_broken,40090.0,Ashabito,Mandera,Mandera North,Urban,,,,,non_functional,11.0,August,2025.0
61498.0,MAMA01352,MAMA01352224,2022-09-07 07:30:00,4,173,21,shared_taps,43757.0,Rhamu-Dimtu,Mandera,Mandera North,Rural,,,,,non_functional,7.0,September,2022.0
61499.0,MAMA01353,MAMA01353224,2025-07-19 19:38:00,1,424,29,shared_taps,16049.0,Wargadud,Mandera,Mandera South,Urban,,,,,non_functional,19.0,July,2025.0
61500.0,MAMA01354,MAMA01354224,2024-02-19 15:39:00,2,301,19,tap_in_home,0.0,Elwak South,Mandera,Mandera South,Urban,,,,,non_functional,15.0,February,2024.0
61501.0,MAMA01355,MAMA01355224,2025-09-11 11:45:00,5,434,36,river,41895.0,Shimbir Fatuma,Mandera,Mandera South,Rural,,,,,non_functional,11.0,September,2025.0
61502.0,MALA01356,MALA01356224,2023-02-15 13:21:00,5,240,18,shared_taps,19616.0,Waranqara,Mandera,Lafey,Urban,,,,,non_functional,13.0,February,2023.0
61503.0,MALA01357,MALA01357224,2025-08-03 07:15:00,4,243,18,tap_in_home_broken,6787.0,Alango Gof,Mandera,Lafey,Rural,,,,,non_functional,7.0,August,2025.0
61504.0,MALA01358,MALA01358224,2025-12-23 14:01:00,4,405,36,tap_in_home,39778.0,Lafey,Mandera,Lafey,Urban,,,,,non_functional,14.0,December,2025.0
61505.0,MAMA01359,MAMA01359224,2022-11-05 12:55:00,3,286,30,shared_taps,15276.0,Fino,Mandera,Mandera East,Urban,,,,,non_functional,12.0,November,2022.0
61506.0,MAMA01360,MAMA01360224,2025-10-19 11:04:00,5,298,47,well,49773.0,Rhamu,Mandera,Mandera North,Rural,,Contaminated: Chemical,,,non_functional,11.0,October,2025.0
61507.0,MALA01361,MALA01361224,2024-04-15 16:43:00,2,480,28,well,40573.0,Libehia,Mandera,Lafey,Rural,,Clean,,,non_functional,16.0,April,2024.0
61508.0,MAMA01362,MAMA01362224,2024-05-14 10:03:00,5,364,33,river,35191.0,Arabia,Mandera,Mandera East,Urban,,,,,non_functional,10.0,May,2024.0
61509.0,MAMA01363,MAMA01363224,2023-05-14 18:32:00,1,132,4,shared_taps,8849.0,Khalalio,Mandera,Mandera East,Rural,,,,,non_functional,18.0,May,2023.0
61510.0,MAMA01364,MAMA01364224,2025-06-09 08:08:00,4,59,26,river,18981.0,Bulla Mpya,Mandera,Mandera East,Rural,,,,,non_functional,8.0,June,2025.0
61511.0,MAMA01365,MAMA01365224,2025-11-10 16:00:00,3,446,47,shared_taps,25707.0,Takaba South,Mandera,Mandera West,Urban,,,,,non_functional,16.0,November,2025.0
61512.0,MAUN01366,MAUN01366224,2023-08-19 05:34:00,3,57,27,river,29633.0,unknown 1,Mandera,unknown 1,Rural,,,,,non_functional,5.0,August,2023.0
61513.0,MAMO01367,MAMO01367224,2024-08-14 12:42:00,1,40,18,shared_taps,21442.0,Butiye,Marsabit,Moyale,Rural,,,,,non_functional,12.0,August,2024.0
61514.0,MAMO01368,MAMO01368224,2023-11-09 08:32:00,1,79,20,shared_taps,36815.0,Golbo,Marsabit,Moyale,Urban,,,,,non_functional,8.0,November,2023.0
61515.0,MAMO01369,MAMO01369224,2024-07-18 16:27:00,3,178,35,tap_in_home,24164.0,Heillu/Manyatta,Marsabit,Moyale,Urban,,,,,non_functional,16.0,July,2024.0
61516.0,MAMO01370,MAMO01370224,2023-03-13 16:14:00,2,137,17,river,9037.0,Moyale Township,Marsabit,Moyale,Rural,,,,,non_functional,16.0,March,2023.0
61517.0,MAMO01371,MAMO01371224,2025-01-25 11:22:00,5,44,7,shared_taps,7516.0,Obbu,Marsabit,Moyale,Urban,,,,,non_functional,11.0,January,2025.0
61518.0,MAMO01372,MAMO01372224,2023-02-18 14:35:00,5,315,34,river,21267.0,Sololo,Marsabit,Moyale,Urban,,,,,non_functional,14.0,February,2023.0
61519.0,MAMO01373,MAMO01373224,2025-04-25 16:35:00,5,453,38,well,21753.0,Uran,Marsabit,Moyale,Rural,,Clean,,,non_functional,16.0,April,2025.0
61520.0,MANO01374,MANO01374224,2024-08-10 08:41:00,5,9,8,tap_in_home,11808.0,Turbi,Marsabit,North Horr,Urban,,,,,non_functional,8.0,August,2024.0
61521.0,WAEL01375,WAEL01375224,2023-03-08 10:18:00,1,177,46,shared_taps,39570.0,Della,Wajir,Eldas,Rural,,,,,non_functional,10.0,March,2023.0
61522.0,WAEL01376,WAEL01376224,2023-06-06 08:46:00,3,422,21,river,30096.0,Eldas,Wajir,Eldas,Rural,,,,,non_functional,8.0,June,2023.0
61523.0,WAEL01377,WAEL01377224,2023-04-28 18:33:00,3,520,30,tap_in_home,28721.0,Lakoley South/Basir,Wajir,Eldas,Urban,,,,,non_functional,18.0,April,2023.0
61524.0,WATA01378,WATA01378224,2022-05-17 18:33:00,2,269,15,shared_taps,19382.0,Elben,Wajir,Tarbaj,Rural,,,,,non_functional,18.0,May,2022.0
61525.0,WATA01379,WATA01379224,2022-09-02 11:21:00,3,426,29,well,6521.0,Sarman,Wajir,Tarbaj,Rural,,Contaminated:Biological,,,non_functional,11.0,September,2022.0
61526.0,WATA01380,WATA01380224,2024-08-10 14:36:00,4,239,20,tap_in_home_broken,10556.0,Wargadud,Wajir,Tarbaj,Urban,,,,,non_functional,14.0,August,2024.0
61527.0,WAWA01381,WAWA01381224,2024-06-15 11:01:00,3,293,13,tap_in_home,11028.0,Batalu,Wajir,Wajir North,Urban,,,,,non_functional,11.0,June,2024.0
61528.0,WAWA01382,WAWA01382224,2025-10-21 13:16:00,3,421,22,tap_in_home,20921.0,Bute,Wajir,Wajir North,Urban,,,,,non_functional,13.0,October,2025.0
61529.0,WAWA01383,WAWA01383224,2025-02-27 07:15:00,5,206,38,shared_taps,18886.0,Danaba,Wajir,Wajir North,Rural,,,,,non_functional,7.0,February,2025.0
61530.0,WAWA01384,WAWA01384224,2022-06-06 17:40:00,4,354,45,tap_in_home_broken,4470.0,Godoma,Wajir,Wajir North,Urban,,,,,non_functional,17.0,June,2022.0
61531.0,WAWA01385,WAWA01385224,2025-10-01 13:00:00,2,67,9,river,20227.0,Gurar,Wajir,Wajir North,Rural,,,,,non_functional,13.0,October,2025.0
61532.0,WAWA01386,WAWA01386224,2024-08-25 16:45:00,3,20,18,river,36532.0,Korondile,Wajir,Wajir North,Rural,,,,,non_functional,16.0,August,2024.0
61533.0,WAWA01387,WAWA01387224,2022-11-01 09:27:00,3,334,41,shared_taps,21119.0,Malkagufu,Wajir,Wajir North,Rural,,,,,non_functional,9.0,November,2022.0
61534.0,MALA01388,MALA01388224,2025-08-02 17:50:00,5,368,24,well,27983.0,Loiyangalani,Marsabit,Laisamis,Rural,,Contaminated:Biological,,,non_functional,17.0,August,2025.0
61535.0,MANO01389,MANO01389224,2025-07-17 19:30:00,1,299,23,river,32835.0,Dukana,Marsabit,North Horr,Rural,,,,,non_functional,19.0,July,2025.0
61536.0,MANO01390,MANO01390224,2024-03-25 14:50:00,4,511,47,well,17528.0,Illeret,Marsabit,North Horr,Rural,,Clean,,,non_functional,14.0,March,2024.0
61537.0,MANO01391,MANO01391224,2025-06-13 12:41:00,4,75,45,river,50086.0,Maikona,Marsabit,North Horr,Rural,,,,,non_functional,12.0,June,2025.0
61538.0,MANO01392,MANO01392224,2025-10-11 11:53:00,3,363,37,river,27149.0,North Horr,Marsabit,North Horr,Urban,,,,,non_functional,11.0,October,2025.0
61539.0,TUTU01393,TUTU01393224,2025-01-19 10:43:00,4,79,39,tap_in_home,30359.0,Kalokol,Turkana,Turkana Central,Urban,,,,,non_functional,10.0,January,2025.0
61540.0,TUTU01394,TUTU01394224,2025-02-04 17:19:00,4,305,26,shared_taps,51423.0,Kanamkemer,Turkana,Turkana Central,Urban,,,,,non_functional,17.0,February,2025.0
61541.0,TUTU01395,TUTU01395224,2023-04-05 11:06:00,4,86,11,shared_taps,33157.0,Kang'Atotha,Turkana,Turkana Central,Rural,,,,,non_functional,11.0,April,2023.0
61542.0,TUTU01396,TUTU01396224,2023-02-25 17:07:00,3,15,34,tap_in_home,51537.0,Kerio Delta,Turkana,Turkana Central,Urban,,,,,non_functional,17.0,February,2023.0
61543.0,TUTU01397,TUTU01397224,2024-01-25 18:54:00,4,447,45,river,33663.0,Lodwar Township,Turkana,Turkana Central,Rural,,,,,non_functional,18.0,January,2024.0
61544.0,TUTU01398,TUTU01398224,2024-02-20 07:49:00,2,71,3,river,45367.0,Lake Zone,Turkana,Turkana North,Rural,,,,,non_functional,7.0,February,2024.0
61545.0,TUTU01399,TUTU01399224,2024-07-23 08:25:00,1,284,45,shared_taps,53959.0,Lokichar,Turkana,Turkana South,Urban,,,,,non_functional,8.0,July,2024.0
61546.0,TUTU01400,TUTU01400224,2025-09-28 16:50:00,2,365,22,tap_in_home,72004.0,Letea,Turkana,Turkana West,Urban,,,,,non_functional,16.0,September,2025.0
61547.0,TULO01401,TULO01401224,2025-05-19 09:35:00,2,204,26,tap_in_home,18141.0,Lokiriama/Lorengippi,Turkana,Loima,Rural,,,,,non_functional,9.0,May,2025.0
61548.0,TULO01402,TULO01402224,2022-01-05 16:25:00,2,55,10,shared_taps,24442.0,Loima,Turkana,Loima,Rural,,,,,non_functional,16.0,January,2022.0
61549.0,TUTU01403,TUTU01403224,2022-11-22 11:33:00,3,69,28,tap_in_home,41359.0,Kakuma,Turkana,Turkana West,Urban,,,,,non_functional,11.0,November,2022.0
61550.0,TUTU01404,TUTU01404224,2023-03-10 13:56:00,1,292,2,river,18004.0,Nakalale,Turkana,Turkana North,Urban,,,,,non_functional,13.0,March,2023.0
61551.0,TULO01405,TULO01405224,2025-09-20 07:16:00,1,88,9,tap_in_home_broken,57669.0,Turkwel,Turkana,Loima,Urban,,,,,non_functional,7.0,September,2025.0
61552.0,TULO01406,TULO01406224,2024-07-18 17:47:00,1,24,25,shared_taps,28858.0,Kotaruk/Lobei,Turkana,Loima,Rural,,,,,non_functional,17.0,July,2024.0
61553.0,MAMA01407,MAMA01407224,2022-01-14 07:02:00,3,454,35,shared_taps,23946.0,Gither,Mandera,Mandera West,Rural,,,,,non_functional,7.0,January,2022.0
61554.0,MAMA01408,MAMA01408224,2024-09-28 14:19:00,2,335,21,tap_in_home,19279.0,Dandu,Mandera,Mandera West,Urban,,,,,non_functional,14.0,September,2024.0
61555.0,MABA01409,MABA01409224,2024-06-10 14:32:00,3,529,32,shared_taps,40358.0,Kiliwehiri,Mandera,Banissa,Rural,,,,,non_functional,14.0,June,2024.0
61556.0,MABA01410,MABA01410224,2024-04-01 15:29:00,3,333,15,river,29140.0,Derkhale,Mandera,Banissa,Rural,,,,,non_functional,15.0,April,2024.0
61557.0,MAMA01411,MAMA01411224,2025-06-10 07:05:00,1,211,21,shared_taps,201.0,Lagsure,Mandera,Mandera West,Urban,,,,,non_functional,7.0,June,2025.0
61558.0,MABA01412,MABA01412224,2022-03-11 15:25:00,2,206,35,well,49829.0,Banissa,Mandera,Banissa,Rural,,Contaminated: Chemical,,,non_functional,15.0,March,2022.0
61559.0,MAMA01413,MAMA01413224,2025-01-14 16:10:00,4,380,31,tap_in_home,49677.0,Takaba,Mandera,Mandera West,Urban,,,,,non_functional,16.0,January,2025.0
61560.0,TUTU01414,TUTU01414224,2025-09-23 13:29:00,3,532,30,tap_in_home_broken,17457.0,Kaeris,Turkana,Turkana North,Urban,,,,,non_functional,13.0,September,2025.0
61561.0,TUTU01415,TUTU01415224,2022-08-28 05:54:00,4,127,31,river,13519.0,Lopur,Turkana,Turkana West,Urban,,,,,non_functional,5.0,August,2022.0
61562.0,TUTU01416,TUTU01416224,2023-05-11 13:13:00,1,200,9,river,32367.0,Songot,Turkana,Turkana West,Rural,,,,,non_functional,13.0,May,2023.0
61563.0,TUTU01417,TUTU01417224,2025-07-05 18:24:00,2,376,19,river,55968.0,Lokichoggio,Turkana,Turkana West,Rural,,,,,non_functional,18.0,July,2025.0
61564.0,TUTU01418,TUTU01418224,2025-09-12 09:49:00,5,126,26,shared_taps,24760.0,Kaaleng/Kaikor,Turkana,Turkana North,Urban,,,,,non_functional,9.0,September,2025.0
61565.0,TUTU01419,TUTU01419224,2025-10-01 13:39:00,4,337,33,well,18107.0,Nanaam,Turkana,Turkana West,Rural,,Clean,,,non_functional,13.0,October,2025.0
61566.0,TUTU01420,TUTU01420224,2025-09-26 14:48:00,2,12,43,shared_taps,139.0,Kibish,Turkana,Turkana North,Rural,,,,,non_functional,14.0,September,2025.0
61567.0,MABA01421,MABA01421224,2025-05-04 08:24:00,3,46,33,tap_in_home_broken,29451.0,Malkamari,Mandera,Banissa,Urban,,,,,non_functional,8.0,May,2025.0
61568.0,MAMA01422,MAMA01422224,2022-10-24 18:39:00,2,62,41,tap_in_home_broken,5277.0,Township,Mandera,Mandera East,Urban,,,,,non_functional,18.0,October,2022.0
61569.0,MAMA01423,MAMA01423224,2023-07-09 09:37:00,3,162,28,tap_in_home_broken,2496.0,Neboi,Mandera,Mandera East,Urban,,,,,non_functional,9.0,July,2023.0
61570.0,WEKA01424,WEKA01424224,2024-11-23 05:03:00,1,162,16,river,38262.0,Alale,West Pokot,Kacheliba,Urban,,,,,non_functional,5.0,November,2024.0
61571.0,WEKA01425,WEKA01425224,2025-05-16 15:39:00,1,362,15,well,31017.0,Kiwawa,West Pokot,Kacheliba,Rural,,Contaminated: Chemical,,,non_functional,15.0,May,2025.0
61572.0,WEKA01426,WEKA01426224,2025-02-01 17:28:00,1,285,35,well,23419.0,Kapchok,West Pokot,Kacheliba,Rural,,Contaminated:Biological,,,non_functional,17.0,February,2025.0
61573.0,WEKA01427,WEKA01427224,2022-02-08 15:25:00,1,75,7,shared_taps,14254.0,Kasei,West Pokot,Kacheliba,Urban,,,,,non_functional,15.0,February,2022.0
61574.0,WEKA01428,WEKA01428224,2022-10-14 13:19:00,3,495,17,shared_taps,24345.0,Endugh,West Pokot,Kapenguria,Urban,,,,,non_functional,13.0,October,2022.0
61575.0,TUTU01429,TUTU01429224,2023-06-24 15:51:00,4,286,36,tap_in_home_broken,18230.0,Kaputir,Turkana,Turkana South,Rural,,,,,non_functional,15.0,June,2023.0
61576.0,TUTU01430,TUTU01430224,2024-01-13 13:47:00,2,461,36,river,53488.0,Katilu,Turkana,Turkana South,Rural,,,,,non_functional,13.0,January,2024.0
61577.0,BUNA01431,BUNA01431224,2024-07-22 14:23:00,5,314,25,shared_taps,29795.0,Bukhayo East,Busia,Nambale,Urban,,,,,non_functional,14.0,July,2024.0
61578.0,BUTE01432,BUTE01432224,2025-02-09 07:40:00,3,91,48,river,21211.0,Ang'Orom,Busia,Teso South,Urban,,,,,non_functional,7.0,February,2025.0
61579.0,BUTE01433,BUTE01433224,2023-07-06 14:22:00,2,85,33,tap_in_home_broken,43024.0,Chakol South,Busia,Teso South,Urban,,,,,non_functional,14.0,July,2023.0
61580.0,BUTE01434,BUTE01434224,2024-08-28 05:05:00,2,454,37,shared_taps,34423.0,Amukura East,Busia,Teso South,Urban,,,,,non_functional,5.0,August,2024.0
61581.0,BUNA01435,BUNA01435224,2025-11-05 06:45:00,1,290,11,well,29481.0,Bukhayo North/Waltsi,Busia,Nambale,Rural,,Contaminated: Chemical,,,non_functional,6.0,November,2025.0
61582.0,BUTE01436,BUTE01436224,2025-07-16 09:08:00,4,27,21,tap_in_home,28818.0,Amukura Central,Busia,Teso South,Rural,,,,,non_functional,9.0,July,2025.0
61583.0,BUTE01437,BUTE01437224,2023-04-21 18:34:00,2,140,40,well,25221.0,Chakol North,Busia,Teso South,Urban,,Contaminated:Biological,,,non_functional,18.0,April,2023.0
61584.0,BUTE01438,BUTE01438224,2023-04-28 10:14:00,3,474,17,tap_in_home,22210.0,Amukura West,Busia,Teso South,Urban,,,,,non_functional,10.0,April,2023.0
61585.0,BUTE01439,BUTE01439224,2024-10-12 05:53:00,1,536,41,shared_taps,23335.0,Malaba South,Busia,Teso North,Urban,,,,,non_functional,5.0,October,2024.0
61586.0,BUTE01440,BUTE01440224,2022-11-01 15:32:00,1,99,31,tap_in_home,31023.0,Malaba Central,Busia,Teso North,Urban,,,,,non_functional,15.0,November,2022.0
61587.0,BUTE01441,BUTE01441224,2022-08-23 06:57:00,4,183,16,shared_taps,15835.0,Malaba North,Busia,Teso North,Rural,,,,,non_functional,6.0,August,2022.0
61588.0,BUTE01442,BUTE01442224,2023-03-14 06:53:00,5,60,32,shared_taps,28154.0,Ang'Urai South,Busia,Teso North,Urban,,,,,non_functional,6.0,March,2023.0
61589.0,BA8001443,BA8001443224,2023-09-15 18:15:00,3,245,25,tap_in_home_broken,28336.0,Lembus,Baringo,805,Urban,,,,,non_functional,18.0,September,2023.0
61590.0,BABA01444,BABA01444224,2022-10-20 06:51:00,4,395,42,tap_in_home,26203.0,Ewalel/Chapchap,Baringo,Baringo Central,Urban,,,,,non_functional,6.0,October,2022.0
61591.0,BABA01445,BABA01445224,2024-11-01 13:48:00,4,199,8,tap_in_home,19057.0,Kabarnet,Baringo,Baringo Central,Urban,,,,,non_functional,13.0,November,2024.0
61592.0,BABA01446,BABA01446224,2023-09-04 14:34:00,1,361,19,shared_taps,30762.0,Kapropita,Baringo,Baringo Central,Rural,,,,,non_functional,14.0,September,2023.0
61593.0,BABA01447,BABA01447224,2022-01-24 05:11:00,3,197,21,shared_taps,16740.0,Sacho,Baringo,Baringo Central,Urban,,,,,non_functional,5.0,January,2022.0
61594.0,BABA01448,BABA01448224,2022-06-25 06:07:00,5,322,20,tap_in_home,9702.0,Tenges,Baringo,Baringo Central,Urban,,,,,non_functional,6.0,June,2022.0
61595.0,BABA01449,BABA01449224,2024-09-17 14:44:00,1,207,46,well,13226.0,Bartabwa,Baringo,Baringo North,Rural,,Clean,,,non_functional,14.0,September,2024.0
61596.0,BABA01450,BABA01450224,2022-02-13 18:23:00,1,269,5,well,29730.0,Barwessa,Baringo,Baringo North,Rural,,Contaminated: Chemical,,,non_functional,18.0,February,2022.0
61597.0,BABA01451,BABA01451224,2023-02-22 16:02:00,2,237,35,shared_taps,24101.0,Kabartonjo,Baringo,Baringo North,Urban,,,,,non_functional,16.0,February,2023.0
61598.0,BABA01452,BABA01452224,2022-07-17 05:47:00,5,410,35,tap_in_home,26661.0,Saimo/Kipsaraman,Baringo,Baringo North,Rural,,,,,non_functional,5.0,July,2022.0
61599.0,BABA01453,BABA01453224,2025-05-15 07:06:00,5,487,43,tap_in_home,16825.0,Saimo/Soi,Baringo,Baringo North,Urban,,,,,non_functional,7.0,May,2025.0
61600.0,BABA01454,BABA01454224,2022-02-27 13:08:00,1,459,1,shared_taps,28969.0,Ilchamus,Baringo,Baringo South,Urban,,,,,non_functional,13.0,February,2022.0
61601.0,BABA01455,BABA01455224,2022-06-20 13:51:00,1,94,36,river,38938.0,Marigat,Baringo,Baringo South,Urban,,,,,non_functional,13.0,June,2022.0
61602.0,BABA01456,BABA01456224,2022-03-25 19:48:00,3,272,19,river,32521.0,Mochongoi,Baringo,Baringo South,Rural,,,,,non_functional,19.0,March,2022.0
61603.0,BABA01457,BABA01457224,2024-10-16 16:50:00,3,520,20,shared_taps,15730.0,Mukutani,Baringo,Baringo South,Rural,,,,,non_functional,16.0,October,2024.0
61604.0,BAEL01458,BAEL01458224,2022-07-06 06:59:00,3,513,14,river,18131.0,Koibatek,Baringo,Eldama Ravine,Rural,,,,,non_functional,6.0,July,2022.0
61605.0,BAEL01459,BAEL01459224,2022-12-27 08:15:00,1,174,30,well,42906.0,Lembus Kwen,Baringo,Eldama Ravine,Rural,,Clean,,,non_functional,8.0,December,2022.0
61606.0,BAEL01460,BAEL01460224,2023-03-26 05:00:00,5,340,47,tap_in_home,25893.0,Lembus/Perkerra,Baringo,Eldama Ravine,Urban,,,,,non_functional,5.0,March,2023.0
61607.0,BAEL01461,BAEL01461224,2024-05-08 10:38:00,5,78,47,shared_taps,25615.0,Mumberes/Maji Mazuri,Baringo,Eldama Ravine,Urban,,,,,non_functional,10.0,May,2024.0
61608.0,BAEL01462,BAEL01462224,2022-05-22 15:22:00,1,529,36,shared_taps,19884.0,Ravine,Baringo,Eldama Ravine,Rural,,,,,non_functional,15.0,May,2022.0
61609.0,BAMO01463,BAMO01463224,2025-12-07 19:14:00,1,521,5,shared_taps,25746.0,Emining,Baringo,Mogotio,Urban,,,,,non_functional,19.0,December,2025.0
61610.0,BAMO01464,BAMO01464224,2024-04-11 10:34:00,4,531,40,river,27601.0,Kisanana,Baringo,Mogotio,Rural,,,,,non_functional,10.0,April,2024.0
61611.0,BAMO01465,BAMO01465224,2024-09-18 06:22:00,5,129,1,well,19698.0,Mogotio,Baringo,Mogotio,Rural,,Contaminated: Chemical,,,non_functional,6.0,September,2024.0
61612.0,BATI01466,BATI01466224,2025-10-18 08:56:00,1,532,4,shared_taps,24005.0,Churo/Amaya,Baringo,Tiaty,Urban,,,,,non_functional,8.0,October,2025.0
61613.0,BATI01467,BATI01467224,2023-12-21 05:52:00,3,422,19,river,36317.0,Kolowa,Baringo,Tiaty,Rural,,,,,non_functional,5.0,December,2023.0
61614.0,BATI01468,BATI01468224,2025-04-10 07:55:00,4,144,20,river,15847.0,Loiyamorock,Baringo,Tiaty,Rural,,,,,non_functional,7.0,April,2025.0
61615.0,BATI01469,BATI01469224,2024-05-16 13:35:00,2,352,42,tap_in_home_broken,22121.0,Ribkwo,Baringo,Tiaty,Urban,,,,,non_functional,13.0,May,2024.0
61616.0,BATI01470,BATI01470224,2022-07-13 15:53:00,4,533,20,tap_in_home,21373.0,Silale,Baringo,Tiaty,Urban,,,,,non_functional,15.0,July,2022.0
61617.0,BOSO01471,BOSO01471224,2022-08-15 18:42:00,1,289,25,shared_taps,48141.0,Kipsonoi,Bomet,Sotik,Rural,,,,,non_functional,18.0,August,2022.0
61618.0,BATI01472,BATI01472224,2024-01-05 19:53:00,3,283,35,river,18344.0,Tangulbei/Korossi,Baringo,Tiaty,Urban,,,,,non_functional,19.0,January,2024.0
61619.0,BATI01473,BATI01473224,2024-09-22 14:43:00,1,365,25,tap_in_home_broken,31578.0,Tirioko,Baringo,Tiaty,Urban,,,,,non_functional,14.0,September,2024.0
61620.0,BOBO01474,BOBO01474224,2025-09-03 13:34:00,4,123,19,tap_in_home_broken,50036.0,Chesoen,Bomet,Bomet Central,Urban,,,,,non_functional,13.0,September,2025.0
61621.0,BOBO01475,BOBO01475224,2025-12-26 15:18:00,2,16,14,well,24011.0,Mutarakwa,Bomet,Bomet Central,Rural,,Contaminated:Biological,,,non_functional,15.0,December,2025.0
61622.0,BOBO01476,BOBO01476224,2025-06-21 13:53:00,5,54,12,shared_taps,35958.0,Ndaraweta,Bomet,Bomet Central,Urban,,,,,non_functional,13.0,June,2025.0
61623.0,BOBO01477,BOBO01477224,2025-03-18 12:44:00,4,336,1,shared_taps,31913.0,Silibwet Township,Bomet,Bomet Central,Urban,,,,,non_functional,12.0,March,2025.0
61624.0,BOBO01478,BOBO01478224,2023-12-12 07:21:00,2,60,41,river,25996.0,Singorwet,Bomet,Bomet Central,Rural,,,,,non_functional,7.0,December,2023.0
61625.0,BOBO01479,BOBO01479224,2023-10-09 17:21:00,4,293,37,tap_in_home_broken,26341.0,Chemaner,Bomet,Bomet East,Rural,,,,,non_functional,17.0,October,2023.0
61626.0,BOBO01480,BOBO01480224,2025-05-07 08:31:00,3,363,15,well,30669.0,Kembu,Bomet,Bomet East,Rural,,Contaminated: Chemical,,,non_functional,8.0,May,2025.0
61627.0,BOBO01481,BOBO01481224,2025-01-15 19:19:00,2,159,3,river,31243.0,Kipreres,Bomet,Bomet East,Rural,,,,,non_functional,19.0,January,2025.0
61628.0,BOBO01482,BOBO01482224,2024-02-26 12:11:00,3,523,45,shared_taps,37053.0,Longisa,Bomet,Bomet East,Rural,,,,,non_functional,12.0,February,2024.0
61629.0,BOBO01483,BOBO01483224,2022-11-21 12:12:00,2,290,14,shared_taps,52005.0,Merigi,Bomet,Bomet East,Rural,,,,,non_functional,12.0,November,2022.0
61630.0,BOCH01484,BOCH01484224,2024-12-08 11:49:00,3,289,15,well,43702.0,Chebunyo,Bomet,Chepalungu,Rural,,Contaminated: Chemical,,,non_functional,11.0,December,2024.0
61631.0,BOCH01485,BOCH01485224,2023-08-15 19:06:00,2,459,33,shared_taps,39473.0,Kong'Asis,Bomet,Chepalungu,Urban,,,,,non_functional,19.0,August,2023.0
61632.0,BOCH01486,BOCH01486224,2024-03-28 05:37:00,4,25,9,well,49911.0,Nyangores,Bomet,Chepalungu,Rural,,Contaminated:Biological,,,non_functional,5.0,March,2024.0
61633.0,BOCH01487,BOCH01487224,2024-11-14 06:08:00,1,478,47,tap_in_home_broken,46008.0,Sigor,Bomet,Chepalungu,Rural,,,,,non_functional,6.0,November,2024.0
61634.0,BOCH01488,BOCH01488224,2023-12-09 19:15:00,5,362,7,tap_in_home_broken,44643.0,Siongiroi,Bomet,Chepalungu,Urban,,,,,non_functional,19.0,December,2023.0
61635.0,BOKO01489,BOKO01489224,2025-04-27 10:42:00,2,206,1,well,36157.0,Boito,Bomet,Konoin,Rural,,Contaminated: Chemical,,,non_functional,10.0,April,2025.0
61636.0,BOKO01490,BOKO01490224,2022-11-10 12:52:00,1,63,43,shared_taps,28247.0,Chepchabas,Bomet,Konoin,Urban,,,,,non_functional,12.0,November,2022.0
61637.0,BOKO01491,BOKO01491224,2023-03-01 12:17:00,2,49,13,tap_in_home,44372.0,Embomos,Bomet,Konoin,Urban,,,,,non_functional,12.0,March,2023.0
61638.0,BOKO01492,BOKO01492224,2023-12-24 16:35:00,3,36,2,tap_in_home,25307.0,Kimulot,Bomet,Konoin,Urban,,,,,non_functional,16.0,December,2023.0
61639.0,BOKO01493,BOKO01493224,2025-01-16 16:29:00,4,289,48,river,33691.0,Mogogosiek,Bomet,Konoin,Rural,,,,,non_functional,16.0,January,2025.0
61640.0,BOSO01494,BOSO01494224,2023-11-13 16:24:00,2,391,23,tap_in_home,52010.0,Chemagel,Bomet,Sotik,Urban,,,,,non_functional,16.0,November,2023.0
61641.0,BOSO01495,BOSO01495224,2025-06-17 11:41:00,4,391,11,tap_in_home,54083.0,Kapletundo,Bomet,Sotik,Urban,,,,,non_functional,11.0,June,2025.0
61642.0,BOSO01496,BOSO01496224,2025-03-09 07:36:00,3,448,41,shared_taps,51223.0,Ndanai/Abosi,Bomet,Sotik,Urban,,,,,non_functional,7.0,March,2025.0
61643.0,BOSO01497,BOSO01497224,2024-12-11 13:17:00,3,200,28,river,36239.0,Rongena/Manaret,Bomet,Sotik,Rural,,,,,non_functional,13.0,December,2024.0
61644.0,BUBU01498,BUBU01498224,2023-06-14 07:30:00,1,509,9,shared_taps,43775.0,Bumula,Bungoma,Bumula,Urban,,,,,non_functional,7.0,June,2023.0
61645.0,BUBU01499,BUBU01499224,2023-02-06 16:53:00,1,121,46,shared_taps,28030.0,Kabula,Bungoma,Bumula,Rural,,,,,non_functional,16.0,February,2023.0
61646.0,BUBU01500,BUBU01500224,2025-09-05 09:33:00,5,346,7,river,19261.0,Khasoko,Bungoma,Bumula,Rural,,,,,non_functional,9.0,September,2025.0
61647.0,BUBU01501,BUBU01501224,2024-09-11 16:30:00,1,244,2,tap_in_home,49450.0,Kimaeti,Bungoma,Bumula,Urban,,,,,non_functional,16.0,September,2024.0
61648.0,BUBU01502,BUBU01502224,2024-12-23 14:34:00,5,259,30,well,42491.0,Siboti,Bungoma,Bumula,Rural,,Contaminated:Biological,,,non_functional,14.0,December,2024.0
61649.0,BUBU01503,BUBU01503224,2024-04-24 09:42:00,3,312,10,tap_in_home_broken,30998.0,South Bukusu,Bungoma,Bumula,Urban,,,,,non_functional,9.0,April,2024.0
61650.0,BUBU01504,BUBU01504224,2022-11-03 11:29:00,4,160,32,tap_in_home_broken,29301.0,West Bukusu,Bungoma,Bumula,Urban,,,,,non_functional,11.0,November,2022.0
61651.0,BUKA01505,BUKA01505224,2022-10-07 14:33:00,5,216,19,river,47769.0,Bwake/Luuya,Bungoma,Kabuchai,Rural,,,,,non_functional,14.0,October,2022.0
61652.0,BUKA01506,BUKA01506224,2023-08-13 12:32:00,2,351,21,tap_in_home_broken,51911.0,Kabuchai/Chwele,Bungoma,Kabuchai,Urban,,,,,non_functional,12.0,August,2023.0
61653.0,BUKA01507,BUKA01507224,2025-12-25 05:37:00,5,326,34,tap_in_home,55756.0,Mukuyuni,Bungoma,Kabuchai,Urban,,,,,non_functional,5.0,December,2025.0
61654.0,BUKA01508,BUKA01508224,2023-11-19 11:47:00,2,56,4,well,47199.0,West Nalondo,Bungoma,Kabuchai,Rural,,Clean,,,non_functional,11.0,November,2023.0
61655.0,BUKA01509,BUKA01509224,2023-12-05 18:44:00,5,328,41,tap_in_home_broken,38799.0,Bukembe East,Bungoma,Kanduyi,Rural,,,,,non_functional,18.0,December,2023.0
61656.0,BUKA01510,BUKA01510224,2023-09-28 10:35:00,5,168,5,tap_in_home,27288.0,Bukembe West,Bungoma,Kanduyi,Urban,,,,,non_functional,10.0,September,2023.0
61657.0,BUKA01511,BUKA01511224,2022-09-25 19:47:00,1,245,20,tap_in_home,44772.0,East Sang'Alo,Bungoma,Kanduyi,Urban,,,,,non_functional,19.0,September,2022.0
61658.0,BUKA01512,BUKA01512224,2023-01-22 17:58:00,5,429,35,well,7209.0,Khalaba,Bungoma,Kanduyi,Urban,,Contaminated: Chemical,,,non_functional,17.0,January,2023.0
61659.0,BUKA01513,BUKA01513224,2024-09-14 15:04:00,1,188,37,well,50152.0,Marakaru/Tuuti,Bungoma,Kanduyi,Rural,,Contaminated:Biological,,,non_functional,15.0,September,2024.0
61660.0,BUKA01514,BUKA01514224,2022-09-02 10:53:00,4,63,33,tap_in_home_broken,48253.0,Musikoma,Bungoma,Kanduyi,Rural,,,,,non_functional,10.0,September,2022.0
61661.0,BUKA01515,BUKA01515224,2024-04-11 14:26:00,4,214,7,shared_taps,5319.0,Township,Bungoma,Kanduyi,Urban,,,,,non_functional,14.0,April,2024.0
61662.0,BUKA01516,BUKA01516224,2023-09-15 18:21:00,3,117,23,shared_taps,47544.0,West Sang'Alo,Bungoma,Kanduyi,Rural,,,,,non_functional,18.0,September,2023.0
61663.0,BUKI01517,BUKI01517224,2022-01-13 11:08:00,5,210,16,tap_in_home_broken,50330.0,Kamukuywa,Bungoma,Kimilili,Urban,,,,,non_functional,11.0,January,2022.0
61664.0,BUKI01518,BUKI01518224,2024-10-03 10:16:00,3,398,47,shared_taps,40195.0,Kibingei,Bungoma,Kimilili,Urban,,,,,non_functional,10.0,October,2024.0
61665.0,BUKI01519,BUKI01519224,2025-02-06 15:01:00,2,173,0,tap_in_home,35249.0,Kimilili,Bungoma,Kimilili,Urban,,,,,non_functional,15.0,February,2025.0
61666.0,BUKI01520,BUKI01520224,2024-04-20 17:02:00,5,345,36,tap_in_home,31802.0,Maeni,Bungoma,Kimilili,Urban,,,,,non_functional,17.0,April,2024.0
61667.0,BULI01521,BULI01521224,2024-09-24 18:38:00,5,506,5,river,34173.0,Kongoni,Bungoma,Likuyani,Rural,,,,,non_functional,18.0,September,2024.0
61668.0,BULI01522,BULI01522224,2025-09-19 14:59:00,1,458,46,tap_in_home_broken,38371.0,Likuyani,Bungoma,Likuyani,Urban,,,,,non_functional,14.0,September,2025.0
61669.0,BULI01523,BULI01523224,2024-04-20 17:05:00,2,464,11,shared_taps,43050.0,Nzoia,Bungoma,Likuyani,Urban,,,,,non_functional,17.0,April,2024.0
61670.0,BULI01524,BULI01524224,2022-03-02 07:45:00,1,502,28,tap_in_home,29736.0,Sango,Bungoma,Likuyani,Urban,,,,,non_functional,7.0,March,2022.0
61671.0,BULI01525,BULI01525224,2025-05-07 16:11:00,1,130,27,shared_taps,27318.0,Sinoko,Bungoma,Likuyani,Urban,,,,,non_functional,16.0,May,2025.0
61672.0,BULU01526,BULU01526224,2022-06-14 11:01:00,3,201,40,well,27428.0,Chekalini,Bungoma,Lugari,Rural,,Contaminated: Chemical,,,non_functional,11.0,June,2022.0
61673.0,BULU01527,BULU01527224,2025-12-06 10:10:00,3,64,47,well,40046.0,Lugari,Bungoma,Lugari,Rural,,Clean,,,non_functional,10.0,December,2025.0
61674.0,BULU01528,BULU01528224,2022-02-12 14:23:00,2,477,19,tap_in_home,37671.0,Lumakanda,Bungoma,Lugari,Urban,,,,,non_functional,14.0,February,2022.0
61675.0,BULU01529,BULU01529224,2025-06-14 13:36:00,3,298,20,shared_taps,32792.0,Mautuma,Bungoma,Lugari,Urban,,,,,non_functional,13.0,June,2025.0
61676.0,BUMT01530,BUMT01530224,2023-05-23 19:40:00,3,370,40,tap_in_home,39423.0,Cheptais,Bungoma,Mt. Elgon,Urban,,,,,non_functional,19.0,May,2023.0
61677.0,BUMT01531,BUMT01531224,2023-11-08 10:30:00,4,175,34,river,36833.0,Chepyuk,Bungoma,Mt. Elgon,Rural,,,,,non_functional,10.0,November,2023.0
61678.0,BUMT01532,BUMT01532224,2022-05-13 18:51:00,3,278,38,shared_taps,35843.0,Chesikaki,Bungoma,Mt. Elgon,Urban,,,,,non_functional,18.0,May,2022.0
61679.0,BUMT01533,BUMT01533224,2024-05-12 14:25:00,3,201,0,shared_taps,40084.0,Elgon,Bungoma,Mt. Elgon,Urban,,,,,non_functional,14.0,May,2024.0
61680.0,BUMT01534,BUMT01534224,2022-01-15 18:13:00,3,228,11,well,37774.0,Kapkateny,Bungoma,Mt. Elgon,Rural,,Clean,,,non_functional,18.0,January,2022.0
61681.0,BUMT01535,BUMT01535224,2023-06-19 13:08:00,1,461,16,tap_in_home_broken,40997.0,Kaptama,Bungoma,Mt. Elgon,Urban,,,,,non_functional,13.0,June,2023.0
61682.0,BUSI01536,BUSI01536224,2025-09-13 10:40:00,4,473,5,shared_taps,53524.0,Lwandanyi,Bungoma,Sirisia,Urban,,,,,non_functional,10.0,September,2025.0
61683.0,BUSI01537,BUSI01537224,2022-03-02 11:18:00,3,258,38,river,45444.0,Malakisi/South Kulisiru,Bungoma,Sirisia,Rural,,,,,non_functional,11.0,March,2022.0
61684.0,BUSI01538,BUSI01538224,2024-02-22 15:13:00,3,27,0,river,37353.0,Namwela,Bungoma,Sirisia,Rural,,,,,non_functional,15.0,February,2024.0
61685.0,BUTO01539,BUTO01539224,2023-10-13 15:42:00,1,433,20,shared_taps,42523.0,Mbakalo,Bungoma,Tongaren,Urban,,,,,non_functional,15.0,October,2023.0
61686.0,BUTO01540,BUTO01540224,2025-10-02 05:14:00,5,366,45,shared_taps,44730.0,Milima,Bungoma,Tongaren,Rural,,,,,non_functional,5.0,October,2025.0
61687.0,BUTO01541,BUTO01541224,2025-07-12 07:36:00,2,11,2,tap_in_home,49979.0,Naitiri/Kabuyefwe,Bungoma,Tongaren,Urban,,,,,non_functional,7.0,July,2025.0
61688.0,BUTO01542,BUTO01542224,2024-08-27 09:11:00,1,15,4,tap_in_home,30431.0,Ndalu/ Tabani,Bungoma,Tongaren,Urban,,,,,non_functional,9.0,August,2024.0
61689.0,BUTO01543,BUTO01543224,2024-05-22 16:38:00,4,267,10,shared_taps,38255.0,Soysambu/ Mitua,Bungoma,Tongaren,Rural,,,,,non_functional,16.0,May,2024.0
61690.0,BUTO01544,BUTO01544224,2022-12-10 09:38:00,1,191,14,river,44142.0,Tongaren,Bungoma,Tongaren,Rural,,,,,non_functional,9.0,December,2022.0
61691.0,ELKE01545,ELKE01545224,2023-01-11 06:57:00,5,309,5,shared_taps,21875.0,Kaptarakwa,Elgeyo-Marakwet,Keiyo South,Urban,,,,,non_functional,6.0,January,2023.0
61692.0,BUWE01546,BUWE01546224,2025-04-08 05:03:00,2,507,34,shared_taps,48752.0,Bokoli,Bungoma,Webute West,Urban,,,,,non_functional,5.0,April,2025.0
61693.0,BUWE01547,BUWE01547224,2023-04-14 14:56:00,4,77,8,tap_in_home,30909.0,Matulo,Bungoma,Webute West,Urban,,,,,non_functional,14.0,April,2023.0
61694.0,BUWE01548,BUWE01548224,2022-03-16 13:22:00,2,435,37,river,50570.0,Misikhu,Bungoma,Webute West,Rural,,,,,non_functional,13.0,March,2022.0
61695.0,BUWE01549,BUWE01549224,2024-07-13 10:14:00,4,434,25,tap_in_home_broken,42859.0,Sitikho,Bungoma,Webute West,Urban,,,,,non_functional,10.0,July,2024.0
61696.0,BUWE01550,BUWE01550224,2024-07-28 07:34:00,1,313,23,shared_taps,41383.0,Maraka,Bungoma,Webuye East,Urban,,,,,non_functional,7.0,July,2024.0
61697.0,BUWE01551,BUWE01551224,2022-10-22 13:37:00,3,439,10,shared_taps,41192.0,Mihuu,Bungoma,Webuye East,Urban,,,,,non_functional,13.0,October,2022.0
61698.0,BUWE01552,BUWE01552224,2024-11-10 17:44:00,2,145,7,tap_in_home,45838.0,Ndivisi,Bungoma,Webuye East,Urban,,,,,non_functional,17.0,November,2024.0
61699.0,BUBU01553,BUBU01553224,2025-05-19 10:25:00,4,419,12,tap_in_home,16290.0,Bunyala Central,Busia,Budalangi,Urban,,,,,non_functional,10.0,May,2025.0
61700.0,BUBU01554,BUBU01554224,2024-10-28 08:27:00,5,296,35,river,30358.0,Bunyala North,Busia,Budalangi,Urban,,,,,non_functional,8.0,October,2024.0
61701.0,BUBU01555,BUBU01555224,2025-12-16 16:51:00,3,482,35,tap_in_home_broken,19739.0,Bunyala South,Busia,Budalangi,Urban,,,,,non_functional,16.0,December,2025.0
61702.0,BUBU01556,BUBU01556224,2022-05-09 18:56:00,1,436,9,shared_taps,29928.0,Bunyala West,Busia,Budalangi,Urban,,,,,non_functional,18.0,May,2022.0
61703.0,BUBU01557,BUBU01557224,2024-05-22 07:09:00,3,239,18,shared_taps,16542.0,Elugulu,Busia,Butula,Rural,,,,,non_functional,7.0,May,2024.0
61704.0,BUBU01558,BUBU01558224,2023-04-06 05:37:00,4,475,16,tap_in_home,19991.0,Kingandole,Busia,Butula,Urban,,,,,non_functional,5.0,April,2023.0
61705.0,BUBU01559,BUBU01559224,2023-11-28 15:05:00,3,463,28,well,28505.0,Marachi Central,Busia,Butula,Rural,,Contaminated:Biological,,,non_functional,15.0,November,2023.0
61706.0,BUBU01560,BUBU01560224,2024-02-28 19:04:00,2,22,35,shared_taps,32494.0,Marachi East,Busia,Butula,Urban,,,,,non_functional,19.0,February,2024.0
61707.0,BUBU01561,BUBU01561224,2024-04-25 14:18:00,1,456,6,shared_taps,30313.0,Marachi North,Busia,Butula,Urban,,,,,non_functional,14.0,April,2024.0
61708.0,ELKE01562,ELKE01562224,2022-09-08 11:29:00,4,249,32,river,18287.0,Soy North,Elgeyo-Marakwet,Keiyo South,Rural,,,,,non_functional,11.0,September,2022.0
61709.0,BUBU01563,BUBU01563224,2022-12-20 07:24:00,4,219,22,shared_taps,27099.0,Marachi West,Busia,Butula,Rural,,,,,non_functional,7.0,December,2022.0
61710.0,BUFU01564,BUFU01564224,2025-09-15 08:26:00,5,424,10,shared_taps,31810.0,Ageng'A Nanguba,Busia,Funyula,Urban,,,,,non_functional,8.0,September,2025.0
61711.0,BUFU01565,BUFU01565224,2024-10-10 19:00:00,2,4,20,tap_in_home,25049.0,Bwiri,Busia,Funyula,Rural,,,,,non_functional,19.0,October,2024.0
61712.0,BUFU01566,BUFU01566224,2023-04-05 15:35:00,5,1,17,river,30319.0,Namboboto Nambuku,Busia,Funyula,Rural,,,,,non_functional,15.0,April,2023.0
61713.0,BUFU01567,BUFU01567224,2023-04-07 10:46:00,3,29,32,well,30452.0,Nangina,Busia,Funyula,Rural,,Contaminated:Biological,,,non_functional,10.0,April,2023.0
61714.0,BUMA01568,BUMA01568224,2022-09-23 18:43:00,4,294,22,tap_in_home,56014.0,Bukhayo West,Busia,Matayos,Urban,,,,,non_functional,18.0,September,2022.0
61715.0,BUMA01569,BUMA01569224,2023-08-16 10:11:00,3,261,9,shared_taps,7843.0,Burumba,Busia,Matayos,Urban,,,,,non_functional,10.0,August,2023.0
61716.0,BUMA01570,BUMA01570224,2025-04-25 05:23:00,1,3,3,shared_taps,17133.0,Busibwabo,Busia,Matayos,Urban,,,,,non_functional,5.0,April,2025.0
61717.0,BUMA01571,BUMA01571224,2024-03-28 14:07:00,4,367,20,tap_in_home_broken,43692.0,Matayos South,Busia,Matayos,Urban,,,,,non_functional,14.0,March,2024.0
61718.0,BUMA01572,BUMA01572224,2022-03-22 16:17:00,2,139,8,well,9535.0,Mayenje,Busia,Matayos,Rural,,Contaminated: Chemical,,,non_functional,16.0,March,2022.0
61719.0,BUNA01573,BUNA01573224,2025-05-26 14:56:00,2,290,13,shared_taps,24408.0,Bukhayo Central,Busia,Nambale,Urban,,,,,non_functional,14.0,May,2025.0
61720.0,BUNA01574,BUNA01574224,2025-06-07 19:44:00,5,71,45,tap_in_home_broken,29795.0,Bukhayo East,Busia,Nambale,Rural,,,,,non_functional,19.0,June,2025.0
61721.0,BUNA01575,BUNA01575224,2024-08-08 16:29:00,1,274,38,tap_in_home,29481.0,Bukhayo North/Waltsi,Busia,Nambale,Urban,,,,,non_functional,16.0,August,2024.0
61722.0,BUNA01576,BUNA01576224,2024-05-25 08:29:00,5,469,48,river,41987.0,Nambale Township,Busia,Nambale,Rural,,,,,non_functional,8.0,May,2024.0
61723.0,BUTE01577,BUTE01577224,2022-12-09 16:15:00,1,348,13,shared_taps,20245.0,Ang'Urai East,Busia,Teso North,Rural,,,,,non_functional,16.0,December,2022.0
61724.0,ELKE01578,ELKE01578224,2023-02-19 14:00:00,4,4,17,tap_in_home,13887.0,Metkei,Elgeyo-Marakwet,Keiyo South,Urban,,,,,non_functional,14.0,February,2023.0
61725.0,BUTE01579,BUTE01579224,2022-03-17 12:32:00,4,242,43,tap_in_home,29775.0,Ang'Urai North,Busia,Teso North,Urban,,,,,non_functional,12.0,March,2022.0
61726.0,BUTE01580,BUTE01580224,2025-12-17 15:29:00,4,538,4,well,28154.0,Ang'Urai South,Busia,Teso North,Rural,,Contaminated: Chemical,,,non_functional,15.0,December,2025.0
61727.0,BUTE01581,BUTE01581224,2022-12-17 18:56:00,3,302,35,shared_taps,31023.0,Malaba Central,Busia,Teso North,Urban,,,,,non_functional,18.0,December,2022.0
61728.0,BUTE01582,BUTE01582224,2022-07-14 10:32:00,4,390,39,shared_taps,15835.0,Malaba North,Busia,Teso North,Rural,,,,,non_functional,10.0,July,2022.0
61729.0,BUTE01583,BUTE01583224,2023-07-26 12:08:00,1,175,47,tap_in_home,23335.0,Malaba South,Busia,Teso North,Rural,,,,,non_functional,12.0,July,2023.0
61730.0,BUTE01584,BUTE01584224,2022-02-02 17:10:00,2,195,16,shared_taps,28818.0,Amukura Central,Busia,Teso South,Urban,,,,,non_functional,17.0,February,2022.0
61731.0,BUTE01585,BUTE01585224,2023-03-20 09:39:00,3,168,12,shared_taps,34423.0,Amukura East,Busia,Teso South,Urban,,,,,non_functional,9.0,March,2023.0
61732.0,BUTE01586,BUTE01586224,2025-09-01 12:01:00,4,67,6,river,22210.0,Amukura West,Busia,Teso South,Urban,,,,,non_functional,12.0,September,2025.0
61733.0,BUTE01587,BUTE01587224,2024-03-16 12:39:00,2,239,11,river,21211.0,Ang'Orom,Busia,Teso South,Rural,,,,,non_functional,12.0,March,2024.0
61734.0,BUTE01588,BUTE01588224,2024-06-20 08:09:00,5,283,31,tap_in_home_broken,25221.0,Chakol North,Busia,Teso South,Urban,,,,,non_functional,8.0,June,2024.0
61735.0,BUTE01589,BUTE01589224,2023-10-27 08:47:00,1,101,45,river,43024.0,Chakol South,Busia,Teso South,Rural,,,,,non_functional,8.0,October,2023.0
61736.0,ELKE01590,ELKE01590224,2024-01-03 18:37:00,4,500,4,well,15024.0,Emsoo,Elgeyo-Marakwet,Keiyo North,Rural,,Contaminated:Biological,,,non_functional,18.0,January,2024.0
61737.0,ELKE01591,ELKE01591224,2024-07-18 06:10:00,3,506,2,shared_taps,40520.0,Kamariny,Elgeyo-Marakwet,Keiyo North,Rural,,,,,non_functional,6.0,July,2024.0
61738.0,ELKE01592,ELKE01592224,2024-04-28 18:43:00,2,165,3,tap_in_home,30026.0,Kapchemutwa,Elgeyo-Marakwet,Keiyo North,Urban,,,,,non_functional,18.0,April,2024.0
61739.0,ELKE01593,ELKE01593224,2023-11-11 05:00:00,1,510,26,tap_in_home,25344.0,Tambach,Elgeyo-Marakwet,Keiyo North,Urban,,,,,non_functional,5.0,November,2023.0
61740.0,ELKE01594,ELKE01594224,2025-06-19 19:29:00,1,422,41,river,29493.0,Chepkorio,Elgeyo-Marakwet,Keiyo South,Urban,,,,,non_functional,19.0,June,2025.0
61741.0,ELKE01595,ELKE01595224,2025-05-05 07:39:00,4,340,41,shared_taps,21332.0,Kabiemit,Elgeyo-Marakwet,Keiyo South,Urban,,,,,non_functional,7.0,May,2025.0
61742.0,ELKE01596,ELKE01596224,2024-07-07 07:34:00,3,88,15,well,26504.0,Soy South,Elgeyo-Marakwet,Keiyo South,Rural,,Clean,,,non_functional,7.0,July,2024.0
61743.0,ELMA01597,ELMA01597224,2022-06-25 10:46:00,4,72,14,tap_in_home_broken,26734.0,Endo,Elgeyo-Marakwet,Marakwet East,Urban,,,,,non_functional,10.0,June,2022.0
61744.0,ELMA01598,ELMA01598224,2025-10-12 12:48:00,1,13,6,shared_taps,18652.0,Kapyego,Elgeyo-Marakwet,Marakwet East,Rural,,,,,non_functional,12.0,October,2025.0
61745.0,ELMA01599,ELMA01599224,2024-09-21 11:17:00,4,212,43,well,46504.0,Sambirir,Elgeyo-Marakwet,Marakwet East,Rural,,Contaminated:Biological,,,non_functional,11.0,September,2024.0
61746.0,ELMA01600,ELMA01600224,2025-03-23 13:51:00,2,519,30,shared_taps,11612.0,Arror,Elgeyo-Marakwet,Marakwet West,Rural,,,,,non_functional,13.0,March,2025.0
61747.0,ELMA01601,ELMA01601224,2023-10-23 05:55:00,5,424,41,well,25550.0,Cherang'Any/Chebororwa,Elgeyo-Marakwet,Marakwet West,Rural,,Clean,,,non_functional,5.0,October,2023.0
61748.0,ELMA01602,ELMA01602224,2024-07-10 09:17:00,4,62,1,tap_in_home_broken,36804.0,Kapsowar,Elgeyo-Marakwet,Marakwet West,Urban,,,,,non_functional,9.0,July,2024.0
61749.0,ELMA01603,ELMA01603224,2024-03-08 16:45:00,1,179,2,tap_in_home_broken,30155.0,Moiben/Kuserwo,Elgeyo-Marakwet,Marakwet West,Urban,,,,,non_functional,16.0,March,2024.0
61750.0,ELMA01604,ELMA01604224,2023-04-05 18:51:00,3,309,44,tap_in_home_broken,27171.0,Sengwer,Elgeyo-Marakwet,Marakwet West,Urban,,,,,non_functional,18.0,April,2023.0
61751.0,EMMA01605,EMMA01605224,2024-10-06 17:21:00,1,281,37,tap_in_home_broken,30551.0,Gaturi North,Embu,Manyatta,Urban,,,,,non_functional,17.0,October,2024.0
61752.0,EMMA01606,EMMA01606224,2023-11-15 15:40:00,5,431,9,river,22118.0,Gaturi South,Embu,Manyatta,Rural,,,,,non_functional,15.0,November,2023.0
61753.0,EMMA01607,EMMA01607224,2022-06-11 13:40:00,1,171,39,shared_taps,15961.0,Kirimari,Embu,Manyatta,Urban,,,,,non_functional,13.0,June,2022.0
61754.0,EMMA01608,EMMA01608224,2024-05-11 09:07:00,4,148,25,tap_in_home,22763.0,Kithimu,Embu,Manyatta,Urban,,,,,non_functional,9.0,May,2024.0
61755.0,EMMA01609,EMMA01609224,2024-08-08 15:45:00,4,511,16,shared_taps,32746.0,Mbeti North,Embu,Manyatta,Rural,,,,,non_functional,15.0,August,2024.0
61756.0,EMMA01610,EMMA01610224,2023-07-23 11:03:00,4,253,43,shared_taps,55849.0,Nginda,Embu,Manyatta,Rural,,,,,non_functional,11.0,July,2023.0
61757.0,EMMA01611,EMMA01611224,2024-06-13 15:54:00,4,49,26,shared_taps,33244.0,Ruguru/Ngandori,Embu,Manyatta,Rural,,,,,non_functional,15.0,June,2024.0
61758.0,EMMB01612,EMMB01612224,2025-04-11 14:33:00,1,14,17,tap_in_home,62283.0,Evurore,Embu,Mbeere North,Urban,,,,,non_functional,14.0,April,2025.0
61759.0,EMMB01613,EMMB01613224,2024-06-22 14:04:00,4,166,8,shared_taps,23551.0,Muminji,Embu,Mbeere North,Rural,,,,,non_functional,14.0,June,2024.0
61760.0,EMMB01614,EMMB01614224,2025-11-12 12:08:00,4,268,7,well,36308.0,Nthawa,Embu,Mbeere North,Rural,,Clean,,,non_functional,12.0,November,2025.0
61761.0,EMMB01615,EMMB01615224,2024-09-06 13:54:00,5,235,48,shared_taps,21646.0,Kiambere,Embu,Mbeere South,Urban,,,,,non_functional,13.0,September,2024.0
61762.0,EMMB01616,EMMB01616224,2024-10-17 08:20:00,5,32,35,well,30097.0,Makima,Embu,Mbeere South,Rural,,Clean,,,non_functional,8.0,October,2024.0
61763.0,EMMB01617,EMMB01617224,2025-05-12 06:00:00,2,166,33,tap_in_home_broken,47689.0,Mavuria,Embu,Mbeere South,Rural,,,,,non_functional,6.0,May,2025.0
61764.0,EMMB01618,EMMB01618224,2023-03-21 10:54:00,1,367,32,tap_in_home,42611.0,Mbeti South,Embu,Mbeere South,Urban,,,,,non_functional,10.0,March,2023.0
61765.0,EMMB01619,EMMB01619224,2024-05-24 17:40:00,4,3,25,tap_in_home,44446.0,Mwea,Embu,Mbeere South,Urban,,,,,non_functional,17.0,May,2024.0
61766.0,EMRU01620,EMRU01620224,2023-11-27 16:34:00,4,388,4,well,30425.0,Central Ward,Embu,Runyenjes,Rural,,Clean,,,non_functional,16.0,November,2023.0
61767.0,EMRU01621,EMRU01621224,2023-05-12 18:27:00,1,216,31,tap_in_home_broken,29185.0,Kagaari North,Embu,Runyenjes,Rural,,,,,non_functional,18.0,May,2023.0
61768.0,EMRU01622,EMRU01622224,2025-08-04 08:01:00,2,187,47,shared_taps,25543.0,Kagaari South,Embu,Runyenjes,Rural,,,,,non_functional,8.0,August,2025.0
61769.0,EMRU01623,EMRU01623224,2023-02-01 08:35:00,3,522,0,well,26525.0,Kyeni North,Embu,Runyenjes,Rural,,Contaminated: Chemical,,,non_functional,8.0,February,2023.0
61770.0,EMRU01624,EMRU01624224,2024-07-28 12:39:00,5,325,27,well,33082.0,Kyeni South,Embu,Runyenjes,Rural,,Clean,,,non_functional,12.0,July,2024.0
61771.0,GABA01625,GABA01625224,2023-11-01 13:24:00,3,470,1,tap_in_home_broken,5753.0,Balambala,Garissa,Balambala,Urban,,,,,non_functional,13.0,November,2023.0
61772.0,GABA01626,GABA01626224,2024-09-01 05:05:00,4,485,1,tap_in_home,8320.0,Danyere,Garissa,Balambala,Rural,,,,,non_functional,5.0,September,2024.0
61773.0,GABA01627,GABA01627224,2022-03-17 05:30:00,5,378,8,river,3112.0,Jara Jara,Garissa,Balambala,Rural,,,,,non_functional,5.0,March,2022.0
61774.0,GABA01628,GABA01628224,2024-12-08 09:22:00,5,461,41,shared_taps,1403.0,Saka,Garissa,Balambala,Rural,,,,,non_functional,9.0,December,2024.0
61775.0,GABA01629,GABA01629224,2022-04-10 12:19:00,3,464,14,tap_in_home_broken,3527.0,Sankuri,Garissa,Balambala,Urban,,,,,non_functional,12.0,April,2022.0
61776.0,GADA01630,GADA01630224,2022-07-01 08:26:00,5,343,34,well,21274.0,Abakaile,Garissa,Daadab,Rural,,Clean,,,non_functional,8.0,July,2022.0
61777.0,GADA01631,GADA01631224,2024-11-15 07:20:00,1,139,34,tap_in_home_broken,36852.0,Dadaab,Garissa,Daadab,Urban,,,,,non_functional,7.0,November,2024.0
61778.0,GADA01632,GADA01632224,2022-03-17 06:48:00,3,287,4,tap_in_home_broken,14988.0,Damajale,Garissa,Daadab,Urban,,,,,non_functional,6.0,March,2022.0
61779.0,GADA01633,GADA01633224,2022-12-28 19:01:00,3,438,34,tap_in_home,16000.0,Dertu,Garissa,Daadab,Rural,,,,,non_functional,19.0,December,2022.0
61780.0,GADA01634,GADA01634224,2025-09-18 15:16:00,4,256,4,river,68839.0,Labasigale,Garissa,Daadab,Rural,,,,,non_functional,15.0,September,2025.0
61781.0,GADA01635,GADA01635224,2025-11-11 07:11:00,4,142,11,shared_taps,17907.0,Liboi,Garissa,Daadab,Rural,,,,,non_functional,7.0,November,2025.0
61782.0,GAFA01636,GAFA01636224,2025-12-18 09:04:00,2,72,6,tap_in_home_broken,71784.0,Bura,Garissa,Fafi,Urban,,,,,non_functional,9.0,December,2025.0
61783.0,GAFA01637,GAFA01637224,2025-03-17 18:56:00,3,408,45,tap_in_home_broken,21418.0,Dekaharia,Garissa,Fafi,Urban,,,,,non_functional,18.0,March,2025.0
61784.0,GAFA01638,GAFA01638224,2022-02-11 13:04:00,3,285,10,shared_taps,4713.0,Fafi,Garissa,Fafi,Urban,,,,,non_functional,13.0,February,2022.0
61785.0,GAFA01639,GAFA01639224,2023-06-20 12:45:00,5,149,35,tap_in_home_broken,74405.0,Jarajila,Garissa,Fafi,Rural,,,,,non_functional,12.0,June,2023.0
61786.0,GAFA01640,GAFA01640224,2024-01-20 15:06:00,1,0,14,shared_taps,11870.0,Nanighi,Garissa,Fafi,Urban,,,,,non_functional,15.0,January,2024.0
61787.0,GAGA01641,GAGA01641224,2023-08-09 09:43:00,2,258,10,well,16614.0,Galbet,Garissa,Garissa Township,Rural,,Clean,,,non_functional,9.0,August,2023.0
61788.0,GAGA01642,GAGA01642224,2024-01-17 13:49:00,2,423,32,tap_in_home_broken,23162.0,Iftin,Garissa,Garissa Township,Urban,,,,,non_functional,13.0,January,2024.0
61789.0,GAGA01643,GAGA01643224,2022-11-13 05:35:00,3,526,0,tap_in_home_broken,0.0,Township,Garissa,Garissa Township,Urban,,,,,non_functional,5.0,November,2022.0
61790.0,GAGA01644,GAGA01644224,2023-12-26 19:32:00,2,291,47,well,8879.0,Waberi,Garissa,Garissa Township,Rural,,Contaminated:Biological,,,non_functional,19.0,December,2023.0
61791.0,GAIJ01645,GAIJ01645224,2024-06-15 12:13:00,4,368,38,shared_taps,54385.0,Hulugho,Garissa,Ijara,Urban,,,,,non_functional,12.0,June,2024.0
61792.0,GAIJ01646,GAIJ01646224,2023-07-11 14:39:00,5,431,20,shared_taps,54152.0,Ijara,Garissa,Ijara,Urban,,,,,non_functional,14.0,July,2023.0
61793.0,GAIJ01647,GAIJ01647224,2024-10-18 19:08:00,1,491,28,shared_taps,139826.0,Masalani,Garissa,Ijara,Rural,,,,,non_functional,19.0,October,2024.0
61794.0,GAIJ01648,GAIJ01648224,2023-06-04 09:28:00,4,94,37,shared_taps,16748.0,Sangailu,Garissa,Ijara,Urban,,,,,non_functional,9.0,June,2023.0
61795.0,GALA01649,GALA01649224,2025-06-15 06:52:00,3,385,8,shared_taps,34.0,Baraki,Garissa,Lagdera,Rural,,,,,non_functional,6.0,June,2025.0
61796.0,GALA01650,GALA01650224,2025-11-20 11:19:00,5,415,34,well,11263.0,Benane,Garissa,Lagdera,Rural,,Contaminated: Chemical,,,non_functional,11.0,November,2025.0
61797.0,GALA01651,GALA01651224,2025-03-08 16:55:00,3,434,40,shared_taps,10775.0,Goreale,Garissa,Lagdera,Urban,,,,,non_functional,16.0,March,2025.0
61798.0,GALA01652,GALA01652224,2024-10-07 09:46:00,1,308,39,river,16669.0,Maalimin,Garissa,Lagdera,Urban,,,,,non_functional,9.0,October,2024.0
61799.0,GALA01653,GALA01653224,2024-08-26 08:59:00,4,442,37,tap_in_home,4069.0,Modogashe,Garissa,Lagdera,Urban,,,,,non_functional,8.0,August,2024.0
61800.0,GALA01654,GALA01654224,2023-10-18 19:46:00,1,435,39,shared_taps,5966.0,Sabena,Garissa,Lagdera,Rural,,,,,non_functional,19.0,October,2023.0
61801.0,HOHO01655,HOHO01655224,2025-01-24 19:03:00,2,232,10,well,32742.0,Homa Bay Arujo,Homa Bay,Homa Bay Town,Rural,,Clean,,,non_functional,19.0,January,2025.0
61802.0,HOHO01656,HOHO01656224,2024-07-06 18:17:00,3,463,6,shared_taps,43551.0,Homa Bay Central,Homa Bay,Homa Bay Town,Rural,,,,,non_functional,18.0,July,2024.0
61803.0,HOHO01657,HOHO01657224,2025-11-20 12:25:00,1,184,19,tap_in_home,37865.0,Homa Bay East,Homa Bay,Homa Bay Town,Urban,,,,,non_functional,12.0,November,2025.0
61804.0,HOHO01658,HOHO01658224,2025-03-27 14:49:00,4,422,4,shared_taps,19995.0,Homa Bay West,Homa Bay,Homa Bay Town,Rural,,,,,non_functional,14.0,March,2025.0
61805.0,HOKA01659,HOKA01659224,2022-12-22 10:28:00,4,365,38,well,41191.0,Kabondo East,Homa Bay,Kabondo Kasipul,Urban,,Contaminated: Chemical,,,non_functional,10.0,December,2022.0
61806.0,HOKA01660,HOKA01660224,2022-06-10 08:38:00,5,404,4,river,37058.0,Kabondo West,Homa Bay,Kabondo Kasipul,Rural,,,,,non_functional,8.0,June,2022.0
61807.0,HOKA01661,HOKA01661224,2022-08-25 11:36:00,3,107,47,shared_taps,21031.0,Kojwach,Homa Bay,Kabondo Kasipul,Rural,,,,,non_functional,11.0,August,2022.0
61808.0,HOKA01662,HOKA01662224,2024-01-07 14:55:00,1,296,33,tap_in_home_broken,35083.0,Kokwanyo/Kakelo,Homa Bay,Kabondo Kasipul,Rural,,,,,non_functional,14.0,January,2024.0
61809.0,HOKA01663,HOKA01663224,2023-10-17 12:36:00,4,490,16,shared_taps,24631.0,Central,Homa Bay,Karachuonyo,Urban,,,,,non_functional,12.0,October,2023.0
61810.0,HOKA01664,HOKA01664224,2025-12-06 14:36:00,3,96,42,river,23322.0,Kanyaluo,Homa Bay,Karachuonyo,Rural,,,,,non_functional,14.0,December,2025.0
61811.0,HOKA01665,HOKA01665224,2023-04-11 18:58:00,5,69,43,river,7709.0,Kendu Bay Town,Homa Bay,Karachuonyo,Rural,,,,,non_functional,18.0,April,2023.0
61812.0,HOKA01666,HOKA01666224,2024-11-10 14:12:00,5,368,8,shared_taps,20178.0,Kibiri,Homa Bay,Karachuonyo,Rural,,,,,non_functional,14.0,November,2024.0
61813.0,HOKA01667,HOKA01667224,2024-10-13 06:26:00,2,295,6,shared_taps,16303.0,North Karachuonyo,Homa Bay,Karachuonyo,Urban,,,,,non_functional,6.0,October,2024.0
61814.0,HOKA01668,HOKA01668224,2025-02-23 18:52:00,3,422,41,river,39210.0,Wangchieng,Homa Bay,Karachuonyo,Rural,,,,,non_functional,18.0,February,2025.0
61815.0,HOKA01669,HOKA01669224,2023-03-20 17:50:00,1,247,38,well,35850.0,West Karachuonyo,Homa Bay,Karachuonyo,Rural,,Contaminated:Biological,,,non_functional,17.0,March,2023.0
61816.0,HOKA01670,HOKA01670224,2025-07-25 08:51:00,3,415,7,tap_in_home,31762.0,Central Kasipul,Homa Bay,Kasipul,Rural,,,,,non_functional,8.0,July,2025.0
61817.0,HOKA01671,HOKA01671224,2025-12-15 08:38:00,1,148,45,river,18671.0,East Kamagak,Homa Bay,Kasipul,Rural,,,,,non_functional,8.0,December,2025.0
61818.0,HOKA01672,HOKA01672224,2025-05-28 19:58:00,2,282,2,tap_in_home,36153.0,South Kasipul,Homa Bay,Kasipul,Urban,,,,,non_functional,19.0,May,2025.0
61819.0,KEAI01673,KEAI01673224,2025-01-13 14:50:00,5,292,19,tap_in_home_broken,18001.0,Kipchimchim,Kericho,Ainamoi,Urban,,,,,non_functional,14.0,January,2025.0
61820.0,HOKA01674,HOKA01674224,2024-06-10 12:01:00,2,85,17,shared_taps,24472.0,West Kamagak,Homa Bay,Kasipul,Urban,,,,,non_functional,12.0,June,2024.0
61821.0,HOKA01675,HOKA01675224,2022-10-05 08:31:00,4,442,13,river,33085.0,West Kasipul,Homa Bay,Kasipul,Rural,,,,,non_functional,8.0,October,2022.0
61822.0,HOMB01676,HOMB01676224,2022-05-27 10:02:00,5,253,45,well,21576.0,Gembe,Homa Bay,Mbita,Urban,,Contaminated: Chemical,,,non_functional,10.0,May,2022.0
61823.0,HOMB01677,HOMB01677224,2023-10-20 08:20:00,4,227,41,shared_taps,24118.0,Kasgunga,Homa Bay,Mbita,Rural,,,,,non_functional,8.0,October,2023.0
61824.0,HOMB01678,HOMB01678224,2025-05-26 09:11:00,1,332,4,shared_taps,30576.0,Lambwe,Homa Bay,Mbita,Rural,,,,,non_functional,9.0,May,2025.0
61825.0,HOMB01679,HOMB01679224,2024-03-25 17:22:00,2,388,7,tap_in_home_broken,32731.0,Mfangano Island,Homa Bay,Mbita,Urban,,,,,non_functional,17.0,March,2024.0
61826.0,HOMB01680,HOMB01680224,2025-05-06 19:29:00,5,123,43,tap_in_home_broken,29456.0,Rusinga Island,Homa Bay,Mbita,Rural,,,,,non_functional,19.0,May,2025.0
61827.0,HOND01681,HOND01681224,2024-07-22 05:34:00,4,304,10,shared_taps,61163.0,Kabuoch North,Homa Bay,Ndhiwa,Urban,,,,,non_functional,5.0,July,2024.0
61828.0,HOND01682,HOND01682224,2025-09-07 08:12:00,1,72,45,tap_in_home_broken,21221.0,Kabuoch South/Pala,Homa Bay,Ndhiwa,Urban,,,,,non_functional,8.0,September,2025.0
61829.0,HOND01683,HOND01683224,2023-05-28 08:19:00,4,195,39,river,24510.0,Kanyadoto,Homa Bay,Ndhiwa,Rural,,,,,non_functional,8.0,May,2023.0
61830.0,HOND01684,HOND01684224,2023-04-19 11:35:00,3,20,43,well,32070.0,Kanyamwa Kologi,Homa Bay,Ndhiwa,Rural,,Contaminated: Chemical,,,non_functional,11.0,April,2023.0
61831.0,HOND01685,HOND01685224,2022-12-05 07:37:00,2,432,5,tap_in_home_broken,47239.0,Kanyamwa Kosewe,Homa Bay,Ndhiwa,Rural,,,,,non_functional,7.0,December,2022.0
61832.0,HOND01686,HOND01686224,2022-02-10 11:00:00,5,512,33,shared_taps,8985.0,Kanyikela,Homa Bay,Ndhiwa,Urban,,,,,non_functional,11.0,February,2022.0
61833.0,HOND01687,HOND01687224,2024-01-02 16:36:00,3,375,22,river,45663.0,Kwabwai,Homa Bay,Ndhiwa,Rural,,,,,non_functional,16.0,January,2024.0
61834.0,HORA01688,HORA01688224,2025-07-15 07:18:00,2,58,2,river,28646.0,East Gem,Homa Bay,Rangwe,Rural,,,,,non_functional,7.0,July,2025.0
61835.0,HORA01689,HORA01689224,2025-01-28 12:04:00,2,41,2,well,38416.0,Kagan,Homa Bay,Rangwe,Urban,,Contaminated: Chemical,,,non_functional,12.0,January,2025.0
61836.0,HORA01690,HORA01690224,2022-06-24 14:31:00,5,365,19,shared_taps,32432.0,Kochia,Homa Bay,Rangwe,Rural,,,,,non_functional,14.0,June,2022.0
61837.0,HORA01691,HORA01691224,2025-09-09 13:41:00,5,500,14,well,26420.0,West Gem,Homa Bay,Rangwe,Rural,,Clean,,,non_functional,13.0,September,2025.0
61838.0,HOSU01692,HOSU01692224,2023-12-27 13:11:00,3,398,3,tap_in_home_broken,30960.0,Gwassi North,Homa Bay,Suba,Urban,,,,,non_functional,13.0,December,2023.0
61839.0,HOSU01693,HOSU01693224,2024-03-09 12:07:00,5,97,38,tap_in_home_broken,45559.0,Gwassi South,Homa Bay,Suba,Rural,,,,,non_functional,12.0,March,2024.0
61840.0,HOSU01694,HOSU01694224,2024-02-08 11:58:00,2,524,0,shared_taps,41994.0,Kaksingri West,Homa Bay,Suba,Rural,,,,,non_functional,11.0,February,2024.0
61841.0,HOSU01695,HOSU01695224,2023-02-06 07:23:00,1,529,9,well,17316.0,Ruma-Kaksingri,Homa Bay,Suba,Rural,,Contaminated:Biological,,,non_functional,7.0,February,2023.0
61842.0,HOUN01696,HOUN01696224,2023-02-16 18:56:00,2,125,4,river,27541.0,unknown 6,Homa Bay,unknown 6,Rural,,,,,non_functional,18.0,February,2023.0
61843.0,ISIS01697,ISIS01697224,2025-06-06 05:45:00,2,302,48,tap_in_home_broken,37532.0,Bulla Pesa,Isiolo,Isiolo North,Urban,,,,,non_functional,5.0,June,2025.0
61844.0,ISIS01698,ISIS01698224,2024-09-09 08:43:00,5,350,30,tap_in_home,24899.0,Burat,Isiolo,Isiolo North,Urban,,,,,non_functional,8.0,September,2024.0
61845.0,ISIS01699,ISIS01699224,2024-10-20 19:16:00,2,502,47,shared_taps,13325.0,Chari,Isiolo,Isiolo North,Urban,,,,,non_functional,19.0,October,2024.0
61846.0,ISIS01700,ISIS01700224,2022-06-28 19:43:00,3,437,6,shared_taps,45150.0,Cherab,Isiolo,Isiolo North,Rural,,,,,non_functional,19.0,June,2022.0
61847.0,ISIS01701,ISIS01701224,2024-03-05 06:31:00,3,458,5,river,11648.0,Ngare Mara,Isiolo,Isiolo North,Rural,,,,,non_functional,6.0,March,2024.0
61848.0,ISIS01702,ISIS01702224,2024-01-03 14:25:00,2,470,33,tap_in_home,26817.0,Oldo/Nyiro,Isiolo,Isiolo North,Urban,,,,,non_functional,14.0,January,2024.0
61849.0,ISIS01703,ISIS01703224,2023-01-19 17:58:00,2,213,42,river,40973.0,Wabera,Isiolo,Isiolo North,Rural,,,,,non_functional,17.0,January,2023.0
61850.0,ISIS01704,ISIS01704224,2024-06-04 08:44:00,2,407,19,tap_in_home,43991.0,Garbatulla,Isiolo,Isiolo South,Urban,,,,,non_functional,8.0,June,2024.0
61851.0,ISIS01705,ISIS01705224,2024-11-07 09:49:00,2,453,17,shared_taps,42598.0,Kinna,Isiolo,Isiolo South,Urban,,,,,non_functional,9.0,November,2024.0
61852.0,ISIS01706,ISIS01706224,2025-01-13 07:05:00,3,4,16,river,37685.0,Sericho,Isiolo,Isiolo South,Rural,,,,,non_functional,7.0,January,2025.0
61853.0,KAKA01707,KAKA01707224,2022-06-12 09:11:00,4,41,25,tap_in_home,52933.0,Dalalekutuk,Kajiado,Kajiado Central,Urban,,,,,non_functional,9.0,June,2022.0
61854.0,KEBE01708,KEBE01708224,2024-01-21 14:14:00,4,181,9,shared_taps,32115.0,Chaik,Kericho,Belgut,Rural,,,,,non_functional,14.0,January,2024.0
61855.0,KAKA01709,KAKA01709224,2024-05-19 13:51:00,5,336,11,river,15248.0,Ildamat,Kajiado,Kajiado Central,Rural,,,,,non_functional,13.0,May,2024.0
61856.0,KAKA01710,KAKA01710224,2023-04-12 10:48:00,1,511,3,river,51915.0,Matapato North,Kajiado,Kajiado Central,Rural,,,,,non_functional,10.0,April,2023.0
61857.0,KAKA01711,KAKA01711224,2025-11-03 07:48:00,3,199,48,tap_in_home_broken,65155.0,Matapato South,Kajiado,Kajiado Central,Urban,,,,,non_functional,7.0,November,2025.0
61858.0,KAKA01712,KAKA01712224,2023-12-19 12:44:00,5,149,8,shared_taps,8904.0,Purko,Kajiado,Kajiado Central,Urban,,,,,non_functional,12.0,December,2023.0
61859.0,KAKA01713,KAKA01713224,2023-04-03 17:44:00,3,417,11,tap_in_home,29892.0,Imaroro,Kajiado,Kajiado East,Urban,,,,,non_functional,17.0,April,2023.0
61860.0,KAKA01714,KAKA01714224,2022-01-25 15:51:00,3,126,43,well,107067.0,Kaputiei North,Kajiado,Kajiado East,Rural,,Contaminated:Biological,,,non_functional,15.0,January,2022.0
61861.0,KAKA01715,KAKA01715224,2023-09-17 09:48:00,3,538,31,well,38251.0,Kenyawa-Poka,Kajiado,Kajiado East,Urban,,Clean,,,non_functional,9.0,September,2023.0
61862.0,KAKA01716,KAKA01716224,2023-08-17 14:53:00,5,321,41,well,13724.0,Kitengela,Kajiado,Kajiado East,Rural,,Contaminated:Biological,,,non_functional,14.0,August,2023.0
61863.0,KAKA01717,KAKA01717224,2022-05-24 12:11:00,1,265,48,tap_in_home_broken,74930.0,Oloosirkon/Sholinke,Kajiado,Kajiado East,Rural,,,,,non_functional,12.0,May,2022.0
61864.0,KAKA01718,KAKA01718224,2025-05-23 13:14:00,3,480,45,river,7378.0,Ngong,Kajiado,Kajiado North,Rural,,,,,non_functional,13.0,May,2025.0
61865.0,KAKA01719,KAKA01719224,2022-07-02 17:26:00,2,424,42,tap_in_home,5362.0,Nkaimurunya,Kajiado,Kajiado North,Urban,,,,,non_functional,17.0,July,2022.0
61866.0,KAKA01720,KAKA01720224,2022-10-26 09:45:00,1,290,35,well,78798.0,Olkeri,Kajiado,Kajiado North,Urban,,Contaminated:Biological,,,non_functional,9.0,October,2022.0
61867.0,KAKA01721,KAKA01721224,2023-09-12 11:09:00,2,533,4,well,18531.0,Oloolua,Kajiado,Kajiado North,Urban,,Clean,,,non_functional,11.0,September,2023.0
61868.0,KAKA01722,KAKA01722224,2023-03-07 08:25:00,4,415,30,shared_taps,1976.0,Ongata Rongai,Kajiado,Kajiado North,Urban,,,,,non_functional,8.0,March,2023.0
61869.0,KAKA01723,KAKA01723224,2022-12-01 07:40:00,4,204,11,tap_in_home,35034.0,Entonet/Lenkisim,Kajiado,Kajiado South,Urban,,,,,non_functional,7.0,December,2022.0
61870.0,KAKA01724,KAKA01724224,2024-11-12 17:58:00,2,322,48,river,35295.0,Kimana,Kajiado,Kajiado South,Rural,,,,,non_functional,17.0,November,2024.0
61871.0,KEBE01725,KEBE01725224,2023-02-27 12:25:00,5,131,5,shared_taps,30422.0,Cheptororiet/Seretut,Kericho,Belgut,Rural,,,,,non_functional,12.0,February,2023.0
61872.0,KAKA01726,KAKA01726224,2023-03-26 05:13:00,2,476,2,shared_taps,51394.0,Kuku,Kajiado,Kajiado South,Urban,,,,,non_functional,5.0,March,2023.0
61873.0,KAKA01727,KAKA01727224,2023-05-16 17:43:00,5,332,44,tap_in_home,28074.0,Mbirikani/Eselenkei,Kajiado,Kajiado South,Urban,,,,,non_functional,17.0,May,2023.0
61874.0,KAKA01728,KAKA01728224,2025-10-15 08:19:00,4,79,37,tap_in_home_broken,72365.0,Rombo,Kajiado,Kajiado South,Urban,,,,,non_functional,8.0,October,2025.0
61875.0,KAKA01729,KAKA01729224,2023-06-13 15:27:00,5,29,18,well,59216.0,Ewuaso Oonkidong'I,Kajiado,Kajiado West,Rural,,Contaminated: Chemical,,,non_functional,15.0,June,2023.0
61876.0,KAKA01730,KAKA01730224,2023-05-26 17:21:00,5,337,17,shared_taps,32368.0,Iloodokilani,Kajiado,Kajiado West,Urban,,,,,non_functional,17.0,May,2023.0
61877.0,KAKA01731,KAKA01731224,2024-07-11 07:45:00,3,60,48,shared_taps,77231.0,Keekonyokie,Kajiado,Kajiado West,Urban,,,,,non_functional,7.0,July,2024.0
61878.0,KAKA01732,KAKA01732224,2025-03-15 19:54:00,2,404,17,shared_taps,38946.0,Magadi,Kajiado,Kajiado West,Rural,,,,,non_functional,19.0,March,2025.0
61879.0,KAKA01733,KAKA01733224,2024-10-12 17:16:00,1,284,48,tap_in_home,4075.0,Mosiro,Kajiado,Kajiado West,Urban,,,,,non_functional,17.0,October,2024.0
61880.0,KABU01734,KABU01734224,2024-06-11 13:18:00,4,371,29,river,55839.0,Marama Central,Kakamega,Butere,Urban,,,,,non_functional,13.0,June,2024.0
61881.0,KABU01735,KABU01735224,2023-12-09 12:18:00,1,182,39,tap_in_home_broken,25841.0,Marama North,Kakamega,Butere,Rural,,,,,non_functional,12.0,December,2023.0
61882.0,KABU01736,KABU01736224,2024-12-25 06:00:00,4,115,8,tap_in_home,25657.0,Marama South,Kakamega,Butere,Urban,,,,,non_functional,6.0,December,2024.0
61883.0,KABU01737,KABU01737224,2024-08-18 06:35:00,1,466,29,tap_in_home_broken,36189.0,Marama West,Kakamega,Butere,Urban,,,,,non_functional,6.0,August,2024.0
61884.0,KABU01738,KABU01738224,2025-03-21 13:21:00,1,430,14,shared_taps,28912.0,Marenyo - Shianda,Kakamega,Butere,Urban,,,,,non_functional,13.0,March,2025.0
61885.0,KAIK01739,KAIK01739224,2022-05-13 14:25:00,3,311,25,tap_in_home_broken,37243.0,Idakho Central,Kakamega,Ikolomani,Urban,,,,,non_functional,14.0,May,2022.0
61886.0,KAIK01740,KAIK01740224,2023-12-22 07:53:00,3,384,13,shared_taps,34127.0,Idakho East,Kakamega,Ikolomani,Urban,,,,,non_functional,7.0,December,2023.0
61887.0,KAIK01741,KAIK01741224,2024-06-19 17:16:00,4,9,37,river,30124.0,Idakho North,Kakamega,Ikolomani,Rural,,,,,non_functional,17.0,June,2024.0
61888.0,KEBE01742,KEBE01742224,2022-06-23 11:14:00,3,391,15,river,54072.0,Kabianga,Kericho,Belgut,Urban,,,,,non_functional,11.0,June,2022.0
61889.0,KAIK01743,KAIK01743224,2024-04-16 07:13:00,4,222,46,shared_taps,22965.0,Idakho South,Kakamega,Ikolomani,Rural,,,,,non_functional,7.0,April,2024.0
61890.0,KAKH01744,KAKH01744224,,2,523,6,tap_in_home_broken,50804.0,Kisa Central,Kakamega,Khwisero,Urban,,,,,non_functional,,,
61891.0,KAKH01745,KAKH01745224,,2,23,47,shared_taps,24936.0,Kisa East,Kakamega,Khwisero,Urban,,,,,non_functional,,,
61892.0,KAKH01746,KAKH01746224,,4,191,6,shared_taps,22719.0,Kisa North,Kakamega,Khwisero,Urban,,,,,non_functional,,,
61893.0,KAKH01747,KAKH01747224,,3,23,2,shared_taps,24508.0,Kisa West,Kakamega,Khwisero,Rural,,,,,non_functional,,,
61894.0,KALU01748,KALU01748224,,4,426,7,shared_taps,38964.0,Chevaywa,Kakamega,Lugari,Rural,,,,,non_functional,,,
61895.0,KALU01749,KALU01749224,,5,167,34,shared_taps,32301.0,Lwandeti,Kakamega,Lugari,Urban,,,,,non_functional,,,
61896.0,KALU01750,KALU01750224,,1,13,32,river,39639.0,Butsotso Central,Kakamega,Lurambi,Rural,,,,,non_functional,,,
61897.0,KALU01751,KALU01751224,,1,257,44,well,28808.0,Butsotso East,Kakamega,Lurambi,Rural,,Clean,,,non_functional,,,
61898.0,KALU01752,KALU01752224,,4,341,13,shared_taps,24708.0,Butsotso South,Kakamega,Lurambi,Urban,,,,,non_functional,,,
61899.0,KALU01753,KALU01753224,,5,249,16,shared_taps,14757.0,Mahiakalo,Kakamega,Lurambi,Rural,,,,,non_functional,,,
61900.0,KALU01754,KALU01754224,,5,281,12,shared_taps,40244.0,Sheywe,Kakamega,Lurambi,Urban,,,,,non_functional,,,
61901.0,KALU01755,KALU01755224,,3,308,47,shared_taps,19136.0,Shirere,Kakamega,Lurambi,Urban,,,,,non_functional,,,
61902.0,KAMA01756,KAMA01756224,,4,485,43,river,44250.0,Butali/Chegulo,Kakamega,Malava,Rural,,,,,non_functional,,,
61903.0,KAMA01757,KAMA01757224,,2,15,2,well,33159.0,Chemuche,Kakamega,Malava,Urban,,Contaminated:Biological,,,non_functional,,,
61904.0,KAMA01758,KAMA01758224,,4,507,16,river,29097.0,East Kabras,Kakamega,Malava,Rural,,,,,non_functional,,,
61905.0,KAMA01759,KAMA01759224,,2,56,24,tap_in_home,40163.0,Manda-Shivanga,Kakamega,Malava,Urban,,,,,non_functional,,,
61906.0,KAMA01760,KAMA01760224,,1,184,22,well,37098.0,Shirugu-Mugai,Kakamega,Malava,Rural,,Contaminated:Biological,,,non_functional,,,
61907.0,KAMA01761,KAMA01761224,,1,524,9,shared_taps,47198.0,South Kabras,Kakamega,Malava,Urban,,,,,non_functional,,,
61908.0,KAMA01762,KAMA01762224,,1,333,8,tap_in_home,33430.0,West Kabras,Kakamega,Malava,Urban,,,,,non_functional,,,
61909.0,KAMA01763,KAMA01763224,,1,6,21,well,27151.0,Khalaba,Kakamega,Matungu,Rural,,Contaminated:Biological,,,non_functional,,,
61910.0,KAMA01764,KAMA01764224,,1,250,42,shared_taps,37020.0,Kholera,Kakamega,Matungu,Urban,,,,,non_functional,,,
61911.0,KAMA01765,KAMA01765224,,2,65,43,tap_in_home,49578.0,Koyonzo,Kakamega,Matungu,Urban,,,,,non_functional,,,
61912.0,KAMA01766,KAMA01766224,,4,310,28,tap_in_home,38643.0,Mayoni,Kakamega,Matungu,Urban,,,,,non_functional,,,
61913.0,KAMA01767,KAMA01767224,,1,493,17,river,38878.0,Namamali,Kakamega,Matungu,Rural,,,,,non_functional,,,
61914.0,KAMU01768,KAMU01768224,,5,37,20,well,43907.0,East Wanga,Kakamega,Mumias East,Rural,,Contaminated:Biological,,,non_functional,,,
61915.0,KAMU01769,KAMU01769224,,4,46,18,shared_taps,53237.0,Lusheya/Lubinu,Kakamega,Mumias East,Urban,,,,,non_functional,,,
61916.0,KAMU01770,KAMU01770224,,3,86,19,shared_taps,39297.0,Malaha/Isongo/Makunga,Kakamega,Mumias East,Urban,,,,,non_functional,,,
61917.0,KAMU01771,KAMU01771224,,2,298,22,shared_taps,31565.0,Etenje,Kakamega,Mumias West,Urban,,,,,non_functional,,,
61918.0,KAMU01772,KAMU01772224,,4,157,18,river,40579.0,Mumias Central,Kakamega,Mumias West,Rural,,,,,non_functional,,,
61919.0,KAMU01773,KAMU01773224,,5,186,28,shared_taps,11652.0,Mumias North,Kakamega,Mumias West,Urban,,,,,non_functional,,,
61920.0,KEBE01774,KEBE01774224,,1,51,17,shared_taps,27130.0,Kapsuser,Kericho,Belgut,Urban,,,,,non_functional,,,
61921.0,KAMU01775,KAMU01775224,,5,116,9,tap_in_home_broken,34945.0,Musanda,Kakamega,Mumias West,Rural,,,,,non_functional,,,
61922.0,KANA01776,KANA01776224,,2,130,3,shared_taps,35850.0,Bunyala Central,Kakamega,Navakholo,Urban,,,,,non_functional,,,
61923.0,KANA01777,KANA01777224,,2,216,26,shared_taps,28291.0,Bunyala East,Kakamega,Navakholo,Urban,,,,,non_functional,,,
61924.0,KANA01778,KANA01778224,,4,348,8,tap_in_home_broken,46709.0,Bunyala West,Kakamega,Navakholo,Rural,,,,,non_functional,,,
61925.0,KANA01779,KANA01779224,,4,150,26,shared_taps,28854.0,Ingostse-Mathia,Kakamega,Navakholo,Urban,,,,,non_functional,,,
61926.0,KANA01780,KANA01780224,,1,31,16,well,33749.0,Shinoyi-Shikomari-Esumeyia,Kakamega,Navakholo,Rural,,Clean,,,non_functional,,,
61927.0,KASH01781,KASH01781224,,1,153,43,river,37438.0,Isukha Central,Kakamega,Shinyalu,Urban,,,,,non_functional,,,
61928.0,KASH01782,KASH01782224,,3,120,17,tap_in_home,19964.0,Isukha East,Kakamega,Shinyalu,Urban,,,,,non_functional,,,
61929.0,KASH01783,KASH01783224,,1,452,26,tap_in_home,29213.0,Isukha North,Kakamega,Shinyalu,Urban,,,,,non_functional,,,
61930.0,KASH01784,KASH01784224,,3,311,37,well,39596.0,Isukha South,Kakamega,Shinyalu,Rural,,Clean,,,non_functional,,,
61931.0,KASH01785,KASH01785224,,3,525,10,river,22017.0,Isukha West,Kakamega,Shinyalu,Rural,,,,,non_functional,,,
61932.0,KASH01786,KASH01786224,,3,108,5,river,28073.0,Murhanda,Kakamega,Shinyalu,Rural,,,,,non_functional,,,
61933.0,KEAI01787,KEAI01787224,,2,270,12,well,26252.0,Ainamoi,Kericho,Ainamoi,Rural,,Clean,,,non_functional,,,
61934.0,KEAI01788,KEAI01788224,,2,171,17,tap_in_home,20260.0,Kapkugerwet,Kericho,Ainamoi,Rural,,,,,non_functional,,,
61935.0,KEAI01789,KEAI01789224,,5,243,37,shared_taps,28599.0,Kapsaos,Kericho,Ainamoi,Urban,,,,,non_functional,,,
61936.0,KEAI01790,KEAI01790224,,1,133,5,shared_taps,33091.0,Kapsoit,Kericho,Ainamoi,Rural,,,,,non_functional,,,
61937.0,KEAI01791,KEAI01791224,,3,167,18,river,60696.0,Kipchebor,Kericho,Ainamoi,Rural,,,,,non_functional,,,
61938.0,KEBE01792,KEBE01792224,,4,283,24,river,42935.0,Waldai,Kericho,Belgut,Rural,,,,,non_functional,,,
61939.0,KEBU01793,KEBU01793224,,5,9,12,river,30133.0,Cheboin,Kericho,Bureti,Rural,,,,,non_functional,,,
61940.0,KEBU01794,KEBU01794224,,1,397,13,tap_in_home_broken,31586.0,Chemosot,Kericho,Bureti,Rural,,,,,non_functional,,,
61941.0,KEBU01795,KEBU01795224,,1,134,4,river,26405.0,Cheplanget,Kericho,Bureti,Rural,,,,,non_functional,,,
61942.0,KEBU01796,KEBU01796224,,4,116,15,well,29074.0,Kapkatet,Kericho,Bureti,Rural,,Contaminated:Biological,,,non_functional,,,
61943.0,KEBU01797,KEBU01797224,,2,71,17,tap_in_home,28008.0,Kisiara,Kericho,Bureti,Urban,,,,,non_functional,,,
61944.0,KEBU01798,KEBU01798224,,1,77,39,well,39683.0,Litein,Kericho,Bureti,Rural,,Contaminated: Chemical,,,non_functional,,,
61945.0,KEBU01799,KEBU01799224,,4,435,33,tap_in_home,30409.0,Tebesonik,Kericho,Bureti,Urban,,,,,non_functional,,,
61946.0,KEKI01800,KEKI01800224,,3,10,15,well,52557.0,Chepseon,Kericho,Kipkelion East,Rural,,Contaminated: Chemical,,,non_functional,,,
61947.0,KEKI01801,KEKI01801224,,2,507,45,tap_in_home_broken,53929.0,Kedowa/Kimugul,Kericho,Kipkelion East,Urban,,,,,non_functional,,,
61948.0,KEKI01802,KEKI01802224,,3,399,4,well,35324.0,Londiani,Kericho,Kipkelion East,Urban,,Contaminated: Chemical,,,non_functional,,,
61949.0,KEKI01803,KEKI01803224,,5,393,18,shared_taps,25032.0,Tendeno/Sorget,Kericho,Kipkelion East,Urban,,,,,non_functional,,,
61950.0,KEKI01804,KEKI01804224,,2,346,39,tap_in_home,42096.0,Chilchila,Kericho,Kipkelion West,Urban,,,,,non_functional,,,
61951.0,KEKI01805,KEKI01805224,,4,1,15,well,26509.0,Kamasian,Kericho,Kipkelion West,Rural,,Contaminated: Chemical,,,non_functional,,,
61952.0,KEKI01806,KEKI01806224,,1,200,6,river,35877.0,Kipkelion,Kericho,Kipkelion West,Rural,,,,,non_functional,,,
61953.0,KEKI01807,KEKI01807224,,3,334,8,shared_taps,24061.0,Kunyak,Kericho,Kipkelion West,Urban,,,,,non_functional,,,
61954.0,KESI01808,KESI01808224,,5,298,22,tap_in_home_broken,34223.0,Kaplelartet,Kericho,Sigowet/Soin,Urban,,,,,non_functional,,,
61955.0,KESI01809,KESI01809224,,3,74,13,shared_taps,50981.0,Sigowet,Kericho,Sigowet/Soin,Urban,,,,,non_functional,,,
61956.0,KESI01810,KESI01810224,,3,488,32,tap_in_home,31646.0,Soin,Kericho,Sigowet/Soin,Urban,,,,,non_functional,,,
61957.0,KESI01811,KESI01811224,,3,241,20,shared_taps,23414.0,Soliat,Kericho,Sigowet/Soin,Urban,,,,,non_functional,,,
61958.0,KIGA01812,KIGA01812224,,2,401,46,shared_taps,26347.0,Chania,Kiambu,Gatundu North,Rural,,,,,non_functional,,,
61959.0,KIGA01813,KIGA01813224,,1,478,5,shared_taps,30521.0,Githobokoni,Kiambu,Gatundu North,Urban,,,,,non_functional,,,
61960.0,KIGA01814,KIGA01814224,,3,89,12,tap_in_home_broken,29112.0,Gituamba,Kiambu,Gatundu North,Urban,,,,,non_functional,,,
61961.0,KIGA01815,KIGA01815224,,1,421,30,well,42430.0,Mang'U,Kiambu,Gatundu North,Rural,,Contaminated:Biological,,,non_functional,,,
61962.0,KIGA01816,KIGA01816224,,3,452,43,river,23834.0,Kiamwangi,Kiambu,Gatundu South,Rural,,,,,non_functional,,,
61963.0,KIGA01817,KIGA01817224,,4,324,31,tap_in_home,29303.0,Kiganjo,Kiambu,Gatundu South,Urban,,,,,non_functional,,,
61964.0,KIGA01818,KIGA01818224,,5,507,2,tap_in_home_broken,21188.0,Ndarugu,Kiambu,Gatundu South,Urban,,,,,non_functional,,,
61965.0,KIGA01819,KIGA01819224,,3,443,22,shared_taps,51458.0,Ngenda,Kiambu,Gatundu South,Urban,,,,,non_functional,,,
61966.0,KIGI01820,KIGI01820224,,1,340,7,river,34893.0,Githiga,Kiambu,Githunguri,Rural,,,,,non_functional,,,
61967.0,KIGI01821,KIGI01821224,,1,498,36,tap_in_home_broken,42109.0,Githunguri,Kiambu,Githunguri,Urban,,,,,non_functional,,,
61968.0,KIGI01822,KIGI01822224,,3,314,3,tap_in_home,43022.0,Ikinu,Kiambu,Githunguri,Urban,,,,,non_functional,,,
61969.0,KIGI01823,KIGI01823224,,1,113,48,tap_in_home,37370.0,Komothai,Kiambu,Githunguri,Urban,,,,,non_functional,,,
61970.0,KIGI01824,KIGI01824224,,5,355,8,tap_in_home,32725.0,Ngewa,Kiambu,Githunguri,Urban,,,,,non_functional,,,
61971.0,KIJU01825,KIJU01825224,,1,85,37,shared_taps,84659.0,Juja,Kiambu,Juja,Urban,,,,,non_functional,,,
61972.0,KIJU01826,KIJU01826224,,4,399,13,well,140254.0,Kalimoni,Kiambu,Juja,Rural,,Contaminated: Chemical,,,non_functional,,,
61973.0,KIJU01827,KIJU01827224,,2,438,1,shared_taps,108274.0,Murera,Kiambu,Juja,Urban,,,,,non_functional,,,
61974.0,KIJU01828,KIJU01828224,,2,524,30,tap_in_home,9794.0,Theta,Kiambu,Juja,Urban,,,,,non_functional,,,
61975.0,KIJU01829,KIJU01829224,,1,359,8,well,14411.0,Witeithie,Kiambu,Juja,Rural,,Clean,,,non_functional,,,
61976.0,KIKA01830,KIKA01830224,,3,471,20,shared_taps,2186.0,Gitaru,Kiambu,Kabete,Urban,,,,,non_functional,,,
61977.0,KIKA01831,KIKA01831224,,3,375,10,shared_taps,13867.0,Kabete,Kiambu,Kabete,Urban,,,,,non_functional,,,
61978.0,KIKA01832,KIKA01832224,,3,78,11,shared_taps,33053.0,Muguga,Kiambu,Kabete,Urban,,,,,non_functional,,,
61979.0,KIKA01833,KIKA01833224,,3,381,14,shared_taps,23406.0,Nyadhuna,Kiambu,Kabete,Urban,,,,,non_functional,,,
61980.0,KIKA01834,KIKA01834224,,2,170,38,well,0.0,Uthiru,Kiambu,Kabete,Rural,,Contaminated:Biological,,,non_functional,,,
61981.0,KIKI01835,KIKI01835224,,1,293,42,tap_in_home,23072.0,Cianda,Kiambu,Kiambaa,Urban,,,,,non_functional,,,
61982.0,KIKI01836,KIKI01836224,,5,50,25,tap_in_home_broken,11859.0,Karuri,Kiambu,Kiambaa,Urban,,,,,non_functional,,,
61983.0,KIKI01837,KIKI01837224,,4,371,47,river,612.0,Kihara,Kiambu,Kiambaa,Rural,,,,,non_functional,,,
61984.0,KIKI01838,KIKI01838224,,1,46,9,tap_in_home_broken,8613.0,Muchatha,Kiambu,Kiambaa,Urban,,,,,non_functional,,,
61985.0,KIKI01839,KIKI01839224,,1,270,35,river,15179.0,Ndenderu,Kiambu,Kiambaa,Rural,,,,,non_functional,,,
61986.0,KIKI01840,KIKI01840224,,4,351,36,river,21895.0,Ndumberi,Kiambu,Kiambu,Urban,,,,,non_functional,,,
61987.0,KIKI01841,KIKI01841224,,3,180,1,river,7017.0,Riabai,Kiambu,Kiambu,Rural,,,,,non_functional,,,
61988.0,KIKI01842,KIKI01842224,,5,90,21,well,35618.0,Ting'Ang'A,Kiambu,Kiambu,Rural,,Contaminated:Biological,,,non_functional,,,
61989.0,KIKI01843,KIKI01843224,,2,507,33,tap_in_home,26792.0,Township,Kiambu,Kiambu,Urban,,,,,non_functional,,,
61990.0,KIKI01844,KIKI01844224,,4,43,34,river,39102.0,Karai,Kiambu,Kikuyu,Rural,,,,,non_functional,,,
61991.0,KIKI01845,KIKI01845224,,5,394,24,tap_in_home,28957.0,Kikuyu,Kiambu,Kikuyu,Rural,,,,,non_functional,,,
61992.0,KIKI01846,KIKI01846224,,1,442,18,shared_taps,0.0,Kinoo,Kiambu,Kikuyu,Urban,,,,,non_functional,,,
61993.0,KIKI01847,KIKI01847224,,2,75,40,shared_taps,34359.0,Nachu,Kiambu,Kikuyu,Urban,,,,,non_functional,,,
61994.0,KIKI01848,KIKI01848224,,4,113,8,tap_in_home_broken,46327.0,Sigona,Kiambu,Kikuyu,Urban,,,,,non_functional,,,
61995.0,KILA01849,KILA01849224,,1,518,46,well,23579.0,Kamburu,Kiambu,Lari,Rural,,Contaminated:Biological,,,non_functional,,,
61996.0,KILA01850,KILA01850224,,5,331,48,well,29976.0,Kijabe,Kiambu,Lari,Rural,,Clean,,,non_functional,,,
61997.0,KILA01851,KILA01851224,,1,24,32,river,37185.0,Kinale,Kiambu,Lari,Rural,,,,,non_functional,,,
61998.0,KILA01852,KILA01852224,,3,308,18,shared_taps,35077.0,Lari/Kirenga,Kiambu,Lari,Urban,,,,,non_functional,,,
61999.0,KILA01853,KILA01853224,,2,431,29,shared_taps,28697.0,Nyanduma,Kiambu,Lari,Rural,,,,,non_functional,,,
62000.0,KILI01854,KILI01854224,,5,100,30,well,31310.0,Bibirioni,Kiambu,Limuru,Rural,,Clean,,,non_functional,,,
62001.0,KILI01855,KILI01855224,,4,210,47,well,36251.0,Limuru Central,Kiambu,Limuru,Rural,,Contaminated: Chemical,,,non_functional,,,
62002.0,KILI01856,KILI01856224,,5,44,26,tap_in_home,35771.0,Limuru East,Kiambu,Limuru,Urban,,,,,non_functional,,,
62003.0,KILI01857,KILI01857224,,2,346,28,shared_taps,35799.0,Ndeiya,Kiambu,Limuru,Rural,,,,,non_functional,,,
62004.0,KILI01858,KILI01858224,,3,14,39,well,38033.0,Ngecha Tigoni,Kiambu,Limuru,Rural,,Contaminated: Chemical,,,non_functional,,,
62005.0,KIRU01859,KIRU01859224,,5,369,7,shared_taps,2688.0,Biashara,Kiambu,Ruiru,Urban,,,,,non_functional,,,
62006.0,KIRU01860,KIRU01860224,,5,233,48,shared_taps,39809.0,Gitothua,Kiambu,Ruiru,Urban,,,,,non_functional,,,
62007.0,KIRU01861,KIRU01861224,,4,49,23,river,61101.0,Kiuu,Kiambu,Ruiru,Rural,,,,,non_functional,,,
62008.0,KITH01862,KITH01862224,,1,491,12,shared_taps,30017.0,Gatuanyaga,Kiambu,Thika Town,Urban,,,,,non_functional,,,
62009.0,KITH01863,KITH01863224,,3,473,30,shared_taps,43051.0,Hospital,Kiambu,Thika Town,Urban,,,,,non_functional,,,
62010.0,KITH01864,KITH01864224,,1,50,6,well,31204.0,Kamenu,Kiambu,Thika Town,Rural,,Clean,,,non_functional,,,
62011.0,KITH01865,KITH01865224,,1,408,35,shared_taps,25723.0,Ngoliba,Kiambu,Thika Town,Urban,,,,,non_functional,,,
62012.0,KITH01866,KITH01866224,,5,203,48,shared_taps,16458.0,Township,Kiambu,Thika Town,Urban,,,,,non_functional,,,
62013.0,KIGA01867,KIGA01867224,,4,484,46,well,49603.0,Bamba,Kilifi,Ganze,Rural,,Contaminated: Chemical,,,non_functional,,,
62014.0,KIGA01868,KIGA01868224,,2,518,44,tap_in_home_broken,39311.0,Ganze,Kilifi,Ganze,Urban,,,,,non_functional,,,
62015.0,KIGA01869,KIGA01869224,,5,212,3,tap_in_home_broken,29349.0,Jaribuni,Kilifi,Ganze,Urban,,,,,non_functional,,,
62016.0,KIGA01870,KIGA01870224,,3,377,3,well,56942.0,Sokoke,Kilifi,Ganze,Rural,,Contaminated:Biological,,,non_functional,,,
62017.0,KIKA01871,KIKA01871224,,5,47,6,tap_in_home_broken,75036.0,Kaloleni,Kilifi,Kaloleni,Urban,,,,,non_functional,,,
62018.0,KIKA01872,KIKA01872224,,3,233,17,river,50939.0,Kayafungo,Kilifi,Kaloleni,Urban,,,,,non_functional,,,
62019.0,KIKA01873,KIKA01873224,,1,402,46,tap_in_home_broken,61131.0,Mariakani,Kilifi,Kaloleni,Urban,,,,,non_functional,,,
62020.0,KIKA01874,KIKA01874224,,3,243,1,tap_in_home,29492.0,Mwanamwinga,Kilifi,Kaloleni,Rural,,,,,non_functional,,,
62021.0,KIKI01875,KIKI01875224,,1,125,2,well,68596.0,Dabaso,Kilifi,Kilifi North,Rural,,Clean,,,non_functional,,,
62022.0,KIKI01876,KIKI01876224,,1,307,11,tap_in_home,43572.0,Kibarani,Kilifi,Kilifi North,Urban,,,,,non_functional,,,
62023.0,KIKI01877,KIKI01877224,,2,271,29,shared_taps,54107.0,Matsangoni,Kilifi,Kilifi North,Urban,,,,,non_functional,,,
62024.0,KIKI01878,KIKI01878224,,4,178,8,shared_taps,49474.0,Mnarani,Kilifi,Kilifi North,Rural,,,,,non_functional,,,
62025.0,KIKI01879,KIKI01879224,,3,173,11,shared_taps,4274.0,Sokoni,Kilifi,Kilifi North,Rural,,,,,non_functional,,,
62026.0,KIKI01880,KIKI01880224,,1,123,34,river,48853.0,Tezo,Kilifi,Kilifi North,Rural,,,,,non_functional,,,
62027.0,KIKI01881,KIKI01881224,,3,238,21,tap_in_home,24369.0,Watamu,Kilifi,Kilifi North,Urban,,,,,non_functional,,,
62028.0,KIKI01882,KIKI01882224,,3,152,29,shared_taps,41998.0,Chasimba,Kilifi,Kilifi South,Urban,,,,,non_functional,,,
62029.0,KIKI01883,KIKI01883224,,1,142,46,tap_in_home,47618.0,Junju,Kilifi,Kilifi South,Urban,,,,,non_functional,,,
62030.0,KIKI01884,KIKI01884224,,1,138,0,tap_in_home,58582.0,Mtepeni,Kilifi,Kilifi South,Urban,,,,,non_functional,,,
62031.0,KIKI01885,KIKI01885224,,2,517,10,shared_taps,35876.0,Mwarakaya,Kilifi,Kilifi South,Urban,,,,,non_functional,,,
62032.0,KIKI01886,KIKI01886224,,1,292,47,shared_taps,31686.0,Shimo La Tewa,Kilifi,Kilifi South,Rural,,,,,non_functional,,,
62033.0,KIMA01887,KIMA01887224,,4,125,18,river,59050.0,Adu,Kilifi,Magarini,Rural,,,,,non_functional,,,
62034.0,KIMA01888,KIMA01888224,,2,307,16,well,40035.0,Garashi,Kilifi,Magarini,Rural,,Clean,,,non_functional,,,
62035.0,KIMA01889,KIMA01889224,,5,137,20,shared_taps,45999.0,Gongoni,Kilifi,Magarini,Urban,,,,,non_functional,,,
62036.0,KIMA01890,KIMA01890224,,1,304,46,river,12500.0,Magarini,Kilifi,Magarini,Rural,,,,,non_functional,,,
62037.0,KIMA01891,KIMA01891224,,4,24,8,tap_in_home_broken,65126.0,Marafa,Kilifi,Magarini,Urban,,,,,non_functional,,,
62038.0,KIMA01892,KIMA01892224,,4,246,10,river,72824.0,Ganda,Kilifi,Malindi,Rural,,,,,non_functional,,,
62039.0,KIMA01893,KIMA01893224,,1,491,48,shared_taps,27251.0,Jilore,Kilifi,Malindi,Urban,,,,,non_functional,,,
62040.0,KIMA01894,KIMA01894224,,1,433,5,shared_taps,22806.0,Kakuyuni,Kilifi,Malindi,Urban,,,,,non_functional,,,
62041.0,KIMA01895,KIMA01895224,,1,122,2,river,43961.0,Malindi Town,Kilifi,Malindi,Rural,,,,,non_functional,,,
62042.0,KIMA01896,KIMA01896224,,5,378,14,tap_in_home,23299.0,Sabaki,Kilifi,Malindi,Urban,,,,,non_functional,,,
62043.0,KIMA01897,KIMA01897224,,3,313,35,river,17542.0,Shella,Kilifi,Malindi,Rural,,,,,non_functional,,,
62044.0,KIRA01898,KIRA01898224,,2,6,34,shared_taps,23681.0,Kambe/Ribe,Kilifi,Rabai,Urban,,,,,non_functional,,,
62045.0,KIRA01899,KIRA01899224,,3,1,25,well,21706.0,Mwawesa,Kilifi,Rabai,Rural,,Clean,,,non_functional,,,
62046.0,KIRA01900,KIRA01900224,,3,87,28,tap_in_home,57556.0,Rabai/Kisurutini,Kilifi,Rabai,Urban,,,,,non_functional,,,
62047.0,KIRA01901,KIRA01901224,,4,454,18,shared_taps,30953.0,Ruruma,Kilifi,Rabai,Rural,,,,,non_functional,,,
62048.0,KIGI01902,KIGI01902224,,5,480,38,tap_in_home,24795.0,Baragwi,Kirinyaga,Gichugu,Urban,,,,,non_functional,,,
62049.0,KIGI01903,KIGI01903224,,5,248,12,shared_taps,44612.0,Kabare,Kirinyaga,Gichugu,Rural,,,,,non_functional,,,
62050.0,KIGI01904,KIGI01904224,,1,213,19,tap_in_home,56621.0,Karumandi,Kirinyaga,Gichugu,Urban,,,,,non_functional,,,
62051.0,KIGI01905,KIGI01905224,,2,4,37,river,20813.0,Ngariama,Kirinyaga,Gichugu,Rural,,,,,non_functional,,,
62052.0,KIGI01906,KIGI01906224,,1,304,15,shared_taps,28447.0,Njukiini,Kirinyaga,Gichugu,Urban,,,,,non_functional,,,
62053.0,KIKI01907,KIKI01907224,,5,143,12,tap_in_home,35202.0,Inoi,Kirinyaga,Kirinyaga Central,Urban,,,,,non_functional,,,
62054.0,KIKI01908,KIKI01908224,,1,225,26,shared_taps,34633.0,Kanyekini,Kirinyaga,Kirinyaga Central,Urban,,,,,non_functional,,,
62055.0,KIKI01909,KIKI01909224,,2,420,43,tap_in_home_broken,35925.0,Kerugoya,Kirinyaga,Kirinyaga Central,Urban,,,,,non_functional,,,
62056.0,KIKI01910,KIKI01910224,,1,244,38,shared_taps,27424.0,Mutira,Kirinyaga,Kirinyaga Central,Rural,,,,,non_functional,,,
62057.0,KIMW01911,KIMW01911224,,3,413,18,shared_taps,25246.0,Gathigiriri,Kirinyaga,Mwea,Urban,,,,,non_functional,,,
62058.0,KIMW01912,KIMW01912224,,1,520,17,tap_in_home,33872.0,Kangai,Kirinyaga,Mwea,Urban,,,,,non_functional,,,
62059.0,KIBO01913,KIBO01913224,,3,132,48,river,43670.0,Bosoti/Sengera,Kisii,Bomachoge Chache,Rural,,,,,non_functional,,,
62060.0,KIMW01914,KIMW01914224,,1,460,20,tap_in_home,38507.0,Murinduko,Kirinyaga,Mwea,Urban,,,,,non_functional,,,
62061.0,KIMW01915,KIMW01915224,,3,500,33,tap_in_home,37684.0,Mutithi,Kirinyaga,Mwea,Urban,,,,,non_functional,,,
62062.0,KIMW01916,KIMW01916224,,2,481,5,shared_taps,36556.0,Nyangati,Kirinyaga,Mwea,Urban,,,,,non_functional,,,
62063.0,KIMW01917,KIMW01917224,,2,390,27,shared_taps,51024.0,Tebere,Kirinyaga,Mwea,Urban,,,,,non_functional,,,
62064.0,KIMW01918,KIMW01918224,,1,141,17,river,31151.0,Thiba,Kirinyaga,Mwea,Rural,,,,,non_functional,,,
62065.0,KIMW01919,KIMW01919224,,5,132,21,tap_in_home_broken,17177.0,Wamumu,Kirinyaga,Mwea,Urban,,,,,non_functional,,,
62066.0,KIND01920,KIND01920224,,1,273,38,shared_taps,37285.0,Kariti,Kirinyaga,Ndia,Rural,,,,,non_functional,,,
62067.0,KIND01921,KIND01921224,,1,111,39,shared_taps,50629.0,Kiine,Kirinyaga,Ndia,Urban,,,,,non_functional,,,
62068.0,KIND01922,KIND01922224,,3,72,45,river,40526.0,Mukure,Kirinyaga,Ndia,Rural,,,,,non_functional,,,
62069.0,KIBO01923,KIBO01923224,,4,218,17,well,38224.0,Basi Bogetaorio,Kisii,Bobasi,Rural,,Clean,,,non_functional,,,
62070.0,KIBO01924,KIBO01924224,,2,409,3,well,25764.0,Basi Central,Kisii,Bobasi,Rural,,Contaminated: Chemical,,,non_functional,,,
62071.0,KIBO01925,KIBO01925224,,4,41,13,shared_taps,26250.0,Bobasi Boitangare,Kisii,Bobasi,Urban,,,,,non_functional,,,
62072.0,KIBO01926,KIBO01926224,,2,196,5,shared_taps,28758.0,Bobasi Chache,Kisii,Bobasi,Urban,,,,,non_functional,,,
62073.0,KIBO01927,KIBO01927224,,3,377,41,shared_taps,21475.0,Masige East,Kisii,Bobasi,Urban,,,,,non_functional,,,
62074.0,KIBO01928,KIBO01928224,,2,365,26,shared_taps,22381.0,Masige West,Kisii,Bobasi,Rural,,,,,non_functional,,,
62075.0,KIBO01929,KIBO01929224,,4,52,1,shared_taps,36192.0,Nyacheki,Kisii,Bobasi,Rural,,,,,non_functional,,,
62076.0,KIBO01930,KIBO01930224,,1,437,3,river,22879.0,Sameta/Mokwerero,Kisii,Bobasi,Rural,,,,,non_functional,,,
62077.0,KIBO01931,KIBO01931224,,2,324,32,shared_taps,44167.0,Bokimonge,Kisii,Bomachoge Borabu,Urban,,,,,non_functional,,,
62078.0,KIBO01932,KIBO01932224,,5,4,33,river,27111.0,Bombaba Borabu,Kisii,Bomachoge Borabu,Rural,,,,,non_functional,,,
62079.0,KIBO01933,KIBO01933224,,2,531,5,shared_taps,16600.0,Boochi Borabu,Kisii,Bomachoge Borabu,Urban,,,,,non_functional,,,
62080.0,KIBO01934,KIBO01934224,,5,380,35,shared_taps,32069.0,Magenche,Kisii,Bomachoge Borabu,Rural,,,,,non_functional,,,
62081.0,KIBO01935,KIBO01935224,,4,73,19,shared_taps,41038.0,Boochi/Tendere,Kisii,Bomachoge Chache,Rural,,,,,non_functional,,,
62082.0,KIBO01936,KIBO01936224,,4,273,3,river,27894.0,Majoge Basi,Kisii,Bomachoge Chache,Rural,,,,,non_functional,,,
62083.0,KIBO01937,KIBO01937224,,4,33,19,tap_in_home_broken,26096.0,Bogiakumu,Kisii,Bonchari,Rural,,,,,non_functional,,,
62084.0,KIBO01938,KIBO01938224,,4,195,5,tap_in_home_broken,26642.0,Bomariba,Kisii,Bonchari,Urban,,,,,non_functional,,,
62085.0,KIBO01939,KIBO01939224,,1,273,26,tap_in_home_broken,44213.0,Bomorenda,Kisii,Bonchari,Rural,,,,,non_functional,,,
62086.0,KIBO01940,KIBO01940224,,5,517,25,shared_taps,42431.0,Riana,Kisii,Bonchari,Urban,,,,,non_functional,,,
62087.0,KIKI01941,KIKI01941224,,2,242,4,tap_in_home_broken,21939.0,Kegogi,Kisii,Kitutu Chache North,Rural,,,,,non_functional,,,
62088.0,KIKI01942,KIKI01942224,,5,350,0,shared_taps,36234.0,Marani,Kisii,Kitutu Chache North,Urban,,,,,non_functional,,,
62089.0,KIKI01943,KIKI01943224,,1,116,21,shared_taps,33799.0,Monyerero,Kisii,Kitutu Chache North,Rural,,,,,non_functional,,,
62090.0,KIKI01944,KIKI01944224,,3,400,38,river,32084.0,Sensi,Kisii,Kitutu Chache North,Rural,,,,,non_functional,,,
62091.0,KIKI01945,KIKI01945224,,4,478,29,shared_taps,18545.0,Bogeka,Kisii,Kitutu Chache South,Urban,,,,,non_functional,,,
62092.0,KIKI01946,KIKI01946224,,2,100,9,shared_taps,28504.0,Bogusero,Kisii,Kitutu Chache South,Urban,,,,,non_functional,,,
62093.0,KIKI01947,KIKI01947224,,4,84,29,tap_in_home_broken,13244.0,Kitutu Central,Kisii,Kitutu Chache South,Urban,,,,,non_functional,,,
62094.0,KIKI01948,KIKI01948224,,5,398,2,well,31721.0,Nyakoe,Kisii,Kitutu Chache South,Rural,,Contaminated: Chemical,,,non_functional,,,
62095.0,KIKI01949,KIKI01949224,,3,260,31,shared_taps,26629.0,Nyatieko,Kisii,Kitutu Chache South,Rural,,,,,non_functional,,,
62096.0,KINY01950,KINY01950224,,3,321,24,river,26280.0,Birongo,Kisii,Nyaribari Chache,Rural,,,,,non_functional,,,
62097.0,KINY01951,KINY01951224,,4,188,22,river,29995.0,Bobaracho,Kisii,Nyaribari Chache,Rural,,,,,non_functional,,,
62098.0,KINY01952,KINY01952224,,3,501,39,tap_in_home,27611.0,Ibeno,Kisii,Nyaribari Chache,Urban,,,,,non_functional,,,
62099.0,KINY01953,KINY01953224,,2,10,27,well,23510.0,Keumbu,Kisii,Nyaribari Chache,Rural,,Contaminated: Chemical,,,non_functional,,,
62100.0,KINY01954,KINY01954224,,1,185,17,tap_in_home,20600.0,Kiogoro,Kisii,Nyaribari Chache,Urban,,,,,non_functional,,,
62101.0,KINY01955,KINY01955224,,2,127,23,well,9417.0,Kisii Central,Kisii,Nyaribari Chache,Rural,,Clean,,,non_functional,,,
62102.0,KINY01956,KINY01956224,,5,427,17,shared_taps,26894.0,Gesusu,Kisii,Nyaribari Masaba,Urban,,,,,non_functional,,,
62103.0,KINY01957,KINY01957224,,3,443,17,tap_in_home,32158.0,Ichuni,Kisii,Nyaribari Masaba,Urban,,,,,non_functional,,,
62104.0,KINY01958,KINY01958224,,3,187,17,tap_in_home_broken,23922.0,Kiamokama,Kisii,Nyaribari Masaba,Urban,,,,,non_functional,,,
62105.0,KINY01959,KINY01959224,,3,327,22,river,33083.0,Masimba,Kisii,Nyaribari Masaba,Urban,,,,,non_functional,,,
62106.0,KINY01960,KINY01960224,,1,395,36,shared_taps,19687.0,Nyamasibi,Kisii,Nyaribari Masaba,Urban,,,,,non_functional,,,
62107.0,KISO01961,KISO01961224,,1,199,21,shared_taps,32173.0,Bogetenga,Kisii,South Mugirango,Rural,,,,,non_functional,,,
62108.0,KISO01962,KISO01962224,,1,362,27,tap_in_home,24141.0,Boikang'A,Kisii,South Mugirango,Rural,,,,,non_functional,,,
62109.0,KISO01963,KISO01963224,,2,106,34,shared_taps,46014.0,Borabu / Chitago,Kisii,South Mugirango,Urban,,,,,non_functional,,,
62110.0,KISO01964,KISO01964224,,5,464,37,well,18500.0,Getenga,Kisii,South Mugirango,Urban,,Clean,,,non_functional,,,
62111.0,KISO01965,KISO01965224,,1,71,2,shared_taps,34205.0,Moticho,Kisii,South Mugirango,Urban,,,,,non_functional,,,
62112.0,KISO01966,KISO01966224,,5,368,24,river,36121.0,Tabaka,Kisii,South Mugirango,Rural,,,,,non_functional,,,
62113.0,KIKI01967,KIKI01967224,,5,290,41,shared_taps,0.0,Kondele,Kisumu,Kisumu Central,Rural,,,,,non_functional,,,
62114.0,KIKI01968,KIKI01968224,,3,390,37,river,3765.0,Market Milimani,Kisumu,Kisumu Central,Rural,,,,,non_functional,,,
62115.0,KIKI01969,KIKI01969224,,4,65,33,well,0.0,Migosi,Kisumu,Kisumu Central,Rural,,Contaminated:Biological,,,non_functional,,,
62116.0,KIKI01970,KIKI01970224,,3,535,48,tap_in_home_broken,0.0,Nyalenda 'A',Kisumu,Kisumu Central,Urban,,,,,non_functional,,,
62117.0,KIKI01971,KIKI01971224,,1,366,10,tap_in_home,14448.0,Nyalenda B,Kisumu,Kisumu Central,Urban,,,,,non_functional,,,
62118.0,KIKI01972,KIKI01972224,,5,123,30,tap_in_home,19106.0,Railways,Kisumu,Kisumu Central,Urban,,,,,non_functional,,,
62119.0,KIKI01973,KIKI01973224,,5,34,28,shared_taps,0.0,Shaurimoyo Kaloleni,Kisumu,Kisumu Central,Urban,,,,,non_functional,,,
62120.0,KIKI01974,KIKI01974224,,2,152,13,well,20089.0,Chuluni,Kitui,Kitui East,Rural,,Clean,,,non_functional,,,
62121.0,KIKI01975,KIKI01975224,,3,396,17,shared_taps,44928.0,Kajulu,Kisumu,Kisumu East,Rural,,,,,non_functional,,,
62122.0,KIKI01976,KIKI01976224,,2,452,33,river,27864.0,Kolwa Central,Kisumu,Kisumu East,Rural,,,,,non_functional,,,
62123.0,KIKI01977,KIKI01977224,,2,202,28,well,35123.0,Kolwa East,Kisumu,Kisumu East,Rural,,Clean,,,non_functional,,,
62124.0,KIKI01978,KIKI01978224,,3,446,2,well,0.0,Manyatta 'B',Kisumu,Kisumu East,Urban,,Contaminated:Biological,,,non_functional,,,
62125.0,KIKI01979,KIKI01979224,,4,7,17,river,49342.0,Central Kisumu,Kisumu,Kisumu West,Urban,,,,,non_functional,,,
62126.0,KIKI01980,KIKI01980224,,1,247,46,shared_taps,32725.0,Kisumu North,Kisumu,Kisumu West,Rural,,,,,non_functional,,,
62127.0,KIKI01981,KIKI01981224,,4,281,25,shared_taps,38191.0,North West Kisumu,Kisumu,Kisumu West,Urban,,,,,non_functional,,,
62128.0,KIKI01982,KIKI01982224,,5,316,11,shared_taps,37647.0,South West Kisumu,Kisumu,Kisumu West,Urban,,,,,non_functional,,,
62129.0,KIKI01983,KIKI01983224,,1,2,36,well,40503.0,West Kisumu,Kisumu,Kisumu West,Rural,,Contaminated: Chemical,,,non_functional,,,
62130.0,KIMU01984,KIMU01984224,,1,242,31,tap_in_home_broken,32713.0,Chemelil,Kisumu,Muhoroni,Rural,,,,,non_functional,,,
62131.0,KIMU01985,KIMU01985224,,1,186,40,tap_in_home,45326.0,Masogo/Nyang'Oma,Kisumu,Muhoroni,Urban,,,,,non_functional,,,
62132.0,KIMU01986,KIMU01986224,,3,122,18,shared_taps,14557.0,Miwani,Kisumu,Muhoroni,Urban,,,,,non_functional,,,
62133.0,KIMU01987,KIMU01987224,,2,483,38,well,38272.0,Muhoroni/Koru,Kisumu,Muhoroni,Rural,,Contaminated: Chemical,,,non_functional,,,
62134.0,KIMU01988,KIMU01988224,,1,413,24,river,34466.0,Ombeyi,Kisumu,Muhoroni,Rural,,,,,non_functional,,,
62135.0,KINY01989,KINY01989224,,4,466,45,tap_in_home,29637.0,Central Nyakach,Kisumu,Nyakach,Rural,,,,,non_functional,,,
62136.0,KIKI01990,KIKI01990224,,5,180,32,well,15893.0,Endau/Malalani,Kitui,Kitui East,Rural,,Contaminated: Chemical,,,non_functional,,,
62137.0,KINY01991,KINY01991224,,3,318,11,shared_taps,38693.0,North Nyakach,Kisumu,Nyakach,Urban,,,,,non_functional,,,
62138.0,KINY01992,KINY01992224,,3,272,30,tap_in_home,37682.0,South East Nyakach,Kisumu,Nyakach,Urban,,,,,non_functional,,,
62139.0,KINY01993,KINY01993224,,3,48,34,well,20841.0,South West Nyakach,Kisumu,Nyakach,Urban,,Contaminated:Biological,,,non_functional,,,
62140.0,KINY01994,KINY01994224,,4,183,7,shared_taps,34468.0,West Nyakach,Kisumu,Nyakach,Rural,,,,,non_functional,,,
62141.0,KINY01995,KINY01995224,,4,103,31,well,57096.0,Ahero,Kisumu,Nyando,Urban,,Clean,,,non_functional,,,
62142.0,KINY01996,KINY01996224,,3,118,16,tap_in_home,25931.0,Awasi/Onjiko,Kisumu,Nyando,Urban,,,,,non_functional,,,
62143.0,KINY01997,KINY01997224,,5,121,10,shared_taps,22799.0,East Kano/Wawidhi,Kisumu,Nyando,Urban,,,,,non_functional,,,
62144.0,KINY01998,KINY01998224,,3,296,5,tap_in_home,32509.0,Kabonyo/Kanyagwal,Kisumu,Nyando,Urban,,,,,non_functional,,,
62145.0,KINY01999,KINY01999224,,1,52,24,river,45491.0,Kobura,Kisumu,Nyando,Urban,,,,,non_functional,,,
62146.0,KISE02000,KISE02000224,,2,473,25,tap_in_home,29226.0,Central Seme,Kisumu,Seme,Rural,,,,,non_functional,,,
62147.0,KISE02001,KISE02001224,,4,509,0,river,34603.0,East Seme,Kisumu,Seme,Rural,,,,,non_functional,,,
62148.0,KISE02002,KISE02002224,,1,504,6,shared_taps,35745.0,North Seme,Kisumu,Seme,Rural,,,,,non_functional,,,
62149.0,KISE02003,KISE02003224,,2,335,41,tap_in_home,41653.0,West Seme,Kisumu,Seme,Urban,,,,,non_functional,,,
62150.0,KIKI02004,KIKI02004224,,3,23,23,shared_taps,40607.0,Kyangwithya East,Kitui,Kitui Central,Urban,,,,,non_functional,,,
62151.0,KIKI02005,KIKI02005224,,3,420,19,shared_taps,35216.0,Kyangwithya West,Kitui,Kitui Central,Rural,,,,,non_functional,,,
62152.0,KIKI02006,KIKI02006224,,1,498,39,tap_in_home_broken,28677.0,Miambani,Kitui,Kitui Central,Urban,,,,,non_functional,,,
62153.0,KIKI02007,KIKI02007224,,2,11,47,well,27126.0,Township,Kitui,Kitui Central,Rural,,Contaminated: Chemical,,,non_functional,,,
62154.0,KIKI02008,KIKI02008224,,3,222,44,shared_taps,24041.0,Mutito/Kaliku,Kitui,Kitui East,Rural,,,,,non_functional,,,
62155.0,KIKI02009,KIKI02009224,,3,398,47,river,28172.0,Nzambani,Kitui,Kitui East,Rural,,,,,non_functional,,,
62156.0,KIKI02010,KIKI02010224,,5,311,37,river,29370.0,Voo/Kyamatu,Kitui,Kitui East,Urban,,,,,non_functional,,,
62157.0,KIKI02011,KIKI02011224,,5,93,28,river,26734.0,Zombe/Mwitika,Kitui,Kitui East,Urban,,,,,non_functional,,,
62158.0,KIKI02012,KIKI02012224,,5,332,7,river,29741.0,Kanyangi,Kitui,Kitui Rural,Rural,,,,,non_functional,,,
62159.0,KIKI02013,KIKI02013224,,2,383,46,shared_taps,30541.0,Kisasi,Kitui,Kitui Rural,Urban,,,,,non_functional,,,
62160.0,KIKI02014,KIKI02014224,,4,531,34,shared_taps,43011.0,Kwavonza/Yatta,Kitui,Kitui Rural,Urban,,,,,non_functional,,,
62161.0,KIKI02015,KIKI02015224,,5,340,13,well,26182.0,Mbitini,Kitui,Kitui Rural,Rural,,Contaminated:Biological,,,non_functional,,,
62162.0,KIKI02016,KIKI02016224,,4,368,47,tap_in_home_broken,38074.0,Mulango,Kitui,Kitui Rural,Rural,,,,,non_functional,,,
62163.0,KIKI02017,KIKI02017224,,4,161,33,tap_in_home_broken,40598.0,Athi,Kitui,Kitui South,Urban,,,,,non_functional,,,
62164.0,KIKI02018,KIKI02018224,,4,272,46,shared_taps,54733.0,Ikanga/Kyatune,Kitui,Kitui South,Rural,,,,,non_functional,,,
62165.0,KIKI02019,KIKI02019224,,3,107,48,river,33969.0,Ikutha,Kitui,Kitui South,Rural,,,,,non_functional,,,
62166.0,KIKI02020,KIKI02020224,,1,341,19,well,21332.0,Kanziko,Kitui,Kitui South,Rural,,Clean,,,non_functional,,,
62167.0,KIKI02021,KIKI02021224,,1,277,37,tap_in_home,31362.0,Mutha,Kitui,Kitui South,Urban,,,,,non_functional,,,
62168.0,KIKI02022,KIKI02022224,,4,497,44,shared_taps,28468.0,Mutomo,Kitui,Kitui South,Urban,,,,,non_functional,,,
62169.0,KIKI02023,KIKI02023224,,4,227,1,tap_in_home,30541.0,Kauwi,Kitui,Kitui West,Urban,,,,,non_functional,,,
62170.0,KIKI02024,KIKI02024224,,3,186,40,river,22046.0,Kwa Mutonga/Kithumula,Kitui,Kitui West,Rural,,,,,non_functional,,,
62171.0,KIKI02025,KIKI02025224,,1,262,16,shared_taps,28900.0,Matinyani,Kitui,Kitui West,Rural,,,,,non_functional,,,
62172.0,KIKI02026,KIKI02026224,,4,147,2,shared_taps,44423.0,Mutonguni,Kitui,Kitui West,Rural,,,,,non_functional,,,
62173.0,KIMW02027,KIMW02027224,,1,318,11,shared_taps,23353.0,Central,Kitui,Mwingi Central,Urban,,,,,non_functional,,,
62174.0,KIMW02028,KIMW02028224,,3,394,11,tap_in_home_broken,29891.0,Kiomo/Kyethani,Kitui,Mwingi Central,Rural,,,,,non_functional,,,
62175.0,KIMW02029,KIMW02029224,,2,190,34,tap_in_home,30609.0,Kivou,Kitui,Mwingi Central,Urban,,,,,non_functional,,,
62176.0,KIMW02030,KIMW02030224,,3,478,38,well,24753.0,Mui,Kitui,Mwingi Central,Rural,,Contaminated: Chemical,,,non_functional,,,
62177.0,KIMW02031,KIMW02031224,,5,176,29,river,36476.0,Nguni,Kitui,Mwingi Central,Rural,,,,,non_functional,,,
62178.0,KIMW02032,KIMW02032224,,3,108,36,shared_taps,34661.0,Nuu,Kitui,Mwingi Central,Rural,,,,,non_functional,,,
62179.0,KIMW02033,KIMW02033224,,5,119,36,river,25448.0,Waita,Kitui,Mwingi Central,Rural,,,,,non_functional,,,
62180.0,KIMW02034,KIMW02034224,,5,250,37,shared_taps,52142.0,Kyuso,Kitui,Mwingi North,Rural,,,,,non_functional,,,
62181.0,KIMW02035,KIMW02035224,,3,510,21,river,43000.0,Mumoni,Kitui,Mwingi North,Urban,,,,,non_functional,,,
62182.0,KIMW02036,KIMW02036224,,4,28,25,shared_taps,22748.0,Ngomeni,Kitui,Mwingi North,Urban,,,,,non_functional,,,
62183.0,KIMW02037,KIMW02037224,,4,506,17,shared_taps,18242.0,Tharaka,Kitui,Mwingi North,Urban,,,,,non_functional,,,
62184.0,KIMW02038,KIMW02038224,,5,152,11,shared_taps,46147.0,Tseikuru,Kitui,Mwingi North,Rural,,,,,non_functional,,,
62185.0,KIMW02039,KIMW02039224,,4,122,46,tap_in_home,35619.0,Kyome/Thaana,Kitui,Mwingi West,Urban,,,,,non_functional,,,
62186.0,KIMW02040,KIMW02040224,,4,35,40,well,32159.0,Migwani,Kitui,Mwingi West,Rural,,Contaminated:Biological,,,non_functional,,,
62187.0,KIMW02041,KIMW02041224,,2,53,19,shared_taps,34514.0,Nguutani,Kitui,Mwingi West,Urban,,,,,non_functional,,,
62188.0,KWKI02042,KWKI02042224,,2,47,21,tap_in_home_broken,51579.0,Chengoni/Samburu,Kwale,Kinango,Urban,,,,,non_functional,,,
62189.0,KWKI02043,KWKI02043224,,2,127,10,well,108214.0,Kinango,Kwale,Kinango,Rural,,Contaminated:Biological,,,non_functional,,,
62190.0,KWKI02044,KWKI02044224,,3,450,21,well,52469.0,Mackinnon Road,Kwale,Kinango,Rural,,Contaminated: Chemical,,,non_functional,,,
62191.0,KWKI02045,KWKI02045224,,5,415,7,shared_taps,53714.0,Mwavumbo,Kwale,Kinango,Rural,,,,,non_functional,,,
62192.0,KWKI02046,KWKI02046224,,4,156,33,river,54349.0,Ndavaya,Kwale,Kinango,Rural,,,,,non_functional,,,
62193.0,KWKI02047,KWKI02047224,,3,294,26,tap_in_home_broken,31279.0,Puma,Kwale,Kinango,Urban,,,,,non_functional,,,
62194.0,KWLU02048,KWLU02048224,,3,212,45,tap_in_home,58001.0,Dzombo,Kwale,Lungalunga,Rural,,,,,non_functional,,,
62195.0,KWLU02049,KWLU02049224,,2,89,9,tap_in_home,46193.0,Mwereni,Kwale,Lungalunga,Urban,,,,,non_functional,,,
62196.0,KWLU02050,KWLU02050224,,2,227,18,shared_taps,68463.0,Pongwe/Kikoneni,Kwale,Lungalunga,Urban,,,,,non_functional,,,
62197.0,KWLU02051,KWLU02051224,,3,38,31,well,52642.0,Vanga,Kwale,Lungalunga,Rural,,Contaminated:Biological,,,non_functional,,,
62198.0,KWMA02052,KWMA02052224,,2,268,47,shared_taps,31096.0,Kubo South,Kwale,Matuga,Urban,,,,,non_functional,,,
62199.0,KWMA02053,KWMA02053224,,2,373,47,tap_in_home_broken,44859.0,Mkongani,Kwale,Matuga,Urban,,,,,non_functional,,,
62200.0,KWMA02054,KWMA02054224,,4,529,45,tap_in_home_broken,34523.0,Tiwi,Kwale,Matuga,Rural,,,,,non_functional,,,
62201.0,KWMA02055,KWMA02055224,,4,339,38,well,61367.0,Tsimba Golini,Kwale,Matuga,Rural,,Contaminated:Biological,,,non_functional,,,
62202.0,KWMA02056,KWMA02056224,,3,432,15,river,33120.0,Waa,Kwale,Matuga,Rural,,,,,non_functional,,,
62203.0,KWMS02057,KWMS02057224,,4,101,5,tap_in_home,28182.0,Gombato Bongwe,Kwale,Msambweni,Urban,,,,,non_functional,,,
62204.0,KWMS02058,KWMS02058224,,3,291,41,well,33768.0,Kinondo,Kwale,Msambweni,Rural,,Contaminated:Biological,,,non_functional,,,
62205.0,KWMS02059,KWMS02059224,,4,173,7,river,58224.0,Ramisi,Kwale,Msambweni,Urban,,,,,non_functional,,,
62206.0,KWMS02060,KWMS02060224,,4,206,3,well,31507.0,Ukunda,Kwale,Msambweni,Rural,,Clean,,,non_functional,,,
62207.0,LALA02061,LALA02061224,,4,41,5,well,38785.0,Nanyuki,Laikipia,Laikipia East,Rural,,Clean,,,non_functional,,,
62208.0,LALA02062,LALA02062224,,3,307,39,shared_taps,39291.0,Ngobit,Laikipia,Laikipia East,Urban,,,,,non_functional,,,
62209.0,LALA02063,LALA02063224,,1,326,7,shared_taps,27651.0,Thingithu,Laikipia,Laikipia East,Urban,,,,,non_functional,,,
62210.0,LALA02064,LALA02064224,,4,388,3,tap_in_home,50523.0,Tigithi,Laikipia,Laikipia East,Urban,,,,,non_functional,,,
62211.0,LALA02065,LALA02065224,,3,384,10,tap_in_home_broken,28571.0,Mugogodo East,Laikipia,Laikipia North,Urban,,,,,non_functional,,,
62212.0,LALA02066,LALA02066224,,2,362,10,shared_taps,14149.0,Mugogodo West,Laikipia,Laikipia North,Urban,,,,,non_functional,,,
62213.0,LALA02067,LALA02067224,,5,291,32,shared_taps,19630.0,Segera,Laikipia,Laikipia North,Urban,,,,,non_functional,,,
62214.0,LALA02068,LALA02068224,,1,222,37,river,33420.0,Sosian,Laikipia,Laikipia North,Rural,,,,,non_functional,,,
62215.0,LALA02069,LALA02069224,,1,224,19,shared_taps,23871.0,Umande,Laikipia,Laikipia North,Urban,,,,,non_functional,,,
62216.0,LALA02070,LALA02070224,,3,316,5,well,36649.0,Githiga,Laikipia,Laikipia West,Rural,,Contaminated:Biological,,,non_functional,,,
62217.0,LALA02071,LALA02071224,,1,230,23,well,71433.0,Igwamiti,Laikipia,Laikipia West,Rural,,Contaminated: Chemical,,,non_functional,,,
62218.0,LALA02072,LALA02072224,,5,104,19,shared_taps,62691.0,Marmanet,Laikipia,Laikipia West,Urban,,,,,non_functional,,,
62219.0,LALA02073,LALA02073224,,4,226,0,shared_taps,31730.0,Ol-Moran,Laikipia,Laikipia West,Rural,,,,,non_functional,,,
62220.0,LALA02074,LALA02074224,,2,241,24,river,30861.0,Rumuruti Township,Laikipia,Laikipia West,Rural,,,,,non_functional,,,
62221.0,LALA02075,LALA02075224,,2,185,17,tap_in_home_broken,38262.0,Salama,Laikipia,Laikipia West,Urban,,,,,non_functional,,,
62222.0,LALA02076,LALA02076224,,4,420,30,well,2451.0,Basuba,Lamu,Lamu East,Rural,,Contaminated: Chemical,,,non_functional,,,
62223.0,LALA02077,LALA02077224,,3,368,6,tap_in_home,3023.0,Faza,Lamu,Lamu East,Urban,,,,,non_functional,,,
62224.0,LALA02078,LALA02078224,,1,199,15,tap_in_home,4353.0,Kiunga,Lamu,Lamu East,Urban,,,,,non_functional,,,
62225.0,LALA02079,LALA02079224,,2,345,39,well,26568.0,Bahari,Lamu,Lamu West,Rural,,Contaminated:Biological,,,non_functional,,,
62226.0,LALA02080,LALA02080224,,1,226,18,shared_taps,18401.0,Hindi,Lamu,Lamu West,Urban,,,,,non_functional,,,
62227.0,LALA02081,LALA02081224,,5,354,39,tap_in_home_broken,17971.0,Hongwe,Lamu,Lamu West,Urban,,,,,non_functional,,,
62228.0,LALA02082,LALA02082224,,2,260,2,river,34156.0,Mkomani,Lamu,Lamu West,Rural,,,,,non_functional,,,
62229.0,LALA02083,LALA02083224,,2,86,27,shared_taps,18726.0,Mkunumbi,Lamu,Lamu West,Urban,,,,,non_functional,,,
62230.0,LALA02084,LALA02084224,,4,492,5,well,17801.0,Shella,Lamu,Lamu West,Rural,,Contaminated: Chemical,,,non_functional,,,
62231.0,LALA02085,LALA02085224,,5,254,34,well,21611.0,Witu,Lamu,Lamu West,Urban,,Contaminated:Biological,,,non_functional,,,
62232.0,MAKA02086,MAKA02086224,,5,12,30,shared_taps,30010.0,Kangundo Central,Machakos,Kangundo,Urban,,,,,non_functional,,,
62233.0,MAKA02087,MAKA02087224,,1,388,28,tap_in_home,23616.0,Kangundo East,Machakos,Kangundo,Urban,,,,,non_functional,,,
62234.0,MAKA02088,MAKA02088224,,1,17,34,tap_in_home_broken,24250.0,Kangundo North,Machakos,Kangundo,Urban,,,,,non_functional,,,
62235.0,MAKA02089,MAKA02089224,,4,133,27,tap_in_home_broken,27876.0,Kangundo West,Machakos,Kangundo,Urban,,,,,non_functional,,,
62236.0,MAKA02090,MAKA02090224,,4,473,25,shared_taps,23403.0,Kathiani Central,Machakos,Kathiani,Urban,,,,,non_functional,,,
62237.0,MAKA02091,MAKA02091224,,5,336,16,shared_taps,24899.0,Lower Kaewa/Kaani,Machakos,Kathiani,Rural,,,,,non_functional,,,
62238.0,MAKA02092,MAKA02092224,,5,483,44,shared_taps,41101.0,Mitaboni,Machakos,Kathiani,Urban,,,,,non_functional,,,
62239.0,MAKA02093,MAKA02093224,,1,202,5,tap_in_home_broken,32966.0,Upper Kaewa/Iveti,Machakos,Kathiani,Urban,,,,,non_functional,,,
62240.0,MAMA02094,MAMA02094224,,3,149,19,well,38515.0,Kalama,Machakos,Machakos Town,Rural,,Contaminated: Chemical,,,non_functional,,,
62241.0,MAMA02095,MAMA02095224,,3,12,36,well,23798.0,Kola,Machakos,Machakos Town,Urban,,Contaminated:Biological,,,non_functional,,,
62242.0,MAMA02096,MAMA02096224,,3,384,35,river,20209.0,Machakos Central,Machakos,Machakos Town,Rural,,,,,non_functional,,,
62243.0,MAMA02097,MAMA02097224,,2,16,38,tap_in_home,34341.0,Mua,Machakos,Machakos Town,Urban,,,,,non_functional,,,
62244.0,MAMA02098,MAMA02098224,,5,342,34,tap_in_home_broken,27964.0,Mumbuni North,Machakos,Machakos Town,Urban,,,,,non_functional,,,
62245.0,MAMA02099,MAMA02099224,,5,8,18,river,35567.0,Mutituni,Machakos,Machakos Town,Rural,,,,,non_functional,,,
62246.0,MAMA02100,MAMA02100224,,4,211,9,well,21706.0,Muvuti/Kiima-Kimwe,Machakos,Machakos Town,Rural,,Contaminated: Chemical,,,non_functional,,,
62247.0,MAMA02101,MAMA02101224,,3,497,39,shared_taps,23176.0,Ekalakala,Machakos,Masinga,Rural,,,,,non_functional,,,
62248.0,MAMA02102,MAMA02102224,,3,156,42,river,44913.0,Kivaa,Machakos,Masinga,Rural,,,,,non_functional,,,
62249.0,MAMA02103,MAMA02103224,,2,413,24,tap_in_home,44791.0,Masinga Central,Machakos,Masinga,Urban,,,,,non_functional,,,
62250.0,MAMA02104,MAMA02104224,,5,485,16,tap_in_home_broken,17224.0,Muthesya,Machakos,Masinga,Urban,,,,,non_functional,,,
62251.0,MAMA02105,MAMA02105224,,1,272,4,river,33153.0,Ndithini,Machakos,Masinga,Urban,,,,,non_functional,,,
62252.0,MAMA02106,MAMA02106224,,2,463,9,tap_in_home,25095.0,Kyeleni,Machakos,Matungulu,Urban,,,,,non_functional,,,
62253.0,MAMA02107,MAMA02107224,,2,333,30,well,33960.0,Matungulu East,Machakos,Matungulu,Urban,,Contaminated:Biological,,,non_functional,,,
62254.0,MAMA02108,MAMA02108224,,2,356,31,river,36945.0,Matungulu North,Machakos,Matungulu,Rural,,,,,non_functional,,,
62255.0,MAMA02109,MAMA02109224,,5,71,10,tap_in_home_broken,49374.0,Matungulu West,Machakos,Matungulu,Rural,,,,,non_functional,,,
62256.0,MAMA02110,MAMA02110224,,1,176,34,shared_taps,41821.0,Tala,Machakos,Matungulu,Rural,,,,,non_functional,,,
62257.0,MAMA02111,MAMA02111224,,4,518,34,shared_taps,61229.0,Athi River,Machakos,Mavoko,Rural,,,,,non_functional,,,
62258.0,MAMA02112,MAMA02112224,,5,37,33,tap_in_home,50540.0,Kinanie,Machakos,Mavoko,Urban,,,,,non_functional,,,
62259.0,MAMA02113,MAMA02113224,,4,494,44,tap_in_home_broken,111505.0,Muthwani,Machakos,Mavoko,Urban,,,,,non_functional,,,
62260.0,MAMA02114,MAMA02114224,,1,96,7,tap_in_home,86490.0,Syokimau/Mulolongo,Machakos,Mavoko,Rural,,,,,non_functional,,,
62261.0,MAMW02115,MAMW02115224,,2,496,40,shared_taps,22973.0,Kibauni,Machakos,Mwala,Rural,,,,,non_functional,,,
62262.0,MAMW02116,MAMW02116224,,1,178,17,tap_in_home_broken,39817.0,Makutano/ Mwala,Machakos,Mwala,Urban,,,,,non_functional,,,
62263.0,MAMW02117,MAMW02117224,,5,530,25,shared_taps,39593.0,Masii,Machakos,Mwala,Rural,,,,,non_functional,,,
62264.0,MAMW02118,MAMW02118224,,3,384,7,well,40378.0,Mbiuni,Machakos,Mwala,Urban,,Contaminated: Chemical,,,non_functional,,,
62265.0,MAMW02119,MAMW02119224,,3,358,3,shared_taps,28455.0,Muthetheni,Machakos,Mwala,Urban,,,,,non_functional,,,
62266.0,MAMW02120,MAMW02120224,,3,64,9,tap_in_home,31888.0,Wamunyu,Machakos,Mwala,Urban,,,,,non_functional,,,
62267.0,MAYA02121,MAYA02121224,,4,383,0,tap_in_home,45300.0,Ikombe,Machakos,Yatta,Urban,,,,,non_functional,,,
62268.0,MAYA02122,MAYA02122224,,3,44,17,well,28858.0,Katangi,Machakos,Yatta,Rural,,Contaminated: Chemical,,,non_functional,,,
62269.0,MAYA02123,MAYA02123224,,1,420,18,shared_taps,42438.0,Kithimani,Machakos,Yatta,Urban,,,,,non_functional,,,
62270.0,MAYA02124,MAYA02124224,,2,196,4,well,36592.0,Matuu,Machakos,Yatta,Rural,,Contaminated:Biological,,,non_functional,,,
62271.0,MAYA02125,MAYA02125224,,1,293,20,tap_in_home,41795.0,Ndalani,Machakos,Yatta,Urban,,,,,non_functional,,,
62272.0,MAUN02126,MAUN02126224,,4,374,34,shared_taps,1367.0,unknown 7,Machakos,unknown 7,Rural,,,,,non_functional,,,
62273.0,MAKA02127,MAKA02127224,,1,179,8,river,32977.0,Ilima,Makueni,Kaiti,Rural,,,,,non_functional,,,
62274.0,MAKA02128,MAKA02128224,,5,114,8,well,28323.0,Kee,Makueni,Kaiti,Rural,,Contaminated:Biological,,,non_functional,,,
62275.0,MAKA02129,MAKA02129224,,5,443,48,well,34823.0,Kilungu,Makueni,Kaiti,Rural,,Contaminated: Chemical,,,non_functional,,,
62276.0,MAKA02130,MAKA02130224,,4,453,7,shared_taps,48492.0,Ukia,Makueni,Kaiti,Rural,,,,,non_functional,,,
62277.0,MAKI02131,MAKI02131224,,1,3,17,tap_in_home,39537.0,Ivingoni/Nzambani,Makueni,Kibwezi East,Urban,,,,,non_functional,,,
62278.0,MAKI02132,MAKI02132224,,2,357,21,shared_taps,37716.0,Masongaleni,Makueni,Kibwezi East,Rural,,,,,non_functional,,,
62279.0,MAKI02133,MAKI02133224,,3,420,40,tap_in_home_broken,43241.0,Mtito Andei,Makueni,Kibwezi East,Urban,,,,,non_functional,,,
62280.0,MAKI02134,MAKI02134224,,2,498,30,well,41324.0,Thange,Makueni,Kibwezi East,Rural,,Contaminated:Biological,,,non_functional,,,
62281.0,MAKI02135,MAKI02135224,,2,343,1,shared_taps,34908.0,Emali/Mulala,Makueni,Kibwezi West,Urban,,,,,non_functional,,,
62282.0,MAKI02136,MAKI02136224,,5,80,24,shared_taps,25709.0,Kikumbulyu North,Makueni,Kibwezi West,Rural,,,,,non_functional,,,
62283.0,MAKI02137,MAKI02137224,,4,484,36,tap_in_home,32413.0,Kikumbulyu South,Makueni,Kibwezi West,Urban,,,,,non_functional,,,
62284.0,MAMA02138,MAMA02138224,,2,155,41,shared_taps,43757.0,Rhamu-Dimtu,Mandera,Mandera North,Rural,,,,,non_functional,,,
62285.0,MAKI02139,MAKI02139224,,4,504,11,tap_in_home,54704.0,Makindu,Makueni,Kibwezi West,Urban,,,,,non_functional,,,
62286.0,MAKI02140,MAKI02140224,,2,302,26,shared_taps,27953.0,Nguu/Masumba,Makueni,Kibwezi West,Rural,,,,,non_functional,,,
62287.0,MAKI02141,MAKI02141224,,4,246,35,tap_in_home,40751.0,Nguumo,Makueni,Kibwezi West,Urban,,,,,non_functional,,,
62288.0,MAKI02142,MAKI02142224,,1,510,47,tap_in_home,51931.0,Kasikeu,Makueni,Kilome,Urban,,,,,non_functional,,,
62289.0,MAKI02143,MAKI02143224,,3,209,7,tap_in_home,40784.0,Kiima Kiu/Kalanzoni,Makueni,Kilome,Urban,,,,,non_functional,,,
62290.0,MAKI02144,MAKI02144224,,4,394,3,shared_taps,33834.0,Mukaa,Makueni,Kilome,Rural,,,,,non_functional,,,
62291.0,MAMA02145,MAMA02145224,,5,358,34,tap_in_home_broken,36562.0,Kathonzweni,Makueni,Makueni,Rural,,,,,non_functional,,,
62292.0,MAMA02146,MAMA02146224,,2,529,4,well,25102.0,Kitise/Kithuki,Makueni,Makueni,Rural,,Clean,,,non_functional,,,
62293.0,MAMA02147,MAMA02147224,,2,171,1,shared_taps,26694.0,Mavindini,Makueni,Makueni,Urban,,,,,non_functional,,,
62294.0,MAMA02148,MAMA02148224,,2,314,23,well,30839.0,Mbitini,Makueni,Makueni,Rural,,Contaminated:Biological,,,non_functional,,,
62295.0,MAMA02149,MAMA02149224,,2,159,20,shared_taps,32979.0,Muvau/Kikuumini,Makueni,Makueni,Urban,,,,,non_functional,,,
62296.0,MAMA02150,MAMA02150224,,2,493,4,shared_taps,45010.0,Nzaui/Kilili/Kalamba,Makueni,Makueni,Urban,,,,,non_functional,,,
62297.0,MAMA02151,MAMA02151224,,2,225,26,shared_taps,30061.0,Wote,Makueni,Makueni,Rural,,,,,non_functional,,,
62298.0,MAMB02152,MAMB02152224,,1,91,46,well,33759.0,Kalawa,Makueni,Mbooni,Rural,,Clean,,,non_functional,,,
62299.0,MAMB02153,MAMB02153224,,1,516,16,shared_taps,47752.0,Kiteta/Kisau,Makueni,Mbooni,Rural,,,,,non_functional,,,
62300.0,MAMA02154,MAMA02154224,,2,341,23,shared_taps,49773.0,Rhamu,Mandera,Mandera North,Urban,,,,,non_functional,,,
62301.0,MAMB02155,MAMB02155224,,5,334,42,tap_in_home,35880.0,Kithungo/Kitundu,Makueni,Mbooni,Urban,,,,,non_functional,,,
62302.0,MAMB02156,MAMB02156224,,3,128,27,well,35861.0,Mbooni,Makueni,Mbooni,Rural,,Contaminated: Chemical,,,non_functional,,,
62303.0,MAMB02157,MAMB02157224,,3,201,34,river,43790.0,Tulimani,Makueni,Mbooni,Rural,,,,,non_functional,,,
62304.0,MAMB02158,MAMB02158224,,1,76,4,river,32122.0,Waia-Kako,Makueni,Mbooni,Rural,,,,,non_functional,,,
62305.0,MABA02159,MABA02159224,,5,257,19,tap_in_home_broken,49829.0,Banissa,Mandera,Banissa,Urban,,,,,non_functional,,,
62306.0,MABA02160,MABA02160224,,3,70,15,tap_in_home,29140.0,Derkhale,Mandera,Banissa,Urban,,,,,non_functional,,,
62307.0,MABA02161,MABA02161224,,5,380,15,shared_taps,17577.0,Guba,Mandera,Banissa,Rural,,,,,non_functional,,,
62308.0,MABA02162,MABA02162224,,3,519,4,shared_taps,40358.0,Kiliwehiri,Mandera,Banissa,Urban,,,,,non_functional,,,
62309.0,MABA02163,MABA02163224,,1,517,41,shared_taps,29451.0,Malkamari,Mandera,Banissa,Rural,,,,,non_functional,,,
62310.0,MALA02164,MALA02164224,,4,155,38,well,6787.0,Alango Gof,Mandera,Lafey,Urban,,Clean,,,non_functional,,,
62311.0,MALA02165,MALA02165224,,1,150,34,tap_in_home,39778.0,Lafey,Mandera,Lafey,Urban,,,,,non_functional,,,
62312.0,MALA02166,MALA02166224,,1,391,36,shared_taps,40573.0,Libehia,Mandera,Lafey,Urban,,,,,non_functional,,,
62313.0,MALA02167,MALA02167224,,4,422,25,shared_taps,19616.0,Waranqara,Mandera,Lafey,Urban,,,,,non_functional,,,
62314.0,MAMA02168,MAMA02168224,,1,161,42,tap_in_home_broken,35191.0,Arabia,Mandera,Mandera East,Urban,,,,,non_functional,,,
62315.0,MAMA02169,MAMA02169224,,1,456,36,tap_in_home_broken,18981.0,Bulla Mpya,Mandera,Mandera East,Urban,,,,,non_functional,,,
62316.0,MAMA02170,MAMA02170224,,4,66,10,well,15276.0,Fino,Mandera,Mandera East,Rural,,Contaminated:Biological,,,non_functional,,,
62317.0,MAMA02171,MAMA02171224,,4,240,40,tap_in_home_broken,8849.0,Khalalio,Mandera,Mandera East,Urban,,,,,non_functional,,,
62318.0,MAMA02172,MAMA02172224,,5,259,14,well,2496.0,Neboi,Mandera,Mandera East,Rural,,Contaminated: Chemical,,,non_functional,,,
62319.0,MAMA02173,MAMA02173224,,1,160,18,tap_in_home,5277.0,Township,Mandera,Mandera East,Urban,,,,,non_functional,,,
62320.0,MAMA02174,MAMA02174224,,3,93,13,well,40090.0,Ashabito,Mandera,Mandera North,Urban,,Contaminated:Biological,,,non_functional,,,
62321.0,MAMA02175,MAMA02175224,,5,519,23,shared_taps,23483.0,Guticha,Mandera,Mandera North,Urban,,,,,non_functional,,,
62322.0,MAMA02176,MAMA02176224,,3,165,44,well,18268.0,Morothile,Mandera,Mandera North,Rural,,Contaminated: Chemical,,,non_functional,,,
62323.0,MAMA02177,MAMA02177224,,4,262,37,shared_taps,0.0,Elwak South,Mandera,Mandera South,Urban,,,,,non_functional,,,
62324.0,MAMA02178,MAMA02178224,,3,277,21,tap_in_home,93245.0,Kutulo,Mandera,Mandera South,Urban,,,,,non_functional,,,
62325.0,MAMA02179,MAMA02179224,,1,263,10,river,41895.0,Shimbir Fatuma,Mandera,Mandera South,Rural,,,,,non_functional,,,
62326.0,MAMA02180,MAMA02180224,,5,111,3,tap_in_home,16049.0,Wargadud,Mandera,Mandera South,Urban,,,,,non_functional,,,
62327.0,MAMA02181,MAMA02181224,,5,150,36,river,19279.0,Dandu,Mandera,Mandera West,Rural,,,,,non_functional,,,
62328.0,MAMA02182,MAMA02182224,,2,219,32,tap_in_home_broken,23946.0,Gither,Mandera,Mandera West,Urban,,,,,non_functional,,,
62329.0,MAMA02183,MAMA02183224,,5,86,21,tap_in_home,201.0,Lagsure,Mandera,Mandera West,Rural,,,,,non_functional,,,
62330.0,MAMA02184,MAMA02184224,,1,160,2,shared_taps,25707.0,Takaba South,Mandera,Mandera West,Rural,,,,,non_functional,,,
62331.0,MAMA02185,MAMA02185224,,1,107,43,tap_in_home_broken,49677.0,Takaba,Mandera,Mandera West,Urban,,,,,non_functional,,,
62332.0,MAUN02186,MAUN02186224,,1,268,14,shared_taps,29633.0,unknown 1,Mandera,unknown 1,Rural,,,,,non_functional,,,
62333.0,MALA02187,MALA02187224,,4,11,40,well,16730.0,Kargi/South Horr,Marsabit,Laisamis,Rural,,Clean,,,non_functional,,,
62334.0,MALA02188,MALA02188224,,2,427,43,tap_in_home,39947.0,Korr/Ngurunit,Marsabit,Laisamis,Urban,,,,,non_functional,,,
62335.0,MALA02189,MALA02189224,,5,250,28,tap_in_home_broken,25788.0,Laisamis,Marsabit,Laisamis,Urban,,,,,non_functional,,,
62336.0,MALA02190,MALA02190224,,4,194,37,well,14324.0,Logo Logo,Marsabit,Laisamis,Rural,,Contaminated:Biological,,,non_functional,,,
62337.0,MALA02191,MALA02191224,,5,287,23,shared_taps,27983.0,Loiyangalani,Marsabit,Laisamis,Rural,,,,,non_functional,,,
62338.0,MAMO02192,MAMO02192224,,5,491,24,shared_taps,21442.0,Butiye,Marsabit,Moyale,Urban,,,,,non_functional,,,
62339.0,MAMO02193,MAMO02193224,,1,369,10,tap_in_home,36815.0,Golbo,Marsabit,Moyale,Urban,,,,,non_functional,,,
62340.0,MAMO02194,MAMO02194224,,2,80,22,tap_in_home,24164.0,Heillu/Manyatta,Marsabit,Moyale,Urban,,,,,non_functional,,,
62341.0,MAMO02195,MAMO02195224,,3,66,43,tap_in_home_broken,9037.0,Moyale Township,Marsabit,Moyale,Rural,,,,,non_functional,,,
62342.0,MEIG02196,MEIG02196224,,5,371,40,river,36026.0,Kangeta,Meru,Igembe Central,Rural,,,,,non_functional,,,
62343.0,MAMO02197,MAMO02197224,,4,183,30,river,7516.0,Obbu,Marsabit,Moyale,Rural,,,,,non_functional,,,
62344.0,MAMO02198,MAMO02198224,,1,127,33,well,21267.0,Sololo,Marsabit,Moyale,Rural,,Contaminated:Biological,,,non_functional,,,
62345.0,MAMO02199,MAMO02199224,,2,539,38,shared_taps,21753.0,Uran,Marsabit,Moyale,Urban,,,,,non_functional,,,
62346.0,MANO02200,MANO02200224,,3,267,33,river,32835.0,Dukana,Marsabit,North Horr,Rural,,,,,non_functional,,,
62347.0,MANO02201,MANO02201224,,5,444,1,shared_taps,17528.0,Illeret,Marsabit,North Horr,Urban,,,,,non_functional,,,
62348.0,MANO02202,MANO02202224,,2,456,35,river,50086.0,Maikona,Marsabit,North Horr,Urban,,,,,non_functional,,,
62349.0,MANO02203,MANO02203224,,5,106,11,shared_taps,27149.0,North Horr,Marsabit,North Horr,Urban,,,,,non_functional,,,
62350.0,MANO02204,MANO02204224,,2,395,25,tap_in_home,11808.0,Turbi,Marsabit,North Horr,Urban,,,,,non_functional,,,
62351.0,MASA02205,MASA02205224,,3,453,40,river,17488.0,Karare,Marsabit,Saku,Rural,,,,,non_functional,,,
62352.0,MASA02206,MASA02206224,,4,473,6,shared_taps,39255.0,Marsabit Central,Marsabit,Saku,Urban,,,,,non_functional,,,
62353.0,MASA02207,MASA02207224,,3,200,30,tap_in_home_broken,35501.0,Sagante/Jaldesa,Marsabit,Saku,Urban,,,,,non_functional,,,
62354.0,MEBU02208,MEBU02208224,,2,406,29,tap_in_home_broken,30303.0,Kibirichia,Meru,Buuri,Urban,,,,,non_functional,,,
62355.0,MEBU02209,MEBU02209224,,5,368,33,tap_in_home,30416.0,Kiirua/Naari,Meru,Buuri,Urban,,,,,non_functional,,,
62356.0,MEBU02210,MEBU02210224,,5,463,44,shared_taps,43718.0,Kisima,Meru,Buuri,Urban,,,,,non_functional,,,
62357.0,MEBU02211,MEBU02211224,,2,217,22,shared_taps,25755.0,Ruiri/Rwarera,Meru,Buuri,Urban,,,,,non_functional,,,
62358.0,MEBU02212,MEBU02212224,,5,324,8,shared_taps,51198.0,Timau,Meru,Buuri,Rural,,,,,non_functional,,,
62359.0,MECE02213,MECE02213224,,5,4,6,shared_taps,69712.0,Abothuguchi Central,Meru,Central Imenti,Urban,,,,,non_functional,,,
62360.0,MECE02214,MECE02214224,,1,485,31,shared_taps,32514.0,Abothuguchi West,Meru,Central Imenti,Urban,,,,,non_functional,,,
62361.0,MECE02215,MECE02215224,,4,32,1,tap_in_home_broken,43364.0,Mwanganthia,Meru,Central Imenti,Urban,,,,,non_functional,,,
62362.0,MEIG02216,MEIG02216224,,5,526,45,tap_in_home,38104.0,Akirang'Ondu,Meru,Igembe Central,Urban,,,,,non_functional,,,
62363.0,MEIG02217,MEIG02217224,,4,311,2,shared_taps,48425.0,Athiru Ruujine,Meru,Igembe Central,Rural,,,,,non_functional,,,
62364.0,MEIG02218,MEIG02218224,,1,54,9,shared_taps,64939.0,Igembe East,Meru,Igembe Central,Rural,,,,,non_functional,,,
62365.0,MEIG02219,MEIG02219224,,4,383,34,river,47201.0,Njia,Meru,Igembe Central,Rural,,,,,non_functional,,,
62366.0,MEIG02220,MEIG02220224,,2,99,24,shared_taps,47777.0,Amwathi,Meru,Igembe North,Urban,,,,,non_functional,,,
62367.0,MEIG02221,MEIG02221224,,4,349,9,shared_taps,31209.0,Antuambui,Meru,Igembe North,Urban,,,,,non_functional,,,
62368.0,MEIG02222,MEIG02222224,,3,359,3,tap_in_home_broken,43614.0,Antubetwe Kiongo,Meru,Igembe North,Urban,,,,,non_functional,,,
62369.0,MEIG02223,MEIG02223224,,5,537,23,well,52909.0,Naathu,Meru,Igembe North,Rural,,Clean,,,non_functional,,,
62370.0,MEIG02224,MEIG02224224,,1,42,9,shared_taps,25389.0,Ntunene,Meru,Igembe North,Rural,,,,,non_functional,,,
62371.0,MEIG02225,MEIG02225224,,4,280,1,tap_in_home_broken,35973.0,Akachiu,Meru,Igembe South,Urban,,,,,non_functional,,,
62372.0,MEIG02226,MEIG02226224,,2,115,1,shared_taps,26640.0,Athiru Gaiti,Meru,Igembe South,Urban,,,,,non_functional,,,
62373.0,MEIG02227,MEIG02227224,,4,161,3,shared_taps,33411.0,Kanuni,Meru,Igembe South,Urban,,,,,non_functional,,,
62374.0,MEIG02228,MEIG02228224,,4,178,28,tap_in_home,35153.0,Kiegoi/Antubochiu,Meru,Igembe South,Urban,,,,,non_functional,,,
62375.0,MEIG02229,MEIG02229224,,4,91,32,tap_in_home,48411.0,Maua,Meru,Igembe South,Rural,,,,,non_functional,,,
62376.0,MENO02230,MENO02230224,,4,67,1,river,9029.0,Municipality,Meru,North Imenti,Rural,,,,,non_functional,,,
62377.0,MENO02231,MENO02231224,,1,430,18,well,12870.0,Ntima East,Meru,North Imenti,Rural,,Clean,,,non_functional,,,
62378.0,MENO02232,MENO02232224,,3,463,19,tap_in_home_broken,17392.0,Ntima West,Meru,North Imenti,Urban,,,,,non_functional,,,
62379.0,MENO02233,MENO02233224,,4,220,31,shared_taps,28660.0,Nyaki East,Meru,North Imenti,Urban,,,,,non_functional,,,
62380.0,MENO02234,MENO02234224,,1,107,44,well,47057.0,Nyaki West,Meru,North Imenti,Rural,,Contaminated:Biological,,,non_functional,,,
62381.0,MESO02235,MESO02235224,,4,387,23,tap_in_home,44304.0,Abogeta East,Meru,South Imenti,Urban,,,,,non_functional,,,
62382.0,MESO02236,MESO02236224,,5,280,30,shared_taps,40898.0,Abogeta West,Meru,South Imenti,Rural,,,,,non_functional,,,
62383.0,MESO02237,MESO02237224,,2,491,1,river,37904.0,Igoji East,Meru,South Imenti,Rural,,,,,non_functional,,,
62384.0,MESO02238,MESO02238224,,3,409,38,tap_in_home_broken,27045.0,Igoji West,Meru,South Imenti,Urban,,,,,non_functional,,,
62385.0,MESO02239,MESO02239224,,4,181,35,tap_in_home,27334.0,Mitunguu,Meru,South Imenti,Urban,,,,,non_functional,,,
62386.0,MESO02240,MESO02240224,,3,469,7,tap_in_home_broken,57638.0,Nkuene,Meru,South Imenti,Urban,,,,,non_functional,,,
62387.0,METI02241,METI02241224,,1,363,42,river,29665.0,Karama,Meru,Tigania East,Rural,,,,,non_functional,,,
62388.0,METI02242,METI02242224,,5,156,29,tap_in_home_broken,28391.0,Kiguchwa,Meru,Tigania East,Urban,,,,,non_functional,,,
62389.0,METI02243,METI02243224,,5,129,6,tap_in_home,38742.0,Mikinduri,Meru,Tigania East,Rural,,,,,non_functional,,,
62390.0,METI02244,METI02244224,,2,131,1,tap_in_home,53828.0,Muthara,Meru,Tigania East,Rural,,,,,non_functional,,,
62391.0,METI02245,METI02245224,,3,168,22,tap_in_home_broken,55278.0,Thangatha,Meru,Tigania East,Urban,,,,,non_functional,,,
62392.0,METI02246,METI02246224,,3,141,46,tap_in_home,38999.0,Akithii,Meru,Tigania West,Urban,,,,,non_functional,,,
62393.0,METI02247,METI02247224,,5,61,40,river,14741.0,Athwana,Meru,Tigania West,Rural,,,,,non_functional,,,
62394.0,METI02248,METI02248224,,5,509,48,tap_in_home,45608.0,Kianjai,Meru,Tigania West,Urban,,,,,non_functional,,,
62395.0,METI02249,METI02249224,,3,150,6,shared_taps,20933.0,Mbeu,Meru,Tigania West,Rural,,,,,non_functional,,,
62396.0,METI02250,METI02250224,,3,61,33,river,28735.0,Nkomo,Meru,Tigania West,Rural,,,,,non_functional,,,
62397.0,MEUN02251,MEUN02251224,,2,220,13,well,16701.0,unknown 5,Meru,unknown 5,Rural,,Contaminated: Chemical,,,non_functional,,,
62398.0,MIAW02252,MIAW02252224,,5,176,24,shared_taps,30835.0,Central Sakwa,Migori,Awendo,Urban,,,,,non_functional,,,
62399.0,MIAW02253,MIAW02253224,,3,72,34,well,25990.0,North Sakwa,Migori,Awendo,Rural,,Contaminated:Biological,,,non_functional,,,
62400.0,MIAW02254,MIAW02254224,,5,235,19,shared_taps,42725.0,South Sakwa,Migori,Awendo,Urban,,,,,non_functional,,,
62401.0,MIAW02255,MIAW02255224,,5,397,12,tap_in_home,29872.0,West Sakwa,Migori,Awendo,Urban,,,,,non_functional,,,
62402.0,MIKU02256,MIKU02256224,,2,312,11,tap_in_home,31262.0,Gokeharaka/Getambwega,Migori,Kuria East,Urban,,,,,non_functional,,,
62403.0,MIKU02257,MIKU02257224,,2,209,27,shared_taps,16533.0,Ntimaru East,Migori,Kuria East,Urban,,,,,non_functional,,,
62404.0,MIKU02258,MIKU02258224,,5,213,5,river,30835.0,Ntimaru West,Migori,Kuria East,Rural,,,,,non_functional,,,
62405.0,MIKU02259,MIKU02259224,,1,453,6,tap_in_home_broken,30145.0,Nyabasi East,Migori,Kuria East,Urban,,,,,non_functional,,,
62406.0,MIKU02260,MIKU02260224,,5,210,38,river,38839.0,Nyabasi West,Migori,Kuria East,Rural,,,,,non_functional,,,
62407.0,MIKU02261,MIKU02261224,,4,505,31,river,25111.0,Bukira Centrl/Ikerege,Migori,Kuria West,Urban,,,,,non_functional,,,
62408.0,MIKU02262,MIKU02262224,,5,28,39,river,25569.0,Bukira East,Migori,Kuria West,Rural,,,,,non_functional,,,
62409.0,MIKU02263,MIKU02263224,,5,157,4,well,16586.0,Isibania,Migori,Kuria West,Rural,,Contaminated: Chemical,,,non_functional,,,
62410.0,MIKU02264,MIKU02264224,,3,143,1,tap_in_home_broken,23386.0,Makerero,Migori,Kuria West,Urban,,,,,non_functional,,,
62411.0,MIKU02265,MIKU02265224,,3,293,5,tap_in_home,32287.0,Masaba,Migori,Kuria West,Urban,,,,,non_functional,,,
62412.0,MIKU02266,MIKU02266224,,5,255,23,shared_taps,34924.0,Nyamosense/Komosoko,Migori,Kuria West,Rural,,,,,non_functional,,,
62413.0,MIKU02267,MIKU02267224,,3,373,29,tap_in_home_broken,29787.0,Tagare,Migori,Kuria West,Urban,,,,,non_functional,,,
62414.0,MINY02268,MINY02268224,,1,536,30,river,29735.0,Got Kachola,Migori,Nyatike,Rural,,,,,non_functional,,,
62415.0,MINY02269,MINY02269224,,3,353,16,tap_in_home_broken,30781.0,Kachien'G,Migori,Nyatike,Urban,,,,,non_functional,,,
62416.0,MINY02270,MINY02270224,,1,520,34,well,13723.0,Kaler,Migori,Nyatike,Rural,,Contaminated:Biological,,,non_functional,,,
62417.0,MINY02271,MINY02271224,,4,469,9,shared_taps,21415.0,Kanyasa,Migori,Nyatike,Rural,,,,,non_functional,,,
62418.0,MINY02272,MINY02272224,,2,310,15,river,30204.0,Macalder/Kanyarwanda,Migori,Nyatike,Rural,,,,,non_functional,,,
62419.0,MINY02273,MINY02273224,,1,450,39,shared_taps,32290.0,Muhuru,Migori,Nyatike,Rural,,,,,non_functional,,,
62420.0,MINY02274,MINY02274224,,5,322,5,tap_in_home_broken,40382.0,North Kadem,Migori,Nyatike,Urban,,,,,non_functional,,,
62421.0,MIRO02275,MIRO02275224,,5,272,21,river,39925.0,Central Kamagambo,Migori,Rongo,Rural,,,,,non_functional,,,
62422.0,MIRO02276,MIRO02276224,,5,105,5,tap_in_home,37497.0,East Kamagambo,Migori,Rongo,Urban,,,,,non_functional,,,
62423.0,MIRO02277,MIRO02277224,,2,200,41,tap_in_home,25919.0,North Kamagambo,Migori,Rongo,Rural,,,,,non_functional,,,
62424.0,MIRO02278,MIRO02278224,,4,435,9,tap_in_home,42922.0,South Kamagambo,Migori,Rongo,Urban,,,,,non_functional,,,
62425.0,MISU02279,MISU02279224,,2,201,21,shared_taps,26585.0,God Jope,Migori,Suna East,Urban,,,,,non_functional,,,
62426.0,MISU02280,MISU02280224,,3,323,9,shared_taps,49935.0,Kakrao,Migori,Suna East,Urban,,,,,non_functional,,,
62427.0,MISU02281,MISU02281224,,2,142,47,well,23573.0,Kwa,Migori,Suna East,Rural,,Contaminated: Chemical,,,non_functional,,,
62428.0,MISU02282,MISU02282224,,2,359,34,tap_in_home,26425.0,Suna Central,Migori,Suna East,Urban,,,,,non_functional,,,
62429.0,MISU02283,MISU02283224,,4,413,6,shared_taps,36431.0,Ragana-Oruba,Migori,Suna West,Rural,,,,,non_functional,,,
62430.0,MISU02284,MISU02284224,,5,511,27,river,36155.0,Wasimbete,Migori,Suna West,Urban,,,,,non_functional,,,
62431.0,MISU02285,MISU02285224,,3,523,43,river,28012.0,Wasweta Ii,Migori,Suna West,Rural,,,,,non_functional,,,
62432.0,MISU02286,MISU02286224,,3,96,11,shared_taps,37349.0,Wiga,Migori,Suna West,Urban,,,,,non_functional,,,
62433.0,MIUR02287,MIUR02287224,,1,396,11,tap_in_home_broken,25575.0,Central Kanyamkago,Migori,Uriri,Urban,,,,,non_functional,,,
62434.0,MIUR02288,MIUR02288224,,2,359,19,river,18087.0,East Kanyamkago,Migori,Uriri,Rural,,,,,non_functional,,,
62435.0,MIUR02289,MIUR02289224,,2,256,29,shared_taps,42405.0,North Kanyamkago,Migori,Uriri,Urban,,,,,non_functional,,,
62436.0,MIUR02290,MIUR02290224,,2,468,7,tap_in_home,37189.0,South Kanyamkago,Migori,Uriri,Rural,,,,,non_functional,,,
62437.0,MIUR02291,MIUR02291224,,2,112,43,shared_taps,37030.0,West Kanyamkago,Migori,Uriri,Rural,,,,,non_functional,,,
62438.0,MOCH02292,MOCH02292224,,1,463,41,well,7377.0,Airport,Mombasa,Changamwe,Rural,,Contaminated: Chemical,,,non_functional,,,
62439.0,MOCH02293,MOCH02293224,,3,430,37,shared_taps,0.0,Chaani,Mombasa,Changamwe,Urban,,,,,non_functional,,,
62440.0,MOCH02294,MOCH02294224,,2,39,43,well,0.0,Changamwe,Mombasa,Changamwe,Rural,,Clean,,,non_functional,,,
62441.0,MOCH02295,MOCH02295224,,4,20,38,tap_in_home_broken,0.0,Kipevu,Mombasa,Changamwe,Urban,,,,,non_functional,,,
62442.0,MOCH02296,MOCH02296224,,5,62,28,river,109.0,Port Reitz,Mombasa,Changamwe,Rural,,,,,non_functional,,,
62443.0,MOJO02297,MOJO02297224,,5,433,8,well,8601.0,Jomvu Kuu,Mombasa,Jomvu,Urban,,Contaminated:Biological,,,non_functional,,,
62444.0,MOJO02298,MOJO02298224,,5,524,11,river,2969.0,Mikindani,Mombasa,Jomvu,Rural,,,,,non_functional,,,
62445.0,MOJO02299,MOJO02299224,,1,192,19,shared_taps,4250.0,Miritini,Mombasa,Jomvu,Urban,,,,,non_functional,,,
62446.0,MOKI02300,MOKI02300224,,5,10,35,tap_in_home_broken,45354.0,Bamburi,Mombasa,Kisauni,Urban,,,,,non_functional,,,
62447.0,MOKI02301,MOKI02301224,,5,225,48,shared_taps,23595.0,Junda,Mombasa,Kisauni,Rural,,,,,non_functional,,,
62448.0,MOKI02302,MOKI02302224,,3,287,47,river,0.0,Magogoni,Mombasa,Kisauni,Rural,,,,,non_functional,,,
62449.0,MOKI02303,MOKI02303224,,2,150,40,shared_taps,0.0,Mjambere,Mombasa,Kisauni,Urban,,,,,non_functional,,,
62450.0,MOKI02304,MOKI02304224,,5,389,13,tap_in_home,19912.0,Mtopanga,Mombasa,Kisauni,Urban,,,,,non_functional,,,
62451.0,MOKI02305,MOKI02305224,,1,44,1,shared_taps,16923.0,Mwakirunge,Mombasa,Kisauni,Urban,,,,,non_functional,,,
62452.0,MOKI02306,MOKI02306224,,3,450,31,tap_in_home,53736.0,Shanzu,Mombasa,Kisauni,Rural,,,,,non_functional,,,
62453.0,MOLI02307,MOLI02307224,,3,384,31,tap_in_home,0.0,Bofu,Mombasa,Likoni,Urban,,,,,non_functional,,,
62454.0,MOLI02308,MOLI02308224,,3,29,47,shared_taps,0.0,Likoni,Mombasa,Likoni,Urban,,,,,non_functional,,,
62455.0,MOLI02309,MOLI02309224,,4,9,45,tap_in_home,11409.0,Mtongwe,Mombasa,Likoni,Rural,,,,,non_functional,,,
62456.0,MOLI02310,MOLI02310224,,1,102,13,tap_in_home,29911.0,Shika Adabu,Mombasa,Likoni,Urban,,,,,non_functional,,,
62457.0,MOLI02311,MOLI02311224,,1,527,28,tap_in_home,17858.0,Timbwani,Mombasa,Likoni,Urban,,,,,non_functional,,,
62458.0,MOMV02312,MOMV02312224,,3,45,42,tap_in_home,0.0,Majengo,Mombasa,Mvita,Urban,,,,,non_functional,,,
62459.0,MOMV02313,MOMV02313224,,3,325,15,shared_taps,1454.0,Mji Wa Kale/Makadara,Mombasa,Mvita,Urban,,,,,non_functional,,,
62460.0,MOMV02314,MOMV02314224,,1,228,23,tap_in_home_broken,0.0,Shimanzi/Ganjoni,Mombasa,Mvita,Rural,,,,,non_functional,,,
62461.0,MOMV02315,MOMV02315224,,1,99,46,well,0.0,Tononoka,Mombasa,Mvita,Rural,,Clean,,,non_functional,,,
62462.0,MOMV02316,MOMV02316224,,2,465,1,river,0.0,Tudor,Mombasa,Mvita,Rural,,,,,non_functional,,,
62463.0,MONY02317,MONY02317224,,1,212,4,river,0.0,Frere Town,Mombasa,Nyali,Rural,,,,,non_functional,,,
62464.0,MONY02318,MONY02318224,,1,164,43,tap_in_home_broken,0.0,Kadzandani,Mombasa,Nyali,Urban,,,,,non_functional,,,
62465.0,MONY02319,MONY02319224,,2,202,19,well,0.0,Kongowea,Mombasa,Nyali,Rural,,Clean,,,non_functional,,,
62466.0,MONY02320,MONY02320224,,1,18,18,shared_taps,1362.0,Mkomani,Mombasa,Nyali,Rural,,,,,non_functional,,,
62467.0,MONY02321,MONY02321224,,1,328,16,tap_in_home_broken,0.0,Ziwa La Ng'Ombe,Mombasa,Nyali,Urban,,,,,non_functional,,,
62468.0,MUGA02322,MUGA02322224,,3,78,24,well,27065.0,Gatanga,Murang'a,Gatanga,Rural,,Contaminated:Biological,,,non_functional,,,
62469.0,MUGA02323,MUGA02323224,,5,405,21,tap_in_home,26692.0,Ithanga,Murang'a,Gatanga,Rural,,,,,non_functional,,,
62470.0,MUGA02324,MUGA02324224,,1,222,42,shared_taps,41240.0,Kakuzi/Mitubiri,Murang'a,Gatanga,Urban,,,,,non_functional,,,
62471.0,MUGA02325,MUGA02325224,,2,55,34,shared_taps,48340.0,Kariara,Murang'a,Gatanga,Rural,,,,,non_functional,,,
62472.0,MUGA02326,MUGA02326224,,1,218,13,shared_taps,34167.0,Kihumbu-Ini,Murang'a,Gatanga,Urban,,,,,non_functional,,,
62473.0,MUGA02327,MUGA02327224,,3,114,10,well,39015.0,Mugumo-Ini,Murang'a,Gatanga,Rural,,Contaminated: Chemical,,,non_functional,,,
62474.0,MUKA02328,MUKA02328224,,3,451,17,shared_taps,38215.0,Gaichanjiru,Murang'a,Kandara,Rural,,,,,non_functional,,,
62475.0,MUKA02329,MUKA02329224,,5,498,20,river,32305.0,Ithiru,Murang'a,Kandara,Rural,,,,,non_functional,,,
62476.0,MUKA02330,MUKA02330224,,2,29,20,shared_taps,34854.0,Kagundu-Ini,Murang'a,Kandara,Urban,,,,,non_functional,,,
62477.0,MUKA02331,MUKA02331224,,3,138,20,tap_in_home,28496.0,Muruka,Murang'a,Kandara,Urban,,,,,non_functional,,,
62478.0,MUKA02332,MUKA02332224,,5,35,1,tap_in_home_broken,23179.0,Ng'Araria,Murang'a,Kandara,Rural,,,,,non_functional,,,
62479.0,MUKA02333,MUKA02333224,,1,276,41,well,38815.0,Ruchu,Murang'a,Kandara,Rural,,Clean,,,non_functional,,,
62480.0,MUKA02334,MUKA02334224,,1,302,18,shared_taps,26607.0,Kanyenya-Ini,Murang'a,Kangema,Urban,,,,,non_functional,,,
62481.0,MUKA02335,MUKA02335224,,1,70,19,river,39735.0,Muguru,Murang'a,Kangema,Rural,,,,,non_functional,,,
62482.0,MUKA02336,MUKA02336224,,5,316,40,shared_taps,23042.0,Rwathia,Murang'a,Kangema,Urban,,,,,non_functional,,,
62483.0,MUKI02337,MUKI02337224,,2,12,4,river,23226.0,Kahumbu,Murang'a,Kigumo,Rural,,,,,non_functional,,,
62484.0,MUKI02338,MUKI02338224,,4,166,33,river,35760.0,Kangari,Murang'a,Kigumo,Urban,,,,,non_functional,,,
62485.0,MUKI02339,MUKI02339224,,2,93,41,tap_in_home,28666.0,Kigumo,Murang'a,Kigumo,Urban,,,,,non_functional,,,
62486.0,MUKI02340,MUKI02340224,,3,253,31,shared_taps,32262.0,Kinyona,Murang'a,Kigumo,Rural,,,,,non_functional,,,
62487.0,MUKI02341,MUKI02341224,,4,76,37,well,31057.0,Muthithi,Murang'a,Kigumo,Rural,,Contaminated: Chemical,,,non_functional,,,
62488.0,MUKI02342,MUKI02342224,,3,214,25,shared_taps,45847.0,Gaturi,Murang'a,Kiharu,Urban,,,,,non_functional,,,
62489.0,MUKI02343,MUKI02343224,,2,10,28,shared_taps,49019.0,Mbiri,Murang'a,Kiharu,Urban,,,,,non_functional,,,
62490.0,MUKI02344,MUKI02344224,,4,456,46,well,35068.0,Mugoiri,Murang'a,Kiharu,Rural,,Clean,,,non_functional,,,
62491.0,MUKI02345,MUKI02345224,,5,424,8,river,32891.0,Murarandia,Murang'a,Kiharu,Rural,,,,,non_functional,,,
62492.0,MUKI02346,MUKI02346224,,4,150,12,tap_in_home,28492.0,Township,Murang'a,Kiharu,Urban,,,,,non_functional,,,
62493.0,MUKI02347,MUKI02347224,,3,410,42,shared_taps,32363.0,Wangu,Murang'a,Kiharu,Urban,,,,,non_functional,,,
62494.0,MUMA02348,MUMA02348224,,3,12,9,river,33615.0,Ichagaki,Murang'a,Maragwa,Urban,,,,,non_functional,,,
62495.0,MUMA02349,MUMA02349224,,4,13,17,shared_taps,23694.0,Kamahuha,Murang'a,Maragwa,Rural,,,,,non_functional,,,
62496.0,MUMA02350,MUMA02350224,,5,400,8,tap_in_home_broken,27725.0,Kambiti,Murang'a,Maragwa,Urban,,,,,non_functional,,,
62497.0,MUMA02351,MUMA02351224,,1,514,2,river,49701.0,Kimorori/Wempa,Murang'a,Maragwa,Rural,,,,,non_functional,,,
62498.0,MUMA02352,MUMA02352224,,5,30,35,shared_taps,37734.0,Makuyu,Murang'a,Maragwa,Urban,,,,,non_functional,,,
62499.0,MUMA02353,MUMA02353224,,1,90,39,river,30329.0,Nginda,Murang'a,Maragwa,Rural,,,,,non_functional,,,
62500.0,MUMA02354,MUMA02354224,,3,360,40,tap_in_home,38107.0,Gitugi,Murang'a,Mathioya,Urban,,,,,non_functional,,,
62501.0,MUMA02355,MUMA02355224,,3,353,31,tap_in_home,24787.0,Kamacharia,Murang'a,Mathioya,Urban,,,,,non_functional,,,
62502.0,MUMA02356,MUMA02356224,,2,190,29,well,39282.0,Kiru,Murang'a,Mathioya,Rural,,Contaminated:Biological,,,non_functional,,,
62503.0,NADA02357,NADA02357224,,5,221,39,shared_taps,0.0,Gatina,Nairobi,Dagoretti North,Rural,,,,,non_functional,,,
62504.0,NADA02358,NADA02358224,,5,192,28,shared_taps,0.0,Kileleshwa,Nairobi,Dagoretti North,Rural,,,,,non_functional,,,
62505.0,NADA02359,NADA02359224,,2,192,34,river,0.0,Kilimani,Nairobi,Dagoretti North,Rural,,,,,non_functional,,,
62506.0,NADA02360,NADA02360224,,1,205,48,shared_taps,0.0,Kabiro,Nairobi,Dagoretti South,Urban,,,,,non_functional,,,
62507.0,NADA02361,NADA02361224,,2,357,2,tap_in_home_broken,0.0,Kawangware,Nairobi,Dagoretti South,Urban,,,,,non_functional,,,
62508.0,NADA02362,NADA02362224,,2,235,14,shared_taps,3652.0,Mutu-Ini,Nairobi,Dagoretti South,Urban,,,,,non_functional,,,
62509.0,NADA02363,NADA02363224,,3,488,20,tap_in_home,1133.0,Ngando,Nairobi,Dagoretti South,Urban,,,,,non_functional,,,
62510.0,NADA02364,NADA02364224,,3,44,9,shared_taps,0.0,Riruta,Nairobi,Dagoretti South,Urban,,,,,non_functional,,,
62511.0,NADA02365,NADA02365224,,5,317,29,river,0.0,Uthiru/Ruthimitu,Nairobi,Dagoretti South,Rural,,,,,non_functional,,,
62512.0,NADA02366,NADA02366224,,4,503,19,river,0.0,Waithaka,Nairobi,Dagoretti South,Rural,,,,,non_functional,,,
62513.0,NAEM02367,NAEM02367224,,5,358,23,river,0.0,Kayole Central,Nairobi,Embakasi Central,Rural,,,,,non_functional,,,
62514.0,NAEM02368,NAEM02368224,,1,63,10,river,0.0,Kayole North,Nairobi,Embakasi Central,Rural,,,,,non_functional,,,
62515.0,NAEM02369,NAEM02369224,,1,345,34,river,0.0,Kayole South,Nairobi,Embakasi Central,Rural,,,,,non_functional,,,
62516.0,NAEM02370,NAEM02370224,,2,26,27,shared_taps,0.0,Komarock,Nairobi,Embakasi Central,Rural,,,,,non_functional,,,
62517.0,NAEM02371,NAEM02371224,,4,519,16,shared_taps,0.0,Matopeni/Spring Valley,Nairobi,Embakasi Central,Rural,,,,,non_functional,,,
62518.0,NAEM02372,NAEM02372224,,3,402,33,well,48079.0,Embakasi,Nairobi,Embakasi East,Rural,,Contaminated: Chemical,,,non_functional,,,
62519.0,NAEM02373,NAEM02373224,,1,160,29,tap_in_home_broken,0.0,Lower Savannah,Nairobi,Embakasi East,Urban,,,,,non_functional,,,
62520.0,NAEM02374,NAEM02374224,,1,102,35,river,53822.0,Mihango,Nairobi,Embakasi East,Rural,,,,,non_functional,,,
62521.0,NAEM02375,NAEM02375224,,2,350,35,shared_taps,0.0,Upper Savannah,Nairobi,Embakasi East,Rural,,,,,non_functional,,,
62522.0,NAEM02376,NAEM02376224,,4,190,0,well,0.0,Utawala,Nairobi,Embakasi East,Rural,,Contaminated:Biological,,,non_functional,,,
62523.0,NAEM02377,NAEM02377224,,1,474,34,tap_in_home,0.0,Dandora Area I,Nairobi,Embakasi North,Urban,,,,,non_functional,,,
62524.0,NAEM02378,NAEM02378224,,5,387,10,river,0.0,Dandora Area Ii,Nairobi,Embakasi North,Rural,,,,,non_functional,,,
62525.0,NAEM02379,NAEM02379224,,4,273,13,river,0.0,Dandora Area Iii,Nairobi,Embakasi North,Rural,,,,,non_functional,,,
62526.0,NAEM02380,NAEM02380224,,2,339,40,tap_in_home_broken,0.0,Dandora Area Iv,Nairobi,Embakasi North,Urban,,,,,non_functional,,,
62527.0,NAEM02381,NAEM02381224,,5,133,36,tap_in_home_broken,0.0,Kariobangi North,Nairobi,Embakasi North,Urban,,,,,non_functional,,,
62528.0,NAEM02382,NAEM02382224,,3,257,11,river,8313.0,Imara Daima,Nairobi,Embakasi South,Rural,,,,,non_functional,,,
62529.0,NAEM02383,NAEM02383224,,4,237,21,shared_taps,0.0,Kwa Njenga,Nairobi,Embakasi South,Urban,,,,,non_functional,,,
62530.0,NAEM02384,NAEM02384224,,5,311,9,tap_in_home_broken,0.0,Kwa Reuben,Nairobi,Embakasi South,Urban,,,,,non_functional,,,
62531.0,NAEM02385,NAEM02385224,,4,428,0,tap_in_home_broken,0.0,Kware,Nairobi,Embakasi South,Rural,,,,,non_functional,,,
62532.0,NAEM02386,NAEM02386224,,2,151,40,tap_in_home_broken,0.0,Pipeline,Nairobi,Embakasi South,Urban,,,,,non_functional,,,
62533.0,NAEM02387,NAEM02387224,,2,73,38,shared_taps,0.0,Kariobangi South,Nairobi,Embakasi West,Rural,,,,,non_functional,,,
62534.0,NAEM02388,NAEM02388224,,4,22,25,river,0.0,Mowlem,Nairobi,Embakasi West,Rural,,,,,non_functional,,,
62535.0,NAEM02389,NAEM02389224,,3,83,9,river,0.0,Umoja I,Nairobi,Embakasi West,Rural,,,,,non_functional,,,
62536.0,NAEM02390,NAEM02390224,,1,194,34,river,0.0,Umoja Ii,Nairobi,Embakasi West,Rural,,,,,non_functional,,,
62537.0,NAKA02391,NAKA02391224,,2,402,5,tap_in_home_broken,0.0,Airbase,Nairobi,Kamukunji,Rural,,,,,non_functional,,,
62538.0,NAKA02392,NAKA02392224,,2,308,23,shared_taps,0.0,California,Nairobi,Kamukunji,Urban,,,,,non_functional,,,
62539.0,NAKA02393,NAKA02393224,,5,170,16,tap_in_home_broken,0.0,Eastleigh North,Nairobi,Kamukunji,Urban,,,,,non_functional,,,
62540.0,NAKA02394,NAKA02394224,,5,32,38,shared_taps,0.0,Eastleigh South,Nairobi,Kamukunji,Urban,,,,,non_functional,,,
62541.0,NAKA02395,NAKA02395224,,2,20,3,tap_in_home_broken,0.0,Pumwani,Nairobi,Kamukunji,Rural,,,,,non_functional,,,
62542.0,NAKA02396,NAKA02396224,,2,464,30,river,0.0,Clay City,Nairobi,Kasarani,Rural,,,,,non_functional,,,
62543.0,NAKA02397,NAKA02397224,,1,88,37,well,0.0,Kasarani,Nairobi,Kasarani,Rural,,Contaminated: Chemical,,,non_functional,,,
62544.0,NAKA02398,NAKA02398224,,5,305,23,river,20030.0,Mwiki,Nairobi,Kasarani,Rural,,,,,non_functional,,,
62545.0,NAKA02399,NAKA02399224,,1,35,45,river,0.0,Njiru,Nairobi,Kasarani,Rural,,,,,non_functional,,,
62546.0,NAKA02400,NAKA02400224,,3,520,20,river,80336.0,Ruai,Nairobi,Kasarani,Rural,,,,,non_functional,,,
62547.0,NAKI02401,NAKI02401224,,2,491,47,tap_in_home,0.0,Laini Saba,Nairobi,Kibra,Urban,,,,,non_functional,,,
62548.0,NAKI02402,NAKI02402224,,4,179,32,tap_in_home_broken,0.0,Lindi,Nairobi,Kibra,Urban,,,,,non_functional,,,
62549.0,NAKI02403,NAKI02403224,,1,67,11,tap_in_home,0.0,Makina,Nairobi,Kibra,Urban,,,,,non_functional,,,
62550.0,NAKI02404,NAKI02404224,,4,31,32,shared_taps,0.0,Nyayo Highrise,Nairobi,Kibra,Rural,,,,,non_functional,,,
62551.0,NAKI02405,NAKI02405224,,2,278,34,shared_taps,0.0,Sarangombe,Nairobi,Kibra,Urban,,,,,non_functional,,,
62552.0,NAKI02406,NAKI02406224,,3,285,15,tap_in_home,0.0,Woodley/Kenyatta Golf Course,Nairobi,Kibra,Urban,,,,,non_functional,,,
62553.0,NALA02407,NALA02407224,,4,104,17,shared_taps,47909.0,Karen,Nairobi,Langata,Urban,,,,,non_functional,,,
62554.0,NALA02408,NALA02408224,,4,493,10,shared_taps,18846.0,Mugumu-Ini,Nairobi,Langata,Urban,,,,,non_functional,,,
62555.0,NALA02409,NALA02409224,,2,143,3,river,5330.0,Nairobi West,Nairobi,Langata,Rural,,,,,non_functional,,,
62556.0,NALA02410,NALA02410224,,3,227,6,river,353.0,South C,Nairobi,Langata,Rural,,,,,non_functional,,,
62557.0,NAMA02411,NAMA02411224,,3,126,17,shared_taps,0.0,Harambee,Nairobi,Makadara,Urban,,,,,non_functional,,,
62558.0,NAMA02412,NAMA02412224,,3,312,19,shared_taps,0.0,Makongeni,Nairobi,Makadara,Urban,,,,,non_functional,,,
62559.0,NAMA02413,NAMA02413224,,4,4,16,tap_in_home_broken,0.0,Maringo/Hamza,Nairobi,Makadara,Rural,,,,,non_functional,,,
62560.0,NAMA02414,NAMA02414224,,5,266,34,shared_taps,0.0,Viwandani,Nairobi,Makadara,Urban,,,,,non_functional,,,
62561.0,NAMA02415,NAMA02415224,,3,20,21,shared_taps,0.0,Hospital,Nairobi,Mathare,Rural,,,,,non_functional,,,
62562.0,NAMA02416,NAMA02416224,,3,189,48,river,0.0,Huruma,Nairobi,Mathare,Rural,,,,,non_functional,,,
62563.0,NAMA02417,NAMA02417224,,1,468,20,tap_in_home,0.0,Kiamaiko,Nairobi,Mathare,Urban,,,,,non_functional,,,
62564.0,NAMA02418,NAMA02418224,,2,326,30,tap_in_home,0.0,Mabatini,Nairobi,Mathare,Urban,,,,,non_functional,,,
62565.0,NAMA02419,NAMA02419224,,4,502,45,shared_taps,0.0,Mlango Kubwa,Nairobi,Mathare,Urban,,,,,non_functional,,,
62566.0,NARO02420,NARO02420224,,1,492,2,shared_taps,0.0,Githurai,Nairobi,Roysambu,Urban,,,,,non_functional,,,
62567.0,NARO02421,NARO02421224,,4,344,28,shared_taps,14505.0,Kahawa West,Nairobi,Roysambu,Urban,,,,,non_functional,,,
62568.0,NARO02422,NARO02422224,,4,200,10,shared_taps,0.0,Kahawa,Nairobi,Roysambu,Rural,,,,,non_functional,,,
62569.0,NARO02423,NARO02423224,,2,59,23,tap_in_home,19786.0,Roysambu,Nairobi,Roysambu,Urban,,,,,non_functional,,,
62570.0,NARO02424,NARO02424224,,1,298,16,well,8914.0,Zimmerman,Nairobi,Roysambu,Rural,,Contaminated: Chemical,,,non_functional,,,
62571.0,NARU02425,NARU02425224,,1,380,31,shared_taps,0.0,Baba Dogo,Nairobi,Ruaraka,Rural,,,,,non_functional,,,
62572.0,NARU02426,NARU02426224,,2,450,38,river,0.0,Korogocho,Nairobi,Ruaraka,Rural,,,,,non_functional,,,
62573.0,NARU02427,NARU02427224,,4,120,18,well,0.0,Lucky Summer,Nairobi,Ruaraka,Rural,,Contaminated: Chemical,,,non_functional,,,
62574.0,NARU02428,NARU02428224,,4,456,5,shared_taps,0.0,Mathare North,Nairobi,Ruaraka,Urban,,,,,non_functional,,,
62575.0,NARU02429,NARU02429224,,3,460,30,river,0.0,Utalii,Nairobi,Ruaraka,Urban,,,,,non_functional,,,
62576.0,NAST02430,NAST02430224,,1,286,45,shared_taps,0.0,Landimawe,Nairobi,Starehe,Urban,,,,,non_functional,,,
62577.0,NAST02431,NAST02431224,,4,240,34,river,0.0,Nairobi Central,Nairobi,Starehe,Rural,,,,,non_functional,,,
62578.0,NAST02432,NAST02432224,,1,202,35,river,0.0,Nairobi South,Nairobi,Starehe,Rural,,,,,non_functional,,,
62579.0,NAST02433,NAST02433224,,4,497,39,tap_in_home,0.0,Ngara,Nairobi,Starehe,Rural,,,,,non_functional,,,
62580.0,NAST02434,NAST02434224,,3,407,18,river,0.0,Pangani,Nairobi,Starehe,Rural,,,,,non_functional,,,
62581.0,NAST02435,NAST02435224,,3,479,26,river,0.0,Ziwani/Kariokor,Nairobi,Starehe,Rural,,,,,non_functional,,,
62582.0,NAWE02436,NAWE02436224,,4,525,44,river,0.0,Kangemi,Nairobi,Westlands,Rural,,,,,non_functional,,,
62583.0,NAWE02437,NAWE02437224,,1,247,44,shared_taps,36248.0,Karura,Nairobi,Westlands,Urban,,,,,non_functional,,,
62584.0,NAWE02438,NAWE02438224,,1,230,22,shared_taps,6639.0,Kitisuru,Nairobi,Westlands,Rural,,,,,non_functional,,,
62585.0,NAWE02439,NAWE02439224,,5,64,3,shared_taps,0.0,Mountain View,Nairobi,Westlands,Urban,,,,,non_functional,,,
62586.0,NAWE02440,NAWE02440224,,2,192,6,shared_taps,4177.0,Parklands/Highridge,Nairobi,Westlands,Urban,,,,,non_functional,,,
62587.0,NABA02441,NABA02441224,,5,244,37,river,35226.0,Bahati,Nakuru,Bahati,Rural,,,,,non_functional,,,
62588.0,NABA02442,NABA02442224,,5,249,14,shared_taps,35663.0,Dundori,Nakuru,Bahati,Urban,,,,,non_functional,,,
62589.0,NABA02443,NABA02443224,,4,370,10,shared_taps,35676.0,Kabatini,Nakuru,Bahati,Urban,,,,,non_functional,,,
62590.0,NABA02444,NABA02444224,,1,534,42,river,58919.0,Kiamaina,Nakuru,Bahati,Rural,,,,,non_functional,,,
62591.0,NABA02445,NABA02445224,,2,6,24,tap_in_home,34948.0,Lanet/Umoja,Nakuru,Bahati,Urban,,,,,non_functional,,,
62592.0,NAGI02446,NAGI02446224,,4,155,40,shared_taps,18701.0,Elementaita,Nakuru,Gilgil,Rural,,,,,non_functional,,,
62593.0,NAGI02447,NAGI02447224,,4,120,38,well,75033.0,Gilgil,Nakuru,Gilgil,Rural,,Contaminated: Chemical,,,non_functional,,,
62594.0,NAGI02448,NAGI02448224,,5,463,32,shared_taps,27691.0,Malewa West,Nakuru,Gilgil,Urban,,,,,non_functional,,,
62595.0,NAGI02449,NAGI02449224,,2,366,45,shared_taps,87239.0,Mbaruk/Eburu,Nakuru,Gilgil,Rural,,,,,non_functional,,,
62596.0,NAGI02450,NAGI02450224,,5,380,4,well,32761.0,Murindati,Nakuru,Gilgil,Urban,,Clean,,,non_functional,,,
62597.0,NAKU02451,NAKU02451224,,5,408,4,shared_taps,47496.0,Kamara,Nakuru,Kuresoi North,Rural,,,,,non_functional,,,
62598.0,NAKU02452,NAKU02452224,,4,22,17,shared_taps,65890.0,Kiptororo,Nakuru,Kuresoi North,Urban,,,,,non_functional,,,
62599.0,NAKU02453,NAKU02453224,,1,222,21,tap_in_home_broken,55942.0,Nyota,Nakuru,Kuresoi North,Urban,,,,,non_functional,,,
62600.0,NAKU02454,NAKU02454224,,5,91,7,shared_taps,26016.0,Sirikwa,Nakuru,Kuresoi North,Rural,,,,,non_functional,,,
62601.0,NAKU02455,NAKU02455224,,5,207,20,shared_taps,30589.0,Amalo,Nakuru,Kuresoi South,Rural,,,,,non_functional,,,
62602.0,NAKU02456,NAKU02456224,,1,4,15,shared_taps,43866.0,Keringet,Nakuru,Kuresoi South,Rural,,,,,non_functional,,,
62603.0,NAKU02457,NAKU02457224,,3,162,20,shared_taps,30882.0,Kiptagich,Nakuru,Kuresoi South,Urban,,,,,non_functional,,,
62604.0,NAKU02458,NAKU02458224,,5,190,41,tap_in_home,60321.0,Tinet,Nakuru,Kuresoi South,Urban,,,,,non_functional,,,
62605.0,NAMO02459,NAMO02459224,,4,467,48,tap_in_home_broken,74474.0,Elburgon,Nakuru,Molo,Urban,,,,,non_functional,,,
62606.0,NAMO02460,NAMO02460224,,4,489,37,river,12283.0,Mariashoni,Nakuru,Molo,Rural,,,,,non_functional,,,
62607.0,NAMO02461,NAMO02461224,,2,74,41,tap_in_home,29023.0,Molo,Nakuru,Molo,Urban,,,,,non_functional,,,
62608.0,NAMO02462,NAMO02462224,,4,340,32,tap_in_home,45356.0,Turi,Nakuru,Molo,Urban,,,,,non_functional,,,
62609.0,NANA02463,NANA02463224,,5,199,19,shared_taps,16937.0,Biashara,Nakuru,Naivasha,Urban,,,,,non_functional,,,
62610.0,NANA02464,NANA02464224,,1,458,33,shared_taps,92564.0,Hells Gate,Nakuru,Naivasha,Urban,,,,,non_functional,,,
62611.0,NANA02465,NANA02465224,,2,117,10,well,5810.0,Lake View,Nakuru,Naivasha,Rural,,Contaminated:Biological,,,non_functional,,,
62612.0,NANA02466,NANA02466224,,3,161,33,shared_taps,39415.0,Mai Mahiu,Nakuru,Naivasha,Rural,,,,,non_functional,,,
62613.0,NANA02467,NANA02467224,,1,303,39,well,39907.0,Maiella,Nakuru,Naivasha,Rural,,Contaminated: Chemical,,,non_functional,,,
62614.0,NANA02468,NANA02468224,,2,281,30,tap_in_home,51060.0,Naivasha East,Nakuru,Naivasha,Urban,,,,,non_functional,,,
62615.0,NANA02469,NANA02469224,,1,60,29,shared_taps,49948.0,Olkaria,Nakuru,Naivasha,Urban,,,,,non_functional,,,
62616.0,NANA02470,NANA02470224,,5,354,45,well,37074.0,Viwandani,Nakuru,Naivasha,Rural,,Contaminated: Chemical,,,non_functional,,,
62617.0,NANA02471,NANA02471224,,3,202,36,shared_taps,4078.0,Biashara,Nakuru,Nakuru Town East,Rural,,,,,non_functional,,,
62618.0,NANA02472,NANA02472224,,5,87,28,well,11.0,Flamingo,Nakuru,Nakuru Town East,Rural,,Contaminated: Chemical,,,non_functional,,,
62619.0,NANA02473,NANA02473224,,4,311,41,shared_taps,29.0,Kivumbini,Nakuru,Nakuru Town East,Rural,,,,,non_functional,,,
62620.0,NANA02474,NANA02474224,,3,377,15,shared_taps,8203.0,London,Nakuru,Nakuru Town East,Rural,,,,,non_functional,,,
62621.0,NANA02475,NANA02475224,,4,64,17,river,5370.0,Menengai,Nakuru,Nakuru Town East,Rural,,,,,non_functional,,,
62622.0,NANA02476,NANA02476224,,4,438,23,tap_in_home,29884.0,Nakuru East,Nakuru,Nakuru Town East,Urban,,,,,non_functional,,,
62623.0,NANA02477,NANA02477224,,2,389,45,tap_in_home,7010.0,Barut,Nakuru,Nakuru Town West,Rural,,,,,non_functional,,,
62624.0,NANA02478,NANA02478224,,3,242,30,river,15011.0,Kapkures,Nakuru,Nakuru Town West,Urban,,,,,non_functional,,,
62625.0,NANA02479,NANA02479224,,2,354,9,tap_in_home_broken,10533.0,Kaptembwo,Nakuru,Nakuru Town West,Urban,,,,,non_functional,,,
62626.0,NANA02480,NANA02480224,,3,218,38,river,163.0,Rhoda,Nakuru,Nakuru Town West,Rural,,,,,non_functional,,,
62627.0,NANA02481,NANA02481224,,2,252,1,river,10.0,Shaabab,Nakuru,Nakuru Town West,Rural,,,,,non_functional,,,
62628.0,NANJ02482,NANJ02482224,,1,254,43,tap_in_home,15345.0,Kihingo,Nakuru,Njoro,Urban,,,,,non_functional,,,
62629.0,NANJ02483,NANJ02483224,,1,160,40,well,26670.0,Lare,Nakuru,Njoro,Rural,,Contaminated: Chemical,,,non_functional,,,
62630.0,NANJ02484,NANJ02484224,,1,347,37,tap_in_home_broken,54888.0,Mau Narok,Nakuru,Njoro,Urban,,,,,non_functional,,,
62631.0,NANJ02485,NANJ02485224,,2,375,15,shared_taps,69399.0,Mauche,Nakuru,Njoro,Urban,,,,,non_functional,,,
62632.0,NANJ02486,NANJ02486224,,5,91,24,tap_in_home_broken,23068.0,Nessuit,Nakuru,Njoro,Urban,,,,,non_functional,,,
62633.0,NANJ02487,NANJ02487224,,5,132,20,well,70716.0,Njoro,Nakuru,Njoro,Rural,,Contaminated:Biological,,,non_functional,,,
62634.0,NARO02488,NARO02488224,,2,363,13,shared_taps,30969.0,Menengai West,Nakuru,Rongai,Urban,,,,,non_functional,,,
62635.0,NARO02489,NARO02489224,,4,275,44,river,58475.0,Mosop,Nakuru,Rongai,Rural,,,,,non_functional,,,
62636.0,NARO02490,NARO02490224,,1,315,0,well,45222.0,Soin,Nakuru,Rongai,Rural,,Clean,,,non_functional,,,
62637.0,NARO02491,NARO02491224,,3,521,43,tap_in_home,33042.0,Solai,Nakuru,Rongai,Rural,,,,,non_functional,,,
62638.0,NARO02492,NARO02492224,,3,241,44,well,48446.0,Visoi,Nakuru,Rongai,Rural,,Clean,,,non_functional,,,
62639.0,NASU02493,NASU02493224,,5,105,47,river,43665.0,Kabazi,Nakuru,Subukia,Rural,,,,,non_functional,,,
62640.0,NASU02494,NASU02494224,,2,112,44,well,41787.0,Subukia,Nakuru,Subukia,Rural,,Clean,,,non_functional,,,
62641.0,NASU02495,NASU02495224,,4,204,37,river,26043.0,Waseges,Nakuru,Subukia,Rural,,,,,non_functional,,,
62642.0,NAAL02496,NAAL02496224,,1,427,28,shared_taps,35625.0,Kabwareng,Nandi,Aldai,Urban,,,,,non_functional,,,
62643.0,NAAL02497,NAAL02497224,,3,357,16,river,28677.0,Kaptumo-Kaboi,Nandi,Aldai,Rural,,,,,non_functional,,,
62644.0,NAAL02498,NAAL02498224,,2,282,19,well,46711.0,Kemeloi-Maraba,Nandi,Aldai,Rural,,Contaminated: Chemical,,,non_functional,,,
62645.0,NAAL02499,NAAL02499224,,4,197,11,shared_taps,32819.0,Kobujoi,Nandi,Aldai,Urban,,,,,non_functional,,,
62646.0,NAAL02500,NAAL02500224,,3,333,29,well,29515.0,Koyo-Ndurio,Nandi,Aldai,Rural,,Clean,,,non_functional,,,
62647.0,NAAL02501,NAAL02501224,,5,144,19,shared_taps,29520.0,Terik,Nandi,Aldai,Rural,,,,,non_functional,,,
62648.0,NACH02502,NACH02502224,,5,438,42,tap_in_home_broken,24349.0,Chemundu/Kapng'Etuny,Nandi,Chesumei,Urban,,,,,non_functional,,,
62649.0,NACH02503,NACH02503224,,3,456,35,well,49918.0,Kaptel/Kamoiywo,Nandi,Chesumei,Rural,,Clean,,,non_functional,,,
62650.0,NACH02504,NACH02504224,,4,37,36,tap_in_home,34908.0,Kiptuya,Nandi,Chesumei,Urban,,,,,non_functional,,,
62651.0,NACH02505,NACH02505224,,5,397,5,tap_in_home_broken,38629.0,Kosirai,Nandi,Chesumei,Urban,,,,,non_functional,,,
62652.0,NACH02506,NACH02506224,,3,173,11,tap_in_home,30355.0,Lelmokwo/Ngechek,Nandi,Chesumei,Urban,,,,,non_functional,,,
62653.0,NAEM02507,NAEM02507224,,2,200,42,river,25495.0,Chepkumia,Nandi,Emgwen,Rural,,,,,non_functional,,,
62654.0,NAEM02508,NAEM02508224,,5,108,34,river,31816.0,Kapkangani,Nandi,Emgwen,Rural,,,,,non_functional,,,
62655.0,NAEM02509,NAEM02509224,,4,50,44,shared_taps,57785.0,Kapsabet,Nandi,Emgwen,Urban,,,,,non_functional,,,
62656.0,NAEM02510,NAEM02510224,,4,465,5,river,59860.0,Kilibwoni,Nandi,Emgwen,Rural,,,,,non_functional,,,
62657.0,NAMO02511,NAMO02511224,,1,81,1,river,24151.0,Chepterwai,Nandi,Mosop,Rural,,,,,non_functional,,,
62658.0,NAMO02512,NAMO02512224,,3,226,30,tap_in_home_broken,23944.0,Kabisaga,Nandi,Mosop,Urban,,,,,non_functional,,,
62659.0,NAMO02513,NAMO02513224,,3,375,23,shared_taps,26557.0,Kabiyet,Nandi,Mosop,Rural,,,,,non_functional,,,
62660.0,NAMO02514,NAMO02514224,,2,287,16,tap_in_home,27765.0,Kipkaren,Nandi,Mosop,Urban,,,,,non_functional,,,
62661.0,NAMO02515,NAMO02515224,,5,172,29,well,26550.0,Kurgung/Surungai,Nandi,Mosop,Rural,,Contaminated:Biological,,,non_functional,,,
62662.0,NAMO02516,NAMO02516224,,5,225,13,shared_taps,26113.0,Ndalat,Nandi,Mosop,Urban,,,,,non_functional,,,
62663.0,NAMO02517,NAMO02517224,,2,304,29,tap_in_home,27218.0,Sangalo/Kebulonik,Nandi,Mosop,Rural,,,,,non_functional,,,
62664.0,NANA02518,NANA02518224,,3,155,2,tap_in_home_broken,42295.0,Chepkunyuk,Nandi,Nandi Hills,Rural,,,,,non_functional,,,
62665.0,NANA02519,NANA02519224,,5,462,28,tap_in_home,23123.0,Kapchorua,Nandi,Nandi Hills,Rural,,,,,non_functional,,,
62666.0,NANA02520,NANA02520224,,4,25,41,well,43001.0,Nandi Hills,Nandi,Nandi Hills,Rural,,Contaminated: Chemical,,,non_functional,,,
62667.0,NANA02521,NANA02521224,,3,73,13,shared_taps,25942.0,Ol'Lessos,Nandi,Nandi Hills,Urban,,,,,non_functional,,,
62668.0,NATI02522,NATI02522224,,5,347,7,shared_taps,17361.0,Chemelil/Chemase,Nandi,Tinderet,Urban,,,,,non_functional,,,
62669.0,NATI02523,NATI02523224,,5,28,6,tap_in_home,27957.0,Kapsimotwo,Nandi,Tinderet,Urban,,,,,non_functional,,,
62670.0,NATI02524,NATI02524224,,3,497,9,shared_taps,55537.0,Songhor/Soba,Nandi,Tinderet,Urban,,,,,non_functional,,,
62671.0,NATI02525,NATI02525224,,4,25,29,shared_taps,32229.0,Tindiret,Nandi,Tinderet,Rural,,,,,non_functional,,,
62672.0,NAEM02526,NAEM02526224,,2,141,4,tap_in_home,11153.0,Ilkerin,Narok,Emurua Dikirr,Urban,,,,,non_functional,,,
62673.0,NAEM02527,NAEM02527224,,1,2,6,tap_in_home,38119.0,Kapsasian,Narok,Emurua Dikirr,Urban,,,,,non_functional,,,
62674.0,NAEM02528,NAEM02528224,,3,297,17,shared_taps,41836.0,Mogondo,Narok,Emurua Dikirr,Rural,,,,,non_functional,,,
62675.0,NAEM02529,NAEM02529224,,4,216,18,well,41329.0,Ololmasani,Narok,Emurua Dikirr,Rural,,Clean,,,non_functional,,,
62676.0,NAKI02530,NAKI02530224,,4,344,37,shared_taps,30964.0,Angata Barikoi,Narok,Kilgoris,Urban,,,,,non_functional,,,
62677.0,NAKI02531,NAKI02531224,,4,215,34,well,49579.0,Keyian,Narok,Kilgoris,Rural,,Contaminated:Biological,,,non_functional,,,
62678.0,NAKI02532,NAKI02532224,,3,477,38,shared_taps,65150.0,Kilgoris Central,Narok,Kilgoris,Rural,,,,,non_functional,,,
62679.0,NYOL02533,NYOL02533224,,3,16,23,shared_taps,34635.0,Charagita,Nyandarua,Ol Jorok,Urban,,,,,non_functional,,,
62680.0,NAKI02534,NAKI02534224,,2,497,39,shared_taps,60453.0,Kimintet,Narok,Kilgoris,Rural,,,,,non_functional,,,
62681.0,NAKI02535,NAKI02535224,,4,367,19,shared_taps,38883.0,Lolgorian,Narok,Kilgoris,Urban,,,,,non_functional,,,
62682.0,NAKI02536,NAKI02536224,,5,176,33,well,49417.0,Shankoe,Narok,Kilgoris,Rural,,Contaminated: Chemical,,,non_functional,,,
62683.0,NANA02537,NANA02537224,,3,232,24,river,33095.0,Keekonyokie,Narok,Narok East,Rural,,,,,non_functional,,,
62684.0,NANA02538,NANA02538224,,4,80,26,river,46501.0,Mosiro,Narok,Narok East,Rural,,,,,non_functional,,,
62685.0,NANA02539,NANA02539224,,5,450,38,river,29492.0,Suswa,Narok,Narok East,Rural,,,,,non_functional,,,
62686.0,NANA02540,NANA02540224,,2,471,2,river,54891.0,Melili,Narok,Narok North,Rural,,,,,non_functional,,,
62687.0,NANA02541,NANA02541224,,5,178,7,shared_taps,59802.0,Narok Town,Narok,Narok North,Rural,,,,,non_functional,,,
62688.0,NANA02542,NANA02542224,,3,96,5,shared_taps,36481.0,Nkareta,Narok,Narok North,Rural,,,,,non_functional,,,
62689.0,NANA02543,NANA02543224,,2,204,41,well,52532.0,Olokurto,Narok,Narok North,Rural,,Contaminated:Biological,,,non_functional,,,
62690.0,NANA02544,NANA02544224,,4,49,34,tap_in_home,46643.0,Olorropil,Narok,Narok North,Urban,,,,,non_functional,,,
62691.0,NANA02545,NANA02545224,,1,337,26,tap_in_home,38022.0,Olpusimoru,Narok,Narok North,Urban,,,,,non_functional,,,
62692.0,NANA02546,NANA02546224,,2,26,16,well,31552.0,Ildamat,Narok,Narok South,Rural,,Contaminated:Biological,,,non_functional,,,
62693.0,NANA02547,NANA02547224,,2,357,16,tap_in_home_broken,36464.0,Loita,Narok,Narok South,Urban,,,,,non_functional,,,
62694.0,NANA02548,NANA02548224,,5,270,47,shared_taps,64012.0,Majimoto/Naroosura,Narok,Narok South,Rural,,,,,non_functional,,,
62695.0,NANA02549,NANA02549224,,3,125,38,tap_in_home,53093.0,Melelo,Narok,Narok South,Urban,,,,,non_functional,,,
62696.0,NANA02550,NANA02550224,,4,493,26,shared_taps,49538.0,Ololulung'A,Narok,Narok South,Urban,,,,,non_functional,,,
62697.0,NANA02551,NANA02551224,,2,194,17,river,16302.0,Sagamian,Narok,Narok South,Rural,,,,,non_functional,,,
62698.0,NANA02552,NANA02552224,,4,334,15,tap_in_home_broken,48168.0,Sogoo,Narok,Narok South,Urban,,,,,non_functional,,,
62699.0,NANA02553,NANA02553224,,5,331,3,well,72595.0,Ilmotiok,Narok,Narok West,Rural,,Contaminated:Biological,,,non_functional,,,
62700.0,NANA02554,NANA02554224,,1,43,10,river,59356.0,Mara,Narok,Narok West,Rural,,,,,non_functional,,,
62701.0,NANA02555,NANA02555224,,5,113,31,well,34046.0,Naikarra,Narok,Narok West,Rural,,Contaminated:Biological,,,non_functional,,,
62702.0,NANA02556,NANA02556224,,5,451,13,shared_taps,51858.0,Siana,Narok,Narok West,Urban,,,,,non_functional,,,
62703.0,NYBO02557,NYBO02557224,,5,107,32,well,29200.0,Esise,Nyamira,Borabu,Rural,,Clean,,,non_functional,,,
62704.0,NYBO02558,NYBO02558224,,5,243,19,river,45340.0,Kiabonyoru,Nyamira,Borabu,Urban,,,,,non_functional,,,
62705.0,NYBO02559,NYBO02559224,,2,340,7,tap_in_home_broken,23161.0,Mekenene,Nyamira,Borabu,Urban,,,,,non_functional,,,
62706.0,NYBO02560,NYBO02560224,,3,450,23,well,32856.0,Nyansiongo,Nyamira,Borabu,Rural,,Contaminated:Biological,,,non_functional,,,
62707.0,NYKI02561,NYKI02561224,,2,454,44,shared_taps,33520.0,Gachuba,Nyamira,Kitutu Masaba,Urban,,,,,non_functional,,,
62708.0,NYKI02562,NYKI02562224,,4,225,3,shared_taps,42449.0,Gesima,Nyamira,Kitutu Masaba,Urban,,,,,non_functional,,,
62709.0,NYKI02563,NYKI02563224,,4,362,45,tap_in_home,40379.0,Kemera,Nyamira,Kitutu Masaba,Urban,,,,,non_functional,,,
62710.0,NYKI02564,NYKI02564224,,5,167,43,river,27196.0,Magombo,Nyamira,Kitutu Masaba,Rural,,,,,non_functional,,,
62711.0,NYKI02565,NYKI02565224,,4,381,24,tap_in_home,35227.0,Manga,Nyamira,Kitutu Masaba,Urban,,,,,non_functional,,,
62712.0,NYKI02566,NYKI02566224,,5,7,22,tap_in_home,46673.0,Rigoma,Nyamira,Kitutu Masaba,Urban,,,,,non_functional,,,
62713.0,NYNO02567,NYNO02567224,,5,150,42,river,33494.0,Bokeira,Nyamira,North Mugirango,Rural,,,,,non_functional,,,
62714.0,NYNO02568,NYNO02568224,,5,73,9,river,19465.0,Bomwagamo,Nyamira,North Mugirango,Rural,,,,,non_functional,,,
62715.0,NYNO02569,NYNO02569224,,2,453,6,shared_taps,8482.0,Ekerenyo,Nyamira,North Mugirango,Urban,,,,,non_functional,,,
62716.0,NYNO02570,NYNO02570224,,5,533,23,river,53657.0,Itibo,Nyamira,North Mugirango,Rural,,,,,non_functional,,,
62717.0,NYNO02571,NYNO02571224,,4,75,40,shared_taps,21454.0,Magwagwa,Nyamira,North Mugirango,Urban,,,,,non_functional,,,
62718.0,NYWE02572,NYWE02572224,,1,442,28,tap_in_home_broken,46213.0,Bogichora,Nyamira,West Mugirango,Urban,,,,,non_functional,,,
62719.0,NYWE02573,NYWE02573224,,2,219,41,river,32155.0,Bonyamatuta,Nyamira,West Mugirango,Rural,,,,,non_functional,,,
62720.0,NYWE02574,NYWE02574224,,2,213,46,shared_taps,41347.0,Bosamaro,Nyamira,West Mugirango,Urban,,,,,non_functional,,,
62721.0,NYWE02575,NYWE02575224,,1,221,14,tap_in_home_broken,35816.0,Nyamaiya,Nyamira,West Mugirango,Urban,,,,,non_functional,,,
62722.0,NYWE02576,NYWE02576224,,3,301,4,tap_in_home,18833.0,Township,Nyamira,West Mugirango,Urban,,,,,non_functional,,,
62723.0,NYKI02577,NYKI02577224,,5,253,27,tap_in_home_broken,26063.0,Engineer,Nyandarua,Kinangop,Urban,,,,,non_functional,,,
62724.0,NYKI02578,NYKI02578224,,3,335,14,tap_in_home_broken,32528.0,Gathara,Nyandarua,Kinangop,Urban,,,,,non_functional,,,
62725.0,NYKI02579,NYKI02579224,,3,165,31,well,30306.0,Githabai,Nyandarua,Kinangop,Rural,,Contaminated:Biological,,,non_functional,,,
62726.0,NYKI02580,NYKI02580224,,2,287,26,shared_taps,31831.0,Magumu,Nyandarua,Kinangop,Urban,,,,,non_functional,,,
62727.0,NYKI02581,NYKI02581224,,5,30,38,shared_taps,31890.0,Murungaru,Nyandarua,Kinangop,Urban,,,,,non_functional,,,
62728.0,NYKI02582,NYKI02582224,,3,181,47,well,21484.0,Njabini\Kiburu,Nyandarua,Kinangop,Urban,,Clean,,,non_functional,,,
62729.0,NYKI02583,NYKI02583224,,4,475,4,well,23594.0,North Kinangop,Nyandarua,Kinangop,Rural,,Contaminated:Biological,,,non_functional,,,
62730.0,NYKI02584,NYKI02584224,,4,347,42,shared_taps,28356.0,Nyakio,Nyandarua,Kinangop,Urban,,,,,non_functional,,,
62731.0,NYKI02585,NYKI02585224,,2,16,18,tap_in_home_broken,23080.0,Geta,Nyandarua,Kipipiri,Urban,,,,,non_functional,,,
62732.0,NYKI02586,NYKI02586224,,1,164,32,tap_in_home,20486.0,Githioro,Nyandarua,Kipipiri,Urban,,,,,non_functional,,,
62733.0,NYKI02587,NYKI02587224,,2,503,13,river,29207.0,Kipipiri,Nyandarua,Kipipiri,Urban,,,,,non_functional,,,
62734.0,NYKI02588,NYKI02588224,,3,34,47,tap_in_home,32002.0,Wanjohi,Nyandarua,Kipipiri,Urban,,,,,non_functional,,,
62735.0,NYND02589,NYND02589224,,4,313,45,well,32410.0,Central,Nyandarua,Ndaragwa,Rural,,Contaminated: Chemical,,,non_functional,,,
62736.0,NYND02590,NYND02590224,,3,335,29,shared_taps,24649.0,Kiriita,Nyandarua,Ndaragwa,Urban,,,,,non_functional,,,
62737.0,NYND02591,NYND02591224,,5,447,12,well,22731.0,Leshau/Pondo,Nyandarua,Ndaragwa,Rural,,Contaminated:Biological,,,non_functional,,,
62738.0,NYND02592,NYND02592224,,5,533,3,shared_taps,26182.0,Shamata,Nyandarua,Ndaragwa,Rural,,,,,non_functional,,,
62739.0,NYOL02593,NYOL02593224,,3,20,46,tap_in_home,25287.0,Gathanji,Nyandarua,Ol Jorok,Urban,,,,,non_functional,,,
62740.0,NYOL02594,NYOL02594224,,2,380,32,well,28326.0,Gatimu,Nyandarua,Ol Jorok,Rural,,Contaminated:Biological,,,non_functional,,,
62741.0,NYOL02595,NYOL02595224,,5,390,0,tap_in_home,36383.0,Weru,Nyandarua,Ol Jorok,Urban,,,,,non_functional,,,
62742.0,NYOL02596,NYOL02596224,,3,179,39,shared_taps,23379.0,Kaimbaga,Nyandarua,Ol Kalou,Rural,,,,,non_functional,,,
62743.0,NYOL02597,NYOL02597224,,1,112,9,well,35071.0,Kanjuiri Range,Nyandarua,Ol Kalou,Rural,,Contaminated:Biological,,,non_functional,,,
62744.0,NYOL02598,NYOL02598224,,2,378,22,shared_taps,30328.0,Karau,Nyandarua,Ol Kalou,Rural,,,,,non_functional,,,
62745.0,NYOL02599,NYOL02599224,,3,34,28,shared_taps,26624.0,Mirangine,Nyandarua,Ol Kalou,Urban,,,,,non_functional,,,
62746.0,NYOL02600,NYOL02600224,,2,365,40,well,30287.0,Rurii,Nyandarua,Ol Kalou,Rural,,Contaminated: Chemical,,,non_functional,,,
62747.0,NYKI02601,NYKI02601224,,3,440,26,tap_in_home_broken,41450.0,Gakawa,Nyeri,Kieni,Urban,,,,,non_functional,,,
62748.0,NYKI02602,NYKI02602224,,4,2,29,tap_in_home_broken,21430.0,Gatarakwa,Nyeri,Kieni,Rural,,,,,non_functional,,,
62749.0,NYKI02603,NYKI02603224,,5,237,14,tap_in_home,31108.0,Kabaru,Nyeri,Kieni,Urban,,,,,non_functional,,,
62750.0,NYKI02604,NYKI02604224,,1,345,25,river,28869.0,Mugunda,Nyeri,Kieni,Urban,,,,,non_functional,,,
62751.0,NYKI02605,NYKI02605224,,3,281,11,river,21496.0,Mweiga,Nyeri,Kieni,Rural,,,,,non_functional,,,
62752.0,NYKI02606,NYKI02606224,,4,401,16,tap_in_home,27081.0,Mwiyogo/Endarasha,Nyeri,Kieni,Rural,,,,,non_functional,,,
62753.0,NYKI02607,NYKI02607224,,5,364,3,river,34119.0,Naromoru Kiamathaga,Nyeri,Kieni,Rural,,,,,non_functional,,,
62754.0,NYKI02608,NYKI02608224,,2,459,7,tap_in_home_broken,27189.0,Thegu River,Nyeri,Kieni,Urban,,,,,non_functional,,,
62755.0,NYMA02609,NYMA02609224,,3,279,35,tap_in_home,33875.0,Iriaini,Nyeri,Mathira,Urban,,,,,non_functional,,,
62756.0,NYMA02610,NYMA02610224,,2,397,0,shared_taps,27035.0,Karatina Town,Nyeri,Mathira,Rural,,,,,non_functional,,,
62757.0,NYMA02611,NYMA02611224,,2,99,37,river,32621.0,Kirimukuyu,Nyeri,Mathira,Rural,,,,,non_functional,,,
62758.0,NYMA02612,NYMA02612224,,5,294,37,shared_taps,33394.0,Konyu,Nyeri,Mathira,Urban,,,,,non_functional,,,
62759.0,NYMA02613,NYMA02613224,,2,401,3,shared_taps,22871.0,Magutu,Nyeri,Mathira,Rural,,,,,non_functional,,,
62760.0,NYMA02614,NYMA02614224,,5,304,1,river,23769.0,Ruguru,Nyeri,Mathira,Rural,,,,,non_functional,,,
62761.0,NYMU02615,NYMU02615224,,2,197,48,tap_in_home_broken,21961.0,Gikondi,Nyeri,Mukurweini,Rural,,,,,non_functional,,,
62762.0,NYMU02616,NYMU02616224,,2,144,3,river,31208.0,Mukurwe-Ini Central,Nyeri,Mukurweini,Urban,,,,,non_functional,,,
62763.0,NYMU02617,NYMU02617224,,5,149,31,shared_taps,19654.0,Mukurwe-Ini West,Nyeri,Mukurweini,Urban,,,,,non_functional,,,
62764.0,NYMU02618,NYMU02618224,,2,485,40,river,24942.0,Rugi,Nyeri,Mukurweini,Rural,,,,,non_functional,,,
62765.0,NYNY02619,NYNY02619224,,5,111,18,shared_taps,16813.0,Gatitu/Muruguru,Nyeri,Nyeri Town,Urban,,,,,non_functional,,,
62766.0,NYNY02620,NYNY02620224,,4,345,34,tap_in_home,17512.0,Kamakwa/Mukaro,Nyeri,Nyeri Town,Urban,,,,,non_functional,,,
62767.0,NYNY02621,NYNY02621224,,4,398,0,river,32379.0,Kiganjo/Mathari,Nyeri,Nyeri Town,Urban,,,,,non_functional,,,
62768.0,NYNY02622,NYNY02622224,,5,240,34,well,10684.0,Ruring'U,Nyeri,Nyeri Town,Rural,,Contaminated:Biological,,,non_functional,,,
62769.0,NYNY02623,NYNY02623224,,4,80,22,shared_taps,1667.0,Rware,Nyeri,Nyeri Town,Rural,,,,,non_functional,,,
62770.0,NYOT02624,NYOT02624224,,4,345,14,tap_in_home_broken,25475.0,Chinga,Nyeri,Othaya,Urban,,,,,non_functional,,,
62771.0,NYOT02625,NYOT02625224,,1,150,15,river,28524.0,Iria-Ini,Nyeri,Othaya,Rural,,,,,non_functional,,,
62772.0,NYOT02626,NYOT02626224,,1,45,16,tap_in_home_broken,21667.0,Karima,Nyeri,Othaya,Urban,,,,,non_functional,,,
62773.0,NYOT02627,NYOT02627224,,1,455,39,shared_taps,25779.0,Mahiga,Nyeri,Othaya,Rural,,,,,non_functional,,,
62774.0,NYTE02628,NYTE02628224,,1,221,33,shared_taps,30488.0,Aguthi-Gaaki,Nyeri,Tetu,Rural,,,,,non_functional,,,
62775.0,NYTE02629,NYTE02629224,,4,285,15,well,23399.0,Dedan Kimanthi,Nyeri,Tetu,Rural,,Clean,,,non_functional,,,
62776.0,NYTE02630,NYTE02630224,,1,230,29,river,34115.0,Wamagana,Nyeri,Tetu,Rural,,,,,non_functional,,,
62777.0,SASA02631,SASA02631224,,3,29,21,tap_in_home_broken,22242.0,Wamba East,Samburu,Samburu East,Urban,,,,,non_functional,,,
62778.0,SASA02632,SASA02632224,,1,295,43,river,18192.0,Wamba North,Samburu,Samburu East,Rural,,,,,non_functional,,,
62779.0,SASA02633,SASA02633224,,2,483,5,tap_in_home,20238.0,Wamba West,Samburu,Samburu East,Urban,,,,,non_functional,,,
62780.0,SASA02634,SASA02634224,,2,173,3,river,25119.0,Waso,Samburu,Samburu East,Rural,,,,,non_functional,,,
62781.0,SASA02635,SASA02635224,,5,472,46,tap_in_home,16529.0,Angata Nanyokie,Samburu,Samburu North,Urban,,,,,non_functional,,,
62782.0,SASA02636,SASA02636224,,4,329,9,tap_in_home_broken,18230.0,Baawa,Samburu,Samburu North,Urban,,,,,non_functional,,,
62783.0,TAVO02637,TAVO02637224,,2,441,2,tap_in_home,17411.0,Kasigau,Taita Taveta,Voi,Urban,,,,,non_functional,,,
62784.0,SASA02638,SASA02638224,,3,295,23,tap_in_home,18170.0,El-Barta,Samburu,Samburu North,Urban,,,,,non_functional,,,
62785.0,SASA02639,SASA02639224,,1,277,18,tap_in_home_broken,13561.0,Nachola,Samburu,Samburu North,Urban,,,,,non_functional,,,
62786.0,SASA02640,SASA02640224,,2,411,3,shared_taps,17843.0,Ndoto,Samburu,Samburu North,Urban,,,,,non_functional,,,
62787.0,SASA02641,SASA02641224,,5,219,3,well,21797.0,Nyiro,Samburu,Samburu North,Rural,,Contaminated:Biological,,,non_functional,,,
62788.0,SASA02642,SASA02642224,,4,73,32,tap_in_home_broken,34257.0,Lodokejek,Samburu,Samburu West,Urban,,,,,non_functional,,,
62789.0,SASA02643,SASA02643224,,3,43,29,shared_taps,13118.0,Loosuk,Samburu,Samburu West,Rural,,,,,non_functional,,,
62790.0,SASA02644,SASA02644224,,3,0,20,tap_in_home_broken,66362.0,Maralal,Samburu,Samburu West,Rural,,,,,non_functional,,,
62791.0,SASA02645,SASA02645224,,3,217,46,well,23441.0,Poro,Samburu,Samburu West,Rural,,Contaminated: Chemical,,,non_functional,,,
62792.0,SASA02646,SASA02646224,,5,167,22,shared_taps,19126.0,Suguta Marmar,Samburu,Samburu West,Urban,,,,,non_functional,,,
62793.0,SIAL02647,SIAL02647224,,5,488,30,well,41293.0,Central Alego,Siaya,Alego Usonga,Rural,,Clean,,,non_functional,,,
62794.0,SIAL02648,SIAL02648224,,4,233,36,tap_in_home,30518.0,North Alego,Siaya,Alego Usonga,Urban,,,,,non_functional,,,
62795.0,SIAL02649,SIAL02649224,,1,316,47,river,37886.0,Siaya Township,Siaya,Alego Usonga,Rural,,,,,non_functional,,,
62796.0,SIAL02650,SIAL02650224,,4,244,17,river,83461.0,South East Alego,Siaya,Alego Usonga,Rural,,,,,non_functional,,,
62797.0,SIAL02651,SIAL02651224,,2,514,13,shared_taps,21040.0,Usonga,Siaya,Alego Usonga,Urban,,,,,non_functional,,,
62798.0,SIAL02652,SIAL02652224,,4,213,24,tap_in_home,43418.0,West Alego,Siaya,Alego Usonga,Rural,,,,,non_functional,,,
62799.0,TAVO02653,TAVO02653224,,2,312,20,shared_taps,12589.0,Marungu,Taita Taveta,Voi,Urban,,,,,non_functional,,,
62800.0,SIBO02654,SIBO02654224,,3,345,32,shared_taps,28150.0,Central Sakwa,Siaya,Bondo,Urban,,,,,non_functional,,,
62801.0,SIBO02655,SIBO02655224,,5,11,25,shared_taps,46873.0,North Sakwa,Siaya,Bondo,Rural,,,,,non_functional,,,
62802.0,SIBO02656,SIBO02656224,,1,460,14,well,36088.0,South Sakwa,Siaya,Bondo,Rural,,Clean,,,non_functional,,,
62803.0,SIBO02657,SIBO02657224,,2,386,12,river,34901.0,West Sakwa,Siaya,Bondo,Rural,,,,,non_functional,,,
62804.0,SIBO02658,SIBO02658224,,4,436,45,well,42284.0,West Yimbo,Siaya,Bondo,Rural,,Contaminated: Chemical,,,non_functional,,,
62805.0,SIBO02659,SIBO02659224,,1,222,20,tap_in_home_broken,37429.0,Yimbo East,Siaya,Bondo,Urban,,,,,non_functional,,,
62806.0,SIGE02660,SIGE02660224,,2,229,13,well,30676.0,Central Gem,Siaya,Gem,Rural,,Contaminated:Biological,,,non_functional,,,
62807.0,SIGE02661,SIGE02661224,,3,505,15,shared_taps,31418.0,East Gem,Siaya,Gem,Rural,,,,,non_functional,,,
62808.0,SIGE02662,SIGE02662224,,2,523,9,well,44087.0,North Gem,Siaya,Gem,Rural,,Contaminated: Chemical,,,non_functional,,,
62809.0,SIGE02663,SIGE02663224,,3,151,1,tap_in_home_broken,37262.0,South Gem,Siaya,Gem,Urban,,,,,non_functional,,,
62810.0,SIGE02664,SIGE02664224,,4,328,1,shared_taps,30661.0,West Gem,Siaya,Gem,Rural,,,,,non_functional,,,
62811.0,SIGE02665,SIGE02665224,,3,244,34,well,30789.0,Yala Township,Siaya,Gem,Rural,,Contaminated: Chemical,,,non_functional,,,
62812.0,SIRA02666,SIRA02666224,,2,324,35,shared_taps,42782.0,East Asembo,Siaya,Rarieda,Urban,,,,,non_functional,,,
62813.0,SIRA02667,SIRA02667224,,2,213,13,river,28249.0,North Uyoma,Siaya,Rarieda,Urban,,,,,non_functional,,,
62814.0,SIRA02668,SIRA02668224,,5,298,18,river,25053.0,South Uyoma,Siaya,Rarieda,Rural,,,,,non_functional,,,
62815.0,SIRA02669,SIRA02669224,,2,89,36,shared_taps,43350.0,West Asembo,Siaya,Rarieda,Rural,,,,,non_functional,,,
62816.0,SIRA02670,SIRA02670224,,2,161,30,tap_in_home,35872.0,West Uyoma,Siaya,Rarieda,Urban,,,,,non_functional,,,
62817.0,SIUG02671,SIUG02671224,,4,42,40,shared_taps,41029.0,East Ugenya,Siaya,Ugenya,Urban,,,,,non_functional,,,
62818.0,SIUG02672,SIUG02672224,,5,87,26,shared_taps,38544.0,North Ugenya,Siaya,Ugenya,Urban,,,,,non_functional,,,
62819.0,SIUG02673,SIUG02673224,,5,163,7,river,27845.0,Ukwala,Siaya,Ugenya,Urban,,,,,non_functional,,,
62820.0,SIUG02674,SIUG02674224,,5,450,20,shared_taps,37880.0,West Ugenya,Siaya,Ugenya,Urban,,,,,non_functional,,,
62821.0,SIUG02675,SIUG02675224,,3,15,22,well,32851.0,Sidindi,Siaya,Ugunja,Rural,,Contaminated: Chemical,,,non_functional,,,
62822.0,SIUG02676,SIUG02676224,,2,532,6,shared_taps,38006.0,Sigomere,Siaya,Ugunja,Urban,,,,,non_functional,,,
62823.0,SIUG02677,SIUG02677224,,5,69,18,shared_taps,52095.0,Ugunja,Siaya,Ugunja,Urban,,,,,non_functional,,,
62824.0,TAMW02678,TAMW02678224,,2,117,29,well,22197.0,Bura,Taita Taveta,Mwatate,Rural,,Clean,,,non_functional,,,
62825.0,TAMW02679,TAMW02679224,,1,416,36,shared_taps,21787.0,Chawia,Taita Taveta,Mwatate,Urban,,,,,non_functional,,,
62826.0,TAMW02680,TAMW02680224,,4,114,3,shared_taps,14555.0,Mwatate,Taita Taveta,Mwatate,Urban,,,,,non_functional,,,
62827.0,TAMW02681,TAMW02681224,,1,36,47,well,15345.0,Rong'E,Taita Taveta,Mwatate,Rural,,Contaminated: Chemical,,,non_functional,,,
62828.0,TAMW02682,TAMW02682224,,4,182,20,river,16658.0,Wusi/Kishamba,Taita Taveta,Mwatate,Rural,,,,,non_functional,,,
62829.0,TATA02683,TATA02683224,,4,282,46,river,8446.0,Bomani,Taita Taveta,Taveta,Rural,,,,,non_functional,,,
62830.0,TATA02684,TATA02684224,,4,405,45,river,28000.0,Chala,Taita Taveta,Taveta,Rural,,,,,non_functional,,,
62831.0,TATA02685,TATA02685224,,4,176,5,river,13500.0,Mahoo,Taita Taveta,Taveta,Rural,,,,,non_functional,,,
62832.0,TATA02686,TATA02686224,,3,167,33,shared_taps,13746.0,Mata,Taita Taveta,Taveta,Urban,,,,,non_functional,,,
62833.0,TATA02687,TATA02687224,,5,166,43,tap_in_home,36729.0,Mboghoni,Taita Taveta,Taveta,Urban,,,,,non_functional,,,
62834.0,TAVO02688,TAVO02688224,,1,123,30,tap_in_home,30877.0,Kaloleni,Taita Taveta,Voi,Urban,,,,,non_functional,,,
62835.0,TAVO02689,TAVO02689224,,4,387,22,tap_in_home,37142.0,Mbololo,Taita Taveta,Voi,Rural,,,,,non_functional,,,
62836.0,TAVO02690,TAVO02690224,,5,53,26,river,13778.0,Ngolia,Taita Taveta,Voi,Rural,,,,,non_functional,,,
62837.0,TAVO02691,TAVO02691224,,1,178,7,river,19033.0,Sagalla,Taita Taveta,Voi,Rural,,,,,non_functional,,,
62838.0,TAWU02692,TAWU02692224,,3,255,43,tap_in_home,15775.0,Mwanda/Mgange,Taita Taveta,Wundanyi,Urban,,,,,non_functional,,,
62839.0,TAWU02693,TAWU02693224,,1,212,31,shared_taps,10453.0,Werugha,Taita Taveta,Wundanyi,Urban,,,,,non_functional,,,
62840.0,TAWU02694,TAWU02694224,,1,489,16,shared_taps,18256.0,Wumingu/Kishushe,Taita Taveta,Wundanyi,Rural,,,,,non_functional,,,
62841.0,TAWU02695,TAWU02695224,,4,314,43,tap_in_home_broken,23005.0,Wundanyi/Mbale,Taita Taveta,Wundanyi,Urban,,,,,non_functional,,,
62842.0,TABU02696,TABU02696224,,4,380,7,tap_in_home,23385.0,Bangale,Tana River,Bura,Urban,,,,,non_functional,,,
62843.0,TABU02697,TABU02697224,,3,537,34,tap_in_home_broken,24915.0,Chewele,Tana River,Bura,Rural,,,,,non_functional,,,
62844.0,TABU02698,TABU02698224,,3,162,14,well,16564.0,Hirimani,Tana River,Bura,Rural,,Clean,,,non_functional,,,
62845.0,TABU02699,TABU02699224,,4,295,43,well,66199.0,Madogo,Tana River,Bura,Rural,,Clean,,,non_functional,,,
62846.0,TABU02700,TABU02700224,,2,71,18,tap_in_home_broken,15540.0,Sala,Tana River,Bura,Urban,,,,,non_functional,,,
62847.0,TAGA02701,TAGA02701224,,1,147,48,tap_in_home,41961.0,Chewani,Tana River,Galole,Urban,,,,,non_functional,,,
62848.0,TAGA02702,TAGA02702224,,2,484,26,tap_in_home_broken,25148.0,Kinakomba,Tana River,Galole,Rural,,,,,non_functional,,,
62849.0,TAGA02703,TAGA02703224,,2,341,18,shared_taps,14560.0,Mikinduni,Tana River,Galole,Rural,,,,,non_functional,,,
62850.0,TAGA02704,TAGA02704224,,2,169,37,shared_taps,31573.0,Wayu,Tana River,Galole,Urban,,,,,non_functional,,,
62851.0,TAGA02705,TAGA02705224,,1,472,20,river,17905.0,Garsen Central,Tana River,Garsen,Rural,,,,,non_functional,,,
62852.0,TAGA02706,TAGA02706224,,1,1,25,tap_in_home,23577.0,Garsen North,Tana River,Garsen,Urban,,,,,non_functional,,,
62853.0,TAGA02707,TAGA02707224,,5,161,19,river,20336.0,Garsen South,Tana River,Garsen,Rural,,,,,non_functional,,,
62854.0,TAGA02708,TAGA02708224,,1,144,28,shared_taps,13717.0,Garsen West,Tana River,Garsen,Urban,,,,,non_functional,,,
62855.0,TAGA02709,TAGA02709224,,5,283,14,shared_taps,23979.0,Kipini East,Tana River,Garsen,Urban,,,,,non_functional,,,
62856.0,TAGA02710,TAGA02710224,,2,524,15,tap_in_home,23347.0,Kipini West,Tana River,Garsen,Urban,,,,,non_functional,,,
62857.0,THCH02711,THCH02711224,,1,496,9,shared_taps,35674.0,Igambang'Ombe,Tharaka-Nithi,Chuka/Igambang'Ombe,Rural,,,,,non_functional,,,
62858.0,THCH02712,THCH02712224,,3,371,45,well,27489.0,Karingani,Tharaka-Nithi,Chuka/Igambang'Ombe,Rural,,Contaminated:Biological,,,non_functional,,,
62859.0,THCH02713,THCH02713224,,4,474,26,tap_in_home_broken,42487.0,Magumoni,Tharaka-Nithi,Chuka/Igambang'Ombe,Urban,,,,,non_functional,,,
62860.0,THCH02714,THCH02714224,,5,71,8,well,19882.0,Mariani,Tharaka-Nithi,Chuka/Igambang'Ombe,Rural,,Clean,,,non_functional,,,
62861.0,THIG02715,THIG02715224,,1,68,3,tap_in_home_broken,29483.0,Akachiu,Tharaka-Nithi,Igembe South,Rural,,,,,non_functional,,,
62862.0,THMA02716,THMA02716224,,4,47,37,river,38811.0,Chogoria,Tharaka-Nithi,Maara,Rural,,,,,non_functional,,,
62863.0,THMA02717,THMA02717224,,3,60,2,shared_taps,19818.0,Ganga,Tharaka-Nithi,Maara,Urban,,,,,non_functional,,,
62864.0,THMA02718,THMA02718224,,2,523,10,river,17755.0,Mitheru,Tharaka-Nithi,Maara,Rural,,,,,non_functional,,,
62865.0,THMA02719,THMA02719224,,1,430,24,shared_taps,33846.0,Mwimbi,Tharaka-Nithi,Maara,Urban,,,,,non_functional,,,
62866.0,THTH02720,THTH02720224,,4,160,46,shared_taps,37101.0,Chiakariga,Tharaka-Nithi,Tharaka,Urban,,,,,non_functional,,,
62867.0,THTH02721,THTH02721224,,2,10,22,well,29768.0,Gatunga,Tharaka-Nithi,Tharaka,Rural,,Contaminated:Biological,,,non_functional,,,
62868.0,THTH02722,THTH02722224,,2,426,1,river,35338.0,Mukothima,Tharaka-Nithi,Tharaka,Urban,,,,,non_functional,,,
62869.0,THTH02723,THTH02723224,,3,39,32,river,17375.0,Nkondi,Tharaka-Nithi,Tharaka,Rural,,,,,non_functional,,,
62870.0,TRCH02724,TRCH02724224,,5,243,28,river,38521.0,Chepsiro/Kiptoror,Trans Nzoia,Cherangany,Rural,,,,,non_functional,,,
62871.0,TRCH02725,TRCH02725224,,2,126,10,tap_in_home,53269.0,Cherangany/Suwerwa,Trans Nzoia,Cherangany,Urban,,,,,non_functional,,,
62872.0,TRCH02726,TRCH02726224,,4,451,34,tap_in_home_broken,31832.0,Kaplamai,Trans Nzoia,Cherangany,Urban,,,,,non_functional,,,
62873.0,TRCH02727,TRCH02727224,,5,39,38,shared_taps,23390.0,Makutano,Trans Nzoia,Cherangany,Rural,,,,,non_functional,,,
62874.0,TRCH02728,TRCH02728224,,5,197,46,well,44744.0,Motosiet,Trans Nzoia,Cherangany,Rural,,Contaminated: Chemical,,,non_functional,,,
62875.0,TRCH02729,TRCH02729224,,2,397,22,shared_taps,32968.0,Sinyerere,Trans Nzoia,Cherangany,Rural,,,,,non_functional,,,
62876.0,WEKA02730,WEKA02730224,,5,335,14,river,24345.0,Endugh,West Pokot,Kapenguria,Rural,,,,,non_functional,,,
62877.0,TRCH02731,TRCH02731224,,4,361,29,river,34456.0,Sitatunga,Trans Nzoia,Cherangany,Rural,,,,,non_functional,,,
62878.0,TREN02732,TREN02732224,,1,301,26,shared_taps,47978.0,Chepchoina,Trans Nzoia,Endebess,Urban,,,,,non_functional,,,
62879.0,TREN02733,TREN02733224,,1,509,32,shared_taps,31074.0,Endebess,Trans Nzoia,Endebess,Urban,,,,,non_functional,,,
62880.0,TREN02734,TREN02734224,,2,133,34,river,43998.0,Matumbei,Trans Nzoia,Endebess,Rural,,,,,non_functional,,,
62881.0,TRKI02735,TRKI02735224,,4,36,23,shared_taps,19145.0,Hospital,Trans Nzoia,Kiminini,Urban,,,,,non_functional,,,
62882.0,TRKI02736,TRKI02736224,,2,86,6,shared_taps,43578.0,Kiminini,Trans Nzoia,Kiminini,Urban,,,,,non_functional,,,
62883.0,TRKI02737,TRKI02737224,,5,17,17,tap_in_home,46694.0,Nabiswa,Trans Nzoia,Kiminini,Urban,,,,,non_functional,,,
62884.0,TRKI02738,TRKI02738224,,3,526,24,river,41225.0,Sikhendu,Trans Nzoia,Kiminini,Urban,,,,,non_functional,,,
62885.0,TRKI02739,TRKI02739224,,5,72,17,tap_in_home,30311.0,Sirende,Trans Nzoia,Kiminini,Urban,,,,,non_functional,,,
62886.0,TRKI02740,TRKI02740224,,3,286,38,shared_taps,65747.0,Waitaluk,Trans Nzoia,Kiminini,Urban,,,,,non_functional,,,
62887.0,TRKW02741,TRKW02741224,,3,439,34,well,17037.0,Bidii,Trans Nzoia,Kwanza,Rural,,Contaminated: Chemical,,,non_functional,,,
62888.0,TRKW02742,TRKW02742224,,2,382,22,river,74255.0,Kapomboi,Trans Nzoia,Kwanza,Urban,,,,,non_functional,,,
62889.0,TRKW02743,TRKW02743224,,4,169,17,shared_taps,47528.0,Kwanza,Trans Nzoia,Kwanza,Urban,,,,,non_functional,,,
62890.0,TRSA02744,TRSA02744224,,2,238,10,shared_taps,57090.0,Kinyoro,Trans Nzoia,Saboti,Rural,,,,,non_functional,,,
62891.0,TRSA02745,TRSA02745224,,4,65,16,shared_taps,20238.0,Machewa,Trans Nzoia,Saboti,Rural,,,,,non_functional,,,
62892.0,TRSA02746,TRSA02746224,,1,158,22,river,21854.0,Matisi,Trans Nzoia,Saboti,Rural,,,,,non_functional,,,
62893.0,TRSA02747,TRSA02747224,,1,43,8,tap_in_home,44236.0,Saboti,Trans Nzoia,Saboti,Urban,,,,,non_functional,,,
62894.0,TRSA02748,TRSA02748224,,1,231,40,tap_in_home_broken,399.0,Tuwani,Trans Nzoia,Saboti,Urban,,,,,non_functional,,,
62895.0,TUTU02749,TUTU02749224,,5,491,23,tap_in_home_broken,20055.0,Kalobeyei,Turkana,Turkana West,Rural,,,,,non_functional,,,
62896.0,TRUN02750,TRUN02750224,,2,456,47,river,74867.0,unknown 4,Trans Nzoia,unknown 4,Rural,,,,,non_functional,,,
62897.0,TULO02751,TULO02751224,,2,66,18,shared_taps,28858.0,Kotaruk/Lobei,Turkana,Loima,Urban,,,,,non_functional,,,
62898.0,TULO02752,TULO02752224,,5,212,20,tap_in_home_broken,24442.0,Loima,Turkana,Loima,Urban,,,,,non_functional,,,
62899.0,TULO02753,TULO02753224,,5,538,7,shared_taps,18141.0,Lokiriama/Lorengippi,Turkana,Loima,Urban,,,,,non_functional,,,
62900.0,TULO02754,TULO02754224,,3,363,25,shared_taps,57669.0,Turkwel,Turkana,Loima,Urban,,,,,non_functional,,,
62901.0,TUTU02755,TUTU02755224,,5,32,13,tap_in_home,30359.0,Kalokol,Turkana,Turkana Central,Urban,,,,,non_functional,,,
62902.0,TUTU02756,TUTU02756224,,4,357,47,tap_in_home,51423.0,Kanamkemer,Turkana,Turkana Central,Rural,,,,,non_functional,,,
62903.0,TUTU02757,TUTU02757224,,5,17,28,shared_taps,33157.0,Kang'Atotha,Turkana,Turkana Central,Urban,,,,,non_functional,,,
62904.0,TUTU02758,TUTU02758224,,5,129,17,well,51537.0,Kerio Delta,Turkana,Turkana Central,Rural,,Clean,,,non_functional,,,
62905.0,TUTU02759,TUTU02759224,,2,68,39,shared_taps,33663.0,Lodwar Township,Turkana,Turkana Central,Rural,,,,,non_functional,,,
62906.0,TUTU02760,TUTU02760224,,5,283,39,river,52499.0,Kapedo/Napeitom,Turkana,Turkana East,Rural,,,,,non_functional,,,
62907.0,TUTU02761,TUTU02761224,,4,528,7,shared_taps,35738.0,Katilia,Turkana,Turkana East,Rural,,,,,non_functional,,,
62908.0,TUTU02762,TUTU02762224,,5,238,31,shared_taps,24760.0,Kaaleng/Kaikor,Turkana,Turkana North,Rural,,,,,non_functional,,,
62909.0,TUTU02763,TUTU02763224,,4,462,15,tap_in_home_broken,17457.0,Kaeris,Turkana,Turkana North,Urban,,,,,non_functional,,,
62910.0,TUTU02764,TUTU02764224,,3,448,19,shared_taps,139.0,Kibish,Turkana,Turkana North,Rural,,,,,non_functional,,,
62911.0,TUTU02765,TUTU02765224,,5,139,42,tap_in_home,45367.0,Lake Zone,Turkana,Turkana North,Urban,,,,,non_functional,,,
62912.0,TUTU02766,TUTU02766224,,4,340,48,tap_in_home,18004.0,Nakalale,Turkana,Turkana North,Urban,,,,,non_functional,,,
62913.0,TUTU02767,TUTU02767224,,1,272,14,well,32031.0,Kalapata,Turkana,Turkana South,Rural,,Contaminated:Biological,,,non_functional,,,
62914.0,TUTU02768,TUTU02768224,,1,272,35,tap_in_home,18230.0,Kaputir,Turkana,Turkana South,Urban,,,,,non_functional,,,
62915.0,TUTU02769,TUTU02769224,,5,379,20,river,53488.0,Katilu,Turkana,Turkana South,Rural,,,,,non_functional,,,
62916.0,TUTU02770,TUTU02770224,,2,266,34,shared_taps,13663.0,Lobokat,Turkana,Turkana South,Urban,,,,,non_functional,,,
62917.0,TUTU02771,TUTU02771224,,1,417,31,shared_taps,53959.0,Lokichar,Turkana,Turkana South,Rural,,,,,non_functional,,,
62918.0,TUTU02772,TUTU02772224,,1,142,45,tap_in_home_broken,41359.0,Kakuma,Turkana,Turkana West,Urban,,,,,non_functional,,,
62919.0,TUTU02773,TUTU02773224,,4,192,14,river,72004.0,Letea,Turkana,Turkana West,Rural,,,,,non_functional,,,
62920.0,TUTU02774,TUTU02774224,,3,417,16,tap_in_home,55968.0,Lokichoggio,Turkana,Turkana West,Urban,,,,,non_functional,,,
62921.0,TUTU02775,TUTU02775224,,2,47,28,well,13519.0,Lopur,Turkana,Turkana West,Rural,,Contaminated:Biological,,,non_functional,,,
62922.0,TUTU02776,TUTU02776224,,5,350,27,tap_in_home_broken,18107.0,Nanaam,Turkana,Turkana West,Urban,,,,,non_functional,,,
62923.0,TUTU02777,TUTU02777224,,5,385,12,tap_in_home_broken,32367.0,Songot,Turkana,Turkana West,Urban,,,,,non_functional,,,
62924.0,TUUN02778,TUUN02778224,,1,472,7,tap_in_home_broken,69880.0,unknown 2,Turkana,unknown 2,Urban,,,,,non_functional,,,
62925.0,UAAI02779,UAAI02779224,,2,20,38,river,52350.0,Ainabkoi/Olare,Uasin Gishu,Ainabkoi,Rural,,,,,non_functional,,,
62926.0,UAAI02780,UAAI02780224,,5,299,9,tap_in_home,24010.0,Kapsoya,Uasin Gishu,Ainabkoi,Urban,,,,,non_functional,,,
62927.0,UAAI02781,UAAI02781224,,4,41,18,river,66874.0,Kaptagat,Uasin Gishu,Ainabkoi,Rural,,,,,non_functional,,,
62928.0,UAKA02782,UAKA02782224,,1,494,19,shared_taps,36783.0,Kipkenyo,Uasin Gishu,Kapseret,Rural,,,,,non_functional,,,
62929.0,UAKA02783,UAKA02783224,,1,75,33,river,21690.0,Langas,Uasin Gishu,Kapseret,Rural,,,,,non_functional,,,
62930.0,UAKA02784,UAKA02784224,,4,368,12,tap_in_home,18156.0,Megun,Uasin Gishu,Kapseret,Urban,,,,,non_functional,,,
62931.0,UAKA02785,UAKA02785224,,4,137,4,tap_in_home,40750.0,Ngeria,Uasin Gishu,Kapseret,Rural,,,,,non_functional,,,
62932.0,UAKA02786,UAKA02786224,,1,311,34,tap_in_home_broken,29375.0,Simat/Kapseret,Uasin Gishu,Kapseret,Urban,,,,,non_functional,,,
62933.0,UAKE02787,UAKE02787224,,2,298,1,shared_taps,36467.0,Cheptiret/Kipchamo,Uasin Gishu,Kesses,Rural,,,,,non_functional,,,
62934.0,UAKE02788,UAKE02788224,,3,360,47,shared_taps,46189.0,Racecourse,Uasin Gishu,Kesses,Urban,,,,,non_functional,,,
62935.0,UAKE02789,UAKE02789224,,2,280,25,shared_taps,71607.0,Tarakwa,Uasin Gishu,Kesses,Urban,,,,,non_functional,,,
62936.0,UAKE02790,UAKE02790224,,4,433,35,well,52333.0,Tulwet/Chuiyat,Uasin Gishu,Kesses,Urban,,Clean,,,non_functional,,,
62937.0,UAMO02791,UAMO02791224,,1,359,20,well,41266.0,Karuna/Meibeki,Uasin Gishu,Moiben,Urban,,Clean,,,non_functional,,,
62938.0,UAMO02792,UAMO02792224,,3,383,10,river,22555.0,Kimumu,Uasin Gishu,Moiben,Rural,,,,,non_functional,,,
62939.0,UAMO02793,UAMO02793224,,1,439,48,river,39347.0,Moiben,Uasin Gishu,Moiben,Rural,,,,,non_functional,,,
62940.0,UAMO02794,UAMO02794224,,2,416,34,shared_taps,21473.0,Sergoit,Uasin Gishu,Moiben,Urban,,,,,non_functional,,,
62941.0,UAMO02795,UAMO02795224,,5,106,19,well,41173.0,Tembelio,Uasin Gishu,Moiben,Urban,,Contaminated: Chemical,,,non_functional,,,
62942.0,UASO02796,UASO02796224,,4,293,10,tap_in_home,30144.0,Kapkures,Uasin Gishu,Soy,Urban,,,,,non_functional,,,
62943.0,UASO02797,UASO02797224,,1,277,17,shared_taps,29711.0,Kipsomba,Uasin Gishu,Soy,Urban,,,,,non_functional,,,
62944.0,UASO02798,UASO02798224,,4,190,42,tap_in_home,41861.0,Kuinet/Kapsuswa,Uasin Gishu,Soy,Urban,,,,,non_functional,,,
62945.0,UASO02799,UASO02799224,,4,396,36,tap_in_home,37024.0,Moi'S Bridge,Uasin Gishu,Soy,Urban,,,,,non_functional,,,
62946.0,UASO02800,UASO02800224,,5,395,42,well,35167.0,Segero/Barsombe,Uasin Gishu,Soy,Rural,,Contaminated:Biological,,,non_functional,,,
62947.0,UASO02801,UASO02801224,,4,520,10,tap_in_home,34529.0,Soy,Uasin Gishu,Soy,Urban,,,,,non_functional,,,
62948.0,UASO02802,UASO02802224,,5,336,31,tap_in_home,47569.0,Ziwa,Uasin Gishu,Soy,Urban,,,,,non_functional,,,
62949.0,UATU02803,UATU02803224,,1,406,39,well,315.0,Huruma,Uasin Gishu,Turbo,Urban,,Contaminated:Biological,,,non_functional,,,
62950.0,UATU02804,UATU02804224,,4,54,37,tap_in_home,43148.0,Kamagut,Uasin Gishu,Turbo,Urban,,,,,non_functional,,,
62951.0,UATU02805,UATU02805224,,3,179,48,river,15180.0,Kapsaos,Uasin Gishu,Turbo,Rural,,,,,non_functional,,,
62952.0,UATU02806,UATU02806224,,5,123,42,tap_in_home_broken,42207.0,Kiplombe,Uasin Gishu,Turbo,Urban,,,,,non_functional,,,
62953.0,UATU02807,UATU02807224,,2,357,37,river,46988.0,Ngenyilel,Uasin Gishu,Turbo,Rural,,,,,non_functional,,,
62954.0,UATU02808,UATU02808224,,3,217,34,well,42581.0,Tapsagoi,Uasin Gishu,Turbo,Rural,,Clean,,,non_functional,,,
62955.0,VIEM02809,VIEM02809224,,5,453,2,tap_in_home_broken,32037.0,Central Bunyore,Vihiga,Emuhaya,Urban,,,,,non_functional,,,
62956.0,VIEM02810,VIEM02810224,,2,322,9,shared_taps,34986.0,North East Bunyore,Vihiga,Emuhaya,Urban,,,,,non_functional,,,
62957.0,VIEM02811,VIEM02811224,,4,207,8,well,37826.0,West Bunyore,Vihiga,Emuhaya,Rural,,Contaminated:Biological,,,non_functional,,,
62958.0,VIHA02812,VIHA02812224,,3,83,2,tap_in_home_broken,28212.0,Banja,Vihiga,Hamisi,Rural,,,,,non_functional,,,
62959.0,VIHA02813,VIHA02813224,,2,422,34,shared_taps,25949.0,Gisambai,Vihiga,Hamisi,Rural,,,,,non_functional,,,
62960.0,VIHA02814,VIHA02814224,,3,98,7,river,21217.0,Jepkoyai,Vihiga,Hamisi,Rural,,,,,non_functional,,,
62961.0,VIHA02815,VIHA02815224,,1,467,41,shared_taps,18712.0,Muhudu,Vihiga,Hamisi,Rural,,,,,non_functional,,,
62962.0,VIHA02816,VIHA02816224,,2,274,11,tap_in_home,30993.0,Shamakhokho,Vihiga,Hamisi,Urban,,,,,non_functional,,,
62963.0,VIHA02817,VIHA02817224,,5,100,27,tap_in_home,20770.0,Shiru,Vihiga,Hamisi,Rural,,,,,non_functional,,,
62964.0,VIHA02818,VIHA02818224,,4,236,15,tap_in_home,21225.0,Tambua,Vihiga,Hamisi,Urban,,,,,non_functional,,,
62965.0,VILU02819,VILU02819224,,2,261,10,shared_taps,26036.0,Emabungo,Vihiga,Luanda,Urban,,,,,non_functional,,,
62966.0,VILU02820,VILU02820224,,5,250,3,well,23096.0,Luanda South,Vihiga,Luanda,Rural,,Contaminated:Biological,,,non_functional,,,
62967.0,VILU02821,VILU02821224,,4,538,5,shared_taps,15702.0,Luanda Township,Vihiga,Luanda,Urban,,,,,non_functional,,,
62968.0,VILU02822,VILU02822224,,2,135,32,shared_taps,25084.0,Mwibona,Vihiga,Luanda,Rural,,,,,non_functional,,,
62969.0,VILU02823,VILU02823224,,4,143,44,river,29217.0,Wemilabi,Vihiga,Luanda,Rural,,,,,non_functional,,,
62970.0,VISA02824,VISA02824224,,3,281,0,river,24185.0,Busali,Vihiga,Sabatia,Urban,,,,,non_functional,,,
62971.0,VISA02825,VISA02825224,,4,113,0,well,20789.0,Chavakali,Vihiga,Sabatia,Rural,,Contaminated: Chemical,,,non_functional,,,
62972.0,WAWA02826,WAWA02826224,,4,419,29,river,20921.0,Bute,Wajir,Wajir North,Rural,,,,,non_functional,,,
62973.0,VISA02827,VISA02827224,,2,386,5,shared_taps,27922.0,Lyaduywa/Izava,Vihiga,Sabatia,Rural,,,,,non_functional,,,
62974.0,VISA02828,VISA02828224,,2,478,20,shared_taps,20894.0,North Maragoli,Vihiga,Sabatia,Urban,,,,,non_functional,,,
62975.0,VISA02829,VISA02829224,,5,420,8,river,23490.0,West Sabatia,Vihiga,Sabatia,Rural,,,,,non_functional,,,
62976.0,VISA02830,VISA02830224,,2,533,13,tap_in_home_broken,26932.0,Wodanga,Vihiga,Sabatia,Urban,,,,,non_functional,,,
62977.0,VIVI02831,VIVI02831224,,5,68,26,river,26927.0,Central Maragoli,Vihiga,Vihiga,Rural,,,,,non_functional,,,
62978.0,VIVI02832,VIVI02832224,,3,280,43,well,35619.0,Lugaga-Wamuluma,Vihiga,Vihiga,Rural,,Contaminated: Chemical,,,non_functional,,,
62979.0,VIVI02833,VIVI02833224,,4,365,43,shared_taps,23098.0,Mungoma,Vihiga,Vihiga,Rural,,,,,non_functional,,,
62980.0,VIVI02834,VIVI02834224,,5,187,42,well,23594.0,South Maragoli,Vihiga,Vihiga,Rural,,Contaminated: Chemical,,,non_functional,,,
62981.0,WAEL02835,WAEL02835224,,2,188,2,shared_taps,39570.0,Della,Wajir,Eldas,Urban,,,,,non_functional,,,
62982.0,WAEL02836,WAEL02836224,,5,230,20,well,30096.0,Eldas,Wajir,Eldas,Rural,,Clean,,,non_functional,,,
62983.0,WAEL02837,WAEL02837224,,2,231,29,well,30294.0,Elnur/Tula Tula,Wajir,Eldas,Rural,,Contaminated:Biological,,,non_functional,,,
62984.0,WAEL02838,WAEL02838224,,3,477,39,river,28721.0,Lakoley South/Basir,Wajir,Eldas,Rural,,,,,non_functional,,,
62985.0,WATA02839,WATA02839224,,5,16,8,river,19382.0,Elben,Wajir,Tarbaj,Rural,,,,,non_functional,,,
62986.0,WATA02840,WATA02840224,,1,88,47,shared_taps,6521.0,Sarman,Wajir,Tarbaj,Rural,,,,,non_functional,,,
62987.0,WATA02841,WATA02841224,,4,391,25,well,13973.0,Tarbaj,Wajir,Tarbaj,Rural,,Clean,,,non_functional,,,
62988.0,WATA02842,WATA02842224,,5,342,33,river,10556.0,Wargadud,Wajir,Tarbaj,Rural,,,,,non_functional,,,
62989.0,WAWA02843,WAWA02843224,,5,380,1,well,12649.0,Barwago,Wajir,Wajir East,Rural,,Clean,,,non_functional,,,
62990.0,WAWA02844,WAWA02844224,,4,122,15,shared_taps,35004.0,Khorof/Harar,Wajir,Wajir East,Rural,,,,,non_functional,,,
62991.0,WAWA02845,WAWA02845224,,5,208,18,well,17623.0,Township,Wajir,Wajir East,Rural,,Contaminated: Chemical,,,non_functional,,,
62992.0,WAWA02846,WAWA02846224,,4,38,19,tap_in_home,25849.0,Wagberi,Wajir,Wajir East,Urban,,,,,non_functional,,,
62993.0,WAWA02847,WAWA02847224,,2,4,22,well,11028.0,Batalu,Wajir,Wajir North,Rural,,Clean,,,non_functional,,,
62994.0,WAWA02848,WAWA02848224,,3,323,36,well,18886.0,Danaba,Wajir,Wajir North,Rural,,Clean,,,non_functional,,,
62995.0,WAWA02849,WAWA02849224,,4,378,36,tap_in_home_broken,4470.0,Godoma,Wajir,Wajir North,Urban,,,,,non_functional,,,
62996.0,WAWA02850,WAWA02850224,,3,207,35,river,20227.0,Gurar,Wajir,Wajir North,Rural,,,,,non_functional,,,
62997.0,WAWA02851,WAWA02851224,,2,195,5,tap_in_home,36532.0,Korondile,Wajir,Wajir North,Urban,,,,,non_functional,,,
62998.0,WAWA02852,WAWA02852224,,5,170,17,well,21119.0,Malkagufu,Wajir,Wajir North,Rural,,Contaminated: Chemical,,,non_functional,,,
62999.0,WAWA02853,WAWA02853224,,3,407,21,tap_in_home_broken,73211.0,Benane,Wajir,Wajir South,Rural,,,,,non_functional,,,
63000.0,WAWA02854,WAWA02854224,,1,526,48,tap_in_home_broken,23797.0,Burder,Wajir,Wajir South,Urban,,,,,non_functional,,,
63001.0,WAWA02855,WAWA02855224,,2,51,23,shared_taps,21493.0,Dadaja Bulla,Wajir,Wajir South,Urban,,,,,non_functional,,,
63002.0,WAWA02856,WAWA02856224,,4,381,41,shared_taps,31524.0,Diif,Wajir,Wajir South,Rural,,,,,non_functional,,,
63003.0,WAWA02857,WAWA02857224,,5,266,14,well,86121.0,Habasswein,Wajir,Wajir South,Rural,,Clean,,,non_functional,,,
63004.0,WAWA02858,WAWA02858224,,3,82,41,river,46914.0,Ibrahim Ure,Wajir,Wajir South,Rural,,,,,non_functional,,,
63005.0,WAWA02859,WAWA02859224,,5,416,15,tap_in_home,57517.0,Lagboghol South,Wajir,Wajir South,Urban,,,,,non_functional,,,
63006.0,WAWA02860,WAWA02860224,,3,436,44,river,43851.0,Adamasajide,Wajir,Wajir West,Rural,,,,,non_functional,,,
63007.0,WAWA02861,WAWA02861224,,4,367,14,shared_taps,20151.0,Arbajahan,Wajir,Wajir West,Urban,,,,,non_functional,,,
63008.0,WAWA02862,WAWA02862224,,3,26,20,tap_in_home,31649.0,Ganyure/Wagalla,Wajir,Wajir West,Rural,,,,,non_functional,,,
63009.0,WAWA02863,WAWA02863224,,2,365,16,tap_in_home_broken,20848.0,Hadado/Athibohol,Wajir,Wajir West,Urban,,,,,non_functional,,,
63010.0,WEKA02864,WEKA02864224,,2,339,0,tap_in_home_broken,38262.0,Alale,West Pokot,Kacheliba,Urban,,,,,non_functional,,,
63011.0,WEKA02865,WEKA02865224,,5,450,23,shared_taps,23419.0,Kapchok,West Pokot,Kacheliba,Urban,,,,,non_functional,,,
63012.0,WEKA02866,WEKA02866224,,2,510,21,tap_in_home_broken,14254.0,Kasei,West Pokot,Kacheliba,Urban,,,,,non_functional,,,
63013.0,WEKA02867,WEKA02867224,,4,480,47,tap_in_home,31017.0,Kiwawa,West Pokot,Kacheliba,Urban,,,,,non_functional,,,
63014.0,WEKA02868,WEKA02868224,,4,72,12,well,20656.0,Kodich,West Pokot,Kacheliba,Rural,,Contaminated:Biological,,,non_functional,,,
63015.0,WEKA02869,WEKA02869224,,3,300,9,tap_in_home_broken,22332.0,Suam,West Pokot,Kacheliba,Urban,,,,,non_functional,,,
63016.0,WEKA02870,WEKA02870224,,2,431,35,river,42080.0,Kapenguria,West Pokot,Kapenguria,Rural,,,,,non_functional,,,
63017.0,WEKA02871,WEKA02871224,,1,517,47,shared_taps,30366.0,Lokori/Kochodin,West Pokot,Kapenguria,Rural,,,,,non_functional,,,
63018.0,WEKA02872,WEKA02872224,,1,203,36,tap_in_home_broken,52142.0,Mnagei,West Pokot,Kapenguria,Urban,,,,,non_functional,,,
63019.0,WEKA02873,WEKA02873224,,5,358,15,tap_in_home,23609.0,Siyoi,West Pokot,Kapenguria,Urban,,,,,non_functional,,,
63020.0,WEKA02874,WEKA02874224,,3,110,25,well,19108.0,Sook,West Pokot,Kapenguria,Rural,,Contaminated:Biological,,,non_functional,,,
63021.0,WEPO02875,WEPO02875224,,2,153,43,shared_taps,45249.0,Batei,West Pokot,Pokot South,Urban,,,,,non_functional,,,
63022.0,WEPO02876,WEPO02876224,,2,43,5,well,66236.0,Chepareria,West Pokot,Pokot South,Rural,,Contaminated:Biological,,,non_functional,,,
63023.0,WEPO02877,WEPO02877224,,4,533,21,tap_in_home,81593.0,Lelan,West Pokot,Pokot South,Urban,,,,,non_functional,,,
63024.0,WEPO02878,WEPO02878224,,5,398,9,river,50057.0,Tapach,West Pokot,Pokot South,Rural,,,,,non_functional,,,
63025.0,WESI02879,WESI02879224,,3,61,44,tap_in_home,39752.0,Lomut,West Pokot,Sigor,Urban,,,,,non_functional,,,
63026.0,WESI02880,WESI02880224,,1,68,30,river,22363.0,Masool,West Pokot,Sigor,Rural,,,,,non_functional,,,
63027.0,WESI02881,WESI02881224,,3,218,10,well,27853.0,Sekerr,West Pokot,Sigor,Rural,,Contaminated: Chemical,,,non_functional,,,
63028.0,WESI02882,WESI02882224,,2,397,22,shared_taps,48489.0,Weiwei,West Pokot,Sigor,Urban,,,,,non_functional,,,
63029.0,WEUN02883,WEUN02883224,,4,389,4,shared_taps,11487.0,unknown 3,West Pokot,unknown 3,Rural,,,,,non_functional,,,
63030.0,BABA02884,BABA02884224,,4,323,42,well,32521.0,Mochongoi,Baringo,Baringo South,Rural,,Contaminated:Biological,,,non_functional,,,
63031.0,BA8002885,BA8002885224,,5,290,48,shared_taps,28336.0,Lembus,Baringo,805,Urban,,,,,non_functional,,,
63032.0,BABA02886,BABA02886224,,5,449,32,shared_taps,26203.0,Ewalel/Chapchap,Baringo,Baringo Central,Urban,,,,,non_functional,,,
63033.0,BABA02887,BABA02887224,,3,508,16,tap_in_home_broken,19057.0,Kabarnet,Baringo,Baringo Central,Urban,,,,,non_functional,,,
63034.0,BABA02888,BABA02888224,,3,327,41,tap_in_home_broken,30762.0,Kapropita,Baringo,Baringo Central,Urban,,,,,non_functional,,,
63035.0,BABA02889,BABA02889224,,1,265,12,shared_taps,16740.0,Sacho,Baringo,Baringo Central,Urban,,,,,non_functional,,,
63036.0,BABA02890,BABA02890224,,3,197,2,river,9702.0,Tenges,Baringo,Baringo Central,Rural,,,,,non_functional,,,
63037.0,BABA02891,BABA02891224,,3,53,48,shared_taps,13226.0,Bartabwa,Baringo,Baringo North,Urban,,,,,non_functional,,,
63038.0,BABA02892,BABA02892224,,5,350,7,river,29730.0,Barwessa,Baringo,Baringo North,Rural,,,,,non_functional,,,
63039.0,BABA02893,BABA02893224,,3,279,13,shared_taps,24101.0,Kabartonjo,Baringo,Baringo North,Rural,,,,,non_functional,,,
63040.0,BABA02894,BABA02894224,,3,345,20,tap_in_home,26661.0,Saimo/Kipsaraman,Baringo,Baringo North,Urban,,,,,non_functional,,,
63041.0,BABA02895,BABA02895224,,2,429,4,tap_in_home,16825.0,Saimo/Soi,Baringo,Baringo North,Rural,,,,,non_functional,,,
63042.0,BABA02896,BABA02896224,,4,362,36,well,28969.0,Ilchamus,Baringo,Baringo South,Rural,,Contaminated:Biological,,,non_functional,,,
63043.0,BABA02897,BABA02897224,,5,472,35,shared_taps,38938.0,Marigat,Baringo,Baringo South,Urban,,,,,non_functional,,,
63044.0,BABA02898,BABA02898224,,5,263,41,tap_in_home,15730.0,Mukutani,Baringo,Baringo South,Urban,,,,,non_functional,,,
63045.0,BAEL02899,BAEL02899224,,5,415,5,river,18131.0,Koibatek,Baringo,Eldama Ravine,Rural,,,,,non_functional,,,
63046.0,BAEL02900,BAEL02900224,,3,463,12,shared_taps,42906.0,Lembus Kwen,Baringo,Eldama Ravine,Rural,,,,,non_functional,,,
63047.0,BAEL02901,BAEL02901224,,3,532,20,well,25893.0,Lembus/Perkerra,Baringo,Eldama Ravine,Urban,,Contaminated: Chemical,,,non_functional,,,
63048.0,BAEL02902,BAEL02902224,,5,289,38,river,25615.0,Mumberes/Maji Mazuri,Baringo,Eldama Ravine,Rural,,,,,non_functional,,,
63049.0,BAEL02903,BAEL02903224,,2,204,36,river,19884.0,Ravine,Baringo,Eldama Ravine,Rural,,,,,non_functional,,,
63050.0,BAMO02904,BAMO02904224,,4,95,27,tap_in_home,25746.0,Emining,Baringo,Mogotio,Urban,,,,,non_functional,,,
63051.0,BAMO02905,BAMO02905224,,3,122,37,well,27601.0,Kisanana,Baringo,Mogotio,Rural,,Clean,,,non_functional,,,
63052.0,BAMO02906,BAMO02906224,,2,307,29,river,19698.0,Mogotio,Baringo,Mogotio,Rural,,,,,non_functional,,,
63053.0,BATI02907,BATI02907224,,4,102,1,tap_in_home_broken,24005.0,Churo/Amaya,Baringo,Tiaty,Urban,,,,,non_functional,,,
63054.0,BATI02908,BATI02908224,,4,239,35,tap_in_home_broken,36317.0,Kolowa,Baringo,Tiaty,Rural,,,,,non_functional,,,
63055.0,BATI02909,BATI02909224,,1,430,44,tap_in_home,15847.0,Loiyamorock,Baringo,Tiaty,Urban,,,,,non_functional,,,
63056.0,BATI02910,BATI02910224,,3,297,22,shared_taps,22121.0,Ribkwo,Baringo,Tiaty,Urban,,,,,non_functional,,,
63057.0,BATI02911,BATI02911224,,2,412,20,shared_taps,21373.0,Silale,Baringo,Tiaty,Urban,,,,,non_functional,,,
63058.0,BATI02912,BATI02912224,,2,367,25,well,18344.0,Tangulbei/Korossi,Baringo,Tiaty,Rural,,Clean,,,non_functional,,,
63059.0,BATI02913,BATI02913224,,1,451,40,tap_in_home,31578.0,Tirioko,Baringo,Tiaty,Urban,,,,,non_functional,,,
63060.0,BOBO02914,BOBO02914224,,5,238,2,shared_taps,50036.0,Chesoen,Bomet,Bomet Central,Urban,,,,,non_functional,,,
63061.0,BOBO02915,BOBO02915224,,5,251,39,shared_taps,24011.0,Mutarakwa,Bomet,Bomet Central,Urban,,,,,non_functional,,,
63062.0,BOBO02916,BOBO02916224,,3,492,23,river,35958.0,Ndaraweta,Bomet,Bomet Central,Rural,,,,,non_functional,,,
63063.0,BOBO02917,BOBO02917224,,3,339,24,shared_taps,31913.0,Silibwet Township,Bomet,Bomet Central,Rural,,,,,non_functional,,,
63064.0,BOBO02918,BOBO02918224,,2,120,46,well,25996.0,Singorwet,Bomet,Bomet Central,Urban,,Clean,,,non_functional,,,
63065.0,BOBO02919,BOBO02919224,,2,470,15,tap_in_home,26341.0,Chemaner,Bomet,Bomet East,Urban,,,,,non_functional,,,
63066.0,BOBO02920,BOBO02920224,,5,288,3,shared_taps,30669.0,Kembu,Bomet,Bomet East,Urban,,,,,non_functional,,,
63067.0,BOBO02921,BOBO02921224,,4,295,3,shared_taps,31243.0,Kipreres,Bomet,Bomet East,Urban,,,,,non_functional,,,
63068.0,BOBO02922,BOBO02922224,,2,61,7,shared_taps,37053.0,Longisa,Bomet,Bomet East,Urban,,,,,non_functional,,,
63069.0,BOBO02923,BOBO02923224,,4,284,21,well,52005.0,Merigi,Bomet,Bomet East,Rural,,Clean,,,non_functional,,,
63070.0,BOCH02924,BOCH02924224,,4,128,24,tap_in_home,43702.0,Chebunyo,Bomet,Chepalungu,Rural,,,,,non_functional,,,
63071.0,BOCH02925,BOCH02925224,,4,360,1,tap_in_home,39473.0,Kong'Asis,Bomet,Chepalungu,Urban,,,,,non_functional,,,
63072.0,BOCH02926,BOCH02926224,,4,377,44,river,49911.0,Nyangores,Bomet,Chepalungu,Rural,,,,,non_functional,,,
63073.0,BOCH02927,BOCH02927224,,1,478,15,well,46008.0,Sigor,Bomet,Chepalungu,Rural,,Contaminated: Chemical,,,non_functional,,,
63074.0,BOCH02928,BOCH02928224,,3,106,21,shared_taps,44643.0,Siongiroi,Bomet,Chepalungu,Rural,,,,,non_functional,,,
63075.0,BOKO02929,BOKO02929224,,2,456,38,well,36157.0,Boito,Bomet,Konoin,Rural,,Contaminated: Chemical,,,non_functional,,,
63076.0,BOKO02930,BOKO02930224,,3,280,1,well,28247.0,Chepchabas,Bomet,Konoin,Rural,,Contaminated:Biological,,,non_functional,,,
63077.0,BOKO02931,BOKO02931224,,4,55,40,well,44372.0,Embomos,Bomet,Konoin,Rural,,Contaminated: Chemical,,,non_functional,,,
63078.0,BOKO02932,BOKO02932224,,3,310,32,shared_taps,25307.0,Kimulot,Bomet,Konoin,Urban,,,,,non_functional,,,
63079.0,BOKO02933,BOKO02933224,,1,348,34,well,33691.0,Mogogosiek,Bomet,Konoin,Urban,,Clean,,,non_functional,,,
63080.0,BOSO02934,BOSO02934224,,3,18,47,tap_in_home_broken,52010.0,Chemagel,Bomet,Sotik,Urban,,,,,non_functional,,,
63081.0,BOSO02935,BOSO02935224,,5,364,38,tap_in_home,54083.0,Kapletundo,Bomet,Sotik,Urban,,,,,non_functional,,,
63082.0,BOSO02936,BOSO02936224,,5,487,39,tap_in_home,48141.0,Kipsonoi,Bomet,Sotik,Urban,,,,,non_functional,,,
63083.0,BOSO02937,BOSO02937224,,4,34,12,tap_in_home_broken,51223.0,Ndanai/Abosi,Bomet,Sotik,Urban,,,,,non_functional,,,
63084.0,BOSO02938,BOSO02938224,,2,167,2,shared_taps,36239.0,Rongena/Manaret,Bomet,Sotik,Urban,,,,,non_functional,,,
63085.0,BUBU02939,BUBU02939224,,5,531,10,well,43775.0,Bumula,Bungoma,Bumula,Rural,,Clean,,,non_functional,,,
63086.0,BUBU02940,BUBU02940224,,3,115,1,shared_taps,28030.0,Kabula,Bungoma,Bumula,Rural,,,,,non_functional,,,
63087.0,BUBU02941,BUBU02941224,,4,458,19,tap_in_home_broken,19261.0,Khasoko,Bungoma,Bumula,Rural,,,,,non_functional,,,
63088.0,BUBU02942,BUBU02942224,,2,259,0,river,49450.0,Kimaeti,Bungoma,Bumula,Rural,,,,,non_functional,,,
63089.0,BUBU02943,BUBU02943224,,4,84,23,river,42491.0,Siboti,Bungoma,Bumula,Rural,,,,,non_functional,,,
63090.0,BUBU02944,BUBU02944224,,1,112,1,shared_taps,30998.0,South Bukusu,Bungoma,Bumula,Rural,,,,,non_functional,,,
63091.0,BUBU02945,BUBU02945224,,5,32,31,river,29301.0,West Bukusu,Bungoma,Bumula,Rural,,,,,non_functional,,,
63092.0,BUKA02946,BUKA02946224,,5,513,43,tap_in_home,47769.0,Bwake/Luuya,Bungoma,Kabuchai,Rural,,,,,non_functional,,,
63093.0,BUKA02947,BUKA02947224,,1,363,24,river,51911.0,Kabuchai/Chwele,Bungoma,Kabuchai,Rural,,,,,non_functional,,,
63094.0,BUKA02948,BUKA02948224,,1,28,16,well,55756.0,Mukuyuni,Bungoma,Kabuchai,Rural,,Clean,,,non_functional,,,
63095.0,BUKA02949,BUKA02949224,,4,41,17,shared_taps,47199.0,West Nalondo,Bungoma,Kabuchai,Urban,,,,,non_functional,,,
63096.0,BUKA02950,BUKA02950224,,1,520,5,shared_taps,38799.0,Bukembe East,Bungoma,Kanduyi,Urban,,,,,non_functional,,,
63097.0,BUKA02951,BUKA02951224,,3,473,8,shared_taps,27288.0,Bukembe West,Bungoma,Kanduyi,Rural,,,,,non_functional,,,
63098.0,BUKA02952,BUKA02952224,,3,384,6,tap_in_home,44772.0,East Sang'Alo,Bungoma,Kanduyi,Urban,,,,,non_functional,,,
63099.0,BUKA02953,BUKA02953224,,2,40,48,tap_in_home_broken,7209.0,Khalaba,Bungoma,Kanduyi,Urban,,,,,non_functional,,,
63100.0,BUKA02954,BUKA02954224,,1,363,21,well,50152.0,Marakaru/Tuuti,Bungoma,Kanduyi,Rural,,Contaminated: Chemical,,,non_functional,,,
63101.0,BUKA02955,BUKA02955224,,4,297,35,well,48253.0,Musikoma,Bungoma,Kanduyi,Urban,,Contaminated:Biological,,,non_functional,,,
63102.0,BUKA02956,BUKA02956224,,3,200,2,shared_taps,5319.0,Township,Bungoma,Kanduyi,Urban,,,,,non_functional,,,
63103.0,BUKA02957,BUKA02957224,,1,446,24,river,47544.0,West Sang'Alo,Bungoma,Kanduyi,Rural,,,,,non_functional,,,
63104.0,BUKI02958,BUKI02958224,,4,291,20,tap_in_home_broken,50330.0,Kamukuywa,Bungoma,Kimilili,Rural,,,,,non_functional,,,
63105.0,BUKI02959,BUKI02959224,,1,259,7,shared_taps,40195.0,Kibingei,Bungoma,Kimilili,Rural,,,,,non_functional,,,
63106.0,BUKI02960,BUKI02960224,,2,451,9,tap_in_home,35249.0,Kimilili,Bungoma,Kimilili,Urban,,,,,non_functional,,,
63107.0,BUKI02961,BUKI02961224,,4,223,29,well,31802.0,Maeni,Bungoma,Kimilili,Rural,,Contaminated: Chemical,,,non_functional,,,
63108.0,BULI02962,BULI02962224,,3,195,20,tap_in_home,34173.0,Kongoni,Bungoma,Likuyani,Urban,,,,,non_functional,,,
63109.0,BULI02963,BULI02963224,,5,432,25,well,38371.0,Likuyani,Bungoma,Likuyani,Rural,,Clean,,,non_functional,,,
63110.0,BULI02964,BULI02964224,,2,73,26,well,43050.0,Nzoia,Bungoma,Likuyani,Rural,,Contaminated: Chemical,,,non_functional,,,
63111.0,BULI02965,BULI02965224,,2,61,44,well,29736.0,Sango,Bungoma,Likuyani,Rural,,Contaminated:Biological,,,non_functional,,,
63112.0,BULI02966,BULI02966224,,3,383,27,shared_taps,27318.0,Sinoko,Bungoma,Likuyani,Rural,,,,,non_functional,,,
63113.0,BULU02967,BULU02967224,,5,374,29,well,27428.0,Chekalini,Bungoma,Lugari,Rural,,Contaminated: Chemical,,,non_functional,,,
63114.0,BULU02968,BULU02968224,,4,289,20,well,40046.0,Lugari,Bungoma,Lugari,Rural,,Contaminated: Chemical,,,non_functional,,,
63115.0,BULU02969,BULU02969224,,4,355,16,shared_taps,37671.0,Lumakanda,Bungoma,Lugari,Urban,,,,,non_functional,,,
63116.0,BULU02970,BULU02970224,,5,492,13,well,32792.0,Mautuma,Bungoma,Lugari,Rural,,Contaminated: Chemical,,,non_functional,,,
63117.0,BUMT02971,BUMT02971224,,2,109,35,shared_taps,39423.0,Cheptais,Bungoma,Mt. Elgon,Rural,,,,,non_functional,,,
63118.0,BUMT02972,BUMT02972224,,1,346,7,shared_taps,36833.0,Chepyuk,Bungoma,Mt. Elgon,Rural,,,,,non_functional,,,
63119.0,ELMA02973,ELMA02973224,,3,243,45,shared_taps,46504.0,Sambirir,Elgeyo-Marakwet,Marakwet East,Rural,,,,,non_functional,,,
63120.0,BUMT02974,BUMT02974224,,4,360,18,well,35843.0,Chesikaki,Bungoma,Mt. Elgon,Rural,,Clean,,,non_functional,,,
63121.0,BUMT02975,BUMT02975224,,3,114,42,well,40084.0,Elgon,Bungoma,Mt. Elgon,Rural,,Clean,,,non_functional,,,
63122.0,BUMT02976,BUMT02976224,,3,496,24,shared_taps,37774.0,Kapkateny,Bungoma,Mt. Elgon,Rural,,,,,non_functional,,,
63123.0,BUMT02977,BUMT02977224,,1,483,16,shared_taps,40997.0,Kaptama,Bungoma,Mt. Elgon,Rural,,,,,non_functional,,,
63124.0,BUSI02978,BUSI02978224,,4,103,35,shared_taps,53524.0,Lwandanyi,Bungoma,Sirisia,Urban,,,,,non_functional,,,
63125.0,BUSI02979,BUSI02979224,,4,342,11,river,45444.0,Malakisi/South Kulisiru,Bungoma,Sirisia,Rural,,,,,non_functional,,,
63126.0,BUSI02980,BUSI02980224,,2,323,27,river,37353.0,Namwela,Bungoma,Sirisia,Rural,,,,,non_functional,,,
63127.0,BUTO02981,BUTO02981224,,3,163,41,shared_taps,42523.0,Mbakalo,Bungoma,Tongaren,Rural,,,,,non_functional,,,
63128.0,BUTO02982,BUTO02982224,,1,378,29,tap_in_home_broken,44730.0,Milima,Bungoma,Tongaren,Urban,,,,,non_functional,,,
63129.0,BUTO02983,BUTO02983224,,1,150,29,tap_in_home_broken,49979.0,Naitiri/Kabuyefwe,Bungoma,Tongaren,Urban,,,,,non_functional,,,
63130.0,BUTO02984,BUTO02984224,,4,527,40,well,30431.0,Ndalu/ Tabani,Bungoma,Tongaren,Rural,,Contaminated:Biological,,,non_functional,,,
63131.0,BUTO02985,BUTO02985224,,5,206,36,river,38255.0,Soysambu/ Mitua,Bungoma,Tongaren,Rural,,,,,non_functional,,,
63132.0,BUTO02986,BUTO02986224,,1,392,7,tap_in_home,44142.0,Tongaren,Bungoma,Tongaren,Urban,,,,,non_functional,,,
63133.0,BUWE02987,BUWE02987224,,5,47,37,river,48752.0,Bokoli,Bungoma,Webute West,Rural,,,,,non_functional,,,
63134.0,BUWE02988,BUWE02988224,,4,320,28,tap_in_home,30909.0,Matulo,Bungoma,Webute West,Urban,,,,,non_functional,,,
63135.0,BUWE02989,BUWE02989224,,3,101,6,river,50570.0,Misikhu,Bungoma,Webute West,Rural,,,,,non_functional,,,
63136.0,BUWE02990,BUWE02990224,,4,271,41,shared_taps,42859.0,Sitikho,Bungoma,Webute West,Urban,,,,,non_functional,,,
63137.0,BUWE02991,BUWE02991224,,2,30,0,river,41383.0,Maraka,Bungoma,Webuye East,Rural,,,,,non_functional,,,
63138.0,BUWE02992,BUWE02992224,,2,377,31,tap_in_home_broken,41192.0,Mihuu,Bungoma,Webuye East,Urban,,,,,non_functional,,,
63139.0,BUWE02993,BUWE02993224,,4,290,36,river,45838.0,Ndivisi,Bungoma,Webuye East,Rural,,,,,non_functional,,,
63140.0,BUBU02994,BUBU02994224,,3,450,20,well,16290.0,Bunyala Central,Busia,Budalangi,Rural,,Contaminated:Biological,,,non_functional,,,
63141.0,BUBU02995,BUBU02995224,,5,129,35,tap_in_home,30358.0,Bunyala North,Busia,Budalangi,Urban,,,,,non_functional,,,
63142.0,BUBU02996,BUBU02996224,,5,321,47,shared_taps,19739.0,Bunyala South,Busia,Budalangi,Rural,,,,,non_functional,,,
63143.0,BUBU02997,BUBU02997224,,5,257,37,river,29928.0,Bunyala West,Busia,Budalangi,Rural,,,,,non_functional,,,
63144.0,BUBU02998,BUBU02998224,,1,460,36,shared_taps,16542.0,Elugulu,Busia,Butula,Rural,,,,,non_functional,,,
63145.0,BUBU02999,BUBU02999224,,3,96,5,shared_taps,19991.0,Kingandole,Busia,Butula,Urban,,,,,non_functional,,,
63146.0,BUBU03000,BUBU03000224,,2,301,38,river,28505.0,Marachi Central,Busia,Butula,Rural,,,,,non_functional,,,
63147.0,BUBU03001,BUBU03001224,,5,390,39,river,32494.0,Marachi East,Busia,Butula,Rural,,,,,non_functional,,,
63148.0,BUBU03002,BUBU03002224,,3,406,47,well,30313.0,Marachi North,Busia,Butula,Rural,,Contaminated: Chemical,,,non_functional,,,
63149.0,BUBU03003,BUBU03003224,,2,371,31,tap_in_home,27099.0,Marachi West,Busia,Butula,Urban,,,,,non_functional,,,
63150.0,BUFU03004,BUFU03004224,,3,104,18,shared_taps,31810.0,Ageng'A Nanguba,Busia,Funyula,Urban,,,,,non_functional,,,
63151.0,BUFU03005,BUFU03005224,,5,201,34,tap_in_home,25049.0,Bwiri,Busia,Funyula,Urban,,,,,non_functional,,,
63152.0,BUFU03006,BUFU03006224,,5,263,34,tap_in_home_broken,30319.0,Namboboto Nambuku,Busia,Funyula,Urban,,,,,non_functional,,,
63153.0,BUFU03007,BUFU03007224,,3,85,3,river,30452.0,Nangina,Busia,Funyula,Rural,,,,,non_functional,,,
63154.0,BUMA03008,BUMA03008224,,2,465,8,well,56014.0,Bukhayo West,Busia,Matayos,Urban,,Contaminated: Chemical,,,non_functional,,,
63155.0,BUMA03009,BUMA03009224,,4,494,28,river,7843.0,Burumba,Busia,Matayos,Rural,,,,,non_functional,,,
63156.0,BUMA03010,BUMA03010224,,2,184,41,well,17133.0,Busibwabo,Busia,Matayos,Rural,,Clean,,,non_functional,,,
63157.0,BUMA03011,BUMA03011224,,1,415,7,shared_taps,43692.0,Matayos South,Busia,Matayos,Urban,,,,,non_functional,,,
63158.0,BUMA03012,BUMA03012224,,5,92,0,tap_in_home,9535.0,Mayenje,Busia,Matayos,Urban,,,,,non_functional,,,
63159.0,BUNA03013,BUNA03013224,,4,340,32,shared_taps,24408.0,Bukhayo Central,Busia,Nambale,Rural,,,,,non_functional,,,
63160.0,BUNA03014,BUNA03014224,,2,48,29,river,29795.0,Bukhayo East,Busia,Nambale,Rural,,,,,non_functional,,,
63161.0,BUNA03015,BUNA03015224,,3,436,32,tap_in_home,29481.0,Bukhayo North/Waltsi,Busia,Nambale,Urban,,,,,non_functional,,,
63162.0,BUNA03016,BUNA03016224,,5,29,44,shared_taps,41987.0,Nambale Township,Busia,Nambale,Urban,,,,,non_functional,,,
63163.0,BUTE03017,BUTE03017224,,1,454,8,tap_in_home,20245.0,Ang'Urai East,Busia,Teso North,Urban,,,,,non_functional,,,
63164.0,BUTE03018,BUTE03018224,,4,513,33,tap_in_home_broken,29775.0,Ang'Urai North,Busia,Teso North,Urban,,,,,non_functional,,,
63165.0,BUTE03019,BUTE03019224,,4,169,34,tap_in_home,28154.0,Ang'Urai South,Busia,Teso North,Urban,,,,,non_functional,,,
63166.0,BUTE03020,BUTE03020224,,3,196,1,well,31023.0,Malaba Central,Busia,Teso North,Rural,,Contaminated:Biological,,,non_functional,,,
63167.0,BUTE03021,BUTE03021224,,5,185,40,river,15835.0,Malaba North,Busia,Teso North,Rural,,,,,non_functional,,,
63168.0,ELMA03022,ELMA03022224,,1,77,5,shared_taps,11612.0,Arror,Elgeyo-Marakwet,Marakwet West,Rural,,,,,non_functional,,,
63169.0,BUTE03023,BUTE03023224,,1,72,20,shared_taps,23335.0,Malaba South,Busia,Teso North,Rural,,,,,non_functional,,,
63170.0,BUTE03024,BUTE03024224,,4,116,11,well,28818.0,Amukura Central,Busia,Teso South,Rural,,Contaminated: Chemical,,,non_functional,,,
63171.0,BUTE03025,BUTE03025224,,3,419,32,well,34423.0,Amukura East,Busia,Teso South,Urban,,Contaminated:Biological,,,non_functional,,,
63172.0,BUTE03026,BUTE03026224,,5,239,48,well,22210.0,Amukura West,Busia,Teso South,Rural,,Clean,,,non_functional,,,
63173.0,BUTE03027,BUTE03027224,,5,13,39,river,21211.0,Ang'Orom,Busia,Teso South,Rural,,,,,non_functional,,,
63174.0,BUTE03028,BUTE03028224,,3,333,21,river,25221.0,Chakol North,Busia,Teso South,Urban,,,,,non_functional,,,
63175.0,BUTE03029,BUTE03029224,,5,317,4,well,43024.0,Chakol South,Busia,Teso South,Rural,,Clean,,,non_functional,,,
63176.0,ELKE03030,ELKE03030224,,5,207,29,tap_in_home,15024.0,Emsoo,Elgeyo-Marakwet,Keiyo North,Urban,,,,,non_functional,,,
63177.0,ELKE03031,ELKE03031224,,4,251,11,well,40520.0,Kamariny,Elgeyo-Marakwet,Keiyo North,Urban,,Contaminated:Biological,,,non_functional,,,
63178.0,ELKE03032,ELKE03032224,,1,471,4,shared_taps,30026.0,Kapchemutwa,Elgeyo-Marakwet,Keiyo North,Urban,,,,,non_functional,,,
63179.0,ELKE03033,ELKE03033224,,1,497,5,well,25344.0,Tambach,Elgeyo-Marakwet,Keiyo North,Rural,,Clean,,,non_functional,,,
63180.0,ELKE03034,ELKE03034224,,3,261,35,tap_in_home,29493.0,Chepkorio,Elgeyo-Marakwet,Keiyo South,Rural,,,,,non_functional,,,
63181.0,ELKE03035,ELKE03035224,,1,94,2,river,21332.0,Kabiemit,Elgeyo-Marakwet,Keiyo South,Urban,,,,,non_functional,,,
63182.0,ELKE03036,ELKE03036224,,5,163,0,river,21875.0,Kaptarakwa,Elgeyo-Marakwet,Keiyo South,Rural,,,,,non_functional,,,
63183.0,ELKE03037,ELKE03037224,,4,385,32,tap_in_home,13887.0,Metkei,Elgeyo-Marakwet,Keiyo South,Urban,,,,,non_functional,,,
63184.0,ELKE03038,ELKE03038224,,5,11,10,river,18287.0,Soy North,Elgeyo-Marakwet,Keiyo South,Rural,,,,,non_functional,,,
63185.0,ELKE03039,ELKE03039224,,1,241,15,river,26504.0,Soy South,Elgeyo-Marakwet,Keiyo South,Rural,,,,,non_functional,,,
63186.0,ELMA03040,ELMA03040224,,5,211,7,shared_taps,26734.0,Endo,Elgeyo-Marakwet,Marakwet East,Urban,,,,,non_functional,,,
63187.0,ELMA03041,ELMA03041224,,2,223,20,shared_taps,18652.0,Kapyego,Elgeyo-Marakwet,Marakwet East,Urban,,,,,non_functional,,,
63188.0,ELMA03042,ELMA03042224,,3,519,22,shared_taps,25550.0,Cherang'Any/Chebororwa,Elgeyo-Marakwet,Marakwet West,Rural,,,,,non_functional,,,
63189.0,ELMA03043,ELMA03043224,,1,171,48,shared_taps,36804.0,Kapsowar,Elgeyo-Marakwet,Marakwet West,Urban,,,,,non_functional,,,
63190.0,ELMA03044,ELMA03044224,,4,499,27,river,30155.0,Moiben/Kuserwo,Elgeyo-Marakwet,Marakwet West,Rural,,,,,non_functional,,,
63191.0,ELMA03045,ELMA03045224,,3,126,38,tap_in_home_broken,27171.0,Sengwer,Elgeyo-Marakwet,Marakwet West,Rural,,,,,non_functional,,,
63192.0,EMMA03046,EMMA03046224,,4,62,18,tap_in_home,30551.0,Gaturi North,Embu,Manyatta,Urban,,,,,non_functional,,,
63193.0,EMMA03047,EMMA03047224,,5,2,0,tap_in_home_broken,22118.0,Gaturi South,Embu,Manyatta,Urban,,,,,non_functional,,,
63194.0,EMMA03048,EMMA03048224,,2,44,15,well,15961.0,Kirimari,Embu,Manyatta,Rural,,Contaminated:Biological,,,non_functional,,,
63195.0,EMMA03049,EMMA03049224,,4,370,40,well,22763.0,Kithimu,Embu,Manyatta,Urban,,Contaminated: Chemical,,,non_functional,,,
63196.0,EMMA03050,EMMA03050224,,5,314,0,tap_in_home,32746.0,Mbeti North,Embu,Manyatta,Urban,,,,,non_functional,,,
63197.0,EMMA03051,EMMA03051224,,3,95,48,river,55849.0,Nginda,Embu,Manyatta,Rural,,,,,non_functional,,,
63198.0,EMMA03052,EMMA03052224,,5,273,0,tap_in_home_broken,33244.0,Ruguru/Ngandori,Embu,Manyatta,Urban,,,,,non_functional,,,
63199.0,EMMB03053,EMMB03053224,,1,403,17,well,62283.0,Evurore,Embu,Mbeere North,Rural,,Clean,,,non_functional,,,
63200.0,EMMB03054,EMMB03054224,,1,175,10,tap_in_home,23551.0,Muminji,Embu,Mbeere North,Urban,,,,,non_functional,,,
63201.0,EMMB03055,EMMB03055224,,3,111,21,river,36308.0,Nthawa,Embu,Mbeere North,Rural,,,,,non_functional,,,
63202.0,EMMB03056,EMMB03056224,,4,459,11,tap_in_home,21646.0,Kiambere,Embu,Mbeere South,Rural,,,,,non_functional,,,
63203.0,EMMB03057,EMMB03057224,,2,307,31,tap_in_home,30097.0,Makima,Embu,Mbeere South,Urban,,,,,non_functional,,,
63204.0,EMMB03058,EMMB03058224,,2,387,3,shared_taps,47689.0,Mavuria,Embu,Mbeere South,Urban,,,,,non_functional,,,
63205.0,EMMB03059,EMMB03059224,,4,65,18,tap_in_home,42611.0,Mbeti South,Embu,Mbeere South,Urban,,,,,non_functional,,,
63206.0,EMMB03060,EMMB03060224,,5,152,4,river,44446.0,Mwea,Embu,Mbeere South,Rural,,,,,non_functional,,,
63207.0,EMRU03061,EMRU03061224,,2,372,20,shared_taps,30425.0,Central Ward,Embu,Runyenjes,Rural,,,,,non_functional,,,
63208.0,EMRU03062,EMRU03062224,,3,494,48,well,29185.0,Kagaari North,Embu,Runyenjes,Rural,,Clean,,,non_functional,,,
63209.0,EMRU03063,EMRU03063224,,5,150,2,shared_taps,25543.0,Kagaari South,Embu,Runyenjes,Rural,,,,,non_functional,,,
63210.0,EMRU03064,EMRU03064224,,2,131,47,well,26525.0,Kyeni North,Embu,Runyenjes,Rural,,Contaminated: Chemical,,,non_functional,,,
63211.0,EMRU03065,EMRU03065224,,5,155,22,river,33082.0,Kyeni South,Embu,Runyenjes,Rural,,,,,non_functional,,,
63212.0,GABA03066,GABA03066224,,3,532,48,shared_taps,5753.0,Balambala,Garissa,Balambala,Urban,,,,,non_functional,,,
63213.0,GABA03067,GABA03067224,,3,367,38,shared_taps,8320.0,Danyere,Garissa,Balambala,Urban,,,,,non_functional,,,
63214.0,GABA03068,GABA03068224,,1,462,37,tap_in_home,3112.0,Jara Jara,Garissa,Balambala,Urban,,,,,non_functional,,,
63215.0,GABA03069,GABA03069224,,4,14,5,shared_taps,1403.0,Saka,Garissa,Balambala,Urban,,,,,non_functional,,,
63216.0,GABA03070,GABA03070224,,2,31,5,tap_in_home_broken,3527.0,Sankuri,Garissa,Balambala,Urban,,,,,non_functional,,,
63217.0,GADA03071,GADA03071224,,3,111,7,well,21274.0,Abakaile,Garissa,Daadab,Urban,,Contaminated: Chemical,,,non_functional,,,
63218.0,GADA03072,GADA03072224,,3,298,32,well,36852.0,Dadaab,Garissa,Daadab,Rural,,Clean,,,non_functional,,,
63219.0,GADA03073,GADA03073224,,1,235,45,well,14988.0,Damajale,Garissa,Daadab,Rural,,Clean,,,non_functional,,,
63220.0,GADA03074,GADA03074224,,3,160,9,well,16000.0,Dertu,Garissa,Daadab,Rural,,Clean,,,non_functional,,,
63221.0,GADA03075,GADA03075224,,5,307,19,well,68839.0,Labasigale,Garissa,Daadab,Urban,,Contaminated: Chemical,,,non_functional,,,
63222.0,GADA03076,GADA03076224,,1,373,44,river,17907.0,Liboi,Garissa,Daadab,Rural,,,,,non_functional,,,
63223.0,GAFA03077,GAFA03077224,,2,372,48,river,71784.0,Bura,Garissa,Fafi,Rural,,,,,non_functional,,,
63224.0,GAFA03078,GAFA03078224,,5,46,32,well,21418.0,Dekaharia,Garissa,Fafi,Rural,,Contaminated:Biological,,,non_functional,,,
63225.0,GAFA03079,GAFA03079224,,1,241,29,river,4713.0,Fafi,Garissa,Fafi,Rural,,,,,non_functional,,,
63226.0,GAFA03080,GAFA03080224,,2,382,30,shared_taps,74405.0,Jarajila,Garissa,Fafi,Rural,,,,,non_functional,,,
63227.0,GAFA03081,GAFA03081224,,5,248,18,tap_in_home_broken,11870.0,Nanighi,Garissa,Fafi,Rural,,,,,non_functional,,,
63228.0,GAGA03082,GAGA03082224,,5,134,5,shared_taps,16614.0,Galbet,Garissa,Garissa Township,Urban,,,,,non_functional,,,
63229.0,GAGA03083,GAGA03083224,,1,360,8,well,23162.0,Iftin,Garissa,Garissa Township,Rural,,Contaminated:Biological,,,non_functional,,,
63230.0,GAGA03084,GAGA03084224,,2,276,40,shared_taps,0.0,Township,Garissa,Garissa Township,Urban,,,,,non_functional,,,
63231.0,GAGA03085,GAGA03085224,,2,178,26,well,8879.0,Waberi,Garissa,Garissa Township,Rural,,Clean,,,non_functional,,,
63232.0,GAIJ03086,GAIJ03086224,,5,81,21,tap_in_home,54385.0,Hulugho,Garissa,Ijara,Urban,,,,,non_functional,,,
63233.0,GAIJ03087,GAIJ03087224,,1,336,19,tap_in_home_broken,54152.0,Ijara,Garissa,Ijara,Urban,,,,,non_functional,,,
63234.0,GAIJ03088,GAIJ03088224,,4,124,35,shared_taps,139826.0,Masalani,Garissa,Ijara,Rural,,,,,non_functional,,,
63235.0,GAIJ03089,GAIJ03089224,,2,196,41,tap_in_home,16748.0,Sangailu,Garissa,Ijara,Urban,,,,,non_functional,,,
63236.0,GALA03090,GALA03090224,,3,14,9,well,34.0,Baraki,Garissa,Lagdera,Rural,,Clean,,,non_functional,,,
63237.0,GALA03091,GALA03091224,,2,154,0,shared_taps,11263.0,Benane,Garissa,Lagdera,Urban,,,,,non_functional,,,
63238.0,GALA03092,GALA03092224,,2,268,39,tap_in_home_broken,10775.0,Goreale,Garissa,Lagdera,Urban,,,,,non_functional,,,
63239.0,GALA03093,GALA03093224,,4,337,18,shared_taps,16669.0,Maalimin,Garissa,Lagdera,Rural,,,,,non_functional,,,
63240.0,GALA03094,GALA03094224,,2,87,18,river,4069.0,Modogashe,Garissa,Lagdera,Rural,,,,,non_functional,,,
63241.0,GALA03095,GALA03095224,,1,519,13,tap_in_home,5966.0,Sabena,Garissa,Lagdera,Urban,,,,,non_functional,,,
63242.0,HOHO03096,HOHO03096224,,4,40,2,shared_taps,32742.0,Homa Bay Arujo,Homa Bay,Homa Bay Town,Rural,,,,,non_functional,,,
63243.0,HOHO03097,HOHO03097224,,1,443,44,well,43551.0,Homa Bay Central,Homa Bay,Homa Bay Town,Rural,,Contaminated:Biological,,,non_functional,,,
63244.0,HOHO03098,HOHO03098224,,5,68,32,river,37865.0,Homa Bay East,Homa Bay,Homa Bay Town,Rural,,,,,non_functional,,,
63245.0,HOHO03099,HOHO03099224,,5,472,46,shared_taps,19995.0,Homa Bay West,Homa Bay,Homa Bay Town,Urban,,,,,non_functional,,,
63246.0,KEBU03100,KEBU03100224,,4,359,9,tap_in_home,29074.0,Kapkatet,Kericho,Bureti,Urban,,,,,non_functional,,,
63247.0,HOKA03101,HOKA03101224,,2,500,27,tap_in_home,41191.0,Kabondo East,Homa Bay,Kabondo Kasipul,Urban,,,,,non_functional,,,
63248.0,HOKA03102,HOKA03102224,,2,455,33,shared_taps,37058.0,Kabondo West,Homa Bay,Kabondo Kasipul,Urban,,,,,non_functional,,,
63249.0,HOKA03103,HOKA03103224,,2,525,25,shared_taps,21031.0,Kojwach,Homa Bay,Kabondo Kasipul,Rural,,,,,non_functional,,,
63250.0,HOKA03104,HOKA03104224,,2,208,5,well,35083.0,Kokwanyo/Kakelo,Homa Bay,Kabondo Kasipul,Rural,,Contaminated:Biological,,,non_functional,,,
63251.0,HOKA03105,HOKA03105224,,2,428,13,well,24631.0,Central,Homa Bay,Karachuonyo,Rural,,Clean,,,non_functional,,,
63252.0,HOKA03106,HOKA03106224,,4,516,6,well,23322.0,Kanyaluo,Homa Bay,Karachuonyo,Rural,,Contaminated: Chemical,,,non_functional,,,
63253.0,HOKA03107,HOKA03107224,,3,229,32,well,7709.0,Kendu Bay Town,Homa Bay,Karachuonyo,Rural,,Contaminated:Biological,,,non_functional,,,
63254.0,HOKA03108,HOKA03108224,,3,258,12,tap_in_home_broken,20178.0,Kibiri,Homa Bay,Karachuonyo,Rural,,,,,non_functional,,,
63255.0,HOKA03109,HOKA03109224,,2,195,25,well,16303.0,North Karachuonyo,Homa Bay,Karachuonyo,Rural,,Contaminated:Biological,,,non_functional,,,
63256.0,HOKA03110,HOKA03110224,,3,14,45,tap_in_home_broken,39210.0,Wangchieng,Homa Bay,Karachuonyo,Urban,,,,,non_functional,,,
63257.0,HOKA03111,HOKA03111224,,1,158,46,shared_taps,35850.0,West Karachuonyo,Homa Bay,Karachuonyo,Urban,,,,,non_functional,,,
63258.0,HOKA03112,HOKA03112224,,2,142,12,river,31762.0,Central Kasipul,Homa Bay,Kasipul,Rural,,,,,non_functional,,,
63259.0,HOKA03113,HOKA03113224,,4,190,30,well,18671.0,East Kamagak,Homa Bay,Kasipul,Rural,,Contaminated:Biological,,,non_functional,,,
63260.0,HOKA03114,HOKA03114224,,1,151,14,tap_in_home,36153.0,South Kasipul,Homa Bay,Kasipul,Urban,,,,,non_functional,,,
63261.0,HOKA03115,HOKA03115224,,1,357,26,shared_taps,24472.0,West Kamagak,Homa Bay,Kasipul,Rural,,,,,non_functional,,,
63262.0,HOKA03116,HOKA03116224,,5,264,41,shared_taps,33085.0,West Kasipul,Homa Bay,Kasipul,Urban,,,,,non_functional,,,
63263.0,HOMB03117,HOMB03117224,,4,472,8,tap_in_home,21576.0,Gembe,Homa Bay,Mbita,Urban,,,,,non_functional,,,
63264.0,KEBU03118,KEBU03118224,,4,129,4,well,28008.0,Kisiara,Kericho,Bureti,Urban,,Contaminated:Biological,,,non_functional,,,
63265.0,HOMB03119,HOMB03119224,,5,192,45,shared_taps,24118.0,Kasgunga,Homa Bay,Mbita,Urban,,,,,non_functional,,,
63266.0,HOMB03120,HOMB03120224,,4,180,1,tap_in_home_broken,30576.0,Lambwe,Homa Bay,Mbita,Urban,,,,,non_functional,,,
63267.0,HOMB03121,HOMB03121224,,5,353,28,tap_in_home,32731.0,Mfangano Island,Homa Bay,Mbita,Urban,,,,,non_functional,,,
63268.0,HOMB03122,HOMB03122224,,5,175,21,shared_taps,29456.0,Rusinga Island,Homa Bay,Mbita,Urban,,,,,non_functional,,,
63269.0,HOND03123,HOND03123224,,3,530,3,well,61163.0,Kabuoch North,Homa Bay,Ndhiwa,Rural,,Contaminated: Chemical,,,non_functional,,,
63270.0,HOND03124,HOND03124224,,4,416,1,tap_in_home,21221.0,Kabuoch South/Pala,Homa Bay,Ndhiwa,Rural,,,,,non_functional,,,
63271.0,HOND03125,HOND03125224,,1,395,40,shared_taps,24510.0,Kanyadoto,Homa Bay,Ndhiwa,Urban,,,,,non_functional,,,
63272.0,HOND03126,HOND03126224,,4,131,26,tap_in_home_broken,32070.0,Kanyamwa Kologi,Homa Bay,Ndhiwa,Urban,,,,,non_functional,,,
63273.0,HOND03127,HOND03127224,,4,229,34,shared_taps,47239.0,Kanyamwa Kosewe,Homa Bay,Ndhiwa,Urban,,,,,non_functional,,,
63274.0,HOND03128,HOND03128224,,2,50,0,well,8985.0,Kanyikela,Homa Bay,Ndhiwa,Rural,,Contaminated: Chemical,,,non_functional,,,
63275.0,HOND03129,HOND03129224,,4,518,11,well,45663.0,Kwabwai,Homa Bay,Ndhiwa,Rural,,Contaminated: Chemical,,,non_functional,,,
63276.0,HORA03130,HORA03130224,,4,242,7,tap_in_home,28646.0,East Gem,Homa Bay,Rangwe,Rural,,,,,non_functional,,,
63277.0,HORA03131,HORA03131224,,2,214,1,shared_taps,38416.0,Kagan,Homa Bay,Rangwe,Urban,,,,,non_functional,,,
63278.0,HORA03132,HORA03132224,,3,23,25,well,32432.0,Kochia,Homa Bay,Rangwe,Rural,,Clean,,,non_functional,,,
63279.0,HORA03133,HORA03133224,,3,376,40,tap_in_home,26420.0,West Gem,Homa Bay,Rangwe,Urban,,,,,non_functional,,,
63280.0,HOSU03134,HOSU03134224,,3,235,37,river,30960.0,Gwassi North,Homa Bay,Suba,Rural,,,,,non_functional,,,
63281.0,HOSU03135,HOSU03135224,,3,228,34,river,45559.0,Gwassi South,Homa Bay,Suba,Rural,,,,,non_functional,,,
63282.0,HOSU03136,HOSU03136224,,1,236,18,shared_taps,41994.0,Kaksingri West,Homa Bay,Suba,Urban,,,,,non_functional,,,
63283.0,HOSU03137,HOSU03137224,,2,119,47,tap_in_home_broken,17316.0,Ruma-Kaksingri,Homa Bay,Suba,Urban,,,,,non_functional,,,
63284.0,HOUN03138,HOUN03138224,,2,356,47,shared_taps,27541.0,unknown 6,Homa Bay,unknown 6,Rural,,,,,non_functional,,,
63285.0,ISIS03139,ISIS03139224,,3,460,14,river,37532.0,Bulla Pesa,Isiolo,Isiolo North,Rural,,,,,non_functional,,,
63286.0,ISIS03140,ISIS03140224,,3,192,0,river,24899.0,Burat,Isiolo,Isiolo North,Rural,,,,,non_functional,,,
63287.0,ISIS03141,ISIS03141224,,3,162,11,tap_in_home_broken,13325.0,Chari,Isiolo,Isiolo North,Urban,,,,,non_functional,,,
63288.0,ISIS03142,ISIS03142224,,5,13,31,shared_taps,45150.0,Cherab,Isiolo,Isiolo North,Rural,,,,,non_functional,,,
63289.0,ISIS03143,ISIS03143224,,3,151,26,tap_in_home,11648.0,Ngare Mara,Isiolo,Isiolo North,Urban,,,,,non_functional,,,
63290.0,ISIS03144,ISIS03144224,,1,22,28,river,26817.0,Oldo/Nyiro,Isiolo,Isiolo North,Rural,,,,,non_functional,,,
63291.0,ISIS03145,ISIS03145224,,1,507,16,well,40973.0,Wabera,Isiolo,Isiolo North,Rural,,Contaminated: Chemical,,,non_functional,,,
63292.0,ISIS03146,ISIS03146224,,5,222,34,shared_taps,43991.0,Garbatulla,Isiolo,Isiolo South,Rural,,,,,non_functional,,,
63293.0,ISIS03147,ISIS03147224,,4,403,12,shared_taps,42598.0,Kinna,Isiolo,Isiolo South,Urban,,,,,non_functional,,,
63294.0,ISIS03148,ISIS03148224,,5,437,2,river,37685.0,Sericho,Isiolo,Isiolo South,Rural,,,,,non_functional,,,
63295.0,KAKA03149,KAKA03149224,,1,475,17,shared_taps,52933.0,Dalalekutuk,Kajiado,Kajiado Central,Urban,,,,,non_functional,,,
63296.0,KAKA03150,KAKA03150224,,3,99,48,river,15248.0,Ildamat,Kajiado,Kajiado Central,Rural,,,,,non_functional,,,
63297.0,KAKA03151,KAKA03151224,,5,113,13,tap_in_home_broken,51915.0,Matapato North,Kajiado,Kajiado Central,Urban,,,,,non_functional,,,
63298.0,KAKA03152,KAKA03152224,,1,209,31,tap_in_home_broken,65155.0,Matapato South,Kajiado,Kajiado Central,Urban,,,,,non_functional,,,
63299.0,KEBU03153,KEBU03153224,,4,326,25,well,39683.0,Litein,Kericho,Bureti,Rural,,Clean,,,non_functional,,,
63300.0,KAKA03154,KAKA03154224,,5,187,7,shared_taps,8904.0,Purko,Kajiado,Kajiado Central,Urban,,,,,non_functional,,,
63301.0,KAKA03155,KAKA03155224,,1,331,10,tap_in_home_broken,29892.0,Imaroro,Kajiado,Kajiado East,Urban,,,,,non_functional,,,
63302.0,KAKA03156,KAKA03156224,,2,80,19,well,107067.0,Kaputiei North,Kajiado,Kajiado East,Rural,,Contaminated: Chemical,,,non_functional,,,
63303.0,KAKA03157,KAKA03157224,,3,410,31,tap_in_home,38251.0,Kenyawa-Poka,Kajiado,Kajiado East,Urban,,,,,non_functional,,,
63304.0,KAKA03158,KAKA03158224,,5,244,8,well,13724.0,Kitengela,Kajiado,Kajiado East,Urban,,Contaminated:Biological,,,non_functional,,,
63305.0,KAKA03159,KAKA03159224,,3,320,26,shared_taps,74930.0,Oloosirkon/Sholinke,Kajiado,Kajiado East,Rural,,,,,non_functional,,,
63306.0,KAKA03160,KAKA03160224,,1,447,8,shared_taps,7378.0,Ngong,Kajiado,Kajiado North,Urban,,,,,non_functional,,,
63307.0,KAKA03161,KAKA03161224,,5,358,28,river,5362.0,Nkaimurunya,Kajiado,Kajiado North,Rural,,,,,non_functional,,,
63308.0,KAKA03162,KAKA03162224,,5,267,8,river,78798.0,Olkeri,Kajiado,Kajiado North,Urban,,,,,non_functional,,,
63309.0,KAKA03163,KAKA03163224,,4,204,36,well,18531.0,Oloolua,Kajiado,Kajiado North,Rural,,Contaminated:Biological,,,non_functional,,,
63310.0,KAKA03164,KAKA03164224,,2,309,37,tap_in_home_broken,1976.0,Ongata Rongai,Kajiado,Kajiado North,Urban,,,,,non_functional,,,
63311.0,KAKA03165,KAKA03165224,,1,79,30,shared_taps,35034.0,Entonet/Lenkisim,Kajiado,Kajiado South,Urban,,,,,non_functional,,,
63312.0,KAKA03166,KAKA03166224,,1,80,25,tap_in_home_broken,35295.0,Kimana,Kajiado,Kajiado South,Urban,,,,,non_functional,,,
63313.0,KAKA03167,KAKA03167224,,3,503,20,shared_taps,51394.0,Kuku,Kajiado,Kajiado South,Rural,,,,,non_functional,,,
63314.0,KAKA03168,KAKA03168224,,3,506,22,shared_taps,28074.0,Mbirikani/Eselenkei,Kajiado,Kajiado South,Rural,,,,,non_functional,,,
63315.0,KAKA03169,KAKA03169224,,4,495,14,shared_taps,72365.0,Rombo,Kajiado,Kajiado South,Urban,,,,,non_functional,,,
63316.0,KAKH03170,KAKH03170224,,5,159,27,tap_in_home,24508.0,Kisa West,Kakamega,Khwisero,Urban,,,,,non_functional,,,
63317.0,KAKA03171,KAKA03171224,,3,40,25,river,59216.0,Ewuaso Oonkidong'I,Kajiado,Kajiado West,Rural,,,,,non_functional,,,
63318.0,KAKA03172,KAKA03172224,,3,399,28,river,32368.0,Iloodokilani,Kajiado,Kajiado West,Rural,,,,,non_functional,,,
63319.0,KAKA03173,KAKA03173224,,5,26,5,shared_taps,77231.0,Keekonyokie,Kajiado,Kajiado West,Urban,,,,,non_functional,,,
63320.0,KAKA03174,KAKA03174224,,2,500,29,river,38946.0,Magadi,Kajiado,Kajiado West,Rural,,,,,non_functional,,,
63321.0,KAKA03175,KAKA03175224,,1,529,42,shared_taps,4075.0,Mosiro,Kajiado,Kajiado West,Urban,,,,,non_functional,,,
63322.0,KABU03176,KABU03176224,,4,451,44,river,55839.0,Marama Central,Kakamega,Butere,Rural,,,,,non_functional,,,
63323.0,KABU03177,KABU03177224,,2,265,10,tap_in_home,25841.0,Marama North,Kakamega,Butere,Urban,,,,,non_functional,,,
63324.0,KABU03178,KABU03178224,,2,90,35,tap_in_home_broken,25657.0,Marama South,Kakamega,Butere,Urban,,,,,non_functional,,,
63325.0,KABU03179,KABU03179224,,5,229,11,well,36189.0,Marama West,Kakamega,Butere,Rural,,Contaminated: Chemical,,,non_functional,,,
63326.0,KABU03180,KABU03180224,,2,64,35,shared_taps,28912.0,Marenyo - Shianda,Kakamega,Butere,Urban,,,,,non_functional,,,
63327.0,KAIK03181,KAIK03181224,,5,207,0,tap_in_home,37243.0,Idakho Central,Kakamega,Ikolomani,Urban,,,,,non_functional,,,
63328.0,KAIK03182,KAIK03182224,,2,361,6,shared_taps,34127.0,Idakho East,Kakamega,Ikolomani,Urban,,,,,non_functional,,,
63329.0,KAIK03183,KAIK03183224,,4,64,39,shared_taps,30124.0,Idakho North,Kakamega,Ikolomani,Rural,,,,,non_functional,,,
63330.0,KAIK03184,KAIK03184224,,4,95,40,tap_in_home,22965.0,Idakho South,Kakamega,Ikolomani,Urban,,,,,non_functional,,,
63331.0,KAKH03185,KAKH03185224,,2,101,39,tap_in_home,50804.0,Kisa Central,Kakamega,Khwisero,Urban,,,,,non_functional,,,
63332.0,KAKH03186,KAKH03186224,,4,315,25,tap_in_home,24936.0,Kisa East,Kakamega,Khwisero,Urban,,,,,non_functional,,,
63333.0,KAKH03187,KAKH03187224,,4,244,16,tap_in_home,22719.0,Kisa North,Kakamega,Khwisero,Urban,,,,,non_functional,,,
63334.0,KALU03188,KALU03188224,,3,49,27,well,38964.0,Chevaywa,Kakamega,Lugari,Rural,,Clean,,,non_functional,,,
63335.0,KALU03189,KALU03189224,,2,175,28,shared_taps,32301.0,Lwandeti,Kakamega,Lugari,Urban,,,,,non_functional,,,
63336.0,KALU03190,KALU03190224,,4,250,46,well,39639.0,Butsotso Central,Kakamega,Lurambi,Rural,,Contaminated: Chemical,,,non_functional,,,
63337.0,KALU03191,KALU03191224,,1,465,16,shared_taps,28808.0,Butsotso East,Kakamega,Lurambi,Urban,,,,,non_functional,,,
63338.0,KALU03192,KALU03192224,,4,347,43,tap_in_home,24708.0,Butsotso South,Kakamega,Lurambi,Urban,,,,,non_functional,,,
63339.0,KALU03193,KALU03193224,,3,202,43,well,14757.0,Mahiakalo,Kakamega,Lurambi,Rural,,Contaminated:Biological,,,non_functional,,,
63340.0,KALU03194,KALU03194224,,4,250,14,shared_taps,40244.0,Sheywe,Kakamega,Lurambi,Urban,,,,,non_functional,,,
63341.0,KALU03195,KALU03195224,,3,220,43,river,19136.0,Shirere,Kakamega,Lurambi,Rural,,,,,non_functional,,,
63342.0,KAMA03196,KAMA03196224,,4,361,44,tap_in_home,44250.0,Butali/Chegulo,Kakamega,Malava,Urban,,,,,non_functional,,,
63343.0,KAMA03197,KAMA03197224,,1,109,41,shared_taps,33159.0,Chemuche,Kakamega,Malava,Rural,,,,,non_functional,,,
63344.0,KAMA03198,KAMA03198224,,2,35,19,tap_in_home_broken,29097.0,East Kabras,Kakamega,Malava,Urban,,,,,non_functional,,,
63345.0,KAMA03199,KAMA03199224,,2,334,48,tap_in_home,40163.0,Manda-Shivanga,Kakamega,Malava,Urban,,,,,non_functional,,,
63346.0,KAMA03200,KAMA03200224,,2,530,45,tap_in_home,37098.0,Shirugu-Mugai,Kakamega,Malava,Urban,,,,,non_functional,,,
63347.0,KAMA03201,KAMA03201224,,1,372,29,well,47198.0,South Kabras,Kakamega,Malava,Urban,,Contaminated:Biological,,,non_functional,,,
63348.0,KAMA03202,KAMA03202224,,4,177,28,shared_taps,33430.0,West Kabras,Kakamega,Malava,Rural,,,,,non_functional,,,
63349.0,KAMA03203,KAMA03203224,,2,3,40,river,27151.0,Khalaba,Kakamega,Matungu,Rural,,,,,non_functional,,,
63350.0,KAMA03204,KAMA03204224,,1,531,15,tap_in_home,37020.0,Kholera,Kakamega,Matungu,Urban,,,,,non_functional,,,
63351.0,KAMA03205,KAMA03205224,,3,66,47,well,49578.0,Koyonzo,Kakamega,Matungu,Rural,,Contaminated: Chemical,,,non_functional,,,
63352.0,KAMA03206,KAMA03206224,,3,451,31,well,38643.0,Mayoni,Kakamega,Matungu,Rural,,Clean,,,non_functional,,,
63353.0,KAMA03207,KAMA03207224,,2,262,20,well,38878.0,Namamali,Kakamega,Matungu,Rural,,Clean,,,non_functional,,,
63354.0,KAMU03208,KAMU03208224,,1,433,10,tap_in_home,43907.0,East Wanga,Kakamega,Mumias East,Urban,,,,,non_functional,,,
63355.0,KAMU03209,KAMU03209224,,5,162,24,river,53237.0,Lusheya/Lubinu,Kakamega,Mumias East,Rural,,,,,non_functional,,,
63356.0,KAMU03210,KAMU03210224,,1,232,1,tap_in_home_broken,39297.0,Malaha/Isongo/Makunga,Kakamega,Mumias East,Rural,,,,,non_functional,,,
63357.0,KAMU03211,KAMU03211224,,3,353,13,river,31565.0,Etenje,Kakamega,Mumias West,Rural,,,,,non_functional,,,
63358.0,KAMU03212,KAMU03212224,,4,393,42,tap_in_home,40579.0,Mumias Central,Kakamega,Mumias West,Urban,,,,,non_functional,,,
63359.0,KAMU03213,KAMU03213224,,4,22,36,river,11652.0,Mumias North,Kakamega,Mumias West,Rural,,,,,non_functional,,,
63360.0,KAMU03214,KAMU03214224,,3,156,16,river,34945.0,Musanda,Kakamega,Mumias West,Rural,,,,,non_functional,,,
63361.0,KANA03215,KANA03215224,,2,260,16,river,35850.0,Bunyala Central,Kakamega,Navakholo,Rural,,,,,non_functional,,,
63362.0,KANA03216,KANA03216224,,3,452,29,tap_in_home,28291.0,Bunyala East,Kakamega,Navakholo,Urban,,,,,non_functional,,,
63363.0,KANA03217,KANA03217224,,5,518,17,river,46709.0,Bunyala West,Kakamega,Navakholo,Rural,,,,,non_functional,,,
63364.0,KANA03218,KANA03218224,,5,440,5,shared_taps,28854.0,Ingostse-Mathia,Kakamega,Navakholo,Rural,,,,,non_functional,,,
63365.0,KEBU03219,KEBU03219224,,4,437,8,tap_in_home_broken,26405.0,Cheplanget,Kericho,Bureti,Urban,,,,,non_functional,,,
63366.0,KANA03220,KANA03220224,,1,253,35,river,33749.0,Shinoyi-Shikomari-Esumeyia,Kakamega,Navakholo,Rural,,,,,non_functional,,,
63367.0,KASH03221,KASH03221224,,2,221,15,shared_taps,37438.0,Isukha Central,Kakamega,Shinyalu,Urban,,,,,non_functional,,,
63368.0,KASH03222,KASH03222224,,2,39,42,tap_in_home,19964.0,Isukha East,Kakamega,Shinyalu,Urban,,,,,non_functional,,,
63369.0,KASH03223,KASH03223224,,4,92,15,well,29213.0,Isukha North,Kakamega,Shinyalu,Rural,,Contaminated: Chemical,,,non_functional,,,
63370.0,KASH03224,KASH03224224,,1,478,28,tap_in_home,39596.0,Isukha South,Kakamega,Shinyalu,Urban,,,,,non_functional,,,
63371.0,KASH03225,KASH03225224,,4,498,44,well,22017.0,Isukha West,Kakamega,Shinyalu,Rural,,Contaminated: Chemical,,,non_functional,,,
63372.0,KASH03226,KASH03226224,,2,5,28,shared_taps,28073.0,Murhanda,Kakamega,Shinyalu,Rural,,,,,non_functional,,,
63373.0,KEAI03227,KEAI03227224,,3,124,1,shared_taps,26252.0,Ainamoi,Kericho,Ainamoi,Urban,,,,,non_functional,,,
63374.0,KEAI03228,KEAI03228224,,5,74,9,well,20260.0,Kapkugerwet,Kericho,Ainamoi,Rural,,Clean,,,non_functional,,,
63375.0,KEAI03229,KEAI03229224,,4,485,19,tap_in_home,28599.0,Kapsaos,Kericho,Ainamoi,Urban,,,,,non_functional,,,
63376.0,KEAI03230,KEAI03230224,,1,156,21,tap_in_home,33091.0,Kapsoit,Kericho,Ainamoi,Urban,,,,,non_functional,,,
63377.0,KEAI03231,KEAI03231224,,1,306,16,shared_taps,60696.0,Kipchebor,Kericho,Ainamoi,Urban,,,,,non_functional,,,
63378.0,KEAI03232,KEAI03232224,,5,329,10,river,18001.0,Kipchimchim,Kericho,Ainamoi,Rural,,,,,non_functional,,,
63379.0,KEBE03233,KEBE03233224,,2,191,42,tap_in_home_broken,32115.0,Chaik,Kericho,Belgut,Urban,,,,,non_functional,,,
63380.0,KEBE03234,KEBE03234224,,4,42,20,shared_taps,30422.0,Cheptororiet/Seretut,Kericho,Belgut,Urban,,,,,non_functional,,,
63381.0,KEBE03235,KEBE03235224,,3,249,12,river,54072.0,Kabianga,Kericho,Belgut,Rural,,,,,non_functional,,,
63382.0,KEBE03236,KEBE03236224,,4,83,26,tap_in_home_broken,27130.0,Kapsuser,Kericho,Belgut,Urban,,,,,non_functional,,,
63383.0,KEBE03237,KEBE03237224,,4,437,35,shared_taps,42935.0,Waldai,Kericho,Belgut,Urban,,,,,non_functional,,,
63384.0,KEBU03238,KEBU03238224,,2,138,37,river,30133.0,Cheboin,Kericho,Bureti,Rural,,,,,non_functional,,,
63385.0,KEBU03239,KEBU03239224,,2,455,35,shared_taps,31586.0,Chemosot,Kericho,Bureti,Urban,,,,,non_functional,,,
63386.0,KEBU03240,KEBU03240224,,3,386,14,river,30409.0,Tebesonik,Kericho,Bureti,Rural,,,,,non_functional,,,
63387.0,KEKI03241,KEKI03241224,,1,74,7,river,52557.0,Chepseon,Kericho,Kipkelion East,Rural,,,,,non_functional,,,
63388.0,KEKI03242,KEKI03242224,,4,287,10,well,53929.0,Kedowa/Kimugul,Kericho,Kipkelion East,Rural,,Contaminated: Chemical,,,non_functional,,,
63389.0,KEKI03243,KEKI03243224,,5,50,33,tap_in_home_broken,35324.0,Londiani,Kericho,Kipkelion East,Urban,,,,,non_functional,,,
63390.0,KEKI03244,KEKI03244224,,2,118,41,river,25032.0,Tendeno/Sorget,Kericho,Kipkelion East,Urban,,,,,non_functional,,,
63391.0,KEKI03245,KEKI03245224,,1,407,13,shared_taps,42096.0,Chilchila,Kericho,Kipkelion West,Rural,,,,,non_functional,,,
63392.0,KEKI03246,KEKI03246224,,1,448,34,shared_taps,26509.0,Kamasian,Kericho,Kipkelion West,Rural,,,,,non_functional,,,
63393.0,KEKI03247,KEKI03247224,,5,364,13,well,35877.0,Kipkelion,Kericho,Kipkelion West,Rural,,Contaminated: Chemical,,,non_functional,,,
63394.0,KEKI03248,KEKI03248224,,4,219,10,shared_taps,24061.0,Kunyak,Kericho,Kipkelion West,Urban,,,,,non_functional,,,
63395.0,KESI03249,KESI03249224,,5,440,20,tap_in_home,34223.0,Kaplelartet,Kericho,Sigowet/Soin,Urban,,,,,non_functional,,,
63396.0,KESI03250,KESI03250224,,4,17,19,shared_taps,50981.0,Sigowet,Kericho,Sigowet/Soin,Urban,,,,,non_functional,,,
63397.0,KESI03251,KESI03251224,,4,20,23,tap_in_home,31646.0,Soin,Kericho,Sigowet/Soin,Urban,,,,,non_functional,,,
63398.0,KESI03252,KESI03252224,,5,236,22,tap_in_home_broken,23414.0,Soliat,Kericho,Sigowet/Soin,Urban,,,,,non_functional,,,
63399.0,KIGA03253,KIGA03253224,,1,400,26,tap_in_home,26347.0,Chania,Kiambu,Gatundu North,Urban,,,,,non_functional,,,
63400.0,KIGA03254,KIGA03254224,,2,63,13,shared_taps,30521.0,Githobokoni,Kiambu,Gatundu North,Rural,,,,,non_functional,,,
63401.0,KIGA03255,KIGA03255224,,4,536,36,well,29112.0,Gituamba,Kiambu,Gatundu North,Rural,,Clean,,,non_functional,,,
63402.0,KIGA03256,KIGA03256224,,4,247,6,tap_in_home,42430.0,Mang'U,Kiambu,Gatundu North,Urban,,,,,non_functional,,,
63403.0,KIGA03257,KIGA03257224,,2,534,22,shared_taps,23834.0,Kiamwangi,Kiambu,Gatundu South,Urban,,,,,non_functional,,,
63404.0,KIGA03258,KIGA03258224,,5,4,32,well,29303.0,Kiganjo,Kiambu,Gatundu South,Rural,,Contaminated:Biological,,,non_functional,,,
63405.0,KIGA03259,KIGA03259224,,3,54,40,tap_in_home,21188.0,Ndarugu,Kiambu,Gatundu South,Urban,,,,,non_functional,,,
63406.0,KIGA03260,KIGA03260224,,3,123,29,shared_taps,51458.0,Ngenda,Kiambu,Gatundu South,Urban,,,,,non_functional,,,
63407.0,KIGI03261,KIGI03261224,,4,497,23,shared_taps,34893.0,Githiga,Kiambu,Githunguri,Rural,,,,,non_functional,,,
63408.0,KIGI03262,KIGI03262224,,1,27,27,tap_in_home,42109.0,Githunguri,Kiambu,Githunguri,Urban,,,,,non_functional,,,
63409.0,KIGI03263,KIGI03263224,,2,87,42,shared_taps,43022.0,Ikinu,Kiambu,Githunguri,Urban,,,,,non_functional,,,
63410.0,KIGI03264,KIGI03264224,,1,418,28,tap_in_home_broken,37370.0,Komothai,Kiambu,Githunguri,Urban,,,,,non_functional,,,
63411.0,KIGI03265,KIGI03265224,,4,283,44,river,32725.0,Ngewa,Kiambu,Githunguri,Rural,,,,,non_functional,,,
63412.0,KIJU03266,KIJU03266224,,2,354,19,river,84659.0,Juja,Kiambu,Juja,Rural,,,,,non_functional,,,
63413.0,KIJU03267,KIJU03267224,,1,113,10,river,140254.0,Kalimoni,Kiambu,Juja,Rural,,,,,non_functional,,,
63414.0,KIJU03268,KIJU03268224,,1,104,17,well,108274.0,Murera,Kiambu,Juja,Rural,,Contaminated:Biological,,,non_functional,,,
63415.0,KIJU03269,KIJU03269224,,1,284,5,tap_in_home,9794.0,Theta,Kiambu,Juja,Urban,,,,,non_functional,,,
63416.0,KIJU03270,KIJU03270224,,4,507,41,shared_taps,14411.0,Witeithie,Kiambu,Juja,Rural,,,,,non_functional,,,
63417.0,KIKA03271,KIKA03271224,,3,515,21,river,2186.0,Gitaru,Kiambu,Kabete,Rural,,,,,non_functional,,,
63418.0,KIKA03272,KIKA03272224,,4,389,3,river,13867.0,Kabete,Kiambu,Kabete,Rural,,,,,non_functional,,,
63419.0,KIKA03273,KIKA03273224,,5,227,41,river,33053.0,Muguga,Kiambu,Kabete,Rural,,,,,non_functional,,,
63420.0,KIKA03274,KIKA03274224,,5,141,21,tap_in_home,23406.0,Nyadhuna,Kiambu,Kabete,Rural,,,,,non_functional,,,
63421.0,KIKA03275,KIKA03275224,,5,380,19,tap_in_home,0.0,Uthiru,Kiambu,Kabete,Urban,,,,,non_functional,,,
63422.0,KIKI03276,KIKI03276224,,3,481,36,tap_in_home,23072.0,Cianda,Kiambu,Kiambaa,Urban,,,,,non_functional,,,
63423.0,KIKI03277,KIKI03277224,,4,344,1,shared_taps,11859.0,Karuri,Kiambu,Kiambaa,Rural,,,,,non_functional,,,
63424.0,KIKA03278,KIKA03278224,,1,59,6,river,29492.0,Mwanamwinga,Kilifi,Kaloleni,Rural,,,,,non_functional,,,
63425.0,KIKI03279,KIKI03279224,,5,219,24,tap_in_home_broken,612.0,Kihara,Kiambu,Kiambaa,Rural,,,,,non_functional,,,
63426.0,KIKI03280,KIKI03280224,,4,369,4,tap_in_home,8613.0,Muchatha,Kiambu,Kiambaa,Urban,,,,,non_functional,,,
63427.0,KIKI03281,KIKI03281224,,1,51,10,tap_in_home,15179.0,Ndenderu,Kiambu,Kiambaa,Urban,,,,,non_functional,,,
63428.0,KIKI03282,KIKI03282224,,5,43,29,shared_taps,21895.0,Ndumberi,Kiambu,Kiambu,Urban,,,,,non_functional,,,
63429.0,KIKI03283,KIKI03283224,,4,453,23,shared_taps,7017.0,Riabai,Kiambu,Kiambu,Urban,,,,,non_functional,,,
63430.0,KIKI03284,KIKI03284224,,4,333,34,river,35618.0,Ting'Ang'A,Kiambu,Kiambu,Rural,,,,,non_functional,,,
63431.0,KIKI03285,KIKI03285224,,2,51,39,shared_taps,26792.0,Township,Kiambu,Kiambu,Urban,,,,,non_functional,,,
63432.0,KIKI03286,KIKI03286224,,4,303,34,shared_taps,39102.0,Karai,Kiambu,Kikuyu,Rural,,,,,non_functional,,,
63433.0,KIKI03287,KIKI03287224,,2,351,41,tap_in_home,28957.0,Kikuyu,Kiambu,Kikuyu,Urban,,,,,non_functional,,,
63434.0,KIKI03288,KIKI03288224,,4,344,17,shared_taps,0.0,Kinoo,Kiambu,Kikuyu,Urban,,,,,non_functional,,,
63435.0,KIKI03289,KIKI03289224,,1,357,1,well,34359.0,Nachu,Kiambu,Kikuyu,Rural,,Contaminated: Chemical,,,non_functional,,,
63436.0,KIKI03290,KIKI03290224,,5,212,35,tap_in_home_broken,46327.0,Sigona,Kiambu,Kikuyu,Urban,,,,,non_functional,,,
63437.0,KILA03291,KILA03291224,,4,297,40,shared_taps,23579.0,Kamburu,Kiambu,Lari,Rural,,,,,non_functional,,,
63438.0,KILA03292,KILA03292224,,4,289,43,tap_in_home,29976.0,Kijabe,Kiambu,Lari,Urban,,,,,non_functional,,,
63439.0,KILA03293,KILA03293224,,5,347,29,river,37185.0,Kinale,Kiambu,Lari,Urban,,,,,non_functional,,,
63440.0,KILA03294,KILA03294224,,2,381,32,tap_in_home_broken,35077.0,Lari/Kirenga,Kiambu,Lari,Urban,,,,,non_functional,,,
63441.0,KILA03295,KILA03295224,,1,220,37,river,28697.0,Nyanduma,Kiambu,Lari,Rural,,,,,non_functional,,,
63442.0,KILI03296,KILI03296224,,4,272,32,tap_in_home,31310.0,Bibirioni,Kiambu,Limuru,Urban,,,,,non_functional,,,
63443.0,KILI03297,KILI03297224,,3,310,46,shared_taps,36251.0,Limuru Central,Kiambu,Limuru,Urban,,,,,non_functional,,,
63444.0,KILI03298,KILI03298224,,5,481,41,tap_in_home,35771.0,Limuru East,Kiambu,Limuru,Rural,,,,,non_functional,,,
63445.0,KILI03299,KILI03299224,,1,477,20,shared_taps,35799.0,Ndeiya,Kiambu,Limuru,Rural,,,,,non_functional,,,
63446.0,KILI03300,KILI03300224,,4,451,5,river,38033.0,Ngecha Tigoni,Kiambu,Limuru,Rural,,,,,non_functional,,,
63447.0,KIRU03301,KIRU03301224,,4,42,37,well,2688.0,Biashara,Kiambu,Ruiru,Rural,,Contaminated:Biological,,,non_functional,,,
63448.0,KIRU03302,KIRU03302224,,2,200,17,well,39809.0,Gitothua,Kiambu,Ruiru,Rural,,Contaminated: Chemical,,,non_functional,,,
63449.0,KIRU03303,KIRU03303224,,5,112,27,tap_in_home,61101.0,Kiuu,Kiambu,Ruiru,Urban,,,,,non_functional,,,
63450.0,KITH03304,KITH03304224,,5,317,26,river,30017.0,Gatuanyaga,Kiambu,Thika Town,Rural,,,,,non_functional,,,
63451.0,KITH03305,KITH03305224,,2,147,28,tap_in_home,43051.0,Hospital,Kiambu,Thika Town,Urban,,,,,non_functional,,,
63452.0,KITH03306,KITH03306224,,1,300,9,well,31204.0,Kamenu,Kiambu,Thika Town,Rural,,Contaminated:Biological,,,non_functional,,,
63453.0,KITH03307,KITH03307224,,1,77,10,shared_taps,25723.0,Ngoliba,Kiambu,Thika Town,Rural,,,,,non_functional,,,
63454.0,KITH03308,KITH03308224,,3,282,5,tap_in_home,16458.0,Township,Kiambu,Thika Town,Rural,,,,,non_functional,,,
63455.0,KIGA03309,KIGA03309224,,4,77,2,shared_taps,49603.0,Bamba,Kilifi,Ganze,Urban,,,,,non_functional,,,
63456.0,KIGA03310,KIGA03310224,,2,134,23,well,39311.0,Ganze,Kilifi,Ganze,Rural,,Contaminated: Chemical,,,non_functional,,,
63457.0,KIGA03311,KIGA03311224,,1,96,38,river,29349.0,Jaribuni,Kilifi,Ganze,Rural,,,,,non_functional,,,
63458.0,KIGA03312,KIGA03312224,,1,379,24,river,56942.0,Sokoke,Kilifi,Ganze,Rural,,,,,non_functional,,,
63459.0,KIKA03313,KIKA03313224,,4,77,32,river,75036.0,Kaloleni,Kilifi,Kaloleni,Urban,,,,,non_functional,,,
63460.0,KIKA03314,KIKA03314224,,2,343,23,shared_taps,50939.0,Kayafungo,Kilifi,Kaloleni,Urban,,,,,non_functional,,,
63461.0,KIKA03315,KIKA03315224,,3,529,36,river,61131.0,Mariakani,Kilifi,Kaloleni,Rural,,,,,non_functional,,,
63462.0,KIKI03316,KIKI03316224,,4,505,18,shared_taps,68596.0,Dabaso,Kilifi,Kilifi North,Rural,,,,,non_functional,,,
63463.0,KIKI03317,KIKI03317224,,2,317,16,shared_taps,43572.0,Kibarani,Kilifi,Kilifi North,Urban,,,,,non_functional,,,
63464.0,KIKI03318,KIKI03318224,,4,235,23,shared_taps,54107.0,Matsangoni,Kilifi,Kilifi North,Urban,,,,,non_functional,,,
63465.0,KIKI03319,KIKI03319224,,2,172,2,tap_in_home_broken,49474.0,Mnarani,Kilifi,Kilifi North,Urban,,,,,non_functional,,,
63466.0,KIKI03320,KIKI03320224,,4,397,17,river,4274.0,Sokoni,Kilifi,Kilifi North,Urban,,,,,non_functional,,,
63467.0,KIKI03321,KIKI03321224,,4,426,5,well,48853.0,Tezo,Kilifi,Kilifi North,Rural,,Contaminated:Biological,,,non_functional,,,
63468.0,KIKI03322,KIKI03322224,,4,439,38,tap_in_home,24369.0,Watamu,Kilifi,Kilifi North,Urban,,,,,non_functional,,,
63469.0,KIKI03323,KIKI03323224,,5,63,8,tap_in_home,41998.0,Chasimba,Kilifi,Kilifi South,Urban,,,,,non_functional,,,
63470.0,KIKI03324,KIKI03324224,,1,333,37,well,47618.0,Junju,Kilifi,Kilifi South,Rural,,Clean,,,non_functional,,,
63471.0,KIKI03325,KIKI03325224,,2,261,21,river,58582.0,Mtepeni,Kilifi,Kilifi South,Rural,,,,,non_functional,,,
63472.0,KIKI03326,KIKI03326224,,1,252,25,well,35876.0,Mwarakaya,Kilifi,Kilifi South,Rural,,Contaminated: Chemical,,,non_functional,,,
63473.0,KIKI03327,KIKI03327224,,3,468,2,river,31686.0,Shimo La Tewa,Kilifi,Kilifi South,Rural,,,,,non_functional,,,
63474.0,KIMA03328,KIMA03328224,,5,520,48,tap_in_home,59050.0,Adu,Kilifi,Magarini,Urban,,,,,non_functional,,,
63475.0,KIMA03329,KIMA03329224,,4,225,5,tap_in_home,40035.0,Garashi,Kilifi,Magarini,Urban,,,,,non_functional,,,
63476.0,KIMA03330,KIMA03330224,,5,291,16,tap_in_home_broken,45999.0,Gongoni,Kilifi,Magarini,Urban,,,,,non_functional,,,
63477.0,KIMA03331,KIMA03331224,,1,311,9,tap_in_home_broken,12500.0,Magarini,Kilifi,Magarini,Urban,,,,,non_functional,,,
63478.0,KIMA03332,KIMA03332224,,4,304,37,tap_in_home,65126.0,Marafa,Kilifi,Magarini,Rural,,,,,non_functional,,,
63479.0,KIMA03333,KIMA03333224,,4,206,12,shared_taps,72824.0,Ganda,Kilifi,Malindi,Urban,,,,,non_functional,,,
63480.0,KIMA03334,KIMA03334224,,3,27,34,tap_in_home,27251.0,Jilore,Kilifi,Malindi,Urban,,,,,non_functional,,,
63481.0,KIMA03335,KIMA03335224,,4,78,44,tap_in_home_broken,22806.0,Kakuyuni,Kilifi,Malindi,Urban,,,,,non_functional,,,
63482.0,KIMA03336,KIMA03336224,,5,500,31,tap_in_home_broken,43961.0,Malindi Town,Kilifi,Malindi,Urban,,,,,non_functional,,,
63483.0,KIMA03337,KIMA03337224,,2,335,10,river,23299.0,Sabaki,Kilifi,Malindi,Rural,,,,,non_functional,,,
63484.0,KIMA03338,KIMA03338224,,4,193,32,tap_in_home,17542.0,Shella,Kilifi,Malindi,Rural,,,,,non_functional,,,
63485.0,KIRA03339,KIRA03339224,,4,54,6,tap_in_home,23681.0,Kambe/Ribe,Kilifi,Rabai,Urban,,,,,non_functional,,,
63486.0,KIRA03340,KIRA03340224,,2,359,14,well,21706.0,Mwawesa,Kilifi,Rabai,Rural,,Contaminated: Chemical,,,non_functional,,,
63487.0,KIRA03341,KIRA03341224,,3,57,47,river,57556.0,Rabai/Kisurutini,Kilifi,Rabai,Rural,,,,,non_functional,,,
63488.0,KIRA03342,KIRA03342224,,1,422,13,tap_in_home,30953.0,Ruruma,Kilifi,Rabai,Urban,,,,,non_functional,,,
63489.0,KIGI03343,KIGI03343224,,3,386,17,tap_in_home_broken,24795.0,Baragwi,Kirinyaga,Gichugu,Urban,,,,,non_functional,,,
63490.0,KIGI03344,KIGI03344224,,5,168,7,shared_taps,44612.0,Kabare,Kirinyaga,Gichugu,Urban,,,,,non_functional,,,
63491.0,KIGI03345,KIGI03345224,,5,133,22,shared_taps,56621.0,Karumandi,Kirinyaga,Gichugu,Urban,,,,,non_functional,,,
63492.0,KIGI03346,KIGI03346224,,2,118,20,well,20813.0,Ngariama,Kirinyaga,Gichugu,Rural,,Clean,,,non_functional,,,
63493.0,KIGI03347,KIGI03347224,,1,404,7,tap_in_home,28447.0,Njukiini,Kirinyaga,Gichugu,Urban,,,,,non_functional,,,
63494.0,KIKI03348,KIKI03348224,,5,145,20,shared_taps,35202.0,Inoi,Kirinyaga,Kirinyaga Central,Rural,,,,,non_functional,,,
63495.0,KIKI03349,KIKI03349224,,1,364,24,tap_in_home_broken,34633.0,Kanyekini,Kirinyaga,Kirinyaga Central,Rural,,,,,non_functional,,,
63496.0,KIKI03350,KIKI03350224,,4,332,26,shared_taps,35925.0,Kerugoya,Kirinyaga,Kirinyaga Central,Urban,,,,,non_functional,,,
63497.0,KIKI03351,KIKI03351224,,3,29,27,shared_taps,27424.0,Mutira,Kirinyaga,Kirinyaga Central,Rural,,,,,non_functional,,,
63498.0,KIMW03352,KIMW03352224,,5,58,16,well,25246.0,Gathigiriri,Kirinyaga,Mwea,Rural,,Contaminated:Biological,,,non_functional,,,
63499.0,KIMW03353,KIMW03353224,,3,504,22,shared_taps,33872.0,Kangai,Kirinyaga,Mwea,Urban,,,,,non_functional,,,
63500.0,KIMW03354,KIMW03354224,,3,170,42,well,38507.0,Murinduko,Kirinyaga,Mwea,Rural,,Contaminated:Biological,,,non_functional,,,
63501.0,KIMW03355,KIMW03355224,,5,276,41,tap_in_home,37684.0,Mutithi,Kirinyaga,Mwea,Urban,,,,,non_functional,,,
63502.0,KIMW03356,KIMW03356224,,1,200,37,shared_taps,36556.0,Nyangati,Kirinyaga,Mwea,Urban,,,,,non_functional,,,
63503.0,KIMW03357,KIMW03357224,,2,348,25,shared_taps,51024.0,Tebere,Kirinyaga,Mwea,Urban,,,,,non_functional,,,
63504.0,KIMW03358,KIMW03358224,,3,220,42,shared_taps,31151.0,Thiba,Kirinyaga,Mwea,Urban,,,,,non_functional,,,
63505.0,KIMW03359,KIMW03359224,,1,339,12,shared_taps,17177.0,Wamumu,Kirinyaga,Mwea,Urban,,,,,non_functional,,,
63506.0,KIND03360,KIND03360224,,5,64,9,shared_taps,37285.0,Kariti,Kirinyaga,Ndia,Urban,,,,,non_functional,,,
63507.0,KIND03361,KIND03361224,,5,439,4,tap_in_home_broken,50629.0,Kiine,Kirinyaga,Ndia,Urban,,,,,non_functional,,,
63508.0,KIND03362,KIND03362224,,5,529,45,tap_in_home_broken,40526.0,Mukure,Kirinyaga,Ndia,Rural,,,,,non_functional,,,
63509.0,KIBO03363,KIBO03363224,,5,479,21,tap_in_home,38224.0,Basi Bogetaorio,Kisii,Bobasi,Urban,,,,,non_functional,,,
63510.0,KIBO03364,KIBO03364224,,3,26,18,well,25764.0,Basi Central,Kisii,Bobasi,Rural,,Clean,,,non_functional,,,
63511.0,KIBO03365,KIBO03365224,,5,71,18,shared_taps,26250.0,Bobasi Boitangare,Kisii,Bobasi,Urban,,,,,non_functional,,,
63512.0,KIBO03366,KIBO03366224,,2,91,13,well,28758.0,Bobasi Chache,Kisii,Bobasi,Rural,,Contaminated: Chemical,,,non_functional,,,
63513.0,KIBO03367,KIBO03367224,,1,431,18,well,21475.0,Masige East,Kisii,Bobasi,Rural,,Contaminated: Chemical,,,non_functional,,,
63514.0,KIBO03368,KIBO03368224,,1,159,9,well,22381.0,Masige West,Kisii,Bobasi,Urban,,Contaminated: Chemical,,,non_functional,,,
63515.0,KIBO03369,KIBO03369224,,3,285,33,river,36192.0,Nyacheki,Kisii,Bobasi,Rural,,,,,non_functional,,,
63516.0,KIBO03370,KIBO03370224,,1,319,19,shared_taps,22879.0,Sameta/Mokwerero,Kisii,Bobasi,Rural,,,,,non_functional,,,
63517.0,KIBO03371,KIBO03371224,,2,398,3,well,44167.0,Bokimonge,Kisii,Bomachoge Borabu,Rural,,Contaminated:Biological,,,non_functional,,,
63518.0,KIBO03372,KIBO03372224,,4,532,22,shared_taps,27111.0,Bombaba Borabu,Kisii,Bomachoge Borabu,Rural,,,,,non_functional,,,
63519.0,KIBO03373,KIBO03373224,,3,294,32,river,16600.0,Boochi Borabu,Kisii,Bomachoge Borabu,Urban,,,,,non_functional,,,
63520.0,KIBO03374,KIBO03374224,,4,247,44,well,32069.0,Magenche,Kisii,Bomachoge Borabu,Urban,,Contaminated: Chemical,,,non_functional,,,
63521.0,KIBO03375,KIBO03375224,,2,17,45,well,41038.0,Boochi/Tendere,Kisii,Bomachoge Chache,Rural,,Contaminated:Biological,,,non_functional,,,
63522.0,KIBO03376,KIBO03376224,,2,60,1,tap_in_home_broken,43670.0,Bosoti/Sengera,Kisii,Bomachoge Chache,Urban,,,,,non_functional,,,
63523.0,KIBO03377,KIBO03377224,,4,419,10,river,27894.0,Majoge Basi,Kisii,Bomachoge Chache,Rural,,,,,non_functional,,,
63524.0,KIBO03378,KIBO03378224,,1,133,25,well,26096.0,Bogiakumu,Kisii,Bonchari,Rural,,Contaminated: Chemical,,,non_functional,,,
63525.0,KIBO03379,KIBO03379224,,1,424,12,river,26642.0,Bomariba,Kisii,Bonchari,Rural,,,,,non_functional,,,
63526.0,KIBO03380,KIBO03380224,,2,373,37,shared_taps,44213.0,Bomorenda,Kisii,Bonchari,Urban,,,,,non_functional,,,
63527.0,KIBO03381,KIBO03381224,,4,499,22,river,42431.0,Riana,Kisii,Bonchari,Rural,,,,,non_functional,,,
63528.0,KIKI03382,KIKI03382224,,5,240,45,well,21939.0,Kegogi,Kisii,Kitutu Chache North,Rural,,Contaminated:Biological,,,non_functional,,,
63529.0,KIMW03383,KIMW03383224,,3,386,8,well,22748.0,Ngomeni,Kitui,Mwingi North,Rural,,Contaminated:Biological,,,non_functional,,,
63530.0,KIKI03384,KIKI03384224,,1,138,21,well,36234.0,Marani,Kisii,Kitutu Chache North,Rural,,Clean,,,non_functional,,,
63531.0,KIKI03385,KIKI03385224,,2,423,3,well,33799.0,Monyerero,Kisii,Kitutu Chache North,Rural,,Contaminated: Chemical,,,non_functional,,,
63532.0,KIKI03386,KIKI03386224,,4,352,9,well,32084.0,Sensi,Kisii,Kitutu Chache North,Rural,,Clean,,,non_functional,,,
63533.0,KIKI03387,KIKI03387224,,4,224,44,river,18545.0,Bogeka,Kisii,Kitutu Chache South,Urban,,,,,non_functional,,,
63534.0,KIKI03388,KIKI03388224,,2,71,36,river,28504.0,Bogusero,Kisii,Kitutu Chache South,Rural,,,,,non_functional,,,
63535.0,KIKI03389,KIKI03389224,,3,163,25,tap_in_home,13244.0,Kitutu Central,Kisii,Kitutu Chache South,Urban,,,,,non_functional,,,
63536.0,KIKI03390,KIKI03390224,,4,411,45,shared_taps,31721.0,Nyakoe,Kisii,Kitutu Chache South,Rural,,,,,non_functional,,,
63537.0,KIKI03391,KIKI03391224,,1,185,1,shared_taps,26629.0,Nyatieko,Kisii,Kitutu Chache South,Rural,,,,,non_functional,,,
63538.0,KINY03392,KINY03392224,,1,212,36,well,26280.0,Birongo,Kisii,Nyaribari Chache,Rural,,Clean,,,non_functional,,,
63539.0,KINY03393,KINY03393224,,2,92,25,tap_in_home,29995.0,Bobaracho,Kisii,Nyaribari Chache,Urban,,,,,non_functional,,,
63540.0,KINY03394,KINY03394224,,5,101,40,river,27611.0,Ibeno,Kisii,Nyaribari Chache,Rural,,,,,non_functional,,,
63541.0,KINY03395,KINY03395224,,4,81,18,river,23510.0,Keumbu,Kisii,Nyaribari Chache,Rural,,,,,non_functional,,,
63542.0,KINY03396,KINY03396224,,1,138,15,tap_in_home,20600.0,Kiogoro,Kisii,Nyaribari Chache,Urban,,,,,non_functional,,,
63543.0,KINY03397,KINY03397224,,3,81,1,tap_in_home,9417.0,Kisii Central,Kisii,Nyaribari Chache,Urban,,,,,non_functional,,,
63544.0,KINY03398,KINY03398224,,5,39,35,tap_in_home_broken,26894.0,Gesusu,Kisii,Nyaribari Masaba,Urban,,,,,non_functional,,,
63545.0,KINY03399,KINY03399224,,3,128,11,well,32158.0,Ichuni,Kisii,Nyaribari Masaba,Urban,,Contaminated: Chemical,,,non_functional,,,
63546.0,KINY03400,KINY03400224,,1,322,41,well,23922.0,Kiamokama,Kisii,Nyaribari Masaba,Rural,,Clean,,,non_functional,,,
63547.0,KINY03401,KINY03401224,,2,414,26,shared_taps,33083.0,Masimba,Kisii,Nyaribari Masaba,Rural,,,,,non_functional,,,
63548.0,KINY03402,KINY03402224,,1,259,13,shared_taps,19687.0,Nyamasibi,Kisii,Nyaribari Masaba,Urban,,,,,non_functional,,,
63549.0,KISO03403,KISO03403224,,3,41,23,tap_in_home,32173.0,Bogetenga,Kisii,South Mugirango,Urban,,,,,non_functional,,,
63550.0,KISO03404,KISO03404224,,4,489,8,river,24141.0,Boikang'A,Kisii,South Mugirango,Rural,,,,,non_functional,,,
63551.0,KISO03405,KISO03405224,,5,269,21,shared_taps,46014.0,Borabu / Chitago,Kisii,South Mugirango,Urban,,,,,non_functional,,,
63552.0,KISO03406,KISO03406224,,5,378,1,river,18500.0,Getenga,Kisii,South Mugirango,Rural,,,,,non_functional,,,
63553.0,KISO03407,KISO03407224,,3,340,33,river,34205.0,Moticho,Kisii,South Mugirango,Rural,,,,,non_functional,,,
63554.0,KISO03408,KISO03408224,,3,440,6,shared_taps,36121.0,Tabaka,Kisii,South Mugirango,Rural,,,,,non_functional,,,
63555.0,KIKI03409,KIKI03409224,,2,2,43,tap_in_home,0.0,Kondele,Kisumu,Kisumu Central,Urban,,,,,non_functional,,,
63556.0,KIKI03410,KIKI03410224,,4,290,47,shared_taps,3765.0,Market Milimani,Kisumu,Kisumu Central,Rural,,,,,non_functional,,,
63557.0,KIKI03411,KIKI03411224,,2,334,1,tap_in_home,0.0,Migosi,Kisumu,Kisumu Central,Urban,,,,,non_functional,,,
63558.0,KIKI03412,KIKI03412224,,2,148,43,river,0.0,Nyalenda 'A',Kisumu,Kisumu Central,Rural,,,,,non_functional,,,
63559.0,KIKI03413,KIKI03413224,,3,482,6,shared_taps,14448.0,Nyalenda B,Kisumu,Kisumu Central,Urban,,,,,non_functional,,,
63560.0,KIKI03414,KIKI03414224,,3,109,19,shared_taps,19106.0,Railways,Kisumu,Kisumu Central,Urban,,,,,non_functional,,,
63561.0,KIKI03415,KIKI03415224,,4,358,14,well,0.0,Shaurimoyo Kaloleni,Kisumu,Kisumu Central,Rural,,Contaminated:Biological,,,non_functional,,,
63562.0,KIKI03416,KIKI03416224,,5,204,16,well,44928.0,Kajulu,Kisumu,Kisumu East,Rural,,Clean,,,non_functional,,,
63563.0,KIKI03417,KIKI03417224,,1,89,25,well,27864.0,Kolwa Central,Kisumu,Kisumu East,Rural,,Clean,,,non_functional,,,
63564.0,KIKI03418,KIKI03418224,,2,388,31,well,35123.0,Kolwa East,Kisumu,Kisumu East,Rural,,Contaminated: Chemical,,,non_functional,,,
63565.0,KIKI03419,KIKI03419224,,1,81,12,river,0.0,Manyatta 'B',Kisumu,Kisumu East,Urban,,,,,non_functional,,,
63566.0,KIKI03420,KIKI03420224,,3,460,47,shared_taps,49342.0,Central Kisumu,Kisumu,Kisumu West,Urban,,,,,non_functional,,,
63567.0,KIKI03421,KIKI03421224,,5,502,0,tap_in_home,32725.0,Kisumu North,Kisumu,Kisumu West,Urban,,,,,non_functional,,,
63568.0,KIKI03422,KIKI03422224,,2,501,18,river,38191.0,North West Kisumu,Kisumu,Kisumu West,Rural,,,,,non_functional,,,
63569.0,KIKI03423,KIKI03423224,,1,454,0,river,37647.0,South West Kisumu,Kisumu,Kisumu West,Urban,,,,,non_functional,,,
63570.0,KIKI03424,KIKI03424224,,2,306,9,shared_taps,40503.0,West Kisumu,Kisumu,Kisumu West,Urban,,,,,non_functional,,,
63571.0,KIMU03425,KIMU03425224,,5,33,17,shared_taps,32713.0,Chemelil,Kisumu,Muhoroni,Rural,,,,,non_functional,,,
63572.0,KIMU03426,KIMU03426224,,5,159,37,well,45326.0,Masogo/Nyang'Oma,Kisumu,Muhoroni,Rural,,Contaminated:Biological,,,non_functional,,,
63573.0,KIMU03427,KIMU03427224,,2,450,11,shared_taps,14557.0,Miwani,Kisumu,Muhoroni,Rural,,,,,non_functional,,,
63574.0,KIMU03428,KIMU03428224,,2,366,24,tap_in_home,38272.0,Muhoroni/Koru,Kisumu,Muhoroni,Urban,,,,,non_functional,,,
63575.0,KIMU03429,KIMU03429224,,3,48,30,well,34466.0,Ombeyi,Kisumu,Muhoroni,Rural,,Clean,,,non_functional,,,
63576.0,KINY03430,KINY03430224,,4,199,21,river,29637.0,Central Nyakach,Kisumu,Nyakach,Urban,,,,,non_functional,,,
63577.0,KINY03431,KINY03431224,,4,275,44,shared_taps,38693.0,North Nyakach,Kisumu,Nyakach,Rural,,,,,non_functional,,,
63578.0,KINY03432,KINY03432224,,3,369,47,shared_taps,37682.0,South East Nyakach,Kisumu,Nyakach,Urban,,,,,non_functional,,,
63579.0,KINY03433,KINY03433224,,1,476,11,shared_taps,20841.0,South West Nyakach,Kisumu,Nyakach,Rural,,,,,non_functional,,,
63580.0,KINY03434,KINY03434224,,3,315,21,well,34468.0,West Nyakach,Kisumu,Nyakach,Rural,,Clean,,,non_functional,,,
63581.0,KINY03435,KINY03435224,,4,96,20,shared_taps,57096.0,Ahero,Kisumu,Nyando,Rural,,,,,non_functional,,,
63582.0,KIMW03436,KIMW03436224,,5,256,5,river,18242.0,Tharaka,Kitui,Mwingi North,Urban,,,,,non_functional,,,
63583.0,KINY03437,KINY03437224,,2,418,9,shared_taps,25931.0,Awasi/Onjiko,Kisumu,Nyando,Urban,,,,,non_functional,,,
63584.0,KINY03438,KINY03438224,,2,35,32,tap_in_home_broken,22799.0,East Kano/Wawidhi,Kisumu,Nyando,Urban,,,,,non_functional,,,
63585.0,KINY03439,KINY03439224,,1,130,26,tap_in_home,32509.0,Kabonyo/Kanyagwal,Kisumu,Nyando,Urban,,,,,non_functional,,,
63586.0,KINY03440,KINY03440224,,1,162,11,river,45491.0,Kobura,Kisumu,Nyando,Rural,,,,,non_functional,,,
63587.0,KISE03441,KISE03441224,,4,34,2,river,29226.0,Central Seme,Kisumu,Seme,Rural,,,,,non_functional,,,
63588.0,KISE03442,KISE03442224,,2,4,26,shared_taps,34603.0,East Seme,Kisumu,Seme,Urban,,,,,non_functional,,,
63589.0,KISE03443,KISE03443224,,4,133,0,well,35745.0,North Seme,Kisumu,Seme,Rural,,Contaminated:Biological,,,non_functional,,,
63590.0,KISE03444,KISE03444224,,1,412,37,river,41653.0,West Seme,Kisumu,Seme,Urban,,,,,non_functional,,,
63591.0,KIKI03445,KIKI03445224,,2,243,26,shared_taps,40607.0,Kyangwithya East,Kitui,Kitui Central,Rural,,,,,non_functional,,,
63592.0,KIKI03446,KIKI03446224,,5,374,38,well,35216.0,Kyangwithya West,Kitui,Kitui Central,Rural,,Contaminated:Biological,,,non_functional,,,
63593.0,KIKI03447,KIKI03447224,,1,10,43,well,28677.0,Miambani,Kitui,Kitui Central,Rural,,Clean,,,non_functional,,,
63594.0,KIKI03448,KIKI03448224,,3,441,19,river,27126.0,Township,Kitui,Kitui Central,Rural,,,,,non_functional,,,
63595.0,KIKI03449,KIKI03449224,,3,447,24,shared_taps,20089.0,Chuluni,Kitui,Kitui East,Rural,,,,,non_functional,,,
63596.0,KIKI03450,KIKI03450224,,4,284,5,well,15893.0,Endau/Malalani,Kitui,Kitui East,Urban,,Clean,,,non_functional,,,
63597.0,KIKI03451,KIKI03451224,,3,213,3,shared_taps,24041.0,Mutito/Kaliku,Kitui,Kitui East,Rural,,,,,non_functional,,,
63598.0,KIKI03452,KIKI03452224,,5,2,47,shared_taps,28172.0,Nzambani,Kitui,Kitui East,Rural,,,,,non_functional,,,
63599.0,KIKI03453,KIKI03453224,,5,366,10,shared_taps,29370.0,Voo/Kyamatu,Kitui,Kitui East,Urban,,,,,non_functional,,,
63600.0,KIKI03454,KIKI03454224,,1,278,23,well,26734.0,Zombe/Mwitika,Kitui,Kitui East,Rural,,Clean,,,non_functional,,,
63601.0,KIKI03455,KIKI03455224,,4,256,34,shared_taps,29741.0,Kanyangi,Kitui,Kitui Rural,Urban,,,,,non_functional,,,
63602.0,KIKI03456,KIKI03456224,,3,102,3,river,30541.0,Kisasi,Kitui,Kitui Rural,Rural,,,,,non_functional,,,
63603.0,KIKI03457,KIKI03457224,,3,319,32,tap_in_home_broken,43011.0,Kwavonza/Yatta,Kitui,Kitui Rural,Rural,,,,,non_functional,,,
63604.0,KIKI03458,KIKI03458224,,3,110,2,tap_in_home_broken,26182.0,Mbitini,Kitui,Kitui Rural,Urban,,,,,non_functional,,,
63605.0,KIKI03459,KIKI03459224,,3,524,4,shared_taps,38074.0,Mulango,Kitui,Kitui Rural,Urban,,,,,non_functional,,,
63606.0,KIKI03460,KIKI03460224,,4,245,0,shared_taps,40598.0,Athi,Kitui,Kitui South,Urban,,,,,non_functional,,,
63607.0,KIKI03461,KIKI03461224,,4,21,12,tap_in_home,54733.0,Ikanga/Kyatune,Kitui,Kitui South,Urban,,,,,non_functional,,,
63608.0,KIKI03462,KIKI03462224,,5,534,14,shared_taps,33969.0,Ikutha,Kitui,Kitui South,Rural,,,,,non_functional,,,
63609.0,KIKI03463,KIKI03463224,,2,68,21,river,21332.0,Kanziko,Kitui,Kitui South,Rural,,,,,non_functional,,,
63610.0,KIKI03464,KIKI03464224,,2,84,18,tap_in_home,31362.0,Mutha,Kitui,Kitui South,Urban,,,,,non_functional,,,
63611.0,KIKI03465,KIKI03465224,,3,425,4,river,28468.0,Mutomo,Kitui,Kitui South,Rural,,,,,non_functional,,,
63612.0,KIKI03466,KIKI03466224,,1,476,1,tap_in_home_broken,30541.0,Kauwi,Kitui,Kitui West,Urban,,,,,non_functional,,,
63613.0,KIKI03467,KIKI03467224,,5,80,41,well,22046.0,Kwa Mutonga/Kithumula,Kitui,Kitui West,Rural,,Contaminated: Chemical,,,non_functional,,,
63614.0,KIKI03468,KIKI03468224,,5,507,16,shared_taps,28900.0,Matinyani,Kitui,Kitui West,Urban,,,,,non_functional,,,
63615.0,KIKI03469,KIKI03469224,,1,222,9,tap_in_home,44423.0,Mutonguni,Kitui,Kitui West,Rural,,,,,non_functional,,,
63616.0,KIMW03470,KIMW03470224,,4,81,16,river,23353.0,Central,Kitui,Mwingi Central,Rural,,,,,non_functional,,,
63617.0,KIMW03471,KIMW03471224,,1,383,7,tap_in_home,29891.0,Kiomo/Kyethani,Kitui,Mwingi Central,Urban,,,,,non_functional,,,
63618.0,KIMW03472,KIMW03472224,,1,302,35,tap_in_home,30609.0,Kivou,Kitui,Mwingi Central,Urban,,,,,non_functional,,,
63619.0,KIMW03473,KIMW03473224,,4,223,46,well,24753.0,Mui,Kitui,Mwingi Central,Rural,,Contaminated: Chemical,,,non_functional,,,
63620.0,KIMW03474,KIMW03474224,,5,15,46,shared_taps,36476.0,Nguni,Kitui,Mwingi Central,Urban,,,,,non_functional,,,
63621.0,KIMW03475,KIMW03475224,,1,461,30,well,34661.0,Nuu,Kitui,Mwingi Central,Rural,,Contaminated:Biological,,,non_functional,,,
63622.0,KIMW03476,KIMW03476224,,4,70,37,well,25448.0,Waita,Kitui,Mwingi Central,Urban,,Contaminated:Biological,,,non_functional,,,
63623.0,KIMW03477,KIMW03477224,,2,437,36,tap_in_home,52142.0,Kyuso,Kitui,Mwingi North,Urban,,,,,non_functional,,,
63624.0,KIMW03478,KIMW03478224,,4,445,25,shared_taps,43000.0,Mumoni,Kitui,Mwingi North,Urban,,,,,non_functional,,,
63625.0,KIMW03479,KIMW03479224,,4,271,23,shared_taps,46147.0,Tseikuru,Kitui,Mwingi North,Urban,,,,,non_functional,,,
63626.0,KIMW03480,KIMW03480224,,1,185,29,shared_taps,35619.0,Kyome/Thaana,Kitui,Mwingi West,Urban,,,,,non_functional,,,
63627.0,KIMW03481,KIMW03481224,,2,372,48,river,32159.0,Migwani,Kitui,Mwingi West,Rural,,,,,non_functional,,,
63628.0,KIMW03482,KIMW03482224,,4,118,2,river,34514.0,Nguutani,Kitui,Mwingi West,Rural,,,,,non_functional,,,
63629.0,KWKI03483,KWKI03483224,,2,388,11,shared_taps,51579.0,Chengoni/Samburu,Kwale,Kinango,Urban,,,,,non_functional,,,
63630.0,KWKI03484,KWKI03484224,,1,413,37,shared_taps,108214.0,Kinango,Kwale,Kinango,Urban,,,,,non_functional,,,
63631.0,KWKI03485,KWKI03485224,,1,521,18,river,52469.0,Mackinnon Road,Kwale,Kinango,Rural,,,,,non_functional,,,
63632.0,KWKI03486,KWKI03486224,,2,252,6,tap_in_home_broken,53714.0,Mwavumbo,Kwale,Kinango,Urban,,,,,non_functional,,,
63633.0,KWKI03487,KWKI03487224,,1,291,34,river,54349.0,Ndavaya,Kwale,Kinango,Rural,,,,,non_functional,,,
63634.0,KWKI03488,KWKI03488224,,1,126,46,well,31279.0,Puma,Kwale,Kinango,Rural,,Contaminated: Chemical,,,non_functional,,,
63635.0,KWLU03489,KWLU03489224,,4,402,18,tap_in_home,58001.0,Dzombo,Kwale,Lungalunga,Urban,,,,,non_functional,,,
63636.0,KWLU03490,KWLU03490224,,2,133,9,river,46193.0,Mwereni,Kwale,Lungalunga,Urban,,,,,non_functional,,,
63637.0,KWLU03491,KWLU03491224,,1,10,13,tap_in_home_broken,68463.0,Pongwe/Kikoneni,Kwale,Lungalunga,Urban,,,,,non_functional,,,
63638.0,KWLU03492,KWLU03492224,,5,497,43,tap_in_home,52642.0,Vanga,Kwale,Lungalunga,Urban,,,,,non_functional,,,
63639.0,KWMA03493,KWMA03493224,,3,470,28,shared_taps,31096.0,Kubo South,Kwale,Matuga,Rural,,,,,non_functional,,,
63640.0,KWMA03494,KWMA03494224,,5,38,33,river,44859.0,Mkongani,Kwale,Matuga,Rural,,,,,non_functional,,,
63641.0,KWMA03495,KWMA03495224,,2,33,35,shared_taps,34523.0,Tiwi,Kwale,Matuga,Urban,,,,,non_functional,,,
63642.0,KWMA03496,KWMA03496224,,3,258,46,well,61367.0,Tsimba Golini,Kwale,Matuga,Rural,,Contaminated: Chemical,,,non_functional,,,
63643.0,KWMA03497,KWMA03497224,,3,298,46,tap_in_home,33120.0,Waa,Kwale,Matuga,Urban,,,,,non_functional,,,
63644.0,KWMS03498,KWMS03498224,,3,197,1,tap_in_home,28182.0,Gombato Bongwe,Kwale,Msambweni,Urban,,,,,non_functional,,,
63645.0,KWMS03499,KWMS03499224,,5,461,38,shared_taps,33768.0,Kinondo,Kwale,Msambweni,Urban,,,,,non_functional,,,
63646.0,KWMS03500,KWMS03500224,,4,291,14,river,58224.0,Ramisi,Kwale,Msambweni,Rural,,,,,non_functional,,,
63647.0,KWMS03501,KWMS03501224,,2,211,10,river,31507.0,Ukunda,Kwale,Msambweni,Rural,,,,,non_functional,,,
63648.0,LALA03502,LALA03502224,,2,522,34,tap_in_home,38785.0,Nanyuki,Laikipia,Laikipia East,Urban,,,,,non_functional,,,
63649.0,LALA03503,LALA03503224,,2,90,36,river,39291.0,Ngobit,Laikipia,Laikipia East,Rural,,,,,non_functional,,,
63650.0,LALA03504,LALA03504224,,2,452,31,river,27651.0,Thingithu,Laikipia,Laikipia East,Rural,,,,,non_functional,,,
63651.0,LALA03505,LALA03505224,,4,284,17,tap_in_home,50523.0,Tigithi,Laikipia,Laikipia East,Urban,,,,,non_functional,,,
63652.0,LALA03506,LALA03506224,,1,122,43,well,28571.0,Mugogodo East,Laikipia,Laikipia North,Rural,,Contaminated: Chemical,,,non_functional,,,
63653.0,LALA03507,LALA03507224,,1,413,6,shared_taps,14149.0,Mugogodo West,Laikipia,Laikipia North,Urban,,,,,non_functional,,,
63654.0,LALA03508,LALA03508224,,1,259,14,shared_taps,19630.0,Segera,Laikipia,Laikipia North,Rural,,,,,non_functional,,,
63655.0,LALA03509,LALA03509224,,1,188,42,tap_in_home_broken,33420.0,Sosian,Laikipia,Laikipia North,Rural,,,,,non_functional,,,
63656.0,LALA03510,LALA03510224,,3,242,28,river,23871.0,Umande,Laikipia,Laikipia North,Rural,,,,,non_functional,,,
63657.0,LALA03511,LALA03511224,,3,191,35,shared_taps,36649.0,Githiga,Laikipia,Laikipia West,Rural,,,,,non_functional,,,
63658.0,LALA03512,LALA03512224,,5,350,26,shared_taps,71433.0,Igwamiti,Laikipia,Laikipia West,Rural,,,,,non_functional,,,
63659.0,LALA03513,LALA03513224,,5,112,48,river,62691.0,Marmanet,Laikipia,Laikipia West,Rural,,,,,non_functional,,,
63660.0,LALA03514,LALA03514224,,1,112,19,tap_in_home,31730.0,Ol-Moran,Laikipia,Laikipia West,Urban,,,,,non_functional,,,
63661.0,LALA03515,LALA03515224,,4,440,6,tap_in_home_broken,30861.0,Rumuruti Township,Laikipia,Laikipia West,Urban,,,,,non_functional,,,
63662.0,LALA03516,LALA03516224,,1,424,5,well,38262.0,Salama,Laikipia,Laikipia West,Rural,,Contaminated: Chemical,,,non_functional,,,
63663.0,LALA03517,LALA03517224,,2,431,44,shared_taps,2451.0,Basuba,Lamu,Lamu East,Rural,,,,,non_functional,,,
63664.0,LALA03518,LALA03518224,,3,521,34,river,3023.0,Faza,Lamu,Lamu East,Rural,,,,,non_functional,,,
63665.0,LALA03519,LALA03519224,,3,337,26,river,4353.0,Kiunga,Lamu,Lamu East,Rural,,,,,non_functional,,,
63666.0,LALA03520,LALA03520224,,3,332,38,shared_taps,26568.0,Bahari,Lamu,Lamu West,Urban,,,,,non_functional,,,
63667.0,LALA03521,LALA03521224,,4,412,7,river,18401.0,Hindi,Lamu,Lamu West,Urban,,,,,non_functional,,,
63668.0,LALA03522,LALA03522224,,5,219,25,shared_taps,17971.0,Hongwe,Lamu,Lamu West,Urban,,,,,non_functional,,,
63669.0,LALA03523,LALA03523224,,4,195,42,shared_taps,34156.0,Mkomani,Lamu,Lamu West,Rural,,,,,non_functional,,,
63670.0,LALA03524,LALA03524224,,5,130,38,river,18726.0,Mkunumbi,Lamu,Lamu West,Rural,,,,,non_functional,,,
63671.0,LALA03525,LALA03525224,,1,119,40,tap_in_home_broken,17801.0,Shella,Lamu,Lamu West,Urban,,,,,non_functional,,,
63672.0,LALA03526,LALA03526224,,2,263,18,tap_in_home,21611.0,Witu,Lamu,Lamu West,Urban,,,,,non_functional,,,
63673.0,MAKA03527,MAKA03527224,,1,30,0,river,30010.0,Kangundo Central,Machakos,Kangundo,Rural,,,,,non_functional,,,
63674.0,MAKA03528,MAKA03528224,,5,469,31,tap_in_home_broken,23616.0,Kangundo East,Machakos,Kangundo,Urban,,,,,non_functional,,,
63675.0,MAKA03529,MAKA03529224,,1,416,31,shared_taps,24250.0,Kangundo North,Machakos,Kangundo,Urban,,,,,non_functional,,,
63676.0,MAKA03530,MAKA03530224,,1,135,22,river,27876.0,Kangundo West,Machakos,Kangundo,Rural,,,,,non_functional,,,
63677.0,MAKA03531,MAKA03531224,,2,449,11,tap_in_home,23403.0,Kathiani Central,Machakos,Kathiani,Urban,,,,,non_functional,,,
63678.0,MAKA03532,MAKA03532224,,1,196,33,tap_in_home,24899.0,Lower Kaewa/Kaani,Machakos,Kathiani,Rural,,,,,non_functional,,,
63679.0,MAKA03533,MAKA03533224,,1,271,24,tap_in_home_broken,41101.0,Mitaboni,Machakos,Kathiani,Urban,,,,,non_functional,,,
63680.0,MAKA03534,MAKA03534224,,4,76,3,tap_in_home,32966.0,Upper Kaewa/Iveti,Machakos,Kathiani,Rural,,,,,non_functional,,,
63681.0,MAMA03535,MAMA03535224,,2,1,19,shared_taps,38515.0,Kalama,Machakos,Machakos Town,Urban,,,,,non_functional,,,
63682.0,MAMA03536,MAMA03536224,,4,353,41,shared_taps,23798.0,Kola,Machakos,Machakos Town,Rural,,,,,non_functional,,,
63683.0,MAMA03537,MAMA03537224,,3,330,18,river,20209.0,Machakos Central,Machakos,Machakos Town,Rural,,,,,non_functional,,,
63684.0,MAMA03538,MAMA03538224,,5,320,23,tap_in_home,34341.0,Mua,Machakos,Machakos Town,Rural,,,,,non_functional,,,
63685.0,MAMA03539,MAMA03539224,,2,454,37,tap_in_home,27964.0,Mumbuni North,Machakos,Machakos Town,Urban,,,,,non_functional,,,
63686.0,MAMA03540,MAMA03540224,,1,110,41,tap_in_home,35567.0,Mutituni,Machakos,Machakos Town,Urban,,,,,non_functional,,,
63687.0,MAMA03541,MAMA03541224,,5,114,43,tap_in_home,21706.0,Muvuti/Kiima-Kimwe,Machakos,Machakos Town,Urban,,,,,non_functional,,,
63688.0,MAMA03542,MAMA03542224,,2,26,20,well,23176.0,Ekalakala,Machakos,Masinga,Rural,,Contaminated: Chemical,,,non_functional,,,
63689.0,MAMA03543,MAMA03543224,,5,361,2,shared_taps,44913.0,Kivaa,Machakos,Masinga,Urban,,,,,non_functional,,,
63690.0,MAMA03544,MAMA03544224,,4,45,42,tap_in_home,44791.0,Masinga Central,Machakos,Masinga,Urban,,,,,non_functional,,,
63691.0,MAMA03545,MAMA03545224,,5,452,40,tap_in_home,17224.0,Muthesya,Machakos,Masinga,Urban,,,,,non_functional,,,
63692.0,MAMA03546,MAMA03546224,,2,34,20,shared_taps,33153.0,Ndithini,Machakos,Masinga,Urban,,,,,non_functional,,,
63693.0,MAMA03547,MAMA03547224,,5,139,30,shared_taps,25095.0,Kyeleni,Machakos,Matungulu,Urban,,,,,non_functional,,,
63694.0,MABA03548,MABA03548224,,5,249,40,river,17577.0,Guba,Mandera,Banissa,Rural,,,,,non_functional,,,
63695.0,MAMA03549,MAMA03549224,,3,195,29,shared_taps,33960.0,Matungulu East,Machakos,Matungulu,Urban,,,,,non_functional,,,
63696.0,MAMA03550,MAMA03550224,,3,66,48,tap_in_home,36945.0,Matungulu North,Machakos,Matungulu,Urban,,,,,non_functional,,,
63697.0,MAMA03551,MAMA03551224,,5,128,23,tap_in_home_broken,49374.0,Matungulu West,Machakos,Matungulu,Urban,,,,,non_functional,,,
63698.0,MAMA03552,MAMA03552224,,4,259,14,river,41821.0,Tala,Machakos,Matungulu,Urban,,,,,non_functional,,,
63699.0,MAMA03553,MAMA03553224,,2,381,23,shared_taps,61229.0,Athi River,Machakos,Mavoko,Rural,,,,,non_functional,,,
63700.0,MAMA03554,MAMA03554224,,3,433,32,well,50540.0,Kinanie,Machakos,Mavoko,Rural,,Clean,,,non_functional,,,
63701.0,MAMA03555,MAMA03555224,,1,171,9,tap_in_home_broken,111505.0,Muthwani,Machakos,Mavoko,Rural,,,,,non_functional,,,
63702.0,MAMA03556,MAMA03556224,,3,239,15,tap_in_home_broken,86490.0,Syokimau/Mulolongo,Machakos,Mavoko,Urban,,,,,non_functional,,,
63703.0,MAMW03557,MAMW03557224,,1,505,6,shared_taps,22973.0,Kibauni,Machakos,Mwala,Urban,,,,,non_functional,,,
63704.0,MAMW03558,MAMW03558224,,5,431,15,well,39817.0,Makutano/ Mwala,Machakos,Mwala,Rural,,Contaminated: Chemical,,,non_functional,,,
63705.0,MAMW03559,MAMW03559224,,4,394,41,river,39593.0,Masii,Machakos,Mwala,Rural,,,,,non_functional,,,
63706.0,MAMW03560,MAMW03560224,,1,344,15,well,40378.0,Mbiuni,Machakos,Mwala,Urban,,Clean,,,non_functional,,,
63707.0,MAMW03561,MAMW03561224,,4,384,27,well,28455.0,Muthetheni,Machakos,Mwala,Urban,,Clean,,,non_functional,,,
63708.0,MAMW03562,MAMW03562224,,2,359,10,well,31888.0,Wamunyu,Machakos,Mwala,Rural,,Clean,,,non_functional,,,
63709.0,MAYA03563,MAYA03563224,,4,455,15,tap_in_home,45300.0,Ikombe,Machakos,Yatta,Rural,,,,,non_functional,,,
63710.0,MAYA03564,MAYA03564224,,3,235,35,tap_in_home,28858.0,Katangi,Machakos,Yatta,Urban,,,,,non_functional,,,
63711.0,MAYA03565,MAYA03565224,,2,447,45,tap_in_home,42438.0,Kithimani,Machakos,Yatta,Urban,,,,,non_functional,,,
63712.0,MAYA03566,MAYA03566224,,1,452,41,shared_taps,36592.0,Matuu,Machakos,Yatta,Urban,,,,,non_functional,,,
63713.0,MAYA03567,MAYA03567224,,4,358,2,tap_in_home,41795.0,Ndalani,Machakos,Yatta,Urban,,,,,non_functional,,,
63714.0,MAUN03568,MAUN03568224,,5,26,36,tap_in_home_broken,1367.0,unknown 7,Machakos,unknown 7,Urban,,,,,non_functional,,,
63715.0,MAKA03569,MAKA03569224,,5,203,21,well,32977.0,Ilima,Makueni,Kaiti,Rural,,Clean,,,non_functional,,,
63716.0,MAKA03570,MAKA03570224,,3,330,19,tap_in_home,28323.0,Kee,Makueni,Kaiti,Urban,,,,,non_functional,,,
63717.0,MAKA03571,MAKA03571224,,1,442,8,shared_taps,34823.0,Kilungu,Makueni,Kaiti,Rural,,,,,non_functional,,,
63718.0,MAKA03572,MAKA03572224,,3,230,22,shared_taps,48492.0,Ukia,Makueni,Kaiti,Rural,,,,,non_functional,,,
63719.0,MAKI03573,MAKI03573224,,4,436,18,shared_taps,39537.0,Ivingoni/Nzambani,Makueni,Kibwezi East,Rural,,,,,non_functional,,,
63720.0,MAKI03574,MAKI03574224,,1,283,38,shared_taps,37716.0,Masongaleni,Makueni,Kibwezi East,Urban,,,,,non_functional,,,
63721.0,MAKI03575,MAKI03575224,,3,195,36,tap_in_home,43241.0,Mtito Andei,Makueni,Kibwezi East,Urban,,,,,non_functional,,,
63722.0,MAKI03576,MAKI03576224,,1,358,29,shared_taps,41324.0,Thange,Makueni,Kibwezi East,Urban,,,,,non_functional,,,
63723.0,MAKI03577,MAKI03577224,,2,57,22,well,34908.0,Emali/Mulala,Makueni,Kibwezi West,Rural,,Clean,,,non_functional,,,
63724.0,MAKI03578,MAKI03578224,,4,247,34,shared_taps,25709.0,Kikumbulyu North,Makueni,Kibwezi West,Rural,,,,,non_functional,,,
63725.0,MAKI03579,MAKI03579224,,3,403,32,river,32413.0,Kikumbulyu South,Makueni,Kibwezi West,Rural,,,,,non_functional,,,
63726.0,MAKI03580,MAKI03580224,,2,176,40,tap_in_home,54704.0,Makindu,Makueni,Kibwezi West,Urban,,,,,non_functional,,,
63727.0,MAKI03581,MAKI03581224,,4,501,8,tap_in_home,27953.0,Nguu/Masumba,Makueni,Kibwezi West,Urban,,,,,non_functional,,,
63728.0,MAKI03582,MAKI03582224,,2,163,40,river,40751.0,Nguumo,Makueni,Kibwezi West,Rural,,,,,non_functional,,,
63729.0,MAKI03583,MAKI03583224,,1,330,14,shared_taps,51931.0,Kasikeu,Makueni,Kilome,Rural,,,,,non_functional,,,
63730.0,MAKI03584,MAKI03584224,,4,113,27,river,40784.0,Kiima Kiu/Kalanzoni,Makueni,Kilome,Rural,,,,,non_functional,,,
63731.0,MABA03585,MABA03585224,,1,472,25,tap_in_home,40358.0,Kiliwehiri,Mandera,Banissa,Urban,,,,,non_functional,,,
63732.0,MAKI03586,MAKI03586224,,4,266,46,tap_in_home,33834.0,Mukaa,Makueni,Kilome,Urban,,,,,non_functional,,,
63733.0,MAMA03587,MAMA03587224,,1,140,12,tap_in_home_broken,36562.0,Kathonzweni,Makueni,Makueni,Rural,,,,,non_functional,,,
63734.0,MAMA03588,MAMA03588224,,3,387,29,tap_in_home,25102.0,Kitise/Kithuki,Makueni,Makueni,Urban,,,,,non_functional,,,
63735.0,MAMA03589,MAMA03589224,,3,496,1,well,26694.0,Mavindini,Makueni,Makueni,Urban,,Contaminated: Chemical,,,non_functional,,,
63736.0,MAMA03590,MAMA03590224,,3,208,24,river,30839.0,Mbitini,Makueni,Makueni,Urban,,,,,non_functional,,,
63737.0,MAMA03591,MAMA03591224,,4,388,39,tap_in_home_broken,32979.0,Muvau/Kikuumini,Makueni,Makueni,Rural,,,,,non_functional,,,
63738.0,MAMA03592,MAMA03592224,,5,366,39,well,45010.0,Nzaui/Kilili/Kalamba,Makueni,Makueni,Rural,,Contaminated:Biological,,,non_functional,,,
63739.0,MAMA03593,MAMA03593224,,1,485,6,tap_in_home,30061.0,Wote,Makueni,Makueni,Urban,,,,,non_functional,,,
63740.0,MAMB03594,MAMB03594224,,2,190,35,well,33759.0,Kalawa,Makueni,Mbooni,Rural,,Contaminated: Chemical,,,non_functional,,,
63741.0,MAMB03595,MAMB03595224,,4,309,25,river,47752.0,Kiteta/Kisau,Makueni,Mbooni,Rural,,,,,non_functional,,,
63742.0,MAMB03596,MAMB03596224,,5,264,0,shared_taps,35880.0,Kithungo/Kitundu,Makueni,Mbooni,Rural,,,,,non_functional,,,
63743.0,MAMB03597,MAMB03597224,,3,355,45,tap_in_home,35861.0,Mbooni,Makueni,Mbooni,Urban,,,,,non_functional,,,
63744.0,MAMB03598,MAMB03598224,,5,324,27,shared_taps,43790.0,Tulimani,Makueni,Mbooni,Urban,,,,,non_functional,,,
63745.0,MAMB03599,MAMB03599224,,4,447,26,tap_in_home,32122.0,Waia-Kako,Makueni,Mbooni,Rural,,,,,non_functional,,,
63746.0,MABA03600,MABA03600224,,4,499,29,tap_in_home_broken,49829.0,Banissa,Mandera,Banissa,Urban,,,,,non_functional,,,
63747.0,MABA03601,MABA03601224,,3,337,25,shared_taps,29140.0,Derkhale,Mandera,Banissa,Urban,,,,,non_functional,,,
63748.0,MABA03602,MABA03602224,,3,293,25,well,29451.0,Malkamari,Mandera,Banissa,Rural,,Contaminated: Chemical,,,non_functional,,,
63749.0,MALA03603,MALA03603224,,2,456,35,shared_taps,6787.0,Alango Gof,Mandera,Lafey,Urban,,,,,non_functional,,,
63750.0,MALA03604,MALA03604224,,5,132,24,tap_in_home_broken,39778.0,Lafey,Mandera,Lafey,Urban,,,,,non_functional,,,
63751.0,MALA03605,MALA03605224,,5,376,32,shared_taps,40573.0,Libehia,Mandera,Lafey,Rural,,,,,non_functional,,,
63752.0,MALA03606,MALA03606224,,5,426,23,well,19616.0,Waranqara,Mandera,Lafey,Rural,,Clean,,,non_functional,,,
63753.0,MAMA03607,MAMA03607224,,4,156,2,well,35191.0,Arabia,Mandera,Mandera East,Rural,,Clean,,,non_functional,,,
63754.0,MAMA03608,MAMA03608224,,4,22,31,shared_taps,18981.0,Bulla Mpya,Mandera,Mandera East,Urban,,,,,non_functional,,,
63755.0,MAMA03609,MAMA03609224,,5,486,19,shared_taps,15276.0,Fino,Mandera,Mandera East,Rural,,,,,non_functional,,,
63756.0,MAMA03610,MAMA03610224,,5,245,44,shared_taps,8849.0,Khalalio,Mandera,Mandera East,Urban,,,,,non_functional,,,
63757.0,MAMA03611,MAMA03611224,,2,451,44,well,2496.0,Neboi,Mandera,Mandera East,Rural,,Clean,,,non_functional,,,
63758.0,MAMA03612,MAMA03612224,,5,179,37,shared_taps,5277.0,Township,Mandera,Mandera East,Urban,,,,,non_functional,,,
63759.0,MAMA03613,MAMA03613224,,3,287,24,tap_in_home_broken,40090.0,Ashabito,Mandera,Mandera North,Urban,,,,,non_functional,,,
63760.0,MAMA03614,MAMA03614224,,2,401,30,tap_in_home,23483.0,Guticha,Mandera,Mandera North,Urban,,,,,non_functional,,,
63761.0,MAMA03615,MAMA03615224,,3,182,3,tap_in_home_broken,18268.0,Morothile,Mandera,Mandera North,Urban,,,,,non_functional,,,
63762.0,MAMA03616,MAMA03616224,,3,313,38,river,49773.0,Rhamu,Mandera,Mandera North,Rural,,,,,non_functional,,,
63763.0,MAMA03617,MAMA03617224,,4,217,0,shared_taps,43757.0,Rhamu-Dimtu,Mandera,Mandera North,Urban,,,,,non_functional,,,
63764.0,MAMA03618,MAMA03618224,,4,527,16,well,0.0,Elwak South,Mandera,Mandera South,Rural,,Contaminated:Biological,,,non_functional,,,
63765.0,MAMA03619,MAMA03619224,,4,365,23,shared_taps,93245.0,Kutulo,Mandera,Mandera South,Rural,,,,,non_functional,,,
63766.0,MAMA03620,MAMA03620224,,1,287,20,tap_in_home,41895.0,Shimbir Fatuma,Mandera,Mandera South,Urban,,,,,non_functional,,,
63767.0,MAMA03621,MAMA03621224,,1,473,37,well,16049.0,Wargadud,Mandera,Mandera South,Rural,,Contaminated: Chemical,,,non_functional,,,
63768.0,MAMA03622,MAMA03622224,,3,336,15,shared_taps,19279.0,Dandu,Mandera,Mandera West,Urban,,,,,non_functional,,,
63769.0,MAMA03623,MAMA03623224,,5,445,21,shared_taps,23946.0,Gither,Mandera,Mandera West,Rural,,,,,non_functional,,,
63770.0,MAMA03624,MAMA03624224,,1,495,27,tap_in_home,201.0,Lagsure,Mandera,Mandera West,Urban,,,,,non_functional,,,
63771.0,MAMA03625,MAMA03625224,,1,201,20,tap_in_home,49677.0,Takaba,Mandera,Mandera West,Urban,,,,,non_functional,,,
63772.0,MAMA03626,MAMA03626224,,2,400,2,well,25707.0,Takaba South,Mandera,Mandera West,Rural,,Contaminated:Biological,,,non_functional,,,
63773.0,MAUN03627,MAUN03627224,,3,524,38,river,29633.0,unknown 1,Mandera,unknown 1,Urban,,,,,non_functional,,,
63774.0,MALA03628,MALA03628224,,5,250,31,shared_taps,16730.0,Kargi/South Horr,Marsabit,Laisamis,Urban,,,,,non_functional,,,
63775.0,MALA03629,MALA03629224,,1,409,41,tap_in_home_broken,39947.0,Korr/Ngurunit,Marsabit,Laisamis,Rural,,,,,non_functional,,,
63776.0,MALA03630,MALA03630224,,3,446,44,shared_taps,25788.0,Laisamis,Marsabit,Laisamis,Rural,,,,,non_functional,,,
63777.0,MALA03631,MALA03631224,,5,269,16,shared_taps,14324.0,Logo Logo,Marsabit,Laisamis,Rural,,,,,non_functional,,,
63778.0,MALA03632,MALA03632224,,2,53,22,shared_taps,27983.0,Loiyangalani,Marsabit,Laisamis,Rural,,,,,non_functional,,,
63779.0,MAMO03633,MAMO03633224,,4,60,45,well,21442.0,Butiye,Marsabit,Moyale,Rural,,Clean,,,non_functional,,,
63780.0,MAMO03634,MAMO03634224,,2,108,34,well,36815.0,Golbo,Marsabit,Moyale,Urban,,Clean,,,non_functional,,,
63781.0,MAMO03635,MAMO03635224,,3,239,5,shared_taps,24164.0,Heillu/Manyatta,Marsabit,Moyale,Urban,,,,,non_functional,,,
63782.0,MAMO03636,MAMO03636224,,1,411,34,well,9037.0,Moyale Township,Marsabit,Moyale,Rural,,Clean,,,non_functional,,,
63783.0,MAMO03637,MAMO03637224,,3,512,1,well,7516.0,Obbu,Marsabit,Moyale,Rural,,Contaminated: Chemical,,,non_functional,,,
63784.0,MAMO03638,MAMO03638224,,5,375,15,well,21267.0,Sololo,Marsabit,Moyale,Rural,,Contaminated:Biological,,,non_functional,,,
63785.0,MAMO03639,MAMO03639224,,1,180,17,river,21753.0,Uran,Marsabit,Moyale,Rural,,,,,non_functional,,,
63786.0,MANO03640,MANO03640224,,2,491,48,well,32835.0,Dukana,Marsabit,North Horr,Rural,,Contaminated: Chemical,,,non_functional,,,
63787.0,MANO03641,MANO03641224,,2,490,19,well,17528.0,Illeret,Marsabit,North Horr,Rural,,Contaminated:Biological,,,non_functional,,,
63788.0,MANO03642,MANO03642224,,3,42,23,well,50086.0,Maikona,Marsabit,North Horr,Rural,,Clean,,,non_functional,,,
63789.0,MANO03643,MANO03643224,,5,504,22,well,27149.0,North Horr,Marsabit,North Horr,Rural,,Clean,,,non_functional,,,
63790.0,METI03644,METI03644224,,2,490,22,shared_taps,28735.0,Nkomo,Meru,Tigania West,Rural,,,,,non_functional,,,
63791.0,MANO03645,MANO03645224,,1,127,21,shared_taps,11808.0,Turbi,Marsabit,North Horr,Urban,,,,,non_functional,,,
63792.0,MASA03646,MASA03646224,,3,305,42,shared_taps,17488.0,Karare,Marsabit,Saku,Urban,,,,,non_functional,,,
63793.0,MASA03647,MASA03647224,,5,228,16,tap_in_home_broken,39255.0,Marsabit Central,Marsabit,Saku,Urban,,,,,non_functional,,,
63794.0,MASA03648,MASA03648224,,5,302,4,river,35501.0,Sagante/Jaldesa,Marsabit,Saku,Rural,,,,,non_functional,,,
63795.0,MEBU03649,MEBU03649224,,2,136,16,shared_taps,30303.0,Kibirichia,Meru,Buuri,Urban,,,,,non_functional,,,
63796.0,MEBU03650,MEBU03650224,,3,408,5,tap_in_home_broken,30416.0,Kiirua/Naari,Meru,Buuri,Rural,,,,,non_functional,,,
63797.0,MEBU03651,MEBU03651224,,2,360,48,river,43718.0,Kisima,Meru,Buuri,Rural,,,,,non_functional,,,
63798.0,MEBU03652,MEBU03652224,,4,530,20,tap_in_home_broken,25755.0,Ruiri/Rwarera,Meru,Buuri,Rural,,,,,non_functional,,,
63799.0,MEBU03653,MEBU03653224,,5,120,40,river,51198.0,Timau,Meru,Buuri,Rural,,,,,non_functional,,,
63800.0,MECE03654,MECE03654224,,3,196,25,tap_in_home,69712.0,Abothuguchi Central,Meru,Central Imenti,Urban,,,,,non_functional,,,
63801.0,MECE03655,MECE03655224,,4,157,33,shared_taps,32514.0,Abothuguchi West,Meru,Central Imenti,Urban,,,,,non_functional,,,
63802.0,MECE03656,MECE03656224,,4,463,3,tap_in_home_broken,43364.0,Mwanganthia,Meru,Central Imenti,Urban,,,,,non_functional,,,
63803.0,MEIG03657,MEIG03657224,,2,2,26,well,38104.0,Akirang'Ondu,Meru,Igembe Central,Urban,,Contaminated:Biological,,,non_functional,,,
63804.0,MEIG03658,MEIG03658224,,1,110,33,shared_taps,48425.0,Athiru Ruujine,Meru,Igembe Central,Rural,,,,,non_functional,,,
63805.0,MEIG03659,MEIG03659224,,2,203,13,tap_in_home_broken,64939.0,Igembe East,Meru,Igembe Central,Urban,,,,,non_functional,,,
63806.0,MEIG03660,MEIG03660224,,4,185,40,shared_taps,36026.0,Kangeta,Meru,Igembe Central,Urban,,,,,non_functional,,,
63807.0,MEIG03661,MEIG03661224,,2,126,13,tap_in_home,47201.0,Njia,Meru,Igembe Central,Urban,,,,,non_functional,,,
63808.0,MEIG03662,MEIG03662224,,2,515,42,shared_taps,47777.0,Amwathi,Meru,Igembe North,Urban,,,,,non_functional,,,
63809.0,MEIG03663,MEIG03663224,,2,464,36,tap_in_home,31209.0,Antuambui,Meru,Igembe North,Urban,,,,,non_functional,,,
63810.0,MEIG03664,MEIG03664224,,5,213,21,shared_taps,43614.0,Antubetwe Kiongo,Meru,Igembe North,Urban,,,,,non_functional,,,
63811.0,MEIG03665,MEIG03665224,,5,59,41,tap_in_home,52909.0,Naathu,Meru,Igembe North,Urban,,,,,non_functional,,,
63812.0,MEIG03666,MEIG03666224,,1,51,27,shared_taps,25389.0,Ntunene,Meru,Igembe North,Urban,,,,,non_functional,,,
63813.0,MEIG03667,MEIG03667224,,3,305,43,tap_in_home,35973.0,Akachiu,Meru,Igembe South,Urban,,,,,non_functional,,,
63814.0,MOKI03668,MOKI03668224,,4,429,27,river,0.0,Magogoni,Mombasa,Kisauni,Rural,,,,,non_functional,,,
63815.0,MEIG03669,MEIG03669224,,4,399,34,tap_in_home,26640.0,Athiru Gaiti,Meru,Igembe South,Urban,,,,,non_functional,,,
63816.0,MEIG03670,MEIG03670224,,1,464,24,shared_taps,33411.0,Kanuni,Meru,Igembe South,Urban,,,,,non_functional,,,
63817.0,MEIG03671,MEIG03671224,,4,222,9,tap_in_home_broken,35153.0,Kiegoi/Antubochiu,Meru,Igembe South,Urban,,,,,non_functional,,,
63818.0,MEIG03672,MEIG03672224,,2,345,30,well,48411.0,Maua,Meru,Igembe South,Rural,,Clean,,,non_functional,,,
63819.0,MENO03673,MENO03673224,,5,234,28,well,9029.0,Municipality,Meru,North Imenti,Urban,,Contaminated: Chemical,,,non_functional,,,
63820.0,MENO03674,MENO03674224,,5,292,5,shared_taps,12870.0,Ntima East,Meru,North Imenti,Rural,,,,,non_functional,,,
63821.0,MENO03675,MENO03675224,,4,223,31,well,17392.0,Ntima West,Meru,North Imenti,Rural,,Contaminated: Chemical,,,non_functional,,,
63822.0,MENO03676,MENO03676224,,4,175,0,shared_taps,28660.0,Nyaki East,Meru,North Imenti,Urban,,,,,non_functional,,,
63823.0,MENO03677,MENO03677224,,2,116,22,tap_in_home,47057.0,Nyaki West,Meru,North Imenti,Urban,,,,,non_functional,,,
63824.0,MESO03678,MESO03678224,,1,8,23,river,44304.0,Abogeta East,Meru,South Imenti,Rural,,,,,non_functional,,,
63825.0,MESO03679,MESO03679224,,1,529,34,river,40898.0,Abogeta West,Meru,South Imenti,Rural,,,,,non_functional,,,
63826.0,MESO03680,MESO03680224,,3,387,13,tap_in_home_broken,37904.0,Igoji East,Meru,South Imenti,Urban,,,,,non_functional,,,
63827.0,MESO03681,MESO03681224,,3,510,43,shared_taps,27045.0,Igoji West,Meru,South Imenti,Rural,,,,,non_functional,,,
63828.0,MESO03682,MESO03682224,,1,0,31,shared_taps,27334.0,Mitunguu,Meru,South Imenti,Urban,,,,,non_functional,,,
63829.0,MESO03683,MESO03683224,,4,539,41,tap_in_home,57638.0,Nkuene,Meru,South Imenti,Rural,,,,,non_functional,,,
63830.0,METI03684,METI03684224,,2,306,17,river,29665.0,Karama,Meru,Tigania East,Rural,,,,,non_functional,,,
63831.0,METI03685,METI03685224,,1,452,41,tap_in_home_broken,28391.0,Kiguchwa,Meru,Tigania East,Urban,,,,,non_functional,,,
63832.0,METI03686,METI03686224,,4,158,22,shared_taps,38742.0,Mikinduri,Meru,Tigania East,Urban,,,,,non_functional,,,
63833.0,METI03687,METI03687224,,4,346,27,well,53828.0,Muthara,Meru,Tigania East,Urban,,Clean,,,non_functional,,,
63834.0,METI03688,METI03688224,,1,450,3,shared_taps,55278.0,Thangatha,Meru,Tigania East,Urban,,,,,non_functional,,,
63835.0,METI03689,METI03689224,,4,485,38,shared_taps,38999.0,Akithii,Meru,Tigania West,Urban,,,,,non_functional,,,
63836.0,METI03690,METI03690224,,5,114,21,river,14741.0,Athwana,Meru,Tigania West,Rural,,,,,non_functional,,,
63837.0,METI03691,METI03691224,,3,313,43,tap_in_home_broken,45608.0,Kianjai,Meru,Tigania West,Rural,,,,,non_functional,,,
63838.0,METI03692,METI03692224,,1,216,1,well,20933.0,Mbeu,Meru,Tigania West,Rural,,Contaminated: Chemical,,,non_functional,,,
63839.0,MEUN03693,MEUN03693224,,5,401,20,river,16701.0,unknown 5,Meru,unknown 5,Urban,,,,,non_functional,,,
63840.0,MIAW03694,MIAW03694224,,1,472,23,well,30835.0,Central Sakwa,Migori,Awendo,Rural,,Clean,,,non_functional,,,
63841.0,MIAW03695,MIAW03695224,,3,170,20,shared_taps,25990.0,North Sakwa,Migori,Awendo,Urban,,,,,non_functional,,,
63842.0,MIAW03696,MIAW03696224,,2,236,3,shared_taps,42725.0,South Sakwa,Migori,Awendo,Rural,,,,,non_functional,,,
63843.0,MIAW03697,MIAW03697224,,3,136,13,well,29872.0,West Sakwa,Migori,Awendo,Rural,,Contaminated:Biological,,,non_functional,,,
63844.0,MIKU03698,MIKU03698224,,2,129,2,tap_in_home,31262.0,Gokeharaka/Getambwega,Migori,Kuria East,Rural,,,,,non_functional,,,
63845.0,MIKU03699,MIKU03699224,,3,324,13,river,16533.0,Ntimaru East,Migori,Kuria East,Rural,,,,,non_functional,,,
63846.0,MIKU03700,MIKU03700224,,2,274,37,shared_taps,30835.0,Ntimaru West,Migori,Kuria East,Urban,,,,,non_functional,,,
63847.0,MIKU03701,MIKU03701224,,1,440,10,shared_taps,30145.0,Nyabasi East,Migori,Kuria East,Urban,,,,,non_functional,,,
63848.0,MIKU03702,MIKU03702224,,1,493,35,tap_in_home,38839.0,Nyabasi West,Migori,Kuria East,Urban,,,,,non_functional,,,
63849.0,MIKU03703,MIKU03703224,,5,211,42,river,25111.0,Bukira Centrl/Ikerege,Migori,Kuria West,Rural,,,,,non_functional,,,
63850.0,MIKU03704,MIKU03704224,,5,100,5,well,25569.0,Bukira East,Migori,Kuria West,Rural,,Contaminated: Chemical,,,non_functional,,,
63851.0,MIKU03705,MIKU03705224,,2,436,39,shared_taps,16586.0,Isibania,Migori,Kuria West,Rural,,,,,non_functional,,,
63852.0,MIKU03706,MIKU03706224,,3,162,45,tap_in_home_broken,23386.0,Makerero,Migori,Kuria West,Urban,,,,,non_functional,,,
63853.0,MIKU03707,MIKU03707224,,4,268,15,tap_in_home,32287.0,Masaba,Migori,Kuria West,Urban,,,,,non_functional,,,
63854.0,MIKU03708,MIKU03708224,,4,470,25,shared_taps,34924.0,Nyamosense/Komosoko,Migori,Kuria West,Urban,,,,,non_functional,,,
63855.0,MIKU03709,MIKU03709224,,5,63,25,tap_in_home_broken,29787.0,Tagare,Migori,Kuria West,Rural,,,,,non_functional,,,
63856.0,MINY03710,MINY03710224,,3,293,8,tap_in_home_broken,29735.0,Got Kachola,Migori,Nyatike,Rural,,,,,non_functional,,,
63857.0,MINY03711,MINY03711224,,2,231,21,shared_taps,30781.0,Kachien'G,Migori,Nyatike,Rural,,,,,non_functional,,,
63858.0,MINY03712,MINY03712224,,1,212,35,shared_taps,13723.0,Kaler,Migori,Nyatike,Urban,,,,,non_functional,,,
63859.0,MINY03713,MINY03713224,,1,127,6,well,21415.0,Kanyasa,Migori,Nyatike,Rural,,Contaminated:Biological,,,non_functional,,,
63860.0,MINY03714,MINY03714224,,2,512,11,shared_taps,30204.0,Macalder/Kanyarwanda,Migori,Nyatike,Rural,,,,,non_functional,,,
63861.0,MINY03715,MINY03715224,,5,138,21,tap_in_home_broken,32290.0,Muhuru,Migori,Nyatike,Urban,,,,,non_functional,,,
63862.0,MINY03716,MINY03716224,,5,436,43,river,40382.0,North Kadem,Migori,Nyatike,Rural,,,,,non_functional,,,
63863.0,MIRO03717,MIRO03717224,,5,209,35,tap_in_home,39925.0,Central Kamagambo,Migori,Rongo,Urban,,,,,non_functional,,,
63864.0,MIRO03718,MIRO03718224,,1,463,1,shared_taps,37497.0,East Kamagambo,Migori,Rongo,Urban,,,,,non_functional,,,
63865.0,MIRO03719,MIRO03719224,,1,132,3,river,25919.0,North Kamagambo,Migori,Rongo,Rural,,,,,non_functional,,,
63866.0,MIRO03720,MIRO03720224,,3,531,21,river,42922.0,South Kamagambo,Migori,Rongo,Rural,,,,,non_functional,,,
63867.0,MISU03721,MISU03721224,,1,178,15,tap_in_home,26585.0,God Jope,Migori,Suna East,Rural,,,,,non_functional,,,
63868.0,MISU03722,MISU03722224,,5,219,7,tap_in_home,49935.0,Kakrao,Migori,Suna East,Urban,,,,,non_functional,,,
63869.0,MISU03723,MISU03723224,,1,471,13,shared_taps,23573.0,Kwa,Migori,Suna East,Rural,,,,,non_functional,,,
63870.0,MISU03724,MISU03724224,,3,35,45,river,26425.0,Suna Central,Migori,Suna East,Rural,,,,,non_functional,,,
63871.0,MISU03725,MISU03725224,,1,104,31,well,36431.0,Ragana-Oruba,Migori,Suna West,Rural,,Contaminated:Biological,,,non_functional,,,
63872.0,MISU03726,MISU03726224,,1,523,3,tap_in_home,36155.0,Wasimbete,Migori,Suna West,Urban,,,,,non_functional,,,
63873.0,MISU03727,MISU03727224,,1,215,23,shared_taps,28012.0,Wasweta Ii,Migori,Suna West,Rural,,,,,non_functional,,,
63874.0,MISU03728,MISU03728224,,5,439,38,river,37349.0,Wiga,Migori,Suna West,Rural,,,,,non_functional,,,
63875.0,MIUR03729,MIUR03729224,,5,514,47,tap_in_home_broken,25575.0,Central Kanyamkago,Migori,Uriri,Urban,,,,,non_functional,,,
63876.0,MIUR03730,MIUR03730224,,2,259,27,tap_in_home,18087.0,East Kanyamkago,Migori,Uriri,Rural,,,,,non_functional,,,
63877.0,MIUR03731,MIUR03731224,,4,120,44,tap_in_home,42405.0,North Kanyamkago,Migori,Uriri,Urban,,,,,non_functional,,,
63878.0,MIUR03732,MIUR03732224,,2,431,15,shared_taps,37189.0,South Kanyamkago,Migori,Uriri,Urban,,,,,non_functional,,,
63879.0,MIUR03733,MIUR03733224,,2,220,22,shared_taps,37030.0,West Kanyamkago,Migori,Uriri,Rural,,,,,non_functional,,,
63880.0,MOCH03734,MOCH03734224,,3,212,28,tap_in_home_broken,7377.0,Airport,Mombasa,Changamwe,Urban,,,,,non_functional,,,
63881.0,MOCH03735,MOCH03735224,,2,114,27,river,0.0,Chaani,Mombasa,Changamwe,Rural,,,,,non_functional,,,
63882.0,MOCH03736,MOCH03736224,,5,470,42,river,0.0,Changamwe,Mombasa,Changamwe,Rural,,,,,non_functional,,,
63883.0,MOCH03737,MOCH03737224,,3,474,31,tap_in_home,0.0,Kipevu,Mombasa,Changamwe,Urban,,,,,non_functional,,,
63884.0,MOCH03738,MOCH03738224,,1,156,7,river,109.0,Port Reitz,Mombasa,Changamwe,Rural,,,,,non_functional,,,
63885.0,MOJO03739,MOJO03739224,,1,432,34,well,8601.0,Jomvu Kuu,Mombasa,Jomvu,Rural,,Contaminated: Chemical,,,non_functional,,,
63886.0,MOJO03740,MOJO03740224,,4,304,20,shared_taps,2969.0,Mikindani,Mombasa,Jomvu,Urban,,,,,non_functional,,,
63887.0,MOJO03741,MOJO03741224,,2,224,33,river,4250.0,Miritini,Mombasa,Jomvu,Rural,,,,,non_functional,,,
63888.0,MOKI03742,MOKI03742224,,4,204,2,well,45354.0,Bamburi,Mombasa,Kisauni,Rural,,Contaminated: Chemical,,,non_functional,,,
63889.0,MOKI03743,MOKI03743224,,1,162,3,tap_in_home,23595.0,Junda,Mombasa,Kisauni,Rural,,,,,non_functional,,,
63890.0,MOKI03744,MOKI03744224,,4,516,30,shared_taps,19912.0,Mtopanga,Mombasa,Kisauni,Urban,,,,,non_functional,,,
63891.0,MOKI03745,MOKI03745224,,5,118,39,shared_taps,16923.0,Mwakirunge,Mombasa,Kisauni,Urban,,,,,non_functional,,,
63892.0,MOKI03746,MOKI03746224,,4,388,33,shared_taps,53736.0,Shanzu,Mombasa,Kisauni,Rural,,,,,non_functional,,,
63893.0,MOLI03747,MOLI03747224,,3,397,21,river,0.0,Bofu,Mombasa,Likoni,Rural,,,,,non_functional,,,
63894.0,MOLI03748,MOLI03748224,,1,223,33,river,0.0,Likoni,Mombasa,Likoni,Urban,,,,,non_functional,,,
63895.0,MOLI03749,MOLI03749224,,5,308,10,tap_in_home_broken,11409.0,Mtongwe,Mombasa,Likoni,Urban,,,,,non_functional,,,
63896.0,MOLI03750,MOLI03750224,,3,247,23,river,29911.0,Shika Adabu,Mombasa,Likoni,Rural,,,,,non_functional,,,
63897.0,MOLI03751,MOLI03751224,,1,140,6,river,17858.0,Timbwani,Mombasa,Likoni,Rural,,,,,non_functional,,,
63898.0,MOMV03752,MOMV03752224,,2,516,18,river,0.0,Majengo,Mombasa,Mvita,Rural,,,,,non_functional,,,
63899.0,MOMV03753,MOMV03753224,,5,187,31,tap_in_home,1454.0,Mji Wa Kale/Makadara,Mombasa,Mvita,Urban,,,,,non_functional,,,
63900.0,MOMV03754,MOMV03754224,,3,174,4,tap_in_home_broken,0.0,Shimanzi/Ganjoni,Mombasa,Mvita,Urban,,,,,non_functional,,,
63901.0,MOMV03755,MOMV03755224,,2,479,35,tap_in_home,0.0,Tononoka,Mombasa,Mvita,Urban,,,,,non_functional,,,
63902.0,MOMV03756,MOMV03756224,,5,451,41,tap_in_home,0.0,Tudor,Mombasa,Mvita,Urban,,,,,non_functional,,,
63903.0,MONY03757,MONY03757224,,4,396,33,river,0.0,Frere Town,Mombasa,Nyali,Rural,,,,,non_functional,,,
63904.0,MONY03758,MONY03758224,,2,97,12,shared_taps,0.0,Kadzandani,Mombasa,Nyali,Urban,,,,,non_functional,,,
63905.0,MONY03759,MONY03759224,,5,440,24,river,0.0,Kongowea,Mombasa,Nyali,Rural,,,,,non_functional,,,
63906.0,MONY03760,MONY03760224,,3,36,45,river,1362.0,Mkomani,Mombasa,Nyali,Urban,,,,,non_functional,,,
63907.0,MONY03761,MONY03761224,,4,452,5,tap_in_home,0.0,Ziwa La Ng'Ombe,Mombasa,Nyali,Urban,,,,,non_functional,,,
63908.0,MUGA03762,MUGA03762224,,4,15,7,tap_in_home,27065.0,Gatanga,Murang'a,Gatanga,Urban,,,,,non_functional,,,
63909.0,MUGA03763,MUGA03763224,,4,249,2,shared_taps,26692.0,Ithanga,Murang'a,Gatanga,Urban,,,,,non_functional,,,
63910.0,MUGA03764,MUGA03764224,,1,12,11,river,41240.0,Kakuzi/Mitubiri,Murang'a,Gatanga,Rural,,,,,non_functional,,,
63911.0,MUGA03765,MUGA03765224,,3,346,8,shared_taps,48340.0,Kariara,Murang'a,Gatanga,Rural,,,,,non_functional,,,
63912.0,MUGA03766,MUGA03766224,,3,282,12,well,34167.0,Kihumbu-Ini,Murang'a,Gatanga,Rural,,Contaminated:Biological,,,non_functional,,,
63913.0,MUGA03767,MUGA03767224,,4,163,41,well,39015.0,Mugumo-Ini,Murang'a,Gatanga,Rural,,Clean,,,non_functional,,,
63914.0,MUKA03768,MUKA03768224,,5,282,16,river,38215.0,Gaichanjiru,Murang'a,Kandara,Rural,,,,,non_functional,,,
63915.0,MUKA03769,MUKA03769224,,5,119,43,tap_in_home,32305.0,Ithiru,Murang'a,Kandara,Urban,,,,,non_functional,,,
63916.0,MUKA03770,MUKA03770224,,1,145,13,tap_in_home,34854.0,Kagundu-Ini,Murang'a,Kandara,Urban,,,,,non_functional,,,
63917.0,MUKA03771,MUKA03771224,,5,237,16,shared_taps,28496.0,Muruka,Murang'a,Kandara,Urban,,,,,non_functional,,,
63918.0,MUKA03772,MUKA03772224,,1,75,24,tap_in_home_broken,23179.0,Ng'Araria,Murang'a,Kandara,Urban,,,,,non_functional,,,
63919.0,MUKA03773,MUKA03773224,,3,270,44,river,38815.0,Ruchu,Murang'a,Kandara,Rural,,,,,non_functional,,,
63920.0,MUKA03774,MUKA03774224,,4,493,28,shared_taps,26607.0,Kanyenya-Ini,Murang'a,Kangema,Urban,,,,,non_functional,,,
63921.0,MUKA03775,MUKA03775224,,4,502,36,river,39735.0,Muguru,Murang'a,Kangema,Rural,,,,,non_functional,,,
63922.0,MUKA03776,MUKA03776224,,5,413,11,shared_taps,23042.0,Rwathia,Murang'a,Kangema,Urban,,,,,non_functional,,,
63923.0,MUKI03777,MUKI03777224,,2,216,11,shared_taps,23226.0,Kahumbu,Murang'a,Kigumo,Rural,,,,,non_functional,,,
63924.0,MUKI03778,MUKI03778224,,2,276,32,river,35760.0,Kangari,Murang'a,Kigumo,Rural,,,,,non_functional,,,
63925.0,MUKI03779,MUKI03779224,,2,344,47,tap_in_home,28666.0,Kigumo,Murang'a,Kigumo,Urban,,,,,non_functional,,,
63926.0,MUKI03780,MUKI03780224,,1,275,12,well,32262.0,Kinyona,Murang'a,Kigumo,Rural,,Contaminated: Chemical,,,non_functional,,,
63927.0,MUKI03781,MUKI03781224,,1,526,6,river,31057.0,Muthithi,Murang'a,Kigumo,Urban,,,,,non_functional,,,
63928.0,MUKI03782,MUKI03782224,,2,439,0,shared_taps,45847.0,Gaturi,Murang'a,Kiharu,Rural,,,,,non_functional,,,
63929.0,MUKI03783,MUKI03783224,,3,115,30,shared_taps,49019.0,Mbiri,Murang'a,Kiharu,Rural,,,,,non_functional,,,
63930.0,MUKI03784,MUKI03784224,,4,262,32,well,35068.0,Mugoiri,Murang'a,Kiharu,Rural,,Contaminated:Biological,,,non_functional,,,
63931.0,MUKI03785,MUKI03785224,,3,175,23,shared_taps,32891.0,Murarandia,Murang'a,Kiharu,Urban,,,,,non_functional,,,
63932.0,MUKI03786,MUKI03786224,,5,524,15,tap_in_home,28492.0,Township,Murang'a,Kiharu,Rural,,,,,non_functional,,,
63933.0,MUKI03787,MUKI03787224,,4,428,13,river,32363.0,Wangu,Murang'a,Kiharu,Rural,,,,,non_functional,,,
63934.0,MUMA03788,MUMA03788224,,1,62,36,shared_taps,33615.0,Ichagaki,Murang'a,Maragwa,Urban,,,,,non_functional,,,
63935.0,MUMA03789,MUMA03789224,,5,428,34,shared_taps,23694.0,Kamahuha,Murang'a,Maragwa,Urban,,,,,non_functional,,,
63936.0,MUMA03790,MUMA03790224,,5,218,38,shared_taps,27725.0,Kambiti,Murang'a,Maragwa,Urban,,,,,non_functional,,,
63937.0,MUMA03791,MUMA03791224,,5,172,32,river,49701.0,Kimorori/Wempa,Murang'a,Maragwa,Rural,,,,,non_functional,,,
63938.0,MUMA03792,MUMA03792224,,3,372,45,well,37734.0,Makuyu,Murang'a,Maragwa,Urban,,Clean,,,non_functional,,,
63939.0,MUMA03793,MUMA03793224,,3,531,47,shared_taps,30329.0,Nginda,Murang'a,Maragwa,Urban,,,,,non_functional,,,
63940.0,MUMA03794,MUMA03794224,,2,258,42,shared_taps,38107.0,Gitugi,Murang'a,Mathioya,Rural,,,,,non_functional,,,
63941.0,MUMA03795,MUMA03795224,,3,271,11,tap_in_home_broken,24787.0,Kamacharia,Murang'a,Mathioya,Urban,,,,,non_functional,,,
63942.0,MUMA03796,MUMA03796224,,4,220,40,tap_in_home_broken,39282.0,Kiru,Murang'a,Mathioya,Urban,,,,,non_functional,,,
63943.0,NADA03797,NADA03797224,,4,339,46,river,0.0,Gatina,Nairobi,Dagoretti North,Rural,,,,,non_functional,,,
63944.0,NADA03798,NADA03798224,,3,393,15,well,0.0,Kileleshwa,Nairobi,Dagoretti North,Rural,,Contaminated: Chemical,,,non_functional,,,
63945.0,NADA03799,NADA03799224,,4,200,35,shared_taps,0.0,Kilimani,Nairobi,Dagoretti North,Urban,,,,,non_functional,,,
63946.0,NADA03800,NADA03800224,,2,339,5,shared_taps,0.0,Kabiro,Nairobi,Dagoretti South,Rural,,,,,non_functional,,,
63947.0,NADA03801,NADA03801224,,5,483,2,tap_in_home,0.0,Kawangware,Nairobi,Dagoretti South,Rural,,,,,non_functional,,,
63948.0,NADA03802,NADA03802224,,5,368,33,tap_in_home_broken,3652.0,Mutu-Ini,Nairobi,Dagoretti South,Urban,,,,,non_functional,,,
63949.0,NADA03803,NADA03803224,,4,343,0,well,1133.0,Ngando,Nairobi,Dagoretti South,Rural,,Clean,,,non_functional,,,
63950.0,NADA03804,NADA03804224,,4,319,8,well,0.0,Riruta,Nairobi,Dagoretti South,Rural,,Contaminated:Biological,,,non_functional,,,
63951.0,NADA03805,NADA03805224,,5,89,18,tap_in_home,0.0,Uthiru/Ruthimitu,Nairobi,Dagoretti South,Urban,,,,,non_functional,,,
63952.0,NADA03806,NADA03806224,,1,530,22,river,0.0,Waithaka,Nairobi,Dagoretti South,Rural,,,,,non_functional,,,
63953.0,NAEM03807,NAEM03807224,,2,459,48,river,0.0,Kayole Central,Nairobi,Embakasi Central,Rural,,,,,non_functional,,,
63954.0,NAEM03808,NAEM03808224,,5,155,24,well,0.0,Kayole North,Nairobi,Embakasi Central,Rural,,Contaminated: Chemical,,,non_functional,,,
63955.0,NAEM03809,NAEM03809224,,1,93,37,tap_in_home,0.0,Kayole South,Nairobi,Embakasi Central,Urban,,,,,non_functional,,,
63956.0,NAEM03810,NAEM03810224,,2,401,19,well,0.0,Komarock,Nairobi,Embakasi Central,Urban,,Clean,,,non_functional,,,
63957.0,NAEM03811,NAEM03811224,,1,165,27,tap_in_home,0.0,Matopeni/Spring Valley,Nairobi,Embakasi Central,Rural,,,,,non_functional,,,
63958.0,NAEM03812,NAEM03812224,,1,86,17,river,48079.0,Embakasi,Nairobi,Embakasi East,Rural,,,,,non_functional,,,
63959.0,NAEM03813,NAEM03813224,,1,93,40,well,0.0,Lower Savannah,Nairobi,Embakasi East,Rural,,Contaminated:Biological,,,non_functional,,,
63960.0,NAEM03814,NAEM03814224,,3,379,26,river,53822.0,Mihango,Nairobi,Embakasi East,Urban,,,,,non_functional,,,
63961.0,NAEM03815,NAEM03815224,,2,232,11,river,0.0,Upper Savannah,Nairobi,Embakasi East,Rural,,,,,non_functional,,,
63962.0,NAEM03816,NAEM03816224,,5,47,26,tap_in_home,0.0,Utawala,Nairobi,Embakasi East,Rural,,,,,non_functional,,,
63963.0,NAEM03817,NAEM03817224,,5,426,23,river,0.0,Dandora Area I,Nairobi,Embakasi North,Rural,,,,,non_functional,,,
63964.0,NAEM03818,NAEM03818224,,4,373,48,well,0.0,Dandora Area Ii,Nairobi,Embakasi North,Rural,,Contaminated:Biological,,,non_functional,,,
63965.0,NAEM03819,NAEM03819224,,5,38,13,shared_taps,0.0,Dandora Area Iii,Nairobi,Embakasi North,Rural,,,,,non_functional,,,
63966.0,NAEM03820,NAEM03820224,,2,254,10,tap_in_home,0.0,Dandora Area Iv,Nairobi,Embakasi North,Urban,,,,,non_functional,,,
63967.0,NAEM03821,NAEM03821224,,5,300,4,shared_taps,0.0,Kariobangi North,Nairobi,Embakasi North,Urban,,,,,non_functional,,,
63968.0,NAEM03822,NAEM03822224,,4,307,14,tap_in_home,8313.0,Imara Daima,Nairobi,Embakasi South,Urban,,,,,non_functional,,,
63969.0,NAEM03823,NAEM03823224,,5,482,47,shared_taps,0.0,Kwa Njenga,Nairobi,Embakasi South,Rural,,,,,non_functional,,,
63970.0,NAEM03824,NAEM03824224,,1,404,32,well,0.0,Kwa Reuben,Nairobi,Embakasi South,Rural,,Clean,,,non_functional,,,
63971.0,NAEM03825,NAEM03825224,,4,530,1,tap_in_home,0.0,Kware,Nairobi,Embakasi South,Urban,,,,,non_functional,,,
63972.0,NAEM03826,NAEM03826224,,5,245,27,tap_in_home,0.0,Pipeline,Nairobi,Embakasi South,Urban,,,,,non_functional,,,
63973.0,NAEM03827,NAEM03827224,,1,110,8,river,0.0,Kariobangi South,Nairobi,Embakasi West,Rural,,,,,non_functional,,,
63974.0,NAEM03828,NAEM03828224,,3,328,5,shared_taps,0.0,Mowlem,Nairobi,Embakasi West,Urban,,,,,non_functional,,,
63975.0,NAEM03829,NAEM03829224,,1,153,1,tap_in_home_broken,0.0,Umoja I,Nairobi,Embakasi West,Urban,,,,,non_functional,,,
63976.0,NAEM03830,NAEM03830224,,5,222,41,well,0.0,Umoja Ii,Nairobi,Embakasi West,Rural,,Clean,,,non_functional,,,
63977.0,NAKA03831,NAKA03831224,,1,454,15,river,0.0,Airbase,Nairobi,Kamukunji,Rural,,,,,non_functional,,,
63978.0,NAKA03832,NAKA03832224,,5,188,15,tap_in_home_broken,0.0,California,Nairobi,Kamukunji,Urban,,,,,non_functional,,,
63979.0,NAKA03833,NAKA03833224,,3,343,46,shared_taps,0.0,Eastleigh North,Nairobi,Kamukunji,Rural,,,,,non_functional,,,
63980.0,NAKA03834,NAKA03834224,,3,284,44,shared_taps,0.0,Eastleigh South,Nairobi,Kamukunji,Rural,,,,,non_functional,,,
63981.0,NAKA03835,NAKA03835224,,4,158,3,shared_taps,0.0,Pumwani,Nairobi,Kamukunji,Urban,,,,,non_functional,,,
63982.0,NAKA03836,NAKA03836224,,4,102,31,river,0.0,Clay City,Nairobi,Kasarani,Rural,,,,,non_functional,,,
63983.0,NAKA03837,NAKA03837224,,5,538,29,river,0.0,Kasarani,Nairobi,Kasarani,Rural,,,,,non_functional,,,
63984.0,NAKA03838,NAKA03838224,,1,525,10,shared_taps,20030.0,Mwiki,Nairobi,Kasarani,Rural,,,,,non_functional,,,
63985.0,NAKA03839,NAKA03839224,,5,178,9,shared_taps,0.0,Njiru,Nairobi,Kasarani,Urban,,,,,non_functional,,,
63986.0,NAKA03840,NAKA03840224,,2,25,1,river,80336.0,Ruai,Nairobi,Kasarani,Urban,,,,,non_functional,,,
63987.0,NAKI03841,NAKI03841224,,1,123,31,river,0.0,Laini Saba,Nairobi,Kibra,Urban,,,,,non_functional,,,
63988.0,NAKI03842,NAKI03842224,,4,441,45,river,0.0,Lindi,Nairobi,Kibra,Rural,,,,,non_functional,,,
63989.0,NAKI03843,NAKI03843224,,4,137,41,tap_in_home,0.0,Makina,Nairobi,Kibra,Urban,,,,,non_functional,,,
63990.0,NAKI03844,NAKI03844224,,5,295,47,well,0.0,Nyayo Highrise,Nairobi,Kibra,Rural,,Contaminated: Chemical,,,non_functional,,,
63991.0,NAKI03845,NAKI03845224,,2,416,37,shared_taps,0.0,Sarangombe,Nairobi,Kibra,Urban,,,,,non_functional,,,
63992.0,NAKI03846,NAKI03846224,,4,144,12,tap_in_home_broken,0.0,Woodley/Kenyatta Golf Course,Nairobi,Kibra,Urban,,,,,non_functional,,,
63993.0,NALA03847,NALA03847224,,3,216,41,well,47909.0,Karen,Nairobi,Langata,Rural,,Contaminated: Chemical,,,non_functional,,,
63994.0,NALA03848,NALA03848224,,1,454,12,shared_taps,18846.0,Mugumu-Ini,Nairobi,Langata,Urban,,,,,non_functional,,,
63995.0,NALA03849,NALA03849224,,4,312,5,well,5330.0,Nairobi West,Nairobi,Langata,Rural,,Clean,,,non_functional,,,
63996.0,NALA03850,NALA03850224,,1,228,47,shared_taps,353.0,South C,Nairobi,Langata,Urban,,,,,non_functional,,,
63997.0,NAMA03851,NAMA03851224,,4,151,14,well,0.0,Harambee,Nairobi,Makadara,Rural,,Contaminated:Biological,,,non_functional,,,
63998.0,NAMA03852,NAMA03852224,,2,63,29,river,0.0,Makongeni,Nairobi,Makadara,Rural,,,,,non_functional,,,
63999.0,NAMA03853,NAMA03853224,,5,310,3,river,0.0,Maringo/Hamza,Nairobi,Makadara,Rural,,,,,non_functional,,,
64000.0,NAMA03854,NAMA03854224,,3,27,46,tap_in_home_broken,0.0,Viwandani,Nairobi,Makadara,Urban,,,,,non_functional,,,
64001.0,NAMA03855,NAMA03855224,,3,379,23,shared_taps,0.0,Hospital,Nairobi,Mathare,Rural,,,,,non_functional,,,
64002.0,NAMA03856,NAMA03856224,,1,75,44,shared_taps,0.0,Huruma,Nairobi,Mathare,Rural,,,,,non_functional,,,
64003.0,NAMA03857,NAMA03857224,,1,228,18,tap_in_home_broken,0.0,Kiamaiko,Nairobi,Mathare,Urban,,,,,non_functional,,,
64004.0,NAMA03858,NAMA03858224,,1,344,46,well,0.0,Mabatini,Nairobi,Mathare,Urban,,Clean,,,non_functional,,,
64005.0,NAMA03859,NAMA03859224,,2,211,38,well,0.0,Mlango Kubwa,Nairobi,Mathare,Rural,,Contaminated: Chemical,,,non_functional,,,
64006.0,NARO03860,NARO03860224,,1,155,47,river,0.0,Githurai,Nairobi,Roysambu,Rural,,,,,non_functional,,,
64007.0,NARO03861,NARO03861224,,4,404,18,shared_taps,0.0,Kahawa,Nairobi,Roysambu,Urban,,,,,non_functional,,,
64008.0,NARO03862,NARO03862224,,3,344,11,shared_taps,14505.0,Kahawa West,Nairobi,Roysambu,Rural,,,,,non_functional,,,
64009.0,NARO03863,NARO03863224,,4,132,5,shared_taps,19786.0,Roysambu,Nairobi,Roysambu,Rural,,,,,non_functional,,,
64010.0,NARO03864,NARO03864224,,3,367,23,well,8914.0,Zimmerman,Nairobi,Roysambu,Rural,,Contaminated: Chemical,,,non_functional,,,
64011.0,NARU03865,NARU03865224,,1,213,28,well,0.0,Baba Dogo,Nairobi,Ruaraka,Rural,,Contaminated: Chemical,,,non_functional,,,
64012.0,NARU03866,NARU03866224,,5,444,15,shared_taps,0.0,Korogocho,Nairobi,Ruaraka,Urban,,,,,non_functional,,,
64013.0,NARU03867,NARU03867224,,5,183,46,tap_in_home,0.0,Lucky Summer,Nairobi,Ruaraka,Rural,,,,,non_functional,,,
64014.0,NARU03868,NARU03868224,,4,241,47,shared_taps,0.0,Mathare North,Nairobi,Ruaraka,Urban,,,,,non_functional,,,
64015.0,NARU03869,NARU03869224,,4,458,21,tap_in_home_broken,0.0,Utalii,Nairobi,Ruaraka,Urban,,,,,non_functional,,,
64016.0,NAST03870,NAST03870224,,3,404,23,shared_taps,0.0,Landimawe,Nairobi,Starehe,Rural,,,,,non_functional,,,
64017.0,NAST03871,NAST03871224,,3,330,31,river,0.0,Nairobi Central,Nairobi,Starehe,Rural,,,,,non_functional,,,
64018.0,NAST03872,NAST03872224,,1,364,25,tap_in_home_broken,0.0,Nairobi South,Nairobi,Starehe,Urban,,,,,non_functional,,,
64019.0,NAST03873,NAST03873224,,2,337,16,tap_in_home_broken,0.0,Ngara,Nairobi,Starehe,Urban,,,,,non_functional,,,
64020.0,NAST03874,NAST03874224,,1,13,48,river,0.0,Pangani,Nairobi,Starehe,Rural,,,,,non_functional,,,
64021.0,NAST03875,NAST03875224,,1,307,11,river,0.0,Ziwani/Kariokor,Nairobi,Starehe,Urban,,,,,non_functional,,,
64022.0,NAWE03876,NAWE03876224,,5,32,43,shared_taps,0.0,Kangemi,Nairobi,Westlands,Urban,,,,,non_functional,,,
64023.0,NAWE03877,NAWE03877224,,4,139,0,well,36248.0,Karura,Nairobi,Westlands,Rural,,Contaminated:Biological,,,non_functional,,,
64024.0,NAWE03878,NAWE03878224,,1,89,7,tap_in_home_broken,6639.0,Kitisuru,Nairobi,Westlands,Urban,,,,,non_functional,,,
64025.0,NAWE03879,NAWE03879224,,4,287,33,shared_taps,0.0,Mountain View,Nairobi,Westlands,Urban,,,,,non_functional,,,
64026.0,NAWE03880,NAWE03880224,,1,210,30,tap_in_home,4177.0,Parklands/Highridge,Nairobi,Westlands,Urban,,,,,non_functional,,,
64027.0,NABA03881,NABA03881224,,4,381,29,river,35226.0,Bahati,Nakuru,Bahati,Urban,,,,,non_functional,,,
64028.0,NABA03882,NABA03882224,,4,16,35,river,35663.0,Dundori,Nakuru,Bahati,Urban,,,,,non_functional,,,
64029.0,NABA03883,NABA03883224,,1,270,3,tap_in_home_broken,35676.0,Kabatini,Nakuru,Bahati,Urban,,,,,non_functional,,,
64030.0,NABA03884,NABA03884224,,1,117,19,tap_in_home,58919.0,Kiamaina,Nakuru,Bahati,Urban,,,,,non_functional,,,
64031.0,NABA03885,NABA03885224,,4,527,18,tap_in_home,34948.0,Lanet/Umoja,Nakuru,Bahati,Urban,,,,,non_functional,,,
64032.0,NAGI03886,NAGI03886224,,3,260,23,tap_in_home,18701.0,Elementaita,Nakuru,Gilgil,Rural,,,,,non_functional,,,
64033.0,NAGI03887,NAGI03887224,,4,479,5,tap_in_home_broken,75033.0,Gilgil,Nakuru,Gilgil,Urban,,,,,non_functional,,,
64034.0,NAGI03888,NAGI03888224,,3,278,6,river,27691.0,Malewa West,Nakuru,Gilgil,Rural,,,,,non_functional,,,
64035.0,NAGI03889,NAGI03889224,,4,418,9,river,87239.0,Mbaruk/Eburu,Nakuru,Gilgil,Rural,,,,,non_functional,,,
64036.0,NAGI03890,NAGI03890224,,4,368,40,shared_taps,32761.0,Murindati,Nakuru,Gilgil,Rural,,,,,non_functional,,,
64037.0,NAKU03891,NAKU03891224,,2,510,27,tap_in_home_broken,47496.0,Kamara,Nakuru,Kuresoi North,Rural,,,,,non_functional,,,
64038.0,NAKU03892,NAKU03892224,,4,465,44,tap_in_home,65890.0,Kiptororo,Nakuru,Kuresoi North,Rural,,,,,non_functional,,,
64039.0,NAKU03893,NAKU03893224,,5,238,48,tap_in_home,55942.0,Nyota,Nakuru,Kuresoi North,Rural,,,,,non_functional,,,
64040.0,NAKU03894,NAKU03894224,,4,149,30,shared_taps,26016.0,Sirikwa,Nakuru,Kuresoi North,Rural,,,,,non_functional,,,
64041.0,NAKU03895,NAKU03895224,,1,181,3,shared_taps,30589.0,Amalo,Nakuru,Kuresoi South,Urban,,,,,non_functional,,,
64042.0,NAKU03896,NAKU03896224,,3,119,45,shared_taps,43866.0,Keringet,Nakuru,Kuresoi South,Rural,,,,,non_functional,,,
64043.0,NAKU03897,NAKU03897224,,3,374,36,tap_in_home_broken,30882.0,Kiptagich,Nakuru,Kuresoi South,Urban,,,,,non_functional,,,
64044.0,NAKU03898,NAKU03898224,,4,471,46,river,60321.0,Tinet,Nakuru,Kuresoi South,Rural,,,,,non_functional,,,
64045.0,NAMO03899,NAMO03899224,,5,403,45,river,74474.0,Elburgon,Nakuru,Molo,Rural,,,,,non_functional,,,
64046.0,NAMO03900,NAMO03900224,,3,282,2,river,12283.0,Mariashoni,Nakuru,Molo,Rural,,,,,non_functional,,,
64047.0,NAMO03901,NAMO03901224,,3,127,9,river,29023.0,Molo,Nakuru,Molo,Rural,,,,,non_functional,,,
64048.0,NAMO03902,NAMO03902224,,4,98,16,shared_taps,45356.0,Turi,Nakuru,Molo,Rural,,,,,non_functional,,,
64049.0,NANA03903,NANA03903224,,1,412,31,tap_in_home_broken,16937.0,Biashara,Nakuru,Naivasha,Urban,,,,,non_functional,,,
64050.0,NANA03904,NANA03904224,,1,131,13,river,92564.0,Hells Gate,Nakuru,Naivasha,Rural,,,,,non_functional,,,
64051.0,NANA03905,NANA03905224,,4,498,18,shared_taps,5810.0,Lake View,Nakuru,Naivasha,Rural,,,,,non_functional,,,
64052.0,NANA03906,NANA03906224,,2,412,26,well,39415.0,Mai Mahiu,Nakuru,Naivasha,Rural,,Clean,,,non_functional,,,
64053.0,NANA03907,NANA03907224,,4,307,2,shared_taps,39907.0,Maiella,Nakuru,Naivasha,Urban,,,,,non_functional,,,
64054.0,NANA03908,NANA03908224,,2,95,25,river,51060.0,Naivasha East,Nakuru,Naivasha,Rural,,,,,non_functional,,,
64055.0,NANA03909,NANA03909224,,5,101,3,shared_taps,49948.0,Olkaria,Nakuru,Naivasha,Urban,,,,,non_functional,,,
64056.0,NANA03910,NANA03910224,,5,524,14,tap_in_home,37074.0,Viwandani,Nakuru,Naivasha,Urban,,,,,non_functional,,,
64057.0,NANA03911,NANA03911224,,5,395,31,shared_taps,4078.0,Biashara,Nakuru,Nakuru Town East,Urban,,,,,non_functional,,,
64058.0,NANA03912,NANA03912224,,3,357,25,shared_taps,11.0,Flamingo,Nakuru,Nakuru Town East,Urban,,,,,non_functional,,,
64059.0,NANA03913,NANA03913224,,5,536,17,river,29.0,Kivumbini,Nakuru,Nakuru Town East,Rural,,,,,non_functional,,,
64060.0,NANA03914,NANA03914224,,2,312,18,shared_taps,8203.0,London,Nakuru,Nakuru Town East,Urban,,,,,non_functional,,,
64061.0,NANA03915,NANA03915224,,1,74,37,river,5370.0,Menengai,Nakuru,Nakuru Town East,Rural,,,,,non_functional,,,
64062.0,NANA03916,NANA03916224,,5,195,42,tap_in_home_broken,29884.0,Nakuru East,Nakuru,Nakuru Town East,Rural,,,,,non_functional,,,
64063.0,NAAL03917,NAAL03917224,,3,43,7,tap_in_home,29515.0,Koyo-Ndurio,Nandi,Aldai,Urban,,,,,non_functional,,,
64064.0,NANA03918,NANA03918224,,4,99,11,river,7010.0,Barut,Nakuru,Nakuru Town West,Rural,,,,,non_functional,,,
64065.0,NANA03919,NANA03919224,,4,49,5,shared_taps,15011.0,Kapkures,Nakuru,Nakuru Town West,Urban,,,,,non_functional,,,
64066.0,NANA03920,NANA03920224,,2,115,30,well,10533.0,Kaptembwo,Nakuru,Nakuru Town West,Rural,,Contaminated: Chemical,,,non_functional,,,
64067.0,NANA03921,NANA03921224,,5,528,6,well,163.0,Rhoda,Nakuru,Nakuru Town West,Rural,,Contaminated: Chemical,,,non_functional,,,
64068.0,NANA03922,NANA03922224,,3,342,20,well,10.0,Shaabab,Nakuru,Nakuru Town West,Rural,,Contaminated:Biological,,,non_functional,,,
64069.0,NANJ03923,NANJ03923224,,4,137,13,tap_in_home,15345.0,Kihingo,Nakuru,Njoro,Urban,,,,,non_functional,,,
64070.0,NANJ03924,NANJ03924224,,5,406,32,river,26670.0,Lare,Nakuru,Njoro,Rural,,,,,non_functional,,,
64071.0,NANJ03925,NANJ03925224,,2,288,13,shared_taps,54888.0,Mau Narok,Nakuru,Njoro,Rural,,,,,non_functional,,,
64072.0,NANJ03926,NANJ03926224,,4,242,12,tap_in_home,69399.0,Mauche,Nakuru,Njoro,Urban,,,,,non_functional,,,
64073.0,NANJ03927,NANJ03927224,,1,239,39,river,23068.0,Nessuit,Nakuru,Njoro,Rural,,,,,non_functional,,,
64074.0,NANJ03928,NANJ03928224,,5,117,14,shared_taps,70716.0,Njoro,Nakuru,Njoro,Urban,,,,,non_functional,,,
64075.0,NARO03929,NARO03929224,,1,248,7,river,30969.0,Menengai West,Nakuru,Rongai,Rural,,,,,non_functional,,,
64076.0,NARO03930,NARO03930224,,5,214,13,tap_in_home,58475.0,Mosop,Nakuru,Rongai,Urban,,,,,non_functional,,,
64077.0,NARO03931,NARO03931224,,1,331,20,river,45222.0,Soin,Nakuru,Rongai,Urban,,,,,non_functional,,,
64078.0,NARO03932,NARO03932224,,2,26,5,river,33042.0,Solai,Nakuru,Rongai,Rural,,,,,non_functional,,,
64079.0,NARO03933,NARO03933224,,5,200,29,river,48446.0,Visoi,Nakuru,Rongai,Rural,,,,,non_functional,,,
64080.0,NASU03934,NASU03934224,,3,378,30,river,43665.0,Kabazi,Nakuru,Subukia,Rural,,,,,non_functional,,,
64081.0,NASU03935,NASU03935224,,2,149,23,tap_in_home,41787.0,Subukia,Nakuru,Subukia,Urban,,,,,non_functional,,,
64082.0,NASU03936,NASU03936224,,1,277,8,shared_taps,26043.0,Waseges,Nakuru,Subukia,Urban,,,,,non_functional,,,
64083.0,NAAL03937,NAAL03937224,,5,246,11,shared_taps,35625.0,Kabwareng,Nandi,Aldai,Rural,,,,,non_functional,,,
64084.0,NAAL03938,NAAL03938224,,1,117,33,well,28677.0,Kaptumo-Kaboi,Nandi,Aldai,Rural,,Contaminated: Chemical,,,non_functional,,,
64085.0,NAAL03939,NAAL03939224,,3,470,40,well,46711.0,Kemeloi-Maraba,Nandi,Aldai,Rural,,Contaminated: Chemical,,,non_functional,,,
64086.0,NAAL03940,NAAL03940224,,2,241,28,river,32819.0,Kobujoi,Nandi,Aldai,Rural,,,,,non_functional,,,
64087.0,NAAL03941,NAAL03941224,,5,41,28,tap_in_home,29520.0,Terik,Nandi,Aldai,Urban,,,,,non_functional,,,
64088.0,NACH03942,NACH03942224,,1,77,9,well,24349.0,Chemundu/Kapng'Etuny,Nandi,Chesumei,Urban,,Contaminated:Biological,,,non_functional,,,
64089.0,NACH03943,NACH03943224,,1,527,42,shared_taps,49918.0,Kaptel/Kamoiywo,Nandi,Chesumei,Rural,,,,,non_functional,,,
64090.0,NACH03944,NACH03944224,,3,525,16,shared_taps,34908.0,Kiptuya,Nandi,Chesumei,Rural,,,,,non_functional,,,
64091.0,NACH03945,NACH03945224,,1,123,6,tap_in_home_broken,38629.0,Kosirai,Nandi,Chesumei,Urban,,,,,non_functional,,,
64092.0,NACH03946,NACH03946224,,4,522,39,shared_taps,30355.0,Lelmokwo/Ngechek,Nandi,Chesumei,Rural,,,,,non_functional,,,
64093.0,NAEM03947,NAEM03947224,,5,81,17,tap_in_home,25495.0,Chepkumia,Nandi,Emgwen,Urban,,,,,non_functional,,,
64094.0,NAEM03948,NAEM03948224,,1,505,8,tap_in_home,31816.0,Kapkangani,Nandi,Emgwen,Urban,,,,,non_functional,,,
64095.0,NAEM03949,NAEM03949224,,1,418,18,tap_in_home,57785.0,Kapsabet,Nandi,Emgwen,Urban,,,,,non_functional,,,
64096.0,NAEM03950,NAEM03950224,,1,99,31,river,59860.0,Kilibwoni,Nandi,Emgwen,Rural,,,,,non_functional,,,
64097.0,NAMO03951,NAMO03951224,,2,139,47,shared_taps,24151.0,Chepterwai,Nandi,Mosop,Rural,,,,,non_functional,,,
64098.0,NAMO03952,NAMO03952224,,3,30,6,well,23944.0,Kabisaga,Nandi,Mosop,Rural,,Contaminated:Biological,,,non_functional,,,
64099.0,NAMO03953,NAMO03953224,,5,489,29,well,26557.0,Kabiyet,Nandi,Mosop,Rural,,Contaminated: Chemical,,,non_functional,,,
64100.0,NAMO03954,NAMO03954224,,1,58,26,shared_taps,27765.0,Kipkaren,Nandi,Mosop,Urban,,,,,non_functional,,,
64101.0,NAMO03955,NAMO03955224,,1,521,48,tap_in_home,26550.0,Kurgung/Surungai,Nandi,Mosop,Urban,,,,,non_functional,,,
64102.0,NAMO03956,NAMO03956224,,5,460,9,river,26113.0,Ndalat,Nandi,Mosop,Rural,,,,,non_functional,,,
64103.0,NAMO03957,NAMO03957224,,3,236,9,shared_taps,27218.0,Sangalo/Kebulonik,Nandi,Mosop,Urban,,,,,non_functional,,,
64104.0,NANA03958,NANA03958224,,3,422,18,shared_taps,42295.0,Chepkunyuk,Nandi,Nandi Hills,Urban,,,,,non_functional,,,
64105.0,NANA03959,NANA03959224,,2,15,19,river,23123.0,Kapchorua,Nandi,Nandi Hills,Rural,,,,,non_functional,,,
64106.0,NANA03960,NANA03960224,,4,260,6,tap_in_home,43001.0,Nandi Hills,Nandi,Nandi Hills,Urban,,,,,non_functional,,,
64107.0,NANA03961,NANA03961224,,1,11,28,well,25942.0,Ol'Lessos,Nandi,Nandi Hills,Rural,,Contaminated: Chemical,,,non_functional,,,
64108.0,NATI03962,NATI03962224,,5,127,12,well,17361.0,Chemelil/Chemase,Nandi,Tinderet,Rural,,Contaminated: Chemical,,,non_functional,,,
64109.0,NATI03963,NATI03963224,,3,5,5,shared_taps,27957.0,Kapsimotwo,Nandi,Tinderet,Urban,,,,,non_functional,,,
64110.0,NATI03964,NATI03964224,,3,256,29,shared_taps,55537.0,Songhor/Soba,Nandi,Tinderet,Urban,,,,,non_functional,,,
64111.0,NATI03965,NATI03965224,,4,136,38,shared_taps,32229.0,Tindiret,Nandi,Tinderet,Urban,,,,,non_functional,,,
64112.0,NAEM03966,NAEM03966224,,5,470,21,river,11153.0,Ilkerin,Narok,Emurua Dikirr,Rural,,,,,non_functional,,,
64113.0,NAEM03967,NAEM03967224,,4,372,34,tap_in_home,38119.0,Kapsasian,Narok,Emurua Dikirr,Urban,,,,,non_functional,,,
64114.0,NAEM03968,NAEM03968224,,4,266,29,river,41836.0,Mogondo,Narok,Emurua Dikirr,Rural,,,,,non_functional,,,
64115.0,NAEM03969,NAEM03969224,,1,245,22,river,41329.0,Ololmasani,Narok,Emurua Dikirr,Rural,,,,,non_functional,,,
64116.0,NAKI03970,NAKI03970224,,4,447,46,tap_in_home,30964.0,Angata Barikoi,Narok,Kilgoris,Urban,,,,,non_functional,,,
64117.0,NAKI03971,NAKI03971224,,4,527,6,shared_taps,49579.0,Keyian,Narok,Kilgoris,Rural,,,,,non_functional,,,
64118.0,NAKI03972,NAKI03972224,,3,438,38,river,65150.0,Kilgoris Central,Narok,Kilgoris,Rural,,,,,non_functional,,,
64119.0,NAKI03973,NAKI03973224,,1,205,5,well,60453.0,Kimintet,Narok,Kilgoris,Rural,,Contaminated: Chemical,,,non_functional,,,
64120.0,NAKI03974,NAKI03974224,,4,358,28,tap_in_home,38883.0,Lolgorian,Narok,Kilgoris,Rural,,,,,non_functional,,,
64121.0,NAKI03975,NAKI03975224,,5,163,8,river,49417.0,Shankoe,Narok,Kilgoris,Rural,,,,,non_functional,,,
64122.0,NANA03976,NANA03976224,,5,406,0,river,33095.0,Keekonyokie,Narok,Narok East,Rural,,,,,non_functional,,,
64123.0,NANA03977,NANA03977224,,4,472,1,shared_taps,46501.0,Mosiro,Narok,Narok East,Urban,,,,,non_functional,,,
64124.0,NANA03978,NANA03978224,,1,415,19,river,29492.0,Suswa,Narok,Narok East,Rural,,,,,non_functional,,,
64125.0,NANA03979,NANA03979224,,1,392,1,well,54891.0,Melili,Narok,Narok North,Rural,,Contaminated:Biological,,,non_functional,,,
64126.0,NANA03980,NANA03980224,,1,56,24,river,59802.0,Narok Town,Narok,Narok North,Rural,,,,,non_functional,,,
64127.0,NANA03981,NANA03981224,,3,371,28,shared_taps,36481.0,Nkareta,Narok,Narok North,Urban,,,,,non_functional,,,
64128.0,NANA03982,NANA03982224,,3,269,24,shared_taps,52532.0,Olokurto,Narok,Narok North,Rural,,,,,non_functional,,,
64129.0,NANA03983,NANA03983224,,3,386,22,tap_in_home_broken,46643.0,Olorropil,Narok,Narok North,Urban,,,,,non_functional,,,
64130.0,NANA03984,NANA03984224,,4,129,16,shared_taps,38022.0,Olpusimoru,Narok,Narok North,Rural,,,,,non_functional,,,
64131.0,NANA03985,NANA03985224,,4,120,1,well,31552.0,Ildamat,Narok,Narok South,Rural,,Contaminated: Chemical,,,non_functional,,,
64132.0,NANA03986,NANA03986224,,5,275,28,tap_in_home_broken,36464.0,Loita,Narok,Narok South,Urban,,,,,non_functional,,,
64133.0,NANA03987,NANA03987224,,3,394,11,shared_taps,64012.0,Majimoto/Naroosura,Narok,Narok South,Urban,,,,,non_functional,,,
64134.0,NANA03988,NANA03988224,,4,356,6,tap_in_home,53093.0,Melelo,Narok,Narok South,Urban,,,,,non_functional,,,
64135.0,NANA03989,NANA03989224,,4,246,37,tap_in_home,49538.0,Ololulung'A,Narok,Narok South,Urban,,,,,non_functional,,,
64136.0,NANA03990,NANA03990224,,2,94,20,river,16302.0,Sagamian,Narok,Narok South,Rural,,,,,non_functional,,,
64137.0,NANA03991,NANA03991224,,3,261,26,river,48168.0,Sogoo,Narok,Narok South,Rural,,,,,non_functional,,,
64138.0,NANA03992,NANA03992224,,5,499,19,tap_in_home,72595.0,Ilmotiok,Narok,Narok West,Urban,,,,,non_functional,,,
64139.0,NANA03993,NANA03993224,,2,197,0,shared_taps,59356.0,Mara,Narok,Narok West,Rural,,,,,non_functional,,,
64140.0,NANA03994,NANA03994224,,2,220,30,tap_in_home_broken,34046.0,Naikarra,Narok,Narok West,Urban,,,,,non_functional,,,
64141.0,NANA03995,NANA03995224,,1,273,9,tap_in_home,51858.0,Siana,Narok,Narok West,Urban,,,,,non_functional,,,
64142.0,NYBO03996,NYBO03996224,,2,295,31,tap_in_home,29200.0,Esise,Nyamira,Borabu,Rural,,,,,non_functional,,,
64143.0,NYBO03997,NYBO03997224,,5,112,23,well,45340.0,Kiabonyoru,Nyamira,Borabu,Rural,,Contaminated: Chemical,,,non_functional,,,
64144.0,NYBO03998,NYBO03998224,,2,364,7,tap_in_home_broken,23161.0,Mekenene,Nyamira,Borabu,Rural,,,,,non_functional,,,
64145.0,NYBO03999,NYBO03999224,,3,248,34,tap_in_home,32856.0,Nyansiongo,Nyamira,Borabu,Urban,,,,,non_functional,,,
64146.0,NYKI04000,NYKI04000224,,2,421,48,shared_taps,33520.0,Gachuba,Nyamira,Kitutu Masaba,Rural,,,,,non_functional,,,
64147.0,NYKI04001,NYKI04001224,,1,218,28,tap_in_home,42449.0,Gesima,Nyamira,Kitutu Masaba,Urban,,,,,non_functional,,,
64148.0,NYKI04002,NYKI04002224,,5,221,10,shared_taps,40379.0,Kemera,Nyamira,Kitutu Masaba,Urban,,,,,non_functional,,,
64149.0,NYKI04003,NYKI04003224,,2,191,45,tap_in_home,27196.0,Magombo,Nyamira,Kitutu Masaba,Urban,,,,,non_functional,,,
64150.0,NYKI04004,NYKI04004224,,3,352,26,river,35227.0,Manga,Nyamira,Kitutu Masaba,Rural,,,,,non_functional,,,
64151.0,NYKI04005,NYKI04005224,,1,176,15,tap_in_home_broken,46673.0,Rigoma,Nyamira,Kitutu Masaba,Urban,,,,,non_functional,,,
64152.0,NYNO04006,NYNO04006224,,1,209,25,tap_in_home,33494.0,Bokeira,Nyamira,North Mugirango,Urban,,,,,non_functional,,,
64153.0,NYNO04007,NYNO04007224,,4,216,2,well,19465.0,Bomwagamo,Nyamira,North Mugirango,Rural,,Contaminated:Biological,,,non_functional,,,
64154.0,NYNO04008,NYNO04008224,,4,321,16,tap_in_home_broken,8482.0,Ekerenyo,Nyamira,North Mugirango,Urban,,,,,non_functional,,,
64155.0,NYNO04009,NYNO04009224,,4,413,18,shared_taps,53657.0,Itibo,Nyamira,North Mugirango,Urban,,,,,non_functional,,,
64156.0,NYNO04010,NYNO04010224,,4,311,10,tap_in_home_broken,21454.0,Magwagwa,Nyamira,North Mugirango,Urban,,,,,non_functional,,,
64157.0,NYWE04011,NYWE04011224,,3,393,9,river,46213.0,Bogichora,Nyamira,West Mugirango,Urban,,,,,non_functional,,,
64158.0,NYWE04012,NYWE04012224,,5,211,15,shared_taps,32155.0,Bonyamatuta,Nyamira,West Mugirango,Rural,,,,,non_functional,,,
64159.0,NYWE04013,NYWE04013224,,1,256,14,shared_taps,41347.0,Bosamaro,Nyamira,West Mugirango,Rural,,,,,non_functional,,,
64160.0,NYWE04014,NYWE04014224,,2,229,45,tap_in_home,35816.0,Nyamaiya,Nyamira,West Mugirango,Urban,,,,,non_functional,,,
64161.0,NYWE04015,NYWE04015224,,3,134,27,tap_in_home_broken,18833.0,Township,Nyamira,West Mugirango,Urban,,,,,non_functional,,,
64162.0,NYKI04016,NYKI04016224,,5,533,47,tap_in_home,26063.0,Engineer,Nyandarua,Kinangop,Urban,,,,,non_functional,,,
64163.0,NYKI04017,NYKI04017224,,2,215,13,tap_in_home_broken,32528.0,Gathara,Nyandarua,Kinangop,Urban,,,,,non_functional,,,
64164.0,NYKI04018,NYKI04018224,,1,40,23,tap_in_home_broken,30306.0,Githabai,Nyandarua,Kinangop,Urban,,,,,non_functional,,,
64165.0,NYKI04019,NYKI04019224,,2,369,36,well,31831.0,Magumu,Nyandarua,Kinangop,Rural,,Contaminated:Biological,,,non_functional,,,
64166.0,NYKI04020,NYKI04020224,,1,355,10,tap_in_home_broken,31890.0,Murungaru,Nyandarua,Kinangop,Rural,,,,,non_functional,,,
64167.0,NYKI04021,NYKI04021224,,3,262,38,well,21484.0,Njabini\Kiburu,Nyandarua,Kinangop,Rural,,Contaminated: Chemical,,,non_functional,,,
64168.0,NYKI04022,NYKI04022224,,2,232,46,tap_in_home,23594.0,North Kinangop,Nyandarua,Kinangop,Urban,,,,,non_functional,,,
64169.0,NYKI04023,NYKI04023224,,4,257,39,tap_in_home,28356.0,Nyakio,Nyandarua,Kinangop,Urban,,,,,non_functional,,,
64170.0,NYKI04024,NYKI04024224,,2,33,20,tap_in_home,23080.0,Geta,Nyandarua,Kipipiri,Urban,,,,,non_functional,,,
64171.0,NYKI04025,NYKI04025224,,2,456,6,well,20486.0,Githioro,Nyandarua,Kipipiri,Rural,,Clean,,,non_functional,,,
64172.0,NYKI04026,NYKI04026224,,3,431,12,tap_in_home_broken,29207.0,Kipipiri,Nyandarua,Kipipiri,Urban,,,,,non_functional,,,
64173.0,NYKI04027,NYKI04027224,,2,408,47,tap_in_home,32002.0,Wanjohi,Nyandarua,Kipipiri,Urban,,,,,non_functional,,,
64174.0,NYND04028,NYND04028224,,2,99,45,shared_taps,32410.0,Central,Nyandarua,Ndaragwa,Urban,,,,,non_functional,,,
64175.0,NYND04029,NYND04029224,,1,34,46,river,24649.0,Kiriita,Nyandarua,Ndaragwa,Urban,,,,,non_functional,,,
64176.0,NYND04030,NYND04030224,,5,28,28,shared_taps,22731.0,Leshau/Pondo,Nyandarua,Ndaragwa,Rural,,,,,non_functional,,,
64177.0,NYND04031,NYND04031224,,3,348,36,river,26182.0,Shamata,Nyandarua,Ndaragwa,Urban,,,,,non_functional,,,
64178.0,NYOL04032,NYOL04032224,,4,61,13,well,34635.0,Charagita,Nyandarua,Ol Jorok,Rural,,Contaminated:Biological,,,non_functional,,,
64179.0,NYOL04033,NYOL04033224,,2,222,1,river,25287.0,Gathanji,Nyandarua,Ol Jorok,Rural,,,,,non_functional,,,
64180.0,NYOL04034,NYOL04034224,,1,412,28,shared_taps,28326.0,Gatimu,Nyandarua,Ol Jorok,Urban,,,,,non_functional,,,
64181.0,NYOL04035,NYOL04035224,,2,215,41,tap_in_home_broken,36383.0,Weru,Nyandarua,Ol Jorok,Urban,,,,,non_functional,,,
64182.0,NYOL04036,NYOL04036224,,1,479,7,shared_taps,23379.0,Kaimbaga,Nyandarua,Ol Kalou,Urban,,,,,non_functional,,,
64183.0,NYOL04037,NYOL04037224,,4,91,25,shared_taps,35071.0,Kanjuiri Range,Nyandarua,Ol Kalou,Urban,,,,,non_functional,,,
64184.0,NYOL04038,NYOL04038224,,2,230,25,well,30328.0,Karau,Nyandarua,Ol Kalou,Rural,,Contaminated:Biological,,,non_functional,,,
64185.0,NYOL04039,NYOL04039224,,3,12,9,river,26624.0,Mirangine,Nyandarua,Ol Kalou,Rural,,,,,non_functional,,,
64186.0,NYOL04040,NYOL04040224,,4,126,47,well,30287.0,Rurii,Nyandarua,Ol Kalou,Rural,,Contaminated: Chemical,,,non_functional,,,
64187.0,NYKI04041,NYKI04041224,,2,474,18,shared_taps,41450.0,Gakawa,Nyeri,Kieni,Urban,,,,,non_functional,,,
64188.0,NYKI04042,NYKI04042224,,1,201,18,river,21430.0,Gatarakwa,Nyeri,Kieni,Rural,,,,,non_functional,,,
64189.0,NYKI04043,NYKI04043224,,1,260,18,river,31108.0,Kabaru,Nyeri,Kieni,Urban,,,,,non_functional,,,
64190.0,NYKI04044,NYKI04044224,,1,206,30,tap_in_home,28869.0,Mugunda,Nyeri,Kieni,Urban,,,,,non_functional,,,
64191.0,NYKI04045,NYKI04045224,,2,251,45,tap_in_home,21496.0,Mweiga,Nyeri,Kieni,Urban,,,,,non_functional,,,
64192.0,NYKI04046,NYKI04046224,,2,275,32,well,27081.0,Mwiyogo/Endarasha,Nyeri,Kieni,Urban,,Contaminated:Biological,,,non_functional,,,
64193.0,NYKI04047,NYKI04047224,,4,387,2,tap_in_home,34119.0,Naromoru Kiamathaga,Nyeri,Kieni,Rural,,,,,non_functional,,,
64194.0,NYKI04048,NYKI04048224,,2,208,37,shared_taps,27189.0,Thegu River,Nyeri,Kieni,Urban,,,,,non_functional,,,
64195.0,NYMA04049,NYMA04049224,,2,121,44,well,33875.0,Iriaini,Nyeri,Mathira,Rural,,Contaminated: Chemical,,,non_functional,,,
64196.0,NYMA04050,NYMA04050224,,4,11,40,well,27035.0,Karatina Town,Nyeri,Mathira,Rural,,Contaminated: Chemical,,,non_functional,,,
64197.0,NYMA04051,NYMA04051224,,4,62,40,well,32621.0,Kirimukuyu,Nyeri,Mathira,Rural,,Clean,,,non_functional,,,
64198.0,NYMA04052,NYMA04052224,,1,287,32,river,33394.0,Konyu,Nyeri,Mathira,Rural,,,,,non_functional,,,
64199.0,NYMA04053,NYMA04053224,,3,322,26,shared_taps,22871.0,Magutu,Nyeri,Mathira,Urban,,,,,non_functional,,,
64200.0,NYMA04054,NYMA04054224,,5,193,16,tap_in_home,23769.0,Ruguru,Nyeri,Mathira,Urban,,,,,non_functional,,,
64201.0,NYMU04055,NYMU04055224,,3,324,15,river,21961.0,Gikondi,Nyeri,Mukurweini,Rural,,,,,non_functional,,,
64202.0,NYMU04056,NYMU04056224,,1,78,46,shared_taps,31208.0,Mukurwe-Ini Central,Nyeri,Mukurweini,Urban,,,,,non_functional,,,
64203.0,NYMU04057,NYMU04057224,,4,378,16,tap_in_home,19654.0,Mukurwe-Ini West,Nyeri,Mukurweini,Rural,,,,,non_functional,,,
64204.0,NYMU04058,NYMU04058224,,5,336,19,shared_taps,24942.0,Rugi,Nyeri,Mukurweini,Rural,,,,,non_functional,,,
64205.0,NYNY04059,NYNY04059224,,5,13,40,well,16813.0,Gatitu/Muruguru,Nyeri,Nyeri Town,Rural,,Contaminated: Chemical,,,non_functional,,,
64206.0,NYNY04060,NYNY04060224,,2,85,13,river,17512.0,Kamakwa/Mukaro,Nyeri,Nyeri Town,Rural,,,,,non_functional,,,
64207.0,NYNY04061,NYNY04061224,,2,202,41,shared_taps,32379.0,Kiganjo/Mathari,Nyeri,Nyeri Town,Rural,,,,,non_functional,,,
64208.0,NYNY04062,NYNY04062224,,4,305,44,tap_in_home_broken,10684.0,Ruring'U,Nyeri,Nyeri Town,Urban,,,,,non_functional,,,
64209.0,NYNY04063,NYNY04063224,,1,315,11,tap_in_home,1667.0,Rware,Nyeri,Nyeri Town,Urban,,,,,non_functional,,,
64210.0,NYOT04064,NYOT04064224,,1,352,6,river,25475.0,Chinga,Nyeri,Othaya,Rural,,,,,non_functional,,,
64211.0,NYOT04065,NYOT04065224,,1,112,17,shared_taps,28524.0,Iria-Ini,Nyeri,Othaya,Urban,,,,,non_functional,,,
64212.0,NYOT04066,NYOT04066224,,3,410,30,river,21667.0,Karima,Nyeri,Othaya,Rural,,,,,non_functional,,,
64213.0,NYOT04067,NYOT04067224,,4,269,31,shared_taps,25779.0,Mahiga,Nyeri,Othaya,Urban,,,,,non_functional,,,
64214.0,NYTE04068,NYTE04068224,,4,444,29,well,30488.0,Aguthi-Gaaki,Nyeri,Tetu,Rural,,Contaminated:Biological,,,non_functional,,,
64215.0,NYTE04069,NYTE04069224,,1,185,13,river,23399.0,Dedan Kimanthi,Nyeri,Tetu,Rural,,,,,non_functional,,,
64216.0,NYTE04070,NYTE04070224,,5,25,22,tap_in_home_broken,34115.0,Wamagana,Nyeri,Tetu,Urban,,,,,non_functional,,,
64217.0,SASA04071,SASA04071224,,1,362,43,tap_in_home,22242.0,Wamba East,Samburu,Samburu East,Urban,,,,,non_functional,,,
64218.0,SASA04072,SASA04072224,,1,25,15,well,18192.0,Wamba North,Samburu,Samburu East,Rural,,Contaminated: Chemical,,,non_functional,,,
64219.0,SASA04073,SASA04073224,,5,377,19,tap_in_home,20238.0,Wamba West,Samburu,Samburu East,Urban,,,,,non_functional,,,
64220.0,SASA04074,SASA04074224,,2,447,24,river,25119.0,Waso,Samburu,Samburu East,Rural,,,,,non_functional,,,
64221.0,SASA04075,SASA04075224,,3,528,33,tap_in_home_broken,16529.0,Angata Nanyokie,Samburu,Samburu North,Urban,,,,,non_functional,,,
64222.0,SASA04076,SASA04076224,,4,467,26,shared_taps,18230.0,Baawa,Samburu,Samburu North,Rural,,,,,non_functional,,,
64223.0,SASA04077,SASA04077224,,5,475,26,well,18170.0,El-Barta,Samburu,Samburu North,Rural,,Contaminated: Chemical,,,non_functional,,,
64224.0,SASA04078,SASA04078224,,1,84,28,tap_in_home_broken,13561.0,Nachola,Samburu,Samburu North,Urban,,,,,non_functional,,,
64225.0,SASA04079,SASA04079224,,1,391,22,tap_in_home,17843.0,Ndoto,Samburu,Samburu North,Urban,,,,,non_functional,,,
64226.0,SASA04080,SASA04080224,,3,17,35,well,21797.0,Nyiro,Samburu,Samburu North,Rural,,Clean,,,non_functional,,,
64227.0,SASA04081,SASA04081224,,1,299,33,shared_taps,34257.0,Lodokejek,Samburu,Samburu West,Urban,,,,,non_functional,,,
64228.0,SASA04082,SASA04082224,,4,127,5,shared_taps,13118.0,Loosuk,Samburu,Samburu West,Urban,,,,,non_functional,,,
64229.0,SASA04083,SASA04083224,,5,194,38,tap_in_home,66362.0,Maralal,Samburu,Samburu West,Urban,,,,,non_functional,,,
64230.0,SASA04084,SASA04084224,,3,26,5,shared_taps,23441.0,Poro,Samburu,Samburu West,Urban,,,,,non_functional,,,
64231.0,SASA04085,SASA04085224,,5,204,17,river,19126.0,Suguta Marmar,Samburu,Samburu West,Rural,,,,,non_functional,,,
64232.0,SIAL04086,SIAL04086224,,1,499,39,tap_in_home_broken,41293.0,Central Alego,Siaya,Alego Usonga,Urban,,,,,non_functional,,,
64233.0,SIAL04087,SIAL04087224,,3,381,13,shared_taps,30518.0,North Alego,Siaya,Alego Usonga,Rural,,,,,non_functional,,,
64234.0,SIAL04088,SIAL04088224,,4,272,9,well,37886.0,Siaya Township,Siaya,Alego Usonga,Rural,,Contaminated:Biological,,,non_functional,,,
64235.0,SIAL04089,SIAL04089224,,5,234,43,shared_taps,83461.0,South East Alego,Siaya,Alego Usonga,Rural,,,,,non_functional,,,
64236.0,SIAL04090,SIAL04090224,,2,458,0,shared_taps,21040.0,Usonga,Siaya,Alego Usonga,Urban,,,,,non_functional,,,
64237.0,SIAL04091,SIAL04091224,,5,515,24,river,43418.0,West Alego,Siaya,Alego Usonga,Rural,,,,,non_functional,,,
64238.0,SIBO04092,SIBO04092224,,1,25,16,tap_in_home,28150.0,Central Sakwa,Siaya,Bondo,Urban,,,,,non_functional,,,
64239.0,SIBO04093,SIBO04093224,,3,353,31,shared_taps,46873.0,North Sakwa,Siaya,Bondo,Urban,,,,,non_functional,,,
64240.0,SIBO04094,SIBO04094224,,4,405,42,tap_in_home_broken,36088.0,South Sakwa,Siaya,Bondo,Urban,,,,,non_functional,,,
64241.0,SIBO04095,SIBO04095224,,3,92,22,tap_in_home_broken,34901.0,West Sakwa,Siaya,Bondo,Rural,,,,,non_functional,,,
64242.0,SIBO04096,SIBO04096224,,5,469,17,tap_in_home,42284.0,West Yimbo,Siaya,Bondo,Urban,,,,,non_functional,,,
64243.0,SIBO04097,SIBO04097224,,2,351,12,river,37429.0,Yimbo East,Siaya,Bondo,Rural,,,,,non_functional,,,
64244.0,SIGE04098,SIGE04098224,,2,408,18,shared_taps,30676.0,Central Gem,Siaya,Gem,Rural,,,,,non_functional,,,
64245.0,SIGE04099,SIGE04099224,,4,23,48,tap_in_home_broken,31418.0,East Gem,Siaya,Gem,Urban,,,,,non_functional,,,
64246.0,TAMW04100,TAMW04100224,,3,209,5,well,22197.0,Bura,Taita Taveta,Mwatate,Rural,,Clean,,,non_functional,,,
64247.0,SIGE04101,SIGE04101224,,3,453,30,river,44087.0,North Gem,Siaya,Gem,Rural,,,,,non_functional,,,
64248.0,SIGE04102,SIGE04102224,,5,71,30,tap_in_home_broken,37262.0,South Gem,Siaya,Gem,Urban,,,,,non_functional,,,
64249.0,SIGE04103,SIGE04103224,,5,14,46,well,30661.0,West Gem,Siaya,Gem,Rural,,Contaminated: Chemical,,,non_functional,,,
64250.0,SIGE04104,SIGE04104224,,2,529,3,river,30789.0,Yala Township,Siaya,Gem,Rural,,,,,non_functional,,,
64251.0,SIRA04105,SIRA04105224,,5,43,12,river,42782.0,East Asembo,Siaya,Rarieda,Rural,,,,,non_functional,,,
64252.0,SIRA04106,SIRA04106224,,1,404,40,shared_taps,28249.0,North Uyoma,Siaya,Rarieda,Urban,,,,,non_functional,,,
64253.0,SIRA04107,SIRA04107224,,2,69,3,river,25053.0,South Uyoma,Siaya,Rarieda,Rural,,,,,non_functional,,,
64254.0,SIRA04108,SIRA04108224,,3,87,30,shared_taps,43350.0,West Asembo,Siaya,Rarieda,Urban,,,,,non_functional,,,
64255.0,SIRA04109,SIRA04109224,,2,63,8,shared_taps,35872.0,West Uyoma,Siaya,Rarieda,Rural,,,,,non_functional,,,
64256.0,SIUG04110,SIUG04110224,,2,399,15,well,41029.0,East Ugenya,Siaya,Ugenya,Rural,,Contaminated:Biological,,,non_functional,,,
64257.0,SIUG04111,SIUG04111224,,3,364,35,shared_taps,38544.0,North Ugenya,Siaya,Ugenya,Urban,,,,,non_functional,,,
64258.0,SIUG04112,SIUG04112224,,1,201,18,river,27845.0,Ukwala,Siaya,Ugenya,Rural,,,,,non_functional,,,
64259.0,SIUG04113,SIUG04113224,,3,120,31,shared_taps,37880.0,West Ugenya,Siaya,Ugenya,Urban,,,,,non_functional,,,
64260.0,SIUG04114,SIUG04114224,,2,529,43,well,32851.0,Sidindi,Siaya,Ugunja,Rural,,Contaminated:Biological,,,non_functional,,,
64261.0,SIUG04115,SIUG04115224,,1,117,29,shared_taps,38006.0,Sigomere,Siaya,Ugunja,Urban,,,,,non_functional,,,
64262.0,SIUG04116,SIUG04116224,,4,65,40,river,52095.0,Ugunja,Siaya,Ugunja,Urban,,,,,non_functional,,,
64263.0,TAMW04117,TAMW04117224,,2,472,2,shared_taps,21787.0,Chawia,Taita Taveta,Mwatate,Rural,,,,,non_functional,,,
64264.0,TAMW04118,TAMW04118224,,1,231,26,river,14555.0,Mwatate,Taita Taveta,Mwatate,Rural,,,,,non_functional,,,
64265.0,TAMW04119,TAMW04119224,,5,175,24,shared_taps,15345.0,Rong'E,Taita Taveta,Mwatate,Rural,,,,,non_functional,,,
64266.0,TAMW04120,TAMW04120224,,5,324,45,shared_taps,16658.0,Wusi/Kishamba,Taita Taveta,Mwatate,Urban,,,,,non_functional,,,
64267.0,TATA04121,TATA04121224,,3,194,25,tap_in_home_broken,8446.0,Bomani,Taita Taveta,Taveta,Rural,,,,,non_functional,,,
64268.0,TATA04122,TATA04122224,,4,84,4,shared_taps,28000.0,Chala,Taita Taveta,Taveta,Rural,,,,,non_functional,,,
64269.0,TATA04123,TATA04123224,,2,389,23,shared_taps,13500.0,Mahoo,Taita Taveta,Taveta,Urban,,,,,non_functional,,,
64270.0,TATA04124,TATA04124224,,4,503,42,well,13746.0,Mata,Taita Taveta,Taveta,Rural,,Clean,,,non_functional,,,
64271.0,TATA04125,TATA04125224,,5,416,31,tap_in_home,36729.0,Mboghoni,Taita Taveta,Taveta,Urban,,,,,non_functional,,,
64272.0,TAVO04126,TAVO04126224,,2,394,2,shared_taps,30877.0,Kaloleni,Taita Taveta,Voi,Rural,,,,,non_functional,,,
64273.0,TAVO04127,TAVO04127224,,5,176,23,tap_in_home_broken,17411.0,Kasigau,Taita Taveta,Voi,Urban,,,,,non_functional,,,
64274.0,TAVO04128,TAVO04128224,,2,265,46,well,12589.0,Marungu,Taita Taveta,Voi,Urban,,Contaminated: Chemical,,,non_functional,,,
64275.0,TAVO04129,TAVO04129224,,3,290,23,tap_in_home,37142.0,Mbololo,Taita Taveta,Voi,Urban,,,,,non_functional,,,
64276.0,TAVO04130,TAVO04130224,,3,208,32,shared_taps,13778.0,Ngolia,Taita Taveta,Voi,Urban,,,,,non_functional,,,
64277.0,TAVO04131,TAVO04131224,,2,253,19,shared_taps,19033.0,Sagalla,Taita Taveta,Voi,Urban,,,,,non_functional,,,
64278.0,TAWU04132,TAWU04132224,,4,276,1,shared_taps,15775.0,Mwanda/Mgange,Taita Taveta,Wundanyi,Urban,,,,,non_functional,,,
64279.0,TAWU04133,TAWU04133224,,3,503,45,tap_in_home,10453.0,Werugha,Taita Taveta,Wundanyi,Urban,,,,,non_functional,,,
64280.0,TAWU04134,TAWU04134224,,3,258,33,tap_in_home_broken,18256.0,Wumingu/Kishushe,Taita Taveta,Wundanyi,Urban,,,,,non_functional,,,
64281.0,TAWU04135,TAWU04135224,,1,99,40,well,23005.0,Wundanyi/Mbale,Taita Taveta,Wundanyi,Urban,,Contaminated:Biological,,,non_functional,,,
64282.0,TABU04136,TABU04136224,,5,154,11,shared_taps,23385.0,Bangale,Tana River,Bura,Urban,,,,,non_functional,,,
64283.0,TABU04137,TABU04137224,,5,364,26,river,24915.0,Chewele,Tana River,Bura,Rural,,,,,non_functional,,,
64284.0,TABU04138,TABU04138224,,2,458,25,shared_taps,16564.0,Hirimani,Tana River,Bura,Urban,,,,,non_functional,,,
64285.0,TABU04139,TABU04139224,,5,241,40,tap_in_home,66199.0,Madogo,Tana River,Bura,Urban,,,,,non_functional,,,
64286.0,TABU04140,TABU04140224,,5,252,4,tap_in_home,15540.0,Sala,Tana River,Bura,Urban,,,,,non_functional,,,
64287.0,TAGA04141,TAGA04141224,,4,368,8,shared_taps,41961.0,Chewani,Tana River,Galole,Urban,,,,,non_functional,,,
64288.0,TAGA04142,TAGA04142224,,4,135,19,well,25148.0,Kinakomba,Tana River,Galole,Rural,,Contaminated:Biological,,,non_functional,,,
64289.0,TAGA04143,TAGA04143224,,2,434,7,tap_in_home,14560.0,Mikinduni,Tana River,Galole,Urban,,,,,non_functional,,,
64290.0,TAGA04144,TAGA04144224,,5,303,13,well,31573.0,Wayu,Tana River,Galole,Rural,,Clean,,,non_functional,,,
64291.0,TAGA04145,TAGA04145224,,5,264,8,river,17905.0,Garsen Central,Tana River,Garsen,Rural,,,,,non_functional,,,
64292.0,TAGA04146,TAGA04146224,,2,192,24,tap_in_home,23577.0,Garsen North,Tana River,Garsen,Urban,,,,,non_functional,,,
64293.0,TAGA04147,TAGA04147224,,1,335,36,tap_in_home,20336.0,Garsen South,Tana River,Garsen,Rural,,,,,non_functional,,,
64294.0,TAGA04148,TAGA04148224,,4,181,28,shared_taps,13717.0,Garsen West,Tana River,Garsen,Urban,,,,,non_functional,,,
64295.0,TAGA04149,TAGA04149224,,3,435,41,shared_taps,23979.0,Kipini East,Tana River,Garsen,Rural,,,,,non_functional,,,
64296.0,TAGA04150,TAGA04150224,,5,338,40,shared_taps,23347.0,Kipini West,Tana River,Garsen,Urban,,,,,non_functional,,,
64297.0,THCH04151,THCH04151224,,3,501,21,well,35674.0,Igambang'Ombe,Tharaka-Nithi,Chuka/Igambang'Ombe,Rural,,Contaminated:Biological,,,non_functional,,,
64298.0,THCH04152,THCH04152224,,4,208,23,tap_in_home_broken,27489.0,Karingani,Tharaka-Nithi,Chuka/Igambang'Ombe,Urban,,,,,non_functional,,,
64299.0,THCH04153,THCH04153224,,5,471,0,river,42487.0,Magumoni,Tharaka-Nithi,Chuka/Igambang'Ombe,Rural,,,,,non_functional,,,
64300.0,THCH04154,THCH04154224,,3,178,45,river,19882.0,Mariani,Tharaka-Nithi,Chuka/Igambang'Ombe,Rural,,,,,non_functional,,,
64301.0,THIG04155,THIG04155224,,2,413,36,shared_taps,29483.0,Akachiu,Tharaka-Nithi,Igembe South,Urban,,,,,non_functional,,,
64302.0,THMA04156,THMA04156224,,4,120,26,well,38811.0,Chogoria,Tharaka-Nithi,Maara,Urban,,Contaminated: Chemical,,,non_functional,,,
64303.0,THMA04157,THMA04157224,,1,101,22,tap_in_home_broken,19818.0,Ganga,Tharaka-Nithi,Maara,Urban,,,,,non_functional,,,
64304.0,THMA04158,THMA04158224,,1,166,39,tap_in_home,17755.0,Mitheru,Tharaka-Nithi,Maara,Urban,,,,,non_functional,,,
64305.0,THMA04159,THMA04159224,,3,68,34,shared_taps,33846.0,Mwimbi,Tharaka-Nithi,Maara,Urban,,,,,non_functional,,,
64306.0,THTH04160,THTH04160224,,1,151,9,tap_in_home_broken,37101.0,Chiakariga,Tharaka-Nithi,Tharaka,Urban,,,,,non_functional,,,
64307.0,THTH04161,THTH04161224,,4,49,15,well,29768.0,Gatunga,Tharaka-Nithi,Tharaka,Rural,,Contaminated: Chemical,,,non_functional,,,
64308.0,THTH04162,THTH04162224,,3,343,44,tap_in_home_broken,35338.0,Mukothima,Tharaka-Nithi,Tharaka,Urban,,,,,non_functional,,,
64309.0,THTH04163,THTH04163224,,3,129,6,well,17375.0,Nkondi,Tharaka-Nithi,Tharaka,Rural,,Clean,,,non_functional,,,
64310.0,TRCH04164,TRCH04164224,,3,269,47,river,38521.0,Chepsiro/Kiptoror,Trans Nzoia,Cherangany,Rural,,,,,non_functional,,,
64311.0,TRCH04165,TRCH04165224,,4,349,1,shared_taps,53269.0,Cherangany/Suwerwa,Trans Nzoia,Cherangany,Urban,,,,,non_functional,,,
64312.0,TRCH04166,TRCH04166224,,2,489,28,tap_in_home_broken,31832.0,Kaplamai,Trans Nzoia,Cherangany,Urban,,,,,non_functional,,,
64313.0,TRCH04167,TRCH04167224,,3,529,32,shared_taps,23390.0,Makutano,Trans Nzoia,Cherangany,Rural,,,,,non_functional,,,
64314.0,TRCH04168,TRCH04168224,,5,384,33,tap_in_home,44744.0,Motosiet,Trans Nzoia,Cherangany,Urban,,,,,non_functional,,,
64315.0,TRCH04169,TRCH04169224,,4,190,0,shared_taps,32968.0,Sinyerere,Trans Nzoia,Cherangany,Rural,,,,,non_functional,,,
64316.0,TRCH04170,TRCH04170224,,5,58,2,tap_in_home_broken,34456.0,Sitatunga,Trans Nzoia,Cherangany,Urban,,,,,non_functional,,,
64317.0,TREN04171,TREN04171224,,2,472,11,well,47978.0,Chepchoina,Trans Nzoia,Endebess,Rural,,Clean,,,non_functional,,,
64318.0,TREN04172,TREN04172224,,4,302,15,river,31074.0,Endebess,Trans Nzoia,Endebess,Rural,,,,,non_functional,,,
64319.0,TREN04173,TREN04173224,,2,230,45,shared_taps,43998.0,Matumbei,Trans Nzoia,Endebess,Urban,,,,,non_functional,,,
64320.0,TRKI04174,TRKI04174224,,3,156,37,tap_in_home,19145.0,Hospital,Trans Nzoia,Kiminini,Rural,,,,,non_functional,,,
64321.0,TRKI04175,TRKI04175224,,5,3,14,well,43578.0,Kiminini,Trans Nzoia,Kiminini,Urban,,Clean,,,non_functional,,,
64322.0,TRKI04176,TRKI04176224,,2,169,12,well,46694.0,Nabiswa,Trans Nzoia,Kiminini,Urban,,Contaminated:Biological,,,non_functional,,,
64323.0,TRKI04177,TRKI04177224,,3,231,48,tap_in_home,41225.0,Sikhendu,Trans Nzoia,Kiminini,Urban,,,,,non_functional,,,
64324.0,TRKI04178,TRKI04178224,,2,370,12,river,30311.0,Sirende,Trans Nzoia,Kiminini,Urban,,,,,non_functional,,,
64325.0,TRKI04179,TRKI04179224,,5,120,46,tap_in_home_broken,65747.0,Waitaluk,Trans Nzoia,Kiminini,Urban,,,,,non_functional,,,
64326.0,TRKW04180,TRKW04180224,,4,132,45,shared_taps,17037.0,Bidii,Trans Nzoia,Kwanza,Rural,,,,,non_functional,,,
64327.0,TRKW04181,TRKW04181224,,1,157,28,tap_in_home,74255.0,Kapomboi,Trans Nzoia,Kwanza,Urban,,,,,non_functional,,,
64328.0,TRKW04182,TRKW04182224,,2,47,4,well,47528.0,Kwanza,Trans Nzoia,Kwanza,Rural,,Contaminated:Biological,,,non_functional,,,
64329.0,TRSA04183,TRSA04183224,,5,43,38,tap_in_home_broken,57090.0,Kinyoro,Trans Nzoia,Saboti,Urban,,,,,non_functional,,,
64330.0,TRSA04184,TRSA04184224,,5,162,11,well,20238.0,Machewa,Trans Nzoia,Saboti,Rural,,Clean,,,non_functional,,,
64331.0,TRSA04185,TRSA04185224,,5,188,14,well,21854.0,Matisi,Trans Nzoia,Saboti,Rural,,Clean,,,non_functional,,,
64332.0,TRSA04186,TRSA04186224,,5,235,17,river,44236.0,Saboti,Trans Nzoia,Saboti,Rural,,,,,non_functional,,,
64333.0,TRSA04187,TRSA04187224,,3,533,27,shared_taps,399.0,Tuwani,Trans Nzoia,Saboti,Urban,,,,,non_functional,,,
64334.0,TRUN04188,TRUN04188224,,5,396,40,tap_in_home,74867.0,unknown 4,Trans Nzoia,unknown 4,Urban,,,,,non_functional,,,
64335.0,TULO04189,TULO04189224,,1,2,33,tap_in_home_broken,28858.0,Kotaruk/Lobei,Turkana,Loima,Urban,,,,,non_functional,,,
64336.0,TULO04190,TULO04190224,,1,335,20,shared_taps,24442.0,Loima,Turkana,Loima,Urban,,,,,non_functional,,,
64337.0,TULO04191,TULO04191224,,2,200,34,river,18141.0,Lokiriama/Lorengippi,Turkana,Loima,Rural,,,,,non_functional,,,
64338.0,TULO04192,TULO04192224,,4,262,11,river,57669.0,Turkwel,Turkana,Loima,Rural,,,,,non_functional,,,
64339.0,TUTU04193,TUTU04193224,,1,366,3,shared_taps,30359.0,Kalokol,Turkana,Turkana Central,Urban,,,,,non_functional,,,
64340.0,TUTU04194,TUTU04194224,,3,144,23,shared_taps,51423.0,Kanamkemer,Turkana,Turkana Central,Rural,,,,,non_functional,,,
64341.0,TUTU04195,TUTU04195224,,2,65,25,shared_taps,33157.0,Kang'Atotha,Turkana,Turkana Central,Urban,,,,,non_functional,,,
64342.0,TUTU04196,TUTU04196224,,3,374,29,tap_in_home,51537.0,Kerio Delta,Turkana,Turkana Central,Urban,,,,,non_functional,,,
64343.0,TUTU04197,TUTU04197224,,5,477,43,well,33663.0,Lodwar Township,Turkana,Turkana Central,Rural,,Contaminated:Biological,,,non_functional,,,
64344.0,TUTU04198,TUTU04198224,,1,203,42,shared_taps,52499.0,Kapedo/Napeitom,Turkana,Turkana East,Urban,,,,,non_functional,,,
64345.0,TUTU04199,TUTU04199224,,2,232,6,tap_in_home,35738.0,Katilia,Turkana,Turkana East,Urban,,,,,non_functional,,,
64346.0,TUTU04200,TUTU04200224,,5,334,20,shared_taps,24760.0,Kaaleng/Kaikor,Turkana,Turkana North,Urban,,,,,non_functional,,,
64347.0,TUTU04201,TUTU04201224,,3,275,25,shared_taps,17457.0,Kaeris,Turkana,Turkana North,Urban,,,,,non_functional,,,
64348.0,TUTU04202,TUTU04202224,,2,157,32,tap_in_home,139.0,Kibish,Turkana,Turkana North,Urban,,,,,non_functional,,,
64349.0,TUTU04203,TUTU04203224,,2,516,34,well,45367.0,Lake Zone,Turkana,Turkana North,Rural,,Contaminated:Biological,,,non_functional,,,
64350.0,TUTU04204,TUTU04204224,,3,427,17,well,18004.0,Nakalale,Turkana,Turkana North,Rural,,Contaminated: Chemical,,,non_functional,,,
64351.0,TUTU04205,TUTU04205224,,4,446,1,tap_in_home,32031.0,Kalapata,Turkana,Turkana South,Rural,,,,,non_functional,,,
64352.0,TUTU04206,TUTU04206224,,5,238,37,shared_taps,18230.0,Kaputir,Turkana,Turkana South,Urban,,,,,non_functional,,,
64353.0,TUTU04207,TUTU04207224,,3,404,16,shared_taps,53488.0,Katilu,Turkana,Turkana South,Rural,,,,,non_functional,,,
64354.0,TUTU04208,TUTU04208224,,3,330,15,well,13663.0,Lobokat,Turkana,Turkana South,Rural,,Clean,,,non_functional,,,
64355.0,TUTU04209,TUTU04209224,,4,43,46,shared_taps,53959.0,Lokichar,Turkana,Turkana South,Urban,,,,,non_functional,,,
64356.0,TUTU04210,TUTU04210224,,5,3,2,well,41359.0,Kakuma,Turkana,Turkana West,Urban,,Clean,,,non_functional,,,
64357.0,TUTU04211,TUTU04211224,,4,91,3,shared_taps,20055.0,Kalobeyei,Turkana,Turkana West,Rural,,,,,non_functional,,,
64358.0,TUTU04212,TUTU04212224,,1,64,16,shared_taps,72004.0,Letea,Turkana,Turkana West,Urban,,,,,non_functional,,,
64359.0,TUTU04213,TUTU04213224,,4,352,30,shared_taps,55968.0,Lokichoggio,Turkana,Turkana West,Urban,,,,,non_functional,,,
64360.0,TUTU04214,TUTU04214224,,3,245,7,well,13519.0,Lopur,Turkana,Turkana West,Rural,,Contaminated:Biological,,,non_functional,,,
64361.0,TUTU04215,TUTU04215224,,3,229,1,tap_in_home_broken,18107.0,Nanaam,Turkana,Turkana West,Urban,,,,,non_functional,,,
64362.0,TUTU04216,TUTU04216224,,2,268,45,shared_taps,32367.0,Songot,Turkana,Turkana West,Urban,,,,,non_functional,,,
64363.0,TUUN04217,TUUN04217224,,3,326,44,river,69880.0,unknown 2,Turkana,unknown 2,Rural,,,,,non_functional,,,
64364.0,UAAI04218,UAAI04218224,,2,82,47,shared_taps,52350.0,Ainabkoi/Olare,Uasin Gishu,Ainabkoi,Urban,,,,,non_functional,,,
64365.0,UAAI04219,UAAI04219224,,4,484,4,tap_in_home,24010.0,Kapsoya,Uasin Gishu,Ainabkoi,Urban,,,,,non_functional,,,
64366.0,UAAI04220,UAAI04220224,,2,301,12,tap_in_home,66874.0,Kaptagat,Uasin Gishu,Ainabkoi,Urban,,,,,non_functional,,,
64367.0,UAKA04221,UAKA04221224,,1,109,44,tap_in_home,36783.0,Kipkenyo,Uasin Gishu,Kapseret,Rural,,,,,non_functional,,,
64368.0,UAKA04222,UAKA04222224,,1,529,19,tap_in_home,21690.0,Langas,Uasin Gishu,Kapseret,Urban,,,,,non_functional,,,
64369.0,UAKA04223,UAKA04223224,,1,362,39,shared_taps,18156.0,Megun,Uasin Gishu,Kapseret,Urban,,,,,non_functional,,,
64370.0,UAKA04224,UAKA04224224,,5,264,2,shared_taps,40750.0,Ngeria,Uasin Gishu,Kapseret,Urban,,,,,non_functional,,,
64371.0,UAKA04225,UAKA04225224,,3,233,0,shared_taps,29375.0,Simat/Kapseret,Uasin Gishu,Kapseret,Urban,,,,,non_functional,,,
64372.0,UAKE04226,UAKE04226224,,4,153,18,shared_taps,36467.0,Cheptiret/Kipchamo,Uasin Gishu,Kesses,Urban,,,,,non_functional,,,
64373.0,UAKE04227,UAKE04227224,,5,299,1,river,46189.0,Racecourse,Uasin Gishu,Kesses,Rural,,,,,non_functional,,,
64374.0,UAKE04228,UAKE04228224,,3,95,7,shared_taps,71607.0,Tarakwa,Uasin Gishu,Kesses,Urban,,,,,non_functional,,,
64375.0,UAKE04229,UAKE04229224,,2,507,36,shared_taps,52333.0,Tulwet/Chuiyat,Uasin Gishu,Kesses,Rural,,,,,non_functional,,,
64376.0,UAMO04230,UAMO04230224,,1,423,38,river,41266.0,Karuna/Meibeki,Uasin Gishu,Moiben,Rural,,,,,non_functional,,,
64377.0,UAMO04231,UAMO04231224,,4,49,33,river,22555.0,Kimumu,Uasin Gishu,Moiben,Rural,,,,,non_functional,,,
64378.0,UAMO04232,UAMO04232224,,2,370,14,well,39347.0,Moiben,Uasin Gishu,Moiben,Rural,,Clean,,,non_functional,,,
64379.0,UAMO04233,UAMO04233224,,1,439,18,tap_in_home,21473.0,Sergoit,Uasin Gishu,Moiben,Urban,,,,,non_functional,,,
64380.0,UAMO04234,UAMO04234224,,1,263,2,shared_taps,41173.0,Tembelio,Uasin Gishu,Moiben,Urban,,,,,non_functional,,,
64381.0,UASO04235,UASO04235224,,3,37,21,well,30144.0,Kapkures,Uasin Gishu,Soy,Rural,,Contaminated:Biological,,,non_functional,,,
64382.0,UASO04236,UASO04236224,,1,121,9,shared_taps,29711.0,Kipsomba,Uasin Gishu,Soy,Rural,,,,,non_functional,,,
64383.0,UASO04237,UASO04237224,,3,471,31,shared_taps,41861.0,Kuinet/Kapsuswa,Uasin Gishu,Soy,Urban,,,,,non_functional,,,
64384.0,UASO04238,UASO04238224,,1,283,47,shared_taps,37024.0,Moi'S Bridge,Uasin Gishu,Soy,Rural,,,,,non_functional,,,
64385.0,UASO04239,UASO04239224,,1,453,17,shared_taps,35167.0,Segero/Barsombe,Uasin Gishu,Soy,Urban,,,,,non_functional,,,
64386.0,UASO04240,UASO04240224,,2,362,32,well,34529.0,Soy,Uasin Gishu,Soy,Rural,,Clean,,,non_functional,,,
64387.0,UASO04241,UASO04241224,,1,164,14,well,47569.0,Ziwa,Uasin Gishu,Soy,Rural,,Contaminated: Chemical,,,non_functional,,,
64388.0,UATU04242,UATU04242224,,2,252,38,tap_in_home,315.0,Huruma,Uasin Gishu,Turbo,Urban,,,,,non_functional,,,
64389.0,UATU04243,UATU04243224,,1,319,4,shared_taps,43148.0,Kamagut,Uasin Gishu,Turbo,Rural,,,,,non_functional,,,
64390.0,UATU04244,UATU04244224,,5,260,6,tap_in_home,15180.0,Kapsaos,Uasin Gishu,Turbo,Urban,,,,,non_functional,,,
64391.0,UATU04245,UATU04245224,,4,462,31,tap_in_home,42207.0,Kiplombe,Uasin Gishu,Turbo,Urban,,,,,non_functional,,,
64392.0,UATU04246,UATU04246224,,2,312,44,tap_in_home,46988.0,Ngenyilel,Uasin Gishu,Turbo,Urban,,,,,non_functional,,,
64393.0,UATU04247,UATU04247224,,3,76,3,shared_taps,42581.0,Tapsagoi,Uasin Gishu,Turbo,Rural,,,,,non_functional,,,
64394.0,VIEM04248,VIEM04248224,,3,538,0,well,32037.0,Central Bunyore,Vihiga,Emuhaya,Urban,,Contaminated: Chemical,,,non_functional,,,
64395.0,VIEM04249,VIEM04249224,,3,70,15,shared_taps,34986.0,North East Bunyore,Vihiga,Emuhaya,Urban,,,,,non_functional,,,
64396.0,VIEM04250,VIEM04250224,,2,217,31,shared_taps,37826.0,West Bunyore,Vihiga,Emuhaya,Urban,,,,,non_functional,,,
64397.0,VIHA04251,VIHA04251224,,1,196,47,tap_in_home_broken,28212.0,Banja,Vihiga,Hamisi,Urban,,,,,non_functional,,,
64398.0,VIHA04252,VIHA04252224,,3,278,44,tap_in_home_broken,25949.0,Gisambai,Vihiga,Hamisi,Rural,,,,,non_functional,,,
64399.0,VIHA04253,VIHA04253224,,4,184,18,shared_taps,21217.0,Jepkoyai,Vihiga,Hamisi,Urban,,,,,non_functional,,,
64400.0,VIHA04254,VIHA04254224,,3,76,7,shared_taps,18712.0,Muhudu,Vihiga,Hamisi,Urban,,,,,non_functional,,,
64401.0,VIHA04255,VIHA04255224,,2,59,47,tap_in_home,30993.0,Shamakhokho,Vihiga,Hamisi,Urban,,,,,non_functional,,,
64402.0,VIHA04256,VIHA04256224,,2,210,28,shared_taps,20770.0,Shiru,Vihiga,Hamisi,Rural,,,,,non_functional,,,
64403.0,WAEL04257,WAEL04257224,,2,459,16,shared_taps,30294.0,Elnur/Tula Tula,Wajir,Eldas,Rural,,,,,non_functional,,,
64404.0,VIHA04258,VIHA04258224,,2,195,29,shared_taps,21225.0,Tambua,Vihiga,Hamisi,Rural,,,,,non_functional,,,
64405.0,VILU04259,VILU04259224,,4,473,42,well,26036.0,Emabungo,Vihiga,Luanda,Rural,,Contaminated:Biological,,,non_functional,,,
64406.0,VILU04260,VILU04260224,,4,302,47,shared_taps,23096.0,Luanda South,Vihiga,Luanda,Urban,,,,,non_functional,,,
64407.0,VILU04261,VILU04261224,,4,40,42,tap_in_home,15702.0,Luanda Township,Vihiga,Luanda,Rural,,,,,non_functional,,,
64408.0,VILU04262,VILU04262224,,1,17,3,tap_in_home,25084.0,Mwibona,Vihiga,Luanda,Urban,,,,,non_functional,,,
64409.0,VILU04263,VILU04263224,,2,199,47,well,29217.0,Wemilabi,Vihiga,Luanda,Rural,,Clean,,,non_functional,,,
64410.0,VISA04264,VISA04264224,,1,143,42,river,24185.0,Busali,Vihiga,Sabatia,Rural,,,,,non_functional,,,
64411.0,VISA04265,VISA04265224,,4,291,46,tap_in_home_broken,20789.0,Chavakali,Vihiga,Sabatia,Urban,,,,,non_functional,,,
64412.0,VISA04266,VISA04266224,,4,67,37,well,27922.0,Lyaduywa/Izava,Vihiga,Sabatia,Urban,,Clean,,,non_functional,,,
64413.0,VISA04267,VISA04267224,,3,536,45,river,20894.0,North Maragoli,Vihiga,Sabatia,Rural,,,,,non_functional,,,
64414.0,VISA04268,VISA04268224,,2,451,29,tap_in_home_broken,23490.0,West Sabatia,Vihiga,Sabatia,Urban,,,,,non_functional,,,
64415.0,VISA04269,VISA04269224,,1,223,42,well,26932.0,Wodanga,Vihiga,Sabatia,Urban,,Contaminated: Chemical,,,non_functional,,,
64416.0,VIVI04270,VIVI04270224,,4,295,37,tap_in_home,26927.0,Central Maragoli,Vihiga,Vihiga,Urban,,,,,non_functional,,,
64417.0,VIVI04271,VIVI04271224,,4,162,17,shared_taps,35619.0,Lugaga-Wamuluma,Vihiga,Vihiga,Rural,,,,,non_functional,,,
64418.0,VIVI04272,VIVI04272224,,2,334,38,river,23098.0,Mungoma,Vihiga,Vihiga,Rural,,,,,non_functional,,,
64419.0,VIVI04273,VIVI04273224,,1,129,33,shared_taps,23594.0,South Maragoli,Vihiga,Vihiga,Rural,,,,,non_functional,,,
64420.0,WAEL04274,WAEL04274224,,1,415,22,river,39570.0,Della,Wajir,Eldas,Urban,,,,,non_functional,,,
64421.0,WAEL04275,WAEL04275224,,2,233,46,tap_in_home_broken,30096.0,Eldas,Wajir,Eldas,Urban,,,,,non_functional,,,
64422.0,WAEL04276,WAEL04276224,,1,394,18,river,28721.0,Lakoley South/Basir,Wajir,Eldas,Rural,,,,,non_functional,,,
64423.0,WATA04277,WATA04277224,,1,535,20,shared_taps,19382.0,Elben,Wajir,Tarbaj,Rural,,,,,non_functional,,,
64424.0,WATA04278,WATA04278224,,4,225,3,shared_taps,6521.0,Sarman,Wajir,Tarbaj,Rural,,,,,non_functional,,,
64425.0,WATA04279,WATA04279224,,5,209,33,shared_taps,13973.0,Tarbaj,Wajir,Tarbaj,Urban,,,,,non_functional,,,
64426.0,WATA04280,WATA04280224,,1,502,44,shared_taps,10556.0,Wargadud,Wajir,Tarbaj,Urban,,,,,non_functional,,,
64427.0,WAWA04281,WAWA04281224,,3,396,2,river,12649.0,Barwago,Wajir,Wajir East,Rural,,,,,non_functional,,,
64428.0,WAWA04282,WAWA04282224,,1,231,28,shared_taps,35004.0,Khorof/Harar,Wajir,Wajir East,Urban,,,,,non_functional,,,
64429.0,WAWA04283,WAWA04283224,,2,301,47,shared_taps,17623.0,Township,Wajir,Wajir East,Urban,,,,,non_functional,,,
64430.0,WAWA04284,WAWA04284224,,2,28,8,well,25849.0,Wagberi,Wajir,Wajir East,Rural,,Clean,,,non_functional,,,
64431.0,WAWA04285,WAWA04285224,,3,185,44,shared_taps,11028.0,Batalu,Wajir,Wajir North,Rural,,,,,non_functional,,,
64432.0,WAWA04286,WAWA04286224,,1,429,29,river,20921.0,Bute,Wajir,Wajir North,Rural,,,,,non_functional,,,
64433.0,WAWA04287,WAWA04287224,,4,256,12,tap_in_home,18886.0,Danaba,Wajir,Wajir North,Urban,,,,,non_functional,,,
64434.0,WAWA04288,WAWA04288224,,1,519,7,shared_taps,4470.0,Godoma,Wajir,Wajir North,Urban,,,,,non_functional,,,
64435.0,WAWA04289,WAWA04289224,,4,63,42,tap_in_home,20227.0,Gurar,Wajir,Wajir North,Urban,,,,,non_functional,,,
64436.0,WAWA04290,WAWA04290224,,3,276,23,tap_in_home_broken,36532.0,Korondile,Wajir,Wajir North,Rural,,,,,non_functional,,,
64437.0,WAWA04291,WAWA04291224,,5,159,5,tap_in_home,21119.0,Malkagufu,Wajir,Wajir North,Rural,,,,,non_functional,,,
64438.0,WAWA04292,WAWA04292224,,2,58,33,tap_in_home_broken,73211.0,Benane,Wajir,Wajir South,Urban,,,,,non_functional,,,
64439.0,WAWA04293,WAWA04293224,,4,299,12,well,23797.0,Burder,Wajir,Wajir South,Rural,,Clean,,,non_functional,,,
64440.0,WAWA04294,WAWA04294224,,3,511,11,tap_in_home,21493.0,Dadaja Bulla,Wajir,Wajir South,Urban,,,,,non_functional,,,
64441.0,WAWA04295,WAWA04295224,,2,26,8,tap_in_home_broken,31524.0,Diif,Wajir,Wajir South,Urban,,,,,non_functional,,,
64442.0,WAWA04296,WAWA04296224,,3,455,46,shared_taps,86121.0,Habasswein,Wajir,Wajir South,Urban,,,,,non_functional,,,
64443.0,WAWA04297,WAWA04297224,,5,405,37,river,46914.0,Ibrahim Ure,Wajir,Wajir South,Rural,,,,,non_functional,,,
64444.0,WESI04298,WESI04298224,,4,357,10,shared_taps,22363.0,Masool,West Pokot,Sigor,Urban,,,,,non_functional,,,
64445.0,WAWA04299,WAWA04299224,,2,282,0,shared_taps,57517.0,Lagboghol South,Wajir,Wajir South,Rural,,,,,non_functional,,,
64446.0,WAWA04300,WAWA04300224,,5,96,31,shared_taps,43851.0,Adamasajide,Wajir,Wajir West,Rural,,,,,non_functional,,,
64447.0,WAWA04301,WAWA04301224,,3,217,32,tap_in_home_broken,20151.0,Arbajahan,Wajir,Wajir West,Urban,,,,,non_functional,,,
64448.0,WAWA04302,WAWA04302224,,5,372,29,tap_in_home,31649.0,Ganyure/Wagalla,Wajir,Wajir West,Urban,,,,,non_functional,,,
64449.0,WAWA04303,WAWA04303224,,3,434,7,shared_taps,20848.0,Hadado/Athibohol,Wajir,Wajir West,Urban,,,,,non_functional,,,
64450.0,WEKA04304,WEKA04304224,,3,386,43,shared_taps,38262.0,Alale,West Pokot,Kacheliba,Urban,,,,,non_functional,,,
64451.0,WEKA04305,WEKA04305224,,2,227,18,shared_taps,23419.0,Kapchok,West Pokot,Kacheliba,Rural,,,,,non_functional,,,
64452.0,WEKA04306,WEKA04306224,,3,97,21,tap_in_home_broken,14254.0,Kasei,West Pokot,Kacheliba,Rural,,,,,non_functional,,,
64453.0,WEKA04307,WEKA04307224,,4,167,1,well,31017.0,Kiwawa,West Pokot,Kacheliba,Rural,,Contaminated: Chemical,,,non_functional,,,
64454.0,WEKA04308,WEKA04308224,,3,3,36,tap_in_home_broken,20656.0,Kodich,West Pokot,Kacheliba,Urban,,,,,non_functional,,,
64455.0,WEKA04309,WEKA04309224,,4,292,42,shared_taps,22332.0,Suam,West Pokot,Kacheliba,Urban,,,,,non_functional,,,
64456.0,WEKA04310,WEKA04310224,,1,9,2,tap_in_home_broken,24345.0,Endugh,West Pokot,Kapenguria,Urban,,,,,non_functional,,,
64457.0,WEKA04311,WEKA04311224,,1,495,5,shared_taps,42080.0,Kapenguria,West Pokot,Kapenguria,Rural,,,,,non_functional,,,
64458.0,WEKA04312,WEKA04312224,,2,18,34,shared_taps,30366.0,Lokori/Kochodin,West Pokot,Kapenguria,Urban,,,,,non_functional,,,
64459.0,WEKA04313,WEKA04313224,,1,115,13,tap_in_home,52142.0,Mnagei,West Pokot,Kapenguria,Urban,,,,,non_functional,,,
64460.0,WEKA04314,WEKA04314224,,4,27,41,shared_taps,23609.0,Siyoi,West Pokot,Kapenguria,Rural,,,,,non_functional,,,
64461.0,WEKA04315,WEKA04315224,,3,122,45,tap_in_home_broken,19108.0,Sook,West Pokot,Kapenguria,Urban,,,,,non_functional,,,
64462.0,WEPO04316,WEPO04316224,,4,397,47,shared_taps,45249.0,Batei,West Pokot,Pokot South,Urban,,,,,non_functional,,,
64463.0,WEPO04317,WEPO04317224,,1,170,12,shared_taps,66236.0,Chepareria,West Pokot,Pokot South,Urban,,,,,non_functional,,,
64464.0,WEPO04318,WEPO04318224,,3,533,11,shared_taps,81593.0,Lelan,West Pokot,Pokot South,Urban,,,,,non_functional,,,
64465.0,WEPO04319,WEPO04319224,,5,91,21,river,50057.0,Tapach,West Pokot,Pokot South,Rural,,,,,non_functional,,,
64466.0,WESI04320,WESI04320224,,5,497,38,well,39752.0,Lomut,West Pokot,Sigor,Rural,,Clean,,,non_functional,,,
64467.0,WESI04321,WESI04321224,,5,13,43,well,27853.0,Sekerr,West Pokot,Sigor,Rural,,Contaminated:Biological,,,non_functional,,,
64468.0,WESI04322,WESI04322224,,1,422,34,shared_taps,48489.0,Weiwei,West Pokot,Sigor,Urban,,,,,non_functional,,,
64469.0,WEUN04323,WEUN04323224,,5,464,22,river,11487.0,unknown 3,West Pokot,unknown 3,Rural,,,,,non_functional,,,
64470.0,BA8004324,BA8004324224,,1,43,27,river,28336.0,,Baringo,805,Rural,,,,,non_functional,,,
64471.0,BABA04325,BABA04325224,,3,243,6,shared_taps,102464.0,,Baringo,Baringo Central,Urban,,,,,non_functional,,,
64472.0,BABA04326,BABA04326224,,4,157,7,well,110542.0,,Baringo,Baringo North,Rural,,Clean,,,non_functional,,,
64473.0,BABA04327,BABA04327224,,1,245,28,shared_taps,116157.0,,Baringo,Baringo South,Urban,,,,,non_functional,,,
64474.0,BAEL04328,BAEL04328224,,2,156,4,river,132428.0,,Baringo,Eldama Ravine,Rural,,,,,non_functional,,,
64475.0,BAMO04329,BAMO04329224,,3,409,43,tap_in_home_broken,73045.0,,Baringo,Mogotio,Urban,,,,,non_functional,,,
64476.0,BATI04330,BATI04330224,,3,487,21,well,169586.0,,Baringo,Tiaty,Rural,,Contaminated: Chemical,,,non_functional,,,
64477.0,BOBO04331,BOBO04331224,,2,427,7,shared_taps,167914.0,,Bomet,Bomet Central,Rural,,,,,non_functional,,,
64478.0,BOBO04332,BOBO04332224,,5,430,42,tap_in_home,177311.0,,Bomet,Bomet East,Rural,,,,,non_functional,,,
64479.0,BOCH04333,BOCH04333224,,3,240,0,tap_in_home,223738.0,,Bomet,Chepalungu,Urban,,,,,non_functional,,,
64480.0,BOKO04334,BOKO04334224,,2,522,4,river,167773.0,,Bomet,Konoin,Rural,,,,,non_functional,,,
64481.0,BOSO04335,BOSO04335224,,2,173,7,well,241697.0,,Bomet,Sotik,Rural,,Clean,,,non_functional,,,
64482.0,BUBU04336,BUBU04336224,,2,499,15,shared_taps,243307.0,,Bungoma,Bumula,Rural,,,,,non_functional,,,
64483.0,BUKA04337,BUKA04337224,,2,294,26,tap_in_home,202635.0,,Bungoma,Kabuchai,Rural,,,,,non_functional,,,
64484.0,BUKA04338,BUKA04338224,,1,428,45,well,269336.0,,Bungoma,Kanduyi,Rural,,Clean,,,non_functional,,,
64485.0,BUKI04339,BUKI04339224,,2,511,16,tap_in_home,157575.0,,Bungoma,Kimilili,Rural,,,,,non_functional,,,
64486.0,BULI04340,BULI04340224,,3,501,43,river,172649.0,,Bungoma,Likuyani,Rural,,,,,non_functional,,,
64487.0,BULU04341,BULU04341224,,2,67,24,tap_in_home_broken,137937.0,,Bungoma,Lugari,Rural,,,,,non_functional,,,
64488.0,BUMT04342,BUMT04342224,,2,17,29,river,230955.0,,Bungoma,Mt. Elgon,Rural,,,,,non_functional,,,
64489.0,BUSI04343,BUSI04343224,,5,526,37,tap_in_home_broken,136320.0,,Bungoma,Sirisia,Rural,,,,,non_functional,,,
64490.0,BUTO04344,BUTO04344224,,2,144,16,shared_taps,250059.0,,Bungoma,Tongaren,Rural,,,,,non_functional,,,
64491.0,BUWE04345,BUWE04345224,,3,154,19,tap_in_home_broken,173090.0,,Bungoma,Webute West,Rural,,,,,non_functional,,,
64492.0,BUWE04346,BUWE04346224,,3,506,36,well,128414.0,,Bungoma,Webuye East,Urban,,Contaminated: Chemical,,,non_functional,,,
64493.0,BUBU04347,BUBU04347224,,2,138,16,tap_in_home,96315.0,,Busia,Budalangi,Urban,,,,,non_functional,,,
64494.0,BUBU04348,BUBU04348224,,5,298,22,tap_in_home,154944.0,,Busia,Butula,Urban,,,,,non_functional,,,
64495.0,BUFU04349,BUFU04349224,,1,437,25,shared_taps,117630.0,,Busia,Funyula,Rural,,,,,non_functional,,,
64496.0,BUMA04350,BUMA04350224,,4,99,13,tap_in_home,134217.0,,Busia,Matayos,Urban,,,,,non_functional,,,
64497.0,BUNA04351,BUNA04351224,,5,376,35,tap_in_home_broken,125671.0,,Busia,Nambale,Urban,,,,,non_functional,,,
64498.0,BUTE04352,BUTE04352224,,3,422,13,river,148367.0,,Busia,Teso North,Rural,,,,,non_functional,,,
64499.0,BUTE04353,BUTE04353224,,3,205,32,river,174907.0,,Busia,Teso South,Rural,,,,,non_functional,,,
64500.0,ELKE04354,ELKE04354224,,5,413,11,tap_in_home,110913.0,,Elgeyo-Marakwet,Keiyo North,Urban,,,,,non_functional,,,
64501.0,ELKE04355,ELKE04355224,,5,369,16,river,131378.0,,Elgeyo-Marakwet,Keiyo South,Rural,,,,,non_functional,,,
64502.0,ELMA04356,ELMA04356224,,4,50,46,shared_taps,91890.0,,Elgeyo-Marakwet,Marakwet East,Urban,,,,,non_functional,,,
64503.0,ELMA04357,ELMA04357224,,1,527,41,tap_in_home_broken,131292.0,,Elgeyo-Marakwet,Marakwet West,Urban,,,,,non_functional,,,
64504.0,EMMA04358,EMMA04358224,,3,124,2,shared_taps,213232.0,,Embu,Manyatta,Rural,,,,,non_functional,,,
64505.0,HOUN04359,HOUN04359224,,2,214,16,shared_taps,27541.0,,Homa Bay,unknown 6,Urban,,,,,non_functional,,,
64506.0,EMMB04360,EMMB04360224,,4,140,16,tap_in_home,122142.0,,Embu,Mbeere North,Urban,,,,,non_functional,,,
64507.0,EMMB04361,EMMB04361224,,3,151,17,tap_in_home,186490.0,,Embu,Mbeere South,Urban,,,,,non_functional,,,
64508.0,EMRU04362,EMRU04362224,,1,485,30,shared_taps,144761.0,,Embu,Runyenjes,Urban,,,,,non_functional,,,
64509.0,GABA04363,GABA04363224,,3,57,27,tap_in_home_broken,22116.0,,Garissa,Balambala,Urban,,,,,non_functional,,,
64510.0,GADA04364,GADA04364224,,4,476,34,well,175860.0,,Garissa,Daadab,Rural,,Clean,,,non_functional,,,
64511.0,GAFA04365,GAFA04365224,,4,482,17,shared_taps,184191.0,,Garissa,Fafi,Rural,,,,,non_functional,,,
64512.0,GAGA04366,GAGA04366224,,2,140,19,well,48655.0,,Garissa,Garissa Township,Rural,,Contaminated: Chemical,,,non_functional,,,
64513.0,GAIJ04367,GAIJ04367224,,3,208,45,shared_taps,265112.0,,Garissa,Ijara,Urban,,,,,non_functional,,,
64514.0,GALA04368,GALA04368224,,1,144,19,tap_in_home,48777.0,,Garissa,Lagdera,Urban,,,,,non_functional,,,
64515.0,HOHO04369,HOHO04369224,,5,75,24,river,134154.0,,Homa Bay,Homa Bay Town,Rural,,,,,non_functional,,,
64516.0,HOKA04370,HOKA04370224,,1,396,13,well,134364.0,,Homa Bay,Kabondo Kasipul,Rural,,Contaminated:Biological,,,non_functional,,,
64517.0,HOKA04371,HOKA04371224,,3,336,23,shared_taps,167203.0,,Homa Bay,Karachuonyo,Rural,,,,,non_functional,,,
64518.0,HOKA04372,HOKA04372224,,1,383,28,tap_in_home,144143.0,,Homa Bay,Kasipul,Urban,,,,,non_functional,,,
64519.0,HOMB04373,HOMB04373224,,3,181,44,tap_in_home,138457.0,,Homa Bay,Mbita,Urban,,,,,non_functional,,,
64520.0,HOND04374,HOND04374224,,3,240,17,tap_in_home,240851.0,,Homa Bay,Ndhiwa,Urban,,,,,non_functional,,,
64521.0,HORA04375,HORA04375224,,3,512,4,shared_taps,125913.0,,Homa Bay,Rangwe,Urban,,,,,non_functional,,,
64522.0,HOSU04376,HOSU04376224,,4,339,38,well,135828.0,,Homa Bay,Suba,Rural,,Contaminated:Biological,,,non_functional,,,
64523.0,ISIS04377,ISIS04377224,,4,275,37,shared_taps,200346.0,,Isiolo,Isiolo North,Urban,,,,,non_functional,,,
64524.0,ISIS04378,ISIS04378224,,2,384,6,shared_taps,124274.0,,Isiolo,Isiolo South,Rural,,,,,non_functional,,,
64525.0,KAKA04379,KAKA04379224,,4,454,28,shared_taps,194155.0,,Kajiado,Kajiado Central,Urban,,,,,non_functional,,,
64526.0,KAKA04380,KAKA04380224,,5,474,15,shared_taps,263865.0,,Kajiado,Kajiado East,Rural,,,,,non_functional,,,
64527.0,KAKA04381,KAKA04381224,,3,334,34,shared_taps,112046.0,,Kajiado,Kajiado North,Urban,,,,,non_functional,,,
64528.0,KAKA04382,KAKA04382224,,5,452,23,tap_in_home_broken,222163.0,,Kajiado,Kajiado South,Rural,,,,,non_functional,,,
64529.0,KAKA04383,KAKA04383224,,3,463,16,shared_taps,211836.0,,Kajiado,Kajiado West,Urban,,,,,non_functional,,,
64530.0,KABU04384,KABU04384224,,5,348,29,tap_in_home,172437.0,,Kakamega,Butere,Urban,,,,,non_functional,,,
64531.0,KAIK04385,KAIK04385224,,2,71,34,tap_in_home_broken,124458.0,,Kakamega,Ikolomani,Urban,,,,,non_functional,,,
64532.0,KAKH04386,KAKH04386224,,1,84,21,well,122967.0,,Kakamega,Khwisero,Rural,,Clean,,,non_functional,,,
64533.0,KALU04387,KALU04387224,,1,452,5,river,71265.0,,Kakamega,Lugari,Rural,,,,,non_functional,,,
64534.0,KALU04388,KALU04388224,,2,292,30,well,167293.0,,Kakamega,Lurambi,Rural,,Contaminated:Biological,,,non_functional,,,
64535.0,KAMA04389,KAMA04389224,,1,395,19,well,264396.0,,Kakamega,Malava,Rural,,Contaminated:Biological,,,non_functional,,,
64536.0,KAMA04390,KAMA04390224,,3,321,42,shared_taps,191269.0,,Kakamega,Matungu,Urban,,,,,non_functional,,,
64537.0,KAMU04391,KAMU04391224,,4,15,5,well,136441.0,,Kakamega,Mumias East,Rural,,Contaminated:Biological,,,non_functional,,,
64538.0,KAMU04392,KAMU04392224,,5,471,23,shared_taps,118740.0,,Kakamega,Mumias West,Urban,,,,,non_functional,,,
64539.0,KANA04393,KANA04393224,,3,240,15,river,173453.0,,Kakamega,Navakholo,Rural,,,,,non_functional,,,
64540.0,KASH04394,KASH04394224,,2,149,35,river,176301.0,,Kakamega,Shinyalu,Rural,,,,,non_functional,,,
64541.0,KEAI04395,KEAI04395224,,4,528,28,river,186900.0,,Kericho,Ainamoi,Rural,,,,,non_functional,,,
64542.0,KEBE04396,KEBE04396224,,3,143,39,shared_taps,186673.0,,Kericho,Belgut,Rural,,,,,non_functional,,,
64543.0,KEBU04397,KEBU04397224,,3,435,22,shared_taps,215300.0,,Kericho,Bureti,Urban,,,,,non_functional,,,
64544.0,KEKI04398,KEKI04398224,,1,381,6,shared_taps,166842.0,,Kericho,Kipkelion East,Urban,,,,,non_functional,,,
64545.0,KEKI04399,KEKI04399224,,5,419,32,river,128542.0,,Kericho,Kipkelion West,Rural,,,,,non_functional,,,
64546.0,KESI04400,KESI04400224,,4,443,12,river,140264.0,,Kericho,Sigowet/Soin,Rural,,,,,non_functional,,,
64547.0,KIGA04401,KIGA04401224,,1,131,47,shared_taps,128411.0,,Kiambu,Gatundu North,Urban,,,,,non_functional,,,
64548.0,KIGA04402,KIGA04402224,,1,397,4,shared_taps,125783.0,,Kiambu,Gatundu South,Rural,,,,,non_functional,,,
64549.0,KIGI04403,KIGI04403224,,4,469,43,tap_in_home,190119.0,,Kiambu,Githunguri,Urban,,,,,non_functional,,,
64550.0,KIJU04404,KIJU04404224,,1,536,11,tap_in_home,357393.0,,Kiambu,Juja,Urban,,,,,non_functional,,,
64551.0,KIKA04405,KIKA04405224,,5,144,2,river,72512.0,,Kiambu,Kabete,Rural,,,,,non_functional,,,
64552.0,KIKI04406,KIKI04406224,,5,250,9,well,59334.0,,Kiambu,Kiambaa,Rural,,Clean,,,non_functional,,,
64553.0,KIKI04407,KIKI04407224,,3,48,12,well,91323.0,,Kiambu,Kiambu,Rural,,Contaminated: Chemical,,,non_functional,,,
64554.0,KIKI04408,KIKI04408224,,2,313,11,well,148746.0,,Kiambu,Kikuyu,Rural,,Contaminated: Chemical,,,non_functional,,,
64555.0,KILA04409,KILA04409224,,3,523,12,tap_in_home,154513.0,,Kiambu,Lari,Urban,,,,,non_functional,,,
64556.0,KILI04410,KILI04410224,,5,87,2,well,177164.0,,Kiambu,Limuru,Urban,,Contaminated: Chemical,,,non_functional,,,
64557.0,KIRU04411,KIRU04411224,,3,484,12,tap_in_home_broken,103598.0,,Kiambu,Ruiru,Urban,,,,,non_functional,,,
64558.0,KITH04412,KITH04412224,,2,370,3,tap_in_home,146454.0,,Kiambu,Thika Town,Urban,,,,,non_functional,,,
64559.0,KIGA04413,KIGA04413224,,2,387,38,tap_in_home_broken,175204.0,,Kilifi,Ganze,Urban,,,,,non_functional,,,
64560.0,KIKA04414,KIKA04414224,,2,514,27,tap_in_home,216598.0,,Kilifi,Kaloleni,Urban,,,,,non_functional,,,
64561.0,KIKI04415,KIKI04415224,,3,244,8,shared_taps,293245.0,,Kilifi,Kilifi North,Urban,,,,,non_functional,,,
64562.0,KIKI04416,KIKI04416224,,5,63,22,tap_in_home_broken,215759.0,,Kilifi,Kilifi South,Urban,,,,,non_functional,,,
64563.0,KIMA04417,KIMA04417224,,5,39,32,tap_in_home_broken,222710.0,,Kilifi,Magarini,Urban,,,,,non_functional,,,
64564.0,KIMA04418,KIMA04418224,,2,441,42,tap_in_home_broken,207684.0,,Kilifi,Malindi,Urban,,,,,non_functional,,,
64565.0,KIRA04419,KIRA04419224,,3,237,18,well,133896.0,,Kilifi,Rabai,Rural,,Contaminated: Chemical,,,non_functional,,,
64566.0,KIGI04420,KIGI04420224,,1,140,27,tap_in_home_broken,175288.0,,Kirinyaga,Gichugu,Urban,,,,,non_functional,,,
64567.0,KIKI04421,KIKI04421224,,4,523,29,shared_taps,133183.0,,Kirinyaga,Kirinyaga Central,Rural,,,,,non_functional,,,
64568.0,KIMW04422,KIMW04422224,,5,448,7,river,271216.0,,Kirinyaga,Mwea,Rural,,,,,non_functional,,,
64569.0,KIND04423,KIND04423224,,5,220,30,river,128441.0,,Kirinyaga,Ndia,Rural,,,,,non_functional,,,
64570.0,KIBO04424,KIBO04424224,,4,486,10,river,221923.0,,Kisii,Bobasi,Rural,,,,,non_functional,,,
64571.0,KIBO04425,KIBO04425224,,1,401,20,tap_in_home_broken,119947.0,,Kisii,Bomachoge Borabu,Rural,,,,,non_functional,,,
64572.0,KIBO04426,KIBO04426224,,3,465,1,river,112601.0,,Kisii,Bomachoge Chache,Urban,,,,,non_functional,,,
64573.0,KIBO04427,KIBO04427224,,5,87,19,shared_taps,139382.0,,Kisii,Bonchari,Urban,,,,,non_functional,,,
64574.0,KIKI04428,KIKI04428224,,4,252,4,tap_in_home_broken,124057.0,,Kisii,Kitutu Chache North,Rural,,,,,non_functional,,,
64575.0,MECE04429,MECE04429224,,1,62,35,well,145590.0,,Meru,Central Imenti,Rural,,Contaminated:Biological,,,non_functional,,,
64576.0,KIKI04430,KIKI04430224,,2,52,8,shared_taps,118643.0,,Kisii,Kitutu Chache South,Urban,,,,,non_functional,,,
64577.0,KINY04431,KINY04431224,,1,232,37,tap_in_home,137412.0,,Kisii,Nyaribari Chache,Rural,,,,,non_functional,,,
64578.0,KINY04432,KINY04432224,,4,126,32,shared_taps,135744.0,,Kisii,Nyaribari Masaba,Urban,,,,,non_functional,,,
64579.0,KISO04433,KISO04433224,,2,225,34,well,191154.0,,Kisii,South Mugirango,Rural,,Clean,,,non_functional,,,
64580.0,KIKI04434,KIKI04434224,,2,118,0,river,37319.0,,Kisumu,Kisumu Central,Rural,,,,,non_functional,,,
64581.0,KIKI04435,KIKI04435224,,2,124,25,tap_in_home,107915.0,,Kisumu,Kisumu East,Rural,,,,,non_functional,,,
64582.0,KIKI04436,KIKI04436224,,5,148,16,well,198409.0,,Kisumu,Kisumu West,Rural,,Contaminated: Chemical,,,non_functional,,,
64583.0,KIMU04437,KIMU04437224,,5,98,17,river,165333.0,,Kisumu,Muhoroni,Urban,,,,,non_functional,,,
64584.0,KINY04438,KINY04438224,,2,476,44,river,161322.0,,Kisumu,Nyakach,Rural,,,,,non_functional,,,
64585.0,KINY04439,KINY04439224,,1,248,5,shared_taps,183826.0,,Kisumu,Nyando,Urban,,,,,non_functional,,,
64586.0,KISE04440,KISE04440224,,2,27,21,well,141227.0,,Kisumu,Seme,Rural,,Clean,,,non_functional,,,
64587.0,KIKI04441,KIKI04441224,,1,353,17,river,131626.0,,Kitui,Kitui Central,Rural,,,,,non_functional,,,
64588.0,KIKI04442,KIKI04442224,,4,78,41,well,144299.0,,Kitui,Kitui East,Rural,,Contaminated:Biological,,,non_functional,,,
64589.0,KIKI04443,KIKI04443224,,3,524,0,shared_taps,167549.0,,Kitui,Kitui Rural,Urban,,,,,non_functional,,,
64590.0,KIKI04444,KIKI04444224,,2,47,28,tap_in_home,210462.0,,Kitui,Kitui South,Urban,,,,,non_functional,,,
64591.0,KIKI04445,KIKI04445224,,1,457,10,river,125910.0,,Kitui,Kitui West,Rural,,,,,non_functional,,,
64592.0,KIMW04446,KIMW04446224,,1,88,39,river,205191.0,,Kitui,Mwingi Central,Rural,,,,,non_functional,,,
64593.0,KIMW04447,KIMW04447224,,4,296,43,shared_taps,182278.0,,Kitui,Mwingi North,Urban,,,,,non_functional,,,
64594.0,KIMW04448,KIMW04448224,,3,149,11,tap_in_home_broken,102291.0,,Kitui,Mwingi West,Urban,,,,,non_functional,,,
64595.0,KWKI04449,KWKI04449224,,3,49,33,well,351604.0,,Kwale,Kinango,Rural,,Contaminated:Biological,,,non_functional,,,
64596.0,KWLU04450,KWLU04450224,,1,328,27,river,225299.0,,Kwale,Lungalunga,Rural,,,,,non_functional,,,
64597.0,KWMA04451,KWMA04451224,,1,509,4,well,204966.0,,Kwale,Matuga,Rural,,Contaminated: Chemical,,,non_functional,,,
64598.0,KWMS04452,KWMS04452224,,4,186,10,river,151681.0,,Kwale,Msambweni,Rural,,,,,non_functional,,,
64599.0,LALA04453,LALA04453224,,2,154,19,river,156249.0,,Laikipia,Laikipia East,Rural,,,,,non_functional,,,
64600.0,LALA04454,LALA04454224,,4,358,36,shared_taps,119642.0,,Laikipia,Laikipia North,Urban,,,,,non_functional,,,
64601.0,LALA04455,LALA04455224,,5,371,31,tap_in_home_broken,271626.0,,Laikipia,Laikipia West,Urban,,,,,non_functional,,,
64602.0,LALA04456,LALA04456224,,3,461,5,well,9827.0,,Lamu,Lamu East,Urban,,Clean,,,non_functional,,,
64603.0,LALA04457,LALA04457224,,3,352,9,shared_taps,155234.0,,Lamu,Lamu West,Rural,,,,,non_functional,,,
64604.0,MAKA04458,MAKA04458224,,5,307,32,river,105751.0,,Machakos,Kangundo,Rural,,,,,non_functional,,,
64605.0,MAKA04459,MAKA04459224,,4,334,36,shared_taps,122370.0,,Machakos,Kathiani,Urban,,,,,non_functional,,,
64606.0,MAMA04460,MAMA04460224,,1,52,3,tap_in_home_broken,202100.0,,Machakos,Machakos Town,Urban,,,,,non_functional,,,
64607.0,MAMA04461,MAMA04461224,,3,342,31,shared_taps,163258.0,,Machakos,Masinga,Rural,,,,,non_functional,,,
64608.0,MAMA04462,MAMA04462224,,1,42,14,well,187195.0,,Machakos,Matungulu,Rural,,Contaminated:Biological,,,non_functional,,,
64609.0,MAMA04463,MAMA04463224,,3,47,48,tap_in_home_broken,309764.0,,Machakos,Mavoko,Urban,,,,,non_functional,,,
64610.0,MAMW04464,MAMW04464224,,1,104,46,river,203103.0,,Machakos,Mwala,Rural,,,,,non_functional,,,
64611.0,MAYA04465,MAYA04465224,,3,465,38,tap_in_home,194982.0,,Machakos,Yatta,Urban,,,,,non_functional,,,
64612.0,MAUN04466,MAUN04466224,,2,78,38,tap_in_home_broken,1367.0,,Machakos,unknown 7,Urban,,,,,non_functional,,,
64613.0,MAKA04467,MAKA04467224,,5,70,46,well,144616.0,,Makueni,Kaiti,Rural,,Clean,,,non_functional,,,
64614.0,MAKI04468,MAKI04468224,,4,109,9,well,161818.0,,Makueni,Kibwezi East,Rural,,Contaminated:Biological,,,non_functional,,,
64615.0,MAKI04469,MAKI04469224,,3,315,11,tap_in_home_broken,216439.0,,Makueni,Kibwezi West,Urban,,,,,non_functional,,,
64616.0,MAKI04470,MAKI04470224,,2,489,40,well,126549.0,,Makueni,Kilome,Rural,,Contaminated: Chemical,,,non_functional,,,
64617.0,MAMA04471,MAMA04471224,,3,264,30,river,227248.0,,Makueni,Makueni,Urban,,,,,non_functional,,,
64618.0,MAMB04472,MAMB04472224,,5,285,14,tap_in_home,229165.0,,Makueni,Mbooni,Urban,,,,,non_functional,,,
64619.0,MABA04473,MABA04473224,,2,464,21,river,166354.0,,Mandera,Banissa,Rural,,,,,non_functional,,,
64620.0,MALA04474,MALA04474224,,2,216,1,well,106754.0,,Mandera,Lafey,Rural,,Contaminated:Biological,,,non_functional,,,
64621.0,MAMA04475,MAMA04475224,,5,192,32,tap_in_home_broken,86071.0,,Mandera,Mandera East,Urban,,,,,non_functional,,,
64622.0,MAMA04476,MAMA04476224,,2,497,25,shared_taps,175370.0,,Mandera,Mandera North,Urban,,,,,non_functional,,,
64623.0,MAMA04477,MAMA04477224,,3,102,27,shared_taps,151189.0,,Mandera,Mandera South,Rural,,,,,non_functional,,,
64624.0,MAMA04478,MAMA04478224,,3,336,46,tap_in_home_broken,118811.0,,Mandera,Mandera West,Urban,,,,,non_functional,,,
64625.0,MAUN04479,MAUN04479224,,5,247,23,river,29633.0,,Mandera,unknown 1,Rural,,,,,non_functional,,,
64626.0,MALA04480,MALA04480224,,2,374,22,well,124771.0,,Marsabit,Laisamis,Rural,,Contaminated: Chemical,,,non_functional,,,
64627.0,MAMO04481,MAMO04481224,,2,366,19,tap_in_home_broken,141995.0,,Marsabit,Moyale,Urban,,,,,non_functional,,,
64628.0,MANO04482,MANO04482224,,1,469,33,river,139406.0,,Marsabit,North Horr,Rural,,,,,non_functional,,,
64629.0,MASA04483,MASA04483224,,3,331,42,tap_in_home,92245.0,,Marsabit,Saku,Urban,,,,,non_functional,,,
64630.0,MEBU04484,MEBU04484224,,5,183,29,shared_taps,181391.0,,Meru,Buuri,Urban,,,,,non_functional,,,
64631.0,MEIG04485,MEIG04485224,,2,257,29,well,234695.0,,Meru,Igembe Central,Rural,,Clean,,,non_functional,,,
64632.0,MEIG04486,MEIG04486224,,4,506,43,shared_taps,200897.0,,Meru,Igembe North,Urban,,,,,non_functional,,,
64633.0,MEIG04487,MEIG04487224,,5,37,13,well,179588.0,,Meru,Igembe South,Rural,,Contaminated:Biological,,,non_functional,,,
64634.0,MENO04488,MENO04488224,,3,521,11,tap_in_home,115009.0,,Meru,North Imenti,Urban,,,,,non_functional,,,
64635.0,MESO04489,MESO04489224,,3,297,2,tap_in_home_broken,235123.0,,Meru,South Imenti,Urban,,,,,non_functional,,,
64636.0,METI04490,METI04490224,,5,277,6,shared_taps,205905.0,,Meru,Tigania East,Rural,,,,,non_functional,,,
64637.0,METI04491,METI04491224,,1,4,16,river,149015.0,,Meru,Tigania West,Rural,,,,,non_functional,,,
64638.0,MEUN04492,MEUN04492224,,2,430,35,shared_taps,16701.0,,Meru,unknown 5,Rural,,,,,non_functional,,,
64639.0,MIAW04493,MIAW04493224,,2,509,17,well,129423.0,,Migori,Awendo,Rural,,Clean,,,non_functional,,,
64640.0,MIKU04494,MIKU04494224,,2,335,10,shared_taps,147613.0,,Migori,Kuria East,Urban,,,,,non_functional,,,
64641.0,MIKU04495,MIKU04495224,,2,467,0,tap_in_home,187650.0,,Migori,Kuria West,Urban,,,,,non_functional,,,
64642.0,MINY04496,MINY04496224,,3,60,35,shared_taps,198530.0,,Migori,Nyatike,Urban,,,,,non_functional,,,
64643.0,MIRO04497,MIRO04497224,,1,124,29,shared_taps,146263.0,,Migori,Rongo,Urban,,,,,non_functional,,,
64644.0,MISU04498,MISU04498224,,3,92,8,tap_in_home_broken,126518.0,,Migori,Suna East,Urban,,,,,non_functional,,,
64645.0,MISU04499,MISU04499224,,3,282,1,river,137946.0,,Migori,Suna West,Rural,,,,,non_functional,,,
64646.0,MIUR04500,MIUR04500224,,3,324,38,tap_in_home,160286.0,,Migori,Uriri,Rural,,,,,non_functional,,,
64647.0,MOCH04501,MOCH04501224,,4,357,10,well,7486.0,,Mombasa,Changamwe,Rural,,Clean,,,non_functional,,,
64648.0,MOJO04502,MOJO04502224,,2,337,12,well,15819.0,,Mombasa,Jomvu,Rural,,Clean,,,non_functional,,,
64649.0,MOKI04503,MOKI04503224,,4,445,29,well,159521.0,,Mombasa,Kisauni,Rural,,Contaminated:Biological,,,non_functional,,,
64650.0,MOLI04504,MOLI04504224,,3,463,16,well,59179.0,,Mombasa,Likoni,Rural,,Clean,,,non_functional,,,
64651.0,MOMV04505,MOMV04505224,,4,36,10,shared_taps,1454.0,,Mombasa,Mvita,Rural,,,,,non_functional,,,
64652.0,MONY04506,MONY04506224,,1,163,42,well,1362.0,,Mombasa,Nyali,Rural,,Contaminated:Biological,,,non_functional,,,
64653.0,MUGA04507,MUGA04507224,,4,264,17,shared_taps,216519.0,,Murang'a,Gatanga,Urban,,,,,non_functional,,,
64654.0,MUKA04508,MUKA04508224,,2,248,29,tap_in_home_broken,195864.0,,Murang'a,Kandara,Urban,,,,,non_functional,,,
64655.0,MUKA04509,MUKA04509224,,3,435,26,tap_in_home,89385.0,,Murang'a,Kangema,Urban,,,,,non_functional,,,
64656.0,MUKI04510,MUKI04510224,,3,371,11,well,150972.0,,Murang'a,Kigumo,Rural,,Clean,,,non_functional,,,
64657.0,MUKI04511,MUKI04511224,,1,493,0,tap_in_home,223680.0,,Murang'a,Kiharu,Urban,,,,,non_functional,,,
64658.0,MUMA04512,MUMA04512224,,1,215,21,river,202798.0,,Murang'a,Maragwa,Rural,,,,,non_functional,,,
64659.0,MUMA04513,MUMA04513224,,2,181,14,tap_in_home_broken,102176.0,,Murang'a,Mathioya,Urban,,,,,non_functional,,,
64660.0,NADA04514,NADA04514224,,1,256,31,shared_taps,0.0,,Nairobi,Dagoretti North,Urban,,,,,non_functional,,,
64661.0,NADA04515,NADA04515224,,4,368,27,well,4785.0,,Nairobi,Dagoretti South,Rural,,Contaminated: Chemical,,,non_functional,,,
64662.0,NAEM04516,NAEM04516224,,4,182,1,tap_in_home_broken,0.0,,Nairobi,Embakasi Central,Urban,,,,,non_functional,,,
64663.0,NAEM04517,NAEM04517224,,1,123,23,tap_in_home,101902.0,,Nairobi,Embakasi East,Urban,,,,,non_functional,,,
64664.0,NAEM04518,NAEM04518224,,1,415,23,shared_taps,0.0,,Nairobi,Embakasi North,Rural,,,,,non_functional,,,
64665.0,NAEM04519,NAEM04519224,,2,379,37,shared_taps,8313.0,,Nairobi,Embakasi South,Urban,,,,,non_functional,,,
64666.0,NAEM04520,NAEM04520224,,5,309,41,tap_in_home,0.0,,Nairobi,Embakasi West,Urban,,,,,non_functional,,,
64667.0,NAKA04521,NAKA04521224,,3,111,48,river,0.0,,Nairobi,Kamukunji,Urban,,,,,non_functional,,,
64668.0,NAKA04522,NAKA04522224,,4,52,19,shared_taps,100367.0,,Nairobi,Kasarani,Rural,,,,,non_functional,,,
64669.0,NAKI04523,NAKI04523224,,1,6,7,shared_taps,0.0,,Nairobi,Kibra,Rural,,,,,non_functional,,,
64670.0,NALA04524,NALA04524224,,2,52,11,shared_taps,72437.0,,Nairobi,Langata,Rural,,,,,non_functional,,,
64671.0,NAMA04525,NAMA04525224,,3,287,9,river,0.0,,Nairobi,Makadara,Rural,,,,,non_functional,,,
64672.0,NAMA04526,NAMA04526224,,2,169,45,river,0.0,,Nairobi,Mathare,Rural,,,,,non_functional,,,
64673.0,NARO04527,NARO04527224,,3,287,37,river,43205.0,,Nairobi,Roysambu,Rural,,,,,non_functional,,,
64674.0,NARU04528,NARU04528224,,2,26,30,tap_in_home_broken,0.0,,Nairobi,Ruaraka,Rural,,,,,non_functional,,,
64675.0,NAWE04529,NAWE04529224,,5,234,40,well,47064.0,,Nairobi,Westlands,Urban,,Contaminated:Biological,,,non_functional,,,
64676.0,NABA04530,NABA04530224,,2,383,36,shared_taps,200432.0,,Nakuru,Bahati,Urban,,,,,non_functional,,,
64677.0,NAGI04531,NAGI04531224,,2,51,19,shared_taps,241425.0,,Nakuru,Gilgil,Rural,,,,,non_functional,,,
64678.0,NAKU04532,NAKU04532224,,3,167,22,shared_taps,195344.0,,Nakuru,Kuresoi North,Rural,,,,,non_functional,,,
64679.0,NAKU04533,NAKU04533224,,5,286,41,tap_in_home,165658.0,,Nakuru,Kuresoi South,Urban,,,,,non_functional,,,
64680.0,NAMO04534,NAMO04534224,,3,82,21,river,161136.0,,Nakuru,Molo,Rural,,,,,non_functional,,,
64681.0,NANA04535,NANA04535224,,4,123,18,river,332714.0,,Nakuru,Naivasha,Rural,,,,,non_functional,,,
64682.0,NANA04536,NANA04536224,,5,471,38,shared_taps,47575.0,,Nakuru,Nakuru Town East,Urban,,,,,non_functional,,,
64683.0,NANA04537,NANA04537224,,1,185,25,tap_in_home_broken,32727.0,,Nakuru,Nakuru Town West,Urban,,,,,non_functional,,,
64684.0,NANJ04538,NANJ04538224,,1,2,29,tap_in_home_broken,260086.0,,Nakuru,Njoro,Urban,,,,,non_functional,,,
64685.0,NARO04539,NARO04539224,,2,473,15,river,216153.0,,Nakuru,Rongai,Rural,,,,,non_functional,,,
64686.0,NASU04540,NASU04540224,,1,183,36,well,111495.0,,Nakuru,Subukia,Rural,,Contaminated: Chemical,,,non_functional,,,
64687.0,NAAL04541,NAAL04541224,,5,243,30,shared_taps,202867.0,,Nandi,Aldai,Urban,,,,,non_functional,,,
64688.0,NACH04542,NACH04542224,,3,414,44,well,178157.0,,Nandi,Chesumei,Rural,,Clean,,,non_functional,,,
64689.0,NAEM04543,NAEM04543224,,1,488,12,tap_in_home_broken,174957.0,,Nandi,Emgwen,Urban,,,,,non_functional,,,
64690.0,NAMO04544,NAMO04544224,,3,51,4,shared_taps,182298.0,,Nandi,Mosop,Rural,,,,,non_functional,,,
64691.0,NANA04545,NANA04545224,,4,489,23,tap_in_home,134362.0,,Nandi,Nandi Hills,Urban,,,,,non_functional,,,
64692.0,NATI04546,NATI04546224,,2,244,17,well,133084.0,,Nandi,Tinderet,Urban,,Contaminated: Chemical,,,non_functional,,,
64693.0,NAEM04547,NAEM04547224,,5,26,12,river,132437.0,,Narok,Emurua Dikirr,Rural,,,,,non_functional,,,
64694.0,NAKI04548,NAKI04548224,,4,505,20,well,294446.0,,Narok,Kilgoris,Rural,,Contaminated: Chemical,,,non_functional,,,
64695.0,NANA04549,NANA04549224,,1,203,35,tap_in_home,109088.0,,Narok,Narok East,Urban,,,,,non_functional,,,
64696.0,NANA04550,NANA04550224,,1,341,24,river,288372.0,,Narok,Narok North,Rural,,,,,non_functional,,,
64697.0,NANA04551,NANA04551224,,1,340,10,well,299128.0,,Narok,Narok South,Rural,,Contaminated:Biological,,,non_functional,,,
64698.0,NANA04552,NANA04552224,,4,390,29,shared_taps,217855.0,,Narok,Narok West,Urban,,,,,non_functional,,,
64699.0,NYBO04553,NYBO04553224,,1,378,1,well,130556.0,,Nyamira,Borabu,Rural,,Contaminated:Biological,,,non_functional,,,
64700.0,NYKI04554,NYKI04554224,,2,448,18,tap_in_home_broken,225444.0,,Nyamira,Kitutu Masaba,Rural,,,,,non_functional,,,
64701.0,NYNO04555,NYNO04555224,,1,412,0,shared_taps,136551.0,,Nyamira,North Mugirango,Rural,,,,,non_functional,,,
64702.0,NYWE04556,NYWE04556224,,3,235,20,well,174364.0,,Nyamira,West Mugirango,Rural,,Contaminated:Biological,,,non_functional,,,
64703.0,NYKI04557,NYKI04557224,,5,180,15,tap_in_home,226052.0,,Nyandarua,Kinangop,Urban,,,,,non_functional,,,
64704.0,NYKI04558,NYKI04558224,,2,212,2,river,104775.0,,Nyandarua,Kipipiri,Rural,,,,,non_functional,,,
64705.0,NYND04559,NYND04559224,,4,55,24,shared_taps,105972.0,,Nyandarua,Ndaragwa,Urban,,,,,non_functional,,,
64706.0,NYOL04560,NYOL04560224,,5,179,41,shared_taps,124632.0,,Nyandarua,Ol Jorok,Urban,,,,,non_functional,,,
64707.0,NYOL04561,NYOL04561224,,2,351,12,well,145689.0,,Nyandarua,Ol Kalou,Rural,,Clean,,,non_functional,,,
64708.0,NYKI04562,NYKI04562224,,5,313,7,shared_taps,232742.0,,Nyeri,Kieni,Rural,,,,,non_functional,,,
64709.0,NYMA04563,NYMA04563224,,4,417,18,tap_in_home_broken,173565.0,,Nyeri,Mathira,Urban,,,,,non_functional,,,
64710.0,NYMU04564,NYMU04564224,,4,237,2,river,97765.0,,Nyeri,Mukurweini,Rural,,,,,non_functional,,,
64711.0,NYNY04565,NYNY04565224,,4,451,27,shared_taps,79055.0,,Nyeri,Nyeri Town,Urban,,,,,non_functional,,,
64712.0,NYOT04566,NYOT04566224,,2,18,35,shared_taps,101446.0,,Nyeri,Othaya,Urban,,,,,non_functional,,,
64713.0,NYTE04567,NYTE04567224,,3,198,0,shared_taps,88002.0,,Nyeri,Tetu,Rural,,,,,non_functional,,,
64714.0,SASA04568,SASA04568224,,3,203,15,tap_in_home,85791.0,,Samburu,Samburu East,Urban,,,,,non_functional,,,
64715.0,SASA04569,SASA04569224,,4,364,7,shared_taps,106130.0,,Samburu,Samburu North,Rural,,,,,non_functional,,,
64716.0,SASA04570,SASA04570224,,1,131,41,shared_taps,156304.0,,Samburu,Samburu West,Urban,,,,,non_functional,,,
64717.0,SIAL04571,SIAL04571224,,5,317,8,shared_taps,257615.0,,Siaya,Alego Usonga,Urban,,,,,non_functional,,,
64718.0,SIBO04572,SIBO04572224,,2,300,10,tap_in_home,225726.0,,Siaya,Bondo,Urban,,,,,non_functional,,,
64719.0,SIGE04573,SIGE04573224,,4,170,8,tap_in_home,204893.0,,Siaya,Gem,Urban,,,,,non_functional,,,
64720.0,SIRA04574,SIRA04574224,,2,420,18,tap_in_home,175305.0,,Siaya,Rarieda,Urban,,,,,non_functional,,,
64721.0,SIUG04575,SIUG04575224,,1,120,13,tap_in_home,145298.0,,Siaya,Ugenya,Urban,,,,,non_functional,,,
64722.0,SIUG04576,SIUG04576224,,3,10,13,shared_taps,122953.0,,Siaya,Ugunja,Rural,,,,,non_functional,,,
64723.0,TAMW04577,TAMW04577224,,1,339,11,well,90541.0,,Taita Taveta,Mwatate,Rural,,Clean,,,non_functional,,,
64724.0,TATA04578,TATA04578224,,3,444,32,river,100420.0,,Taita Taveta,Taveta,Rural,,,,,non_functional,,,
64725.0,TAVO04579,TAVO04579224,,1,498,42,shared_taps,130830.0,,Taita Taveta,Voi,Urban,,,,,non_functional,,,
64726.0,TAWU04580,TAWU04580224,,5,380,7,river,67489.0,,Taita Taveta,Wundanyi,Rural,,,,,non_functional,,,
64727.0,TABU04581,TABU04581224,,2,134,13,shared_taps,146603.0,,Tana River,Bura,Rural,,,,,non_functional,,,
64728.0,TAGA04582,TAGA04582224,,4,8,6,tap_in_home,113241.0,,Tana River,Galole,Urban,,,,,non_functional,,,
64729.0,TAGA04583,TAGA04583224,,2,362,8,shared_taps,122861.0,,Tana River,Garsen,Urban,,,,,non_functional,,,
64730.0,THCH04584,THCH04584224,,3,335,42,tap_in_home_broken,125531.0,,Tharaka-Nithi,Chuka/Igambang'Ombe,Urban,,,,,non_functional,,,
64731.0,THIG04585,THIG04585224,,2,324,45,tap_in_home_broken,29483.0,,Tharaka-Nithi,Igembe South,Urban,,,,,non_functional,,,
64732.0,THMA04586,THMA04586224,,2,475,47,tap_in_home,110231.0,,Tharaka-Nithi,Maara,Urban,,,,,non_functional,,,
64733.0,THTH04587,THTH04587224,,4,66,36,river,119582.0,,Tharaka-Nithi,Tharaka,Rural,,,,,non_functional,,,
64734.0,TRCH04588,TRCH04588224,,5,361,9,tap_in_home,259180.0,,Trans Nzoia,Cherangany,Urban,,,,,non_functional,,,
64735.0,TREN04589,TREN04589224,,1,226,35,shared_taps,123050.0,,Trans Nzoia,Endebess,Urban,,,,,non_functional,,,
64736.0,TRKI04590,TRKI04590224,,4,318,28,well,246700.0,,Trans Nzoia,Kiminini,Rural,,Clean,,,non_functional,,,
64737.0,TRKW04591,TRKW04591224,,5,34,6,tap_in_home,138820.0,,Trans Nzoia,Kwanza,Urban,,,,,non_functional,,,
64738.0,TRSA04592,TRSA04592224,,2,319,27,tap_in_home_broken,143817.0,,Trans Nzoia,Saboti,Rural,,,,,non_functional,,,
64739.0,TRUN04593,TRUN04593224,,5,87,41,tap_in_home,74867.0,,Trans Nzoia,unknown 4,Urban,,,,,non_functional,,,
64740.0,TULO04594,TULO04594224,,4,498,34,well,129110.0,,Turkana,Loima,Rural,,Contaminated: Chemical,,,non_functional,,,
64741.0,TUTU04595,TUTU04595224,,4,123,23,well,200139.0,,Turkana,Turkana Central,Rural,,Contaminated: Chemical,,,non_functional,,,
64742.0,TUTU04596,TUTU04596224,,3,421,9,shared_taps,88237.0,,Turkana,Turkana East,Urban,,,,,non_functional,,,
64743.0,TUTU04597,TUTU04597224,,3,319,42,tap_in_home,105727.0,,Turkana,Turkana North,Rural,,,,,non_functional,,,
64744.0,TUTU04598,TUTU04598224,,1,418,43,shared_taps,171372.0,,Turkana,Turkana South,Urban,,,,,non_functional,,,
64745.0,TUTU04599,TUTU04599224,,3,323,43,well,253379.0,,Turkana,Turkana West,Rural,,Contaminated:Biological,,,non_functional,,,
64746.0,TUUN04600,TUUN04600224,,1,279,18,tap_in_home,69880.0,,Turkana,unknown 2,Urban,,,,,non_functional,,,
64747.0,UAAI04601,UAAI04601224,,2,10,11,shared_taps,143233.0,,Uasin Gishu,Ainabkoi,Urban,,,,,non_functional,,,
64748.0,UAKA04602,UAKA04602224,,1,82,40,shared_taps,146753.0,,Uasin Gishu,Kapseret,Rural,,,,,non_functional,,,
64749.0,UAKE04603,UAKE04603224,,2,464,14,shared_taps,206596.0,,Uasin Gishu,Kesses,Urban,,,,,non_functional,,,
64750.0,UAMO04604,UAMO04604224,,4,533,45,well,165815.0,,Uasin Gishu,Moiben,Rural,,Clean,,,non_functional,,,
64751.0,UASO04605,UASO04605224,,2,24,4,tap_in_home_broken,256006.0,,Uasin Gishu,Soy,Urban,,,,,non_functional,,,
64752.0,UATU04606,UATU04606224,,1,278,8,river,190419.0,,Uasin Gishu,Turbo,Rural,,,,,non_functional,,,
64753.0,VIEM04607,VIEM04607224,,5,432,37,well,104849.0,,Vihiga,Emuhaya,Rural,,Contaminated:Biological,,,non_functional,,,
64754.0,VIHA04608,VIHA04608224,,1,123,37,river,167077.0,,Vihiga,Hamisi,Rural,,,,,non_functional,,,
64755.0,VILU04609,VILU04609224,,1,521,17,tap_in_home_broken,119134.0,,Vihiga,Luanda,Urban,,,,,non_functional,,,
64756.0,VISA04610,VISA04610224,,2,124,22,shared_taps,144212.0,,Vihiga,Sabatia,Urban,,,,,non_functional,,,
64757.0,VIVI04611,VIVI04611224,,2,437,44,well,109238.0,,Vihiga,Vihiga,Rural,,Clean,,,non_functional,,,
64758.0,WAEL04612,WAEL04612224,,3,297,16,tap_in_home,128681.0,,Wajir,Eldas,Urban,,,,,non_functional,,,
64759.0,WATA04613,WATA04613224,,4,123,6,well,50431.0,,Wajir,Tarbaj,Rural,,Contaminated: Chemical,,,non_functional,,,
64760.0,WAWA04614,WAWA04614224,,1,396,15,shared_taps,91126.0,,Wajir,Wajir East,Rural,,,,,non_functional,,,
64761.0,WAWA04615,WAWA04615224,,4,76,28,shared_taps,133183.0,,Wajir,Wajir North,Rural,,,,,non_functional,,,
64762.0,WAWA04616,WAWA04616224,,2,250,11,river,340577.0,,Wajir,Wajir South,Rural,,,,,non_functional,,,
64763.0,WAWA04617,WAWA04617224,,3,258,40,shared_taps,116499.0,,Wajir,Wajir West,Urban,,,,,non_functional,,,
64764.0,WEKA04618,WEKA04618224,,5,12,6,shared_taps,149939.0,,West Pokot,Kacheliba,Rural,,,,,non_functional,,,
64765.0,WEKA04619,WEKA04619224,,3,232,11,well,191651.0,,West Pokot,Kapenguria,Rural,,Contaminated: Chemical,,,non_functional,,,
64766.0,WEPO04620,WEPO04620224,,4,4,28,well,243135.0,,West Pokot,Pokot South,Urban,,Contaminated: Chemical,,,non_functional,,,
64767.0,WESI04621,WESI04621224,,3,502,8,river,138457.0,,West Pokot,Sigor,Rural,,,,,non_functional,,,
64768.0,WEUN04622,WEUN04622224,,4,399,30,river,11487.0,,West Pokot,unknown 3,Rural,,,,,non_functional,,,
64769.0,BAXX04623,BAXX04623224,,2,274,16,river,732558.0,,Baringo,,Rural,,,,,non_functional,,,
64770.0,BOXX04624,BOXX04624224,,2,125,15,tap_in_home,978433.0,,Bomet,,Urban,,,,,non_functional,,,
64771.0,BUXX04625,BUXX04625224,,3,426,0,well,2102276.0,,Bungoma,,Rural,,Contaminated:Biological,,,non_functional,,,
64772.0,BUXX04626,BUXX04626224,,2,11,17,tap_in_home,952051.0,,Busia,,Urban,,,,,non_functional,,,
64773.0,ELXX04627,ELXX04627224,,1,309,1,shared_taps,465473.0,,Elgeyo-Marakwet,,Rural,,,,,non_functional,,,
64774.0,EMXX04628,EMXX04628224,,5,321,14,shared_taps,666626.0,,Embu,,Rural,,,,,non_functional,,,
64775.0,GAXX04629,GAXX04629224,,4,139,25,shared_taps,744709.0,,Garissa,,Urban,,,,,non_functional,,,
64776.0,HOXX04630,HOXX04630224,,5,155,3,shared_taps,1248455.0,,Homa Bay,,Rural,,,,,non_functional,,,
64777.0,ISXX04631,ISXX04631224,,3,0,7,tap_in_home_broken,324620.0,,Isiolo,,Urban,,,,,non_functional,,,
64778.0,KAXX04632,KAXX04632224,,5,228,7,tap_in_home,1004064.0,,Kajiado,,Urban,,,,,non_functional,,,
64779.0,KAXX04633,KAXX04633224,,1,341,15,tap_in_home_broken,1719020.0,,Kakamega,,Rural,,,,,non_functional,,,
64780.0,KEXX04634,KEXX04634224,,2,158,20,shared_taps,1024521.0,,Kericho,,Rural,,,,,non_functional,,,
64781.0,KIXX04635,KIXX04635224,,4,419,35,tap_in_home,1755349.0,,Kiambu,,Urban,,,,,non_functional,,,
64782.0,KIXX04636,KIXX04636224,,3,125,18,tap_in_home,1465096.0,,Kilifi,,Urban,,,,,non_functional,,,
64783.0,KIXX04637,KIXX04637224,,5,347,29,tap_in_home_broken,708128.0,,Kirinyaga,,Urban,,,,,non_functional,,,
64784.0,KIXX04638,KIXX04638224,,5,71,0,tap_in_home_broken,1300863.0,,Kisii,,Urban,,,,,non_functional,,,
64785.0,KIXX04639,KIXX04639224,,5,76,0,shared_taps,995350.0,,Kisumu,,Urban,,,,,non_functional,,,
64786.0,KIXX04640,KIXX04640224,,5,287,18,river,1269605.0,,Kitui,,Urban,,,,,non_functional,,,
64787.0,KWXX04641,KWXX04641224,,5,410,0,tap_in_home,933550.0,,Kwale,,Urban,,,,,non_functional,,,
64788.0,LAXX04642,LAXX04642224,,4,18,42,well,547517.0,,Laikipia,,Rural,,Clean,,,non_functional,,,
64789.0,LAXX04643,LAXX04643224,,2,285,39,tap_in_home,165062.0,,Lamu,,Urban,,,,,non_functional,,,
64790.0,MAXX04644,MAXX04644224,,2,205,48,river,1489890.0,,Machakos,,Rural,,,,,non_functional,,,
64791.0,MAXX04645,MAXX04645224,,2,122,14,well,1105834.0,,Makueni,,Rural,,Contaminated: Chemical,,,non_functional,,,
64792.0,MAXX04646,MAXX04646224,,1,395,4,shared_taps,834182.0,,Mandera,,Urban,,,,,non_functional,,,
64793.0,MAXX04647,MAXX04647224,,1,393,36,shared_taps,498417.0,,Marsabit,,Rural,,,,,non_functional,,,
64794.0,MEXX04648,MEXX04648224,,2,185,30,shared_taps,1663914.0,,Meru,,Rural,,,,,non_functional,,,
64795.0,MIXX04649,MIXX04649224,,5,202,39,tap_in_home,1234230.0,,Migori,,Rural,,,,,non_functional,,,
64796.0,MOXX04650,MOXX04650224,,2,390,38,tap_in_home,244821.0,,Mombasa,,Urban,,,,,non_functional,,,
64797.0,MUXX04651,MUXX04651224,,2,471,3,river,1181393.0,,Murang'a,,Rural,,,,,non_functional,,,
64798.0,NAXX04652,NAXX04652224,,5,236,28,tap_in_home_broken,378072.0,,Nairobi,,Urban,,,,,non_functional,,,
64799.0,NAXX04653,NAXX04653224,,2,393,7,tap_in_home,1964746.0,,Nakuru,,Urban,,,,,non_functional,,,
64800.0,NAXX04654,NAXX04654224,,1,300,36,tap_in_home,1005725.0,,Nandi,,Urban,,,,,non_functional,,,
64801.0,NAXX04655,NAXX04655224,,5,140,21,well,1341326.0,,Narok,,Urban,,Clean,,,non_functional,,,
64802.0,NYXX04656,NYXX04656224,,4,180,22,tap_in_home,666916.0,,Nyamira,,Urban,,,,,non_functional,,,
64803.0,NYXX04657,NYXX04657224,,3,201,28,tap_in_home,707120.0,,Nyandarua,,Urban,,,,,non_functional,,,
64804.0,NYXX04658,NYXX04658224,,4,386,4,shared_taps,772575.0,,Nyeri,,Rural,,,,,non_functional,,,
64805.0,SAXX04659,SAXX04659224,,4,499,1,tap_in_home,348225.0,,Samburu,,Urban,,,,,non_functional,,,
64806.0,SIXX04660,SIXX04660224,,1,145,3,tap_in_home,1131790.0,,Siaya,,Urban,,,,,non_functional,,,
64807.0,TAXX04661,TAXX04661224,,4,387,26,tap_in_home,389280.0,,Taita Taveta,,Urban,,,,,non_functional,,,
64808.0,TAXX04662,TAXX04662224,,2,418,43,tap_in_home_broken,382705.0,,Tana River,,Urban,,,,,non_functional,,,
64809.0,THXX04663,THXX04663224,,5,73,24,tap_in_home_broken,384826.0,,Tharaka-Nithi,,Urban,,,,,non_functional,,,
64810.0,TRXX04664,TRXX04664224,,4,366,19,shared_taps,986434.0,,Trans Nzoia,,Rural,,,,,non_functional,,,
64811.0,TUXX04665,TUXX04665224,,3,466,24,tap_in_home_broken,1017843.0,,Turkana,,Urban,,,,,non_functional,,,
64812.0,UAXX04666,UAXX04666224,,4,458,31,shared_taps,1108822.0,,Uasin Gishu,,Rural,,,,,non_functional,,,
64813.0,VIXX04667,VIXX04667224,,4,342,9,tap_in_home_broken,644511.0,,Vihiga,,Urban,,,,,non_functional,,,
64814.0,WAXX04668,WAXX04668224,,1,474,22,tap_in_home,860498.0,,Wajir,,Rural,,,,,non_functional,,,
64815.0,WEXX04669,WEXX04669224,,5,296,13,well,734668.0,,West Pokot,,Urban,,Contaminated:Biological,,,non_functional,,,
64816.0,XXXX04670,XXXX04670224,,4,459,4,shared_taps,44182090.0,,,,Urban,,,,,non_functional,,,
,,,,3,115,26,river,,,,,Urban,,,,,non_functional,,,
,,,,3,437,37,shared_taps,,,,,Urban,,,,,non_functional,,,
